antibiotic,split,model,encoding,fold,isolate,y_true,prob
CIP,random,LR,label,0,H109_S2_L001,0,0.8301360011100769
CIP,random,LR,label,0,H141_S6_L001,0,0.02659333124756813
CIP,random,LR,label,0,H160_S3_L001,1,0.9999080896377563
CIP,random,LR,label,0,H53_S4_L001,1,0.9993871450424194
CIP,random,LR,label,0,H69_S6_L001,1,0.9994020462036133
CIP,random,LR,label,0,NNRBG-17-0196-1_S3,0,1.5723100659670308e-05
CIP,random,LR,label,0,NNRBG-17-0199-1_S5,1,9.304330160375684e-05
CIP,random,LR,label,0,NNRBG-17-0205-1_S7,1,0.0012489121872931719
CIP,random,LR,label,0,NNRBG-17-0243-1_S12,0,0.1473630666732788
CIP,random,LR,label,0,NNRBG-17-0278-1_S16,0,0.0001497238699812442
CIP,random,LR,label,0,NNRBG-17-0294-1_S18,0,0.00023459031945094466
CIP,random,LR,label,0,NNRBG-17-0308-1_S20,0,0.00013785166083835065
CIP,random,LR,label,0,RBB-18-0519-1_S184,1,0.999416708946228
CIP,random,LR,label,0,RBB-18-0665-1_S23_L001,1,0.9999182224273682
CIP,random,LR,label,0,RBB-18-0674-1_S189,1,3.2358559565182077e-07
CIP,random,LR,label,0,RBB-18-1212-1_S67_2,1,0.9999575614929199
CIP,random,LR,label,0,RBB-18-1393-1_S48,1,0.9999923706054688
CIP,random,LR,label,0,RBB-18-1502-1_S47,0,7.888766049291007e-06
CIP,random,LR,label,0,RBB-19-0014-1_S44,1,1.3213949387136381e-05
CIP,random,LR,label,0,RBF-10-0240-1_S12_L001,0,0.00027401934494264424
CIP,random,LR,label,0,RBF-16-060-1_S22,1,0.9995312690734863
CIP,random,LR,label,0,RBF-17-0194-1_S140,0,5.4322201322065666e-05
CIP,random,LR,label,0,RBF-17-0513-1_S76,0,1.0
CIP,random,LR,label,0,RBF-17-0532-1_S80,1,0.9994052648544312
CIP,random,LR,label,0,RBF-17-0572-2_S89,0,0.0002466454461682588
CIP,random,LR,label,0,RBF-17-0587-1_S91,0,0.0007404946954920888
CIP,random,LR,label,0,RBF-17-0589-1_S92,0,0.00041189813055098057
CIP,random,LR,label,0,RBF-17-0630-1_S59,0,2.0408910131664015e-05
CIP,random,LR,label,0,RBF-17-0645-1_S61,0,6.413653318304569e-05
CIP,random,LR,label,0,RBF-17-0653-1_S101,0,3.197808595700735e-08
CIP,random,LR,label,0,RBF-17-0664-1_S63,0,0.00011147085024276748
CIP,random,LR,label,0,RBF-17-067-1_S54,1,0.999884843826294
CIP,random,LR,label,0,RBF-17-094-1_S56,1,0.9995964169502258
CIP,random,LR,label,0,RBF-17-170-1_S66,1,0.9999686479568481
CIP,random,LR,label,0,RBF-18-0035-1_S6,0,8.730013360036537e-05
CIP,random,LR,label,0,RBF-18-0068-1_S77,1,0.9769928455352783
CIP,random,LR,label,0,RBF-18-0075-1_S79,1,0.99991774559021
CIP,random,LR,label,0,RBF-18-0087-1_S23,0,0.17900942265987396
CIP,random,LR,label,0,RBF-18-0121-1_S28,1,0.9999943971633911
CIP,random,LR,label,0,RBF-18-0126-1_S31,0,5.694070637218829e-07
CIP,random,LR,label,0,RBF-18-0173-1_S27,0,0.0005395269254222512
CIP,random,LR,label,0,RBF-18-0179-1_S29,0,0.7455788254737854
CIP,random,LR,label,0,RBF-18-0214-1_S51,0,5.988501652609557e-05
CIP,random,LR,label,0,RBF-18-0227-1_S53,0,0.019892824813723564
CIP,random,LR,label,0,RBF-18-0251-1_S55,0,0.0006030012154951692
CIP,random,LR,label,0,RBF-18-0252-1_S56,0,0.03788645565509796
CIP,random,LR,label,0,RBF-18-0282-1_S63,0,5.680501089955214e-06
CIP,random,LR,label,0,RBF-18-0294-1_S64,0,1.4943866517569404e-05
CIP,random,LR,label,0,RBF-18-0634-1_S183,1,0.9999964237213135
CIP,random,LR,label,0,RBF-18-0714-2_S204_2,1,0.9997095465660095
CIP,random,LR,label,0,RBG-17-013-1_S16,1,0.9999831914901733
CIP,random,LR,label,0,RBG-18-0054-1_S42,0,9.525549103273079e-06
CIP,random,LR,label,0,RBG-18-0071-1_S44,1,0.9973909258842468
CIP,random,LR,label,0,RBG-18-0072-1_S8,0,0.001491602510213852
CIP,random,LR,label,0,RBG-18-0099-1_S14,1,0.9994551539421082
CIP,random,LR,label,0,RBG-18-0129-1_S15_L001,1,0.9999326467514038
CIP,random,LR,label,0,RBG-18-0140-1_S14_L001,0,6.760500400559977e-05
CIP,random,LR,label,0,RBG-18-0177-1_S17_L001,1,0.9999592304229736
CIP,random,LR,label,0,RBG-18-0185-1_S40,0,0.00012377131497487426
CIP,random,LR,label,0,RBG-18-0191-1_S11_L001,0,0.0001013396104099229
CIP,random,LR,label,0,RBG-18-0194-1_S45,0,0.008320128545165062
CIP,random,LR,label,0,RBG-18-0209-2_S46,0,1.2421676842677698e-07
CIP,random,LR,label,0,RBG-18-0221-1_S47,1,0.0010528538841754198
CIP,random,LR,label,0,RBG-18-0265-1_S49,0,7.613611160195433e-06
CIP,random,LR,label,0,RBG-18-0301-1_S53,0,0.00049738580128178
CIP,random,LR,label,0,RBG-18-0347-1_S22_L001,0,0.22837190330028534
CIP,random,LR,label,0,RBG-18-0380-1_S48,1,0.9994551539421082
CIP,random,LR,label,0,RBK-16-007-1_S13,1,0.998569130897522
CIP,random,LR,label,0,RBK-17-0457-1_S6,1,0.9994816184043884
CIP,random,LR,label,0,RBK-17-0492-1_S8,1,0.9986085295677185
CIP,random,LR,label,0,RBK-17-0588-1_S24,1,0.9999148845672607
CIP,random,LR,label,0,RBK-18-0077-1_S212,1,0.9994520545005798
CIP,random,LR,label,0,RBL-17-0095-1_S147,0,0.00032319853198714554
CIP,random,LR,label,0,RBL-17-0107-1_S150,0,0.07120217382907867
CIP,random,LR,label,0,RBL-17-0123-1_S157,1,0.3797777593135834
CIP,random,LR,label,0,RBL-17-0155-1_S165,1,0.9999997615814209
CIP,random,LR,label,0,RBL-17-0197-1_S173,0,0.635860025882721
CIP,random,LR,label,0,RBL-17-0244-1_S44,1,0.9995323419570923
CIP,random,LR,label,0,RBL-17-0256-1_S98,0,0.00014134676894173026
CIP,random,LR,label,0,RBL-17-0261-1_S100,1,1.954742812060317e-09
CIP,random,LR,label,0,RBL-17-0274-2_S105,0,0.00964309275150299
CIP,random,LR,label,0,RBL-17-0306-1_S50,1,1.0
CIP,random,LR,label,0,RBL-17-0332-1_S118,0,0.11767425388097763
CIP,random,LR,label,0,RBL-17-0347-1_S104,0,9.684735005066614e-07
CIP,random,LR,label,0,RBL-17-0349-1_S105,0,0.4143759310245514
CIP,random,LR,label,0,RBL-17-0434-1_S133,0,0.0034704217687249184
CIP,random,LR,label,0,RBL-18-0010-1_S159,0,7.273234814419993e-08
CIP,random,LR,label,0,RBL-18-0090-1_S48,1,0.9996507167816162
CIP,random,LR,label,0,RBL-18-0343-1_S6,1,0.10593894124031067
CIP,random,LR,label,0,RBT-16-0038-1_S11,1,0.9941666126251221
CIP,random,LR,label,0,RBT-17-0008-1_S18,0,0.9638255834579468
CIP,random,LR,label,0,RBT-17-0009-1_S21,1,0.00016069927369244397
CIP,random,LR,label,0,RBT-17-0011-1_S19,0,5.618662544293329e-05
CIP,random,LR,label,0,RBT-17-0022-1_S24,0,0.001083425129763782
CIP,random,LR,label,0,RBT-17-0084-1_S31,0,0.00010610429308144376
CIP,random,LR,label,0,RBT-17-0165-1_S60,0,0.7307184934616089
CIP,random,LR,label,0,RBT-17-0251-1_S62,1,3.349846906530729e-07
CIP,random,LR,label,0,RBT-17-0291-1_S14,1,0.9672619104385376
CIP,random,LR,label,0,RBT-17-0328-1_S16,1,0.9999798536300659
CIP,random,LR,label,0,RBT-18-0102-1_S23,0,4.203203900488006e-07
CIP,random,LR,label,0,RBT-18-0110-1_S27,1,0.9999997615814209
CIP,random,LR,label,0,RBT-18-0113-1_S44,0,0.0005310650449246168
CIP,random,LR,label,0,RBT-18-0116-1_S46,1,0.9999384880065918
CIP,random,LR,label,0,RBT-18-0121-1_S28,0,1.2439071497283294e-06
CIP,random,LR,label,0,RBT-18-0133-1_S30,0,3.158005711156875e-05
CIP,random,LR,label,0,RBT-18-0134-1_S29,0,0.00032384562655352056
CIP,random,LR,label,0,RBT-18-0141-1_S32,0,9.893349215417402e-07
CIP,random,LR,label,0,RBT-18-0146-1_S55,1,0.04236071929335594
CIP,random,LR,label,0,RBT-18-0232-1_S47,0,0.9999839067459106
CIP,random,LR,label,0,RBT-18-0234-1_S15,1,0.9997209906578064
CIP,random,LR,label,0,RBT-18-0259-1_S55,0,7.0148807935765944e-06
CIP,random,LR,label,0,RBT-18-0283-1_S65,0,3.3288044960499974e-06
CIP,random,LR,label,0,RBT-18-0284-1_S66,1,0.9991777539253235
CIP,random,LR,label,0,RBT-18-0339-1_S47,0,1.0949314788177844e-09
CIP,random,LR,label,0,RBT-18-0340-1_S36,0,5.149161097506294e-07
CIP,random,LR,label,0,RBT-18-0351-1_S48,0,4.58709109807387e-05
CIP,random,LR,label,0,RBT-18-0364-1_S29,0,0.007572674658149481
CIP,random,LR,label,0,ResetH10_S1_L001,1,0.0013280812418088317
CIP,random,LR,label,0,ResetH131_S7_L001,1,0.9992188215255737
CIP,random,LR,label,0,ResetH134_S8_L001,0,0.9992321729660034
CIP,random,LR,label,0,ResetH24a_S3_2_L001,1,0.9995617270469666
CIP,random,LR,label,0,ResetH44_S3_L001,1,0.2657361924648285
CIP,random,LR,label,0,ResetH45_S5_L001,0,0.0001019137998810038
CIP,random,LR,label,0,ResetH68_S1_L001,0,0.00030578591395169497
CIP,random,LR,label,0,ResetH89_S3_L001,0,0.18675518035888672
CIP,random,LR,label,0,ResetH93_S5_L001,1,0.005691913887858391
CIP,random,LR,label,0,ResetH99_S5_L001,0,0.4273919463157654
CIP,random,LR,label,0,ResetV70_S6_L001,1,0.9999427795410156
CIP,random,LR,label,0,Survcare058_S26,1,0.9999880790710449
CIP,random,LR,label,0,Survcare187_S32,1,0.9999593496322632
CIP,random,LR,label,0,Survcare254_S36,1,1.0226456197415246e-06
CIP,random,LR,label,0,Survcare295_S8_L001,1,0.0002836623170878738
CIP,random,LR,label,0,Survcare310_S21_L001,0,1.5017700206954032e-05
CIP,random,LR,label,0,Survcare337_S12,0,5.271981081023114e-06
CIP,random,LR,label,0,V108_S2_L001,0,2.379646417693948e-07
CIP,random,LR,label,0,V113_S3_L001,0,1.8900185750680976e-05
CIP,random,LR,label,0,V152_S3_L001,0,0.00021471711806952953
CIP,random,LR,label,0,V155_S5_L001,0,1.7368724058997032e-07
CIP,random,LR,label,0,V182_S6_L001,1,0.9997950196266174
CIP,random,LR,label,0,V183_S7_L001,0,8.50794640427921e-06
CIP,random,LR,label,0,V232_S3_L001,0,1.8814622748664078e-08
CIP,random,LR,label,0,V268_S12_L001,1,1.0
CIP,random,LR,label,0,V279_S8_L001,1,0.9933131337165833
CIP,random,LR,label,0,V282_S4_L001,1,0.9999949932098389
CIP,random,LR,label,0,V289_S5_L001,1,0.9999532699584961
CIP,random,LR,label,0,V40_S2_L001,1,0.9999998807907104
CIP,random,LR,label,0,V80_S7_L001,0,0.2769121825695038
CIP,random,LR,label,0,V96_S2_L001,1,1.0
CIP,random,LR,label,0,V98_S3_L001,1,0.9992936849594116
CIP,random,LR,label,0,wdhRBF-18-0025-1_S11_L001,0,4.094709904478577e-09
CIP,random,LR,label,0,wdhRBF-18-0049-1_S13_L001,0,1.2131019502703566e-05
CIP,random,LR,label,0,WDHRBG-16-060-1_S27,0,0.9085914492607117
CIP,random,LR,label,0,WDHRBG-16-062-1_S49,0,2.037155724110562e-07
CIP,random,LR,label,0,WDHRBG-17-0093-1_S1,1,0.8696774840354919
CIP,random,LR,label,0,WDHRBG-17-122-1_S48,1,0.030284294858574867
CIP,random,LR,label,0,wNRZ-33910_S81,0,4.6667588321724907e-05
CIP,random,LR,label,0,wRBG-17-022-1_S43,1,1.0
CIP,random,LR,label,0,wRBG-17-058-1_S130,0,2.9962729968247004e-05
CIP,random,LR,label,0,wRBG-17-082-1_S106,0,0.0011095500085502863
CIP,random,LR,label,0,wRBG-17-106-1_S125,0,0.4524371325969696
CIP,random,LR,label,0,wwRBF-16-007-1_S10,1,0.9980179071426392
CIP,random,LR,label,0,wwRBL-17-004-1_S44,1,0.9994707703590393
CIP,random,LR,label,1,H108_S5_L001,0,1.1357593754368622e-09
CIP,random,LR,label,1,H122_S4_L001,1,0.9994995594024658
CIP,random,LR,label,1,H123_S1_L001,1,0.9999511241912842
CIP,random,LR,label,1,H17_S2_L001,1,0.9999892711639404
CIP,random,LR,label,1,H38_S4_L001,1,0.9999868869781494
CIP,random,LR,label,1,H66_S1_L001,1,0.9999945163726807
CIP,random,LR,label,1,H83_S7_L001,0,2.108877339423998e-07
CIP,random,LR,label,1,NNRBG-17-0242-1_S11,0,0.015927335247397423
CIP,random,LR,label,1,NNRBG-17-0378-1_S37,1,0.9999871253967285
CIP,random,LR,label,1,NNRBG-17-0399-1_S40,0,0.000604102504439652
CIP,random,LR,label,1,RBB-18-0490-1_S20_L001,1,1.0
CIP,random,LR,label,1,RBB-18-0546-1_S22_L001,1,0.9999583959579468
CIP,random,LR,label,1,RBB-18-0826-1_S193,1,0.9882382750511169
CIP,random,LR,label,1,RBB-18-1312-1_S43,1,0.9999939203262329
CIP,random,LR,label,1,RBB-18-1460-1_S45,1,0.9979707598686218
CIP,random,LR,label,1,RBF-16-0064-1_S136,0,4.511639053816907e-05
CIP,random,LR,label,1,RBF-16-073-1_S23,1,0.851763129234314
CIP,random,LR,label,1,RBF-17-0340-1_S81,1,0.9988345503807068
CIP,random,LR,label,1,RBF-17-0438-1_S9,1,0.9996871948242188
CIP,random,LR,label,1,RBF-17-0450-1_S10,1,1.0
CIP,random,LR,label,1,RBF-17-0523-1_S30,0,0.00041637421236373484
CIP,random,LR,label,1,RBF-17-0532-2_S31,1,0.9896692633628845
CIP,random,LR,label,1,RBF-17-0540-1_S83,0,0.0001038750124280341
CIP,random,LR,label,1,RBF-17-0616-1_S96,0,1.4087804629525635e-05
CIP,random,LR,label,1,RBF-17-0635-1_S98,1,8.765358870732598e-06
CIP,random,LR,label,1,RBF-17-0648-1_S100,0,0.6639148592948914
CIP,random,LR,label,1,RBF-17-186-1_S69,1,0.9996871948242188
CIP,random,LR,label,1,RBF-18-0019-1_S2,1,0.9997988343238831
CIP,random,LR,label,1,RBF-18-0069-1_S78,1,1.0
CIP,random,LR,label,1,RBF-18-0072-1_S16,0,3.9235638382706384e-07
CIP,random,LR,label,1,RBF-18-0088-1_S24,1,0.9759501814842224
CIP,random,LR,label,1,RBF-18-0127-1_S32,0,3.2905893476709025e-07
CIP,random,LR,label,1,RBF-18-0139-1_S35,0,3.839102191705024e-06
CIP,random,LR,label,1,RBF-18-0192-1_S44,0,1.4171077054925263e-05
CIP,random,LR,label,1,RBF-18-0199-1_S47,1,0.9969051480293274
CIP,random,LR,label,1,RBF-18-0201-1_S49,0,0.0014646252384409308
CIP,random,LR,label,1,RBF-18-0208-2_S11_L001,0,1.3200290993609087e-07
CIP,random,LR,label,1,RBF-18-0217-1_S54,0,3.991977237660649e-08
CIP,random,LR,label,1,RBF-18-0338-1_S72,0,5.456789242686e-09
CIP,random,LR,label,1,RBF-18-0405-1_S81_2,1,0.9999983310699463
CIP,random,LR,label,1,RBG-18-0012-1_S3,1,0.3947914242744446
CIP,random,LR,label,1,RBG-18-0017-1_S5,1,0.9999791383743286
CIP,random,LR,label,1,RBG-18-0023-1_S2,1,0.0002822557289618999
CIP,random,LR,label,1,RBG-18-0025-1_S9_L001,0,0.0003781685954891145
CIP,random,LR,label,1,RBG-18-0029-1_S40,0,9.90206353890244e-06
CIP,random,LR,label,1,RBG-18-0077-1_S9,1,0.9999595880508423
CIP,random,LR,label,1,RBG-18-0083-1_S12,0,0.0019637621007859707
CIP,random,LR,label,1,RBG-18-0085-1_S11,0,5.2522641453833785e-06
CIP,random,LR,label,1,RBG-18-0153-1_S14,1,0.9998854398727417
CIP,random,LR,label,1,RBG-18-0204-1_S23_L001,0,9.860633144853637e-05
CIP,random,LR,label,1,RBG-18-0206-2_S46,1,9.94475994957611e-05
CIP,random,LR,label,1,RBG-18-0223-1_S2,0,3.312970875413157e-07
CIP,random,LR,label,1,RBG-18-0280-1_S51,1,0.9999958276748657
CIP,random,LR,label,1,RBG-18-0300-1_S52,0,0.00038505170959979296
CIP,random,LR,label,1,RBG-18-0308-1_S54,1,0.9999985694885254
CIP,random,LR,label,1,RBG-18-0355-1_S19_L001,0,0.0003032473614439368
CIP,random,LR,label,1,RBG-18-0394-1_S23_L001,0,0.007854134775698185
CIP,random,LR,label,1,RBG-18-0410-1_S12,1,0.9973446726799011
CIP,random,LR,label,1,RBG-18-0417-1_S52,0,1.1840993465739302e-05
CIP,random,LR,label,1,RBK-18-0022-1_S197,0,1.0924833954151225e-11
CIP,random,LR,label,1,RBK-18-0047-1_S20,0,4.625696270466051e-09
CIP,random,LR,label,1,RBK-18-0062-2_S203,0,2.2043316505460098e-07
CIP,random,LR,label,1,RBk-18-0216-1_S231_2,0,1.5740955859655514e-05
CIP,random,LR,label,1,RBK-18-0236-2_S52_2,1,0.00857608299702406
CIP,random,LR,label,1,RBK-18-0644-1_S180,0,4.8747438995633274e-05
CIP,random,LR,label,1,RBL-17-0118-1_S156,0,3.043073293351739e-10
CIP,random,LR,label,1,RBL-17-0138-1_S162,0,0.0015453759115189314
CIP,random,LR,label,1,RBL-17-0205-1_S175,0,3.5894734651265026e-07
CIP,random,LR,label,1,RBL-17-0242-1_S42,1,0.9996418952941895
CIP,random,LR,label,1,RBL-17-0259-1_S99,0,0.0002055733639281243
CIP,random,LR,label,1,RBL-17-0323-1_S115,0,0.013609219342470169
CIP,random,LR,label,1,RBL-17-0324-1_S54,0,0.5097004175186157
CIP,random,LR,label,1,RBL-17-0327-1_S116,0,1.4239168177887507e-10
CIP,random,LR,label,1,RBL-17-0342-1_S103,0,0.2102724015712738
CIP,random,LR,label,1,RBL-17-0350-1_S106,1,0.9999839067459106
CIP,random,LR,label,1,RBL-17-0359-1_S66,1,0.9999805688858032
CIP,random,LR,label,1,RBL-17-0365-1_S112,0,2.9676294754921173e-10
CIP,random,LR,label,1,RBL-17-0397-1_S125,0,1.6495486079293187e-06
CIP,random,LR,label,1,RBL-17-0409-1_S127,0,0.00034121531643904746
CIP,random,LR,label,1,RBL-17-0429-1_S130,0,0.056984711438417435
CIP,random,LR,label,1,RBL-17-0435-1_S134,0,0.00021525888587348163
CIP,random,LR,label,1,RBL-18-0019-1_S41,0,3.05317371385172e-05
CIP,random,LR,label,1,RBL-18-0021-1_S42,1,0.969322919845581
CIP,random,LR,label,1,RBL-18-0032-1_S167,0,0.00011731054837582633
CIP,random,LR,label,1,RBL-18-0037-1_S168,0,0.00010557615314610302
CIP,random,LR,label,1,RBL-18-0048-1_S44,1,0.9996328353881836
CIP,random,LR,label,1,RBL-18-0098-1_S178,1,0.9994128942489624
CIP,random,LR,label,1,RBL-18-0131-1_S188_2,1,0.9980619549751282
CIP,random,LR,label,1,RBL-18-0194-1_S195_2,1,0.9998089671134949
CIP,random,LR,label,1,RBL-18-0242-1_S51,0,3.3428158019432885e-08
CIP,random,LR,label,1,RBT-16-0024-1_S10,1,0.9999735355377197
CIP,random,LR,label,1,RBT-17-0024-1_S23,0,6.083132007006498e-07
CIP,random,LR,label,1,RBT-17-0027-1_S3,0,1.677726504567545e-05
CIP,random,LR,label,1,RBT-17-0099-1_S35,1,0.9995711445808411
CIP,random,LR,label,1,RBT-17-0130-1_S27,0,0.0030641830526292324
CIP,random,LR,label,1,RBT-17-0138-1_S52,1,1.0
CIP,random,LR,label,1,RBT-17-0142-1_S53,0,0.00033858217648230493
CIP,random,LR,label,1,RBT-17-0173-1_S63,0,0.000646059459540993
CIP,random,LR,label,1,RBT-17-0177-2_S7,1,0.9999988079071045
CIP,random,LR,label,1,RBT-17-0238-1_S59,0,0.0007297557312995195
CIP,random,LR,label,1,RBT-17-0285-1_S66,1,0.997724711894989
CIP,random,LR,label,1,RBT-18-0023-1_S14,0,5.647485750159831e-07
CIP,random,LR,label,1,RBT-18-0027-1_S68,0,4.22440716647543e-05
CIP,random,LR,label,1,RBT-18-0046-1_S2,1,0.997174859046936
CIP,random,LR,label,1,RBT-18-0052-1_S35,0,0.001086025033146143
CIP,random,LR,label,1,RBT-18-0053-1_S36,1,0.9996463060379028
CIP,random,LR,label,1,RBT-18-0056-1_S37,0,8.881426651896618e-07
CIP,random,LR,label,1,RBT-18-0071-1_S41,0,0.9999349117279053
CIP,random,LR,label,1,RBT-18-0091-1_S42,0,2.0172450376776396e-07
CIP,random,LR,label,1,RBT-18-0096-1_S20,0,0.001453658565878868
CIP,random,LR,label,1,RBT-18-0129-1_S52,0,0.23625338077545166
CIP,random,LR,label,1,RBT-18-0173-1_S35,1,0.003476644167676568
CIP,random,LR,label,1,RBT-18-0179-1_S37,0,6.381286766554695e-06
CIP,random,LR,label,1,RBT-18-0185-1_S39,0,0.1263493001461029
CIP,random,LR,label,1,RBT-18-0205-1_S6,1,0.9999173879623413
CIP,random,LR,label,1,RBT-18-0231-1_S14,0,0.022724930197000504
CIP,random,LR,label,1,RBT-18-0247-1_S16,1,0.9966741800308228
CIP,random,LR,label,1,RBT-18-0278-1_S64,1,0.9954473376274109
CIP,random,LR,label,1,RBT-18-0296-1_S72,1,0.999818742275238
CIP,random,LR,label,1,RBT-18-0308-1_S34,0,0.346358060836792
CIP,random,LR,label,1,RBT-18-0331-1_S22,0,2.2101690774434246e-05
CIP,random,LR,label,1,RBT-18-0334-1_S23,0,1.0918892030531424e-06
CIP,random,LR,label,1,RBT-18-0363-1_S72,1,0.9999088048934937
CIP,random,LR,label,1,RBT-18-0372-1_S31,1,0.9999978542327881
CIP,random,LR,label,1,RBT-18-0384-1_S40,0,0.0001668659970164299
CIP,random,LR,label,1,RBT-18-0392-1_S56,1,0.9999836683273315
CIP,random,LR,label,1,ResetH127_S6_L001,1,0.999494194984436
CIP,random,LR,label,1,ResetH132_S1_L001,0,0.24651077389717102
CIP,random,LR,label,1,ResetH139_S3_L001,0,1.97266869506052e-09
CIP,random,LR,label,1,ResetH30_S4_L001,0,0.999636173248291
CIP,random,LR,label,1,ResetH98_S4_L001,0,0.01468914095312357
CIP,random,LR,label,1,Survcare052_S22,1,0.9999995231628418
CIP,random,LR,label,1,Survcare303_S15_L001,0,6.861182919237763e-05
CIP,random,LR,label,1,Survcare309_S20_L001,1,0.9997712969779968
CIP,random,LR,label,1,Survcare335_S11,0,0.20227445662021637
CIP,random,LR,label,1,V1_S6_L001,1,0.9997013211250305
CIP,random,LR,label,1,V114_S5_L001,1,0.9999997615814209
CIP,random,LR,label,1,V120_S5_L001,1,0.9999979734420776
CIP,random,LR,label,1,V123_S1_L001,1,0.9775477647781372
CIP,random,LR,label,1,V131_S7_L001,1,2.9461617145898344e-08
CIP,random,LR,label,1,V168_S9_L001,1,0.9991108775138855
CIP,random,LR,label,1,V172_S5_L001,0,0.9964677095413208
CIP,random,LR,label,1,V238_S11_L001,1,0.9999973773956299
CIP,random,LR,label,1,V292_S6_L001,1,1.0
CIP,random,LR,label,1,W2RBF-17-133-1_S28,0,1.567167964822147e-05
CIP,random,LR,label,1,W2RBL-16-018-1_S15,1,0.9996127486228943
CIP,random,LR,label,1,wdh-RBL-17-0361-1_S44,0,0.000707832514308393
CIP,random,LR,label,1,wdhRBF-18-0057_S14_L001,0,0.05337702855467796
CIP,random,LR,label,1,wdhRBF-18-0098-1_S19_L001,0,0.00045041562407277524
CIP,random,LR,label,1,wRBG-16-024-1_S152,1,0.9999988079071045
CIP,random,LR,label,1,wRBG-16-027-1_S174,0,2.9706947316299193e-05
CIP,random,LR,label,1,wRBG-17-030-1_S165,0,3.2627878681523725e-05
CIP,random,LR,label,1,wRBG-17-031-1_S154,0,2.594680303946717e-10
CIP,random,LR,label,1,wRBG-17-034-1_S121,0,0.0003062585601583123
CIP,random,LR,label,1,wRBG-17-049-1_S142,0,0.0002471876214258373
CIP,random,LR,label,1,wRBG-17-075-1_S96,0,0.028272951021790504
CIP,random,LR,label,1,wRBG-17-110-1_S168,0,7.4929512265953235e-06
CIP,random,LR,label,1,wwRBB-17-031-1_S25,1,0.9999942779541016
CIP,random,LR,label,1,wwRBK-16-023-1_S5,1,0.9740196466445923
CIP,random,LR,label,1,wwRBK-17-0148-1_S37,1,0.9993719458580017
CIP,random,LR,label,1,wwRBK-17-0197-1_S39,1,0.9998791217803955
CIP,random,LR,label,1,wwRBK-17-0278-1_S41,0,0.0083442572504282
CIP,random,LR,label,2,H105_S3_L001,1,0.9996484518051147
CIP,random,LR,label,2,H116_S8_L001,1,0.9999902248382568
CIP,random,LR,label,2,H136_S7_L001,1,0.9951720833778381
CIP,random,LR,label,2,H153_S1_L001,1,0.9999196529388428
CIP,random,LR,label,2,H3_S1_L001,1,0.9999793767929077
CIP,random,LR,label,2,H50_S7_L001,0,0.00034757901448756456
CIP,random,LR,label,2,NNRBG-17-0287-1_S17,0,9.872476169903166e-08
CIP,random,LR,label,2,NNRBG-17-0316-1_S23,1,0.9858848452568054
CIP,random,LR,label,2,NNRBG-17-0329-1_S26,0,3.411309080547653e-05
CIP,random,LR,label,2,NNRBG-17-0346-1_S30,1,1.0
CIP,random,LR,label,2,RBB-17-171-1_S52,1,0.9981332421302795
CIP,random,LR,label,2,RBB-18-0537-1_S21_L001,1,0.9996140599250793
CIP,random,LR,label,2,RBB-18-0765-1_S191,1,1.0
CIP,random,LR,label,2,RBB-18-0892-1_S80_2,1,1.0
CIP,random,LR,label,2,RBB-18-0972-1_S203_2,1,0.9999998807907104
CIP,random,LR,label,2,RBB-18-1406-1_S49,1,0.995307981967926
CIP,random,LR,label,2,RBB-18-1488-1_S46,1,0.0012317647924646735
CIP,random,LR,label,2,RBF-17-0424-1_S15,1,0.9999997615814209
CIP,random,LR,label,2,RBF-17-0489-1_S13,1,0.9997770190238953
CIP,random,LR,label,2,RBF-17-0537-1_S56,1,0.9995976090431213
CIP,random,LR,label,2,RBF-17-0550-1_S84,0,0.9999791383743286
CIP,random,LR,label,2,RBF-17-0614-3_S95,0,7.1034542088455055e-06
CIP,random,LR,label,2,RBF-17-0651-1_S62,1,0.9999731779098511
CIP,random,LR,label,2,RBF-18-0027-1_S5,1,0.999970555305481
CIP,random,LR,label,2,RBF-18-0064-2_S14,0,5.0024212328025897e-08
CIP,random,LR,label,2,RBF-18-0099-1_S26,0,7.91278580436483e-07
CIP,random,LR,label,2,RBF-18-0123-1_S25_L001,0,9.668582788435742e-05
CIP,random,LR,label,2,RBF-18-0160-1_S37,0,0.9999823570251465
CIP,random,LR,label,2,RBF-18-0259-1_S33,0,0.005016040056943893
CIP,random,LR,label,2,RBF-18-0280-1_S62,0,5.305311034931037e-08
CIP,random,LR,label,2,RBF-18-0310-1_S36,0,0.9998651742935181
CIP,random,LR,label,2,RBF-18-0321-1_S69,0,7.35839712433517e-05
CIP,random,LR,label,2,RBF-18-0339-1_S37,0,1.088438580154616e-06
CIP,random,LR,label,2,RBF-18-0585-1_S48,1,0.9999686479568481
CIP,random,LR,label,2,RBG-17-0284-1_S59,0,0.7542220950126648
CIP,random,LR,label,2,RBG-17-0351-1_S20_L001,1,0.9996095299720764
CIP,random,LR,label,2,RBG-18-0041-1_S6,1,0.9969921112060547
CIP,random,LR,label,2,RBG-18-0076-1_S10,1,0.9999991655349731
CIP,random,LR,label,2,RBG-18-0193-1_S8,0,0.052300818264484406
CIP,random,LR,label,2,RBG-18-0224-1_S24_L001,1,0.9999628067016602
CIP,random,LR,label,2,RBG-18-0276-1_S50,1,0.995223343372345
CIP,random,LR,label,2,RBG-18-0289-1_S37,0,0.3998686671257019
CIP,random,LR,label,2,RBG-18-0391-1_S22_L001,1,0.9997476935386658
CIP,random,LR,label,2,RBG-18-0421-1_S53,1,0.9999456405639648
CIP,random,LR,label,2,RBK-17-0601-1_S25,1,0.9995682835578918
CIP,random,LR,label,2,RBK-17-0612-1_S27,1,0.9996182918548584
CIP,random,LR,label,2,RBK-18-0038-1_S200,0,4.434311904333299e-06
CIP,random,LR,label,2,RBK-18-0060-1_S22,0,0.003295202273875475
CIP,random,LR,label,2,RBK-18-0080-1_S205,1,0.9978132247924805
CIP,random,LR,label,2,RBK-18-0104-1_S206,0,1.2071435431110222e-12
CIP,random,LR,label,2,RBK-18-0414-1_S59,0,1.4440595673244024e-15
CIP,random,LR,label,2,RBL-17-0090-1_S145,0,9.690824072094983e-07
CIP,random,LR,label,2,RBL-17-0093-1_S146,0,0.14625632762908936
CIP,random,LR,label,2,RBL-17-0101-1_S148,0,4.469742179935565e-06
CIP,random,LR,label,2,RBL-17-0108-1_S151,0,0.04572952538728714
CIP,random,LR,label,2,RBL-17-0129-1_S158,0,3.546072093740804e-06
CIP,random,LR,label,2,RBL-17-0159-1_S166,0,0.00011735172301996499
CIP,random,LR,label,2,RBL-17-0165-1_S167,0,0.9993394017219543
CIP,random,LR,label,2,RBL-17-0189-1_S172,0,2.0848226256475755e-08
CIP,random,LR,label,2,RBL-17-0232-1_S91,0,0.05785120651125908
CIP,random,LR,label,2,RBL-17-0235-1_S92,0,0.00023810315178707242
CIP,random,LR,label,2,RBL-17-0267-1_S104,0,9.789032446860801e-07
CIP,random,LR,label,2,RBL-17-0328-1_S117,0,7.036926399450749e-05
CIP,random,LR,label,2,RBL-17-0366-1_S113,1,0.9999263286590576
CIP,random,LR,label,2,RBL-17-0383-1_S119,0,1.5163088846747996e-06
CIP,random,LR,label,2,RBL-17-0390-1_S121,0,1.2320808764343383e-06
CIP,random,LR,label,2,RBL-17-0391-1_S122,0,0.9983479976654053
CIP,random,LR,label,2,RBL-17-0395-1_S124,0,0.0009084313060157001
CIP,random,LR,label,2,RBL-17-075-1_S18,1,0.9996287822723389
CIP,random,LR,label,2,RBL-18-0076-1_S47,1,0.9998030066490173
CIP,random,LR,label,2,RBL-18-0085-1_S176,0,2.5917915036366423e-10
CIP,random,LR,label,2,RBL-18-0093-1_S49,1,0.9996094107627869
CIP,random,LR,label,2,RBL-18-0467-1_S228_2,1,0.9999796152114868
CIP,random,LR,label,2,RBT-16-0045-1_S58,1,0.9617252349853516
CIP,random,LR,label,2,RBT-17-0033-1_S12,1,0.997757613658905
CIP,random,LR,label,2,RBT-17-0079-1_S29,0,2.4133129272740916e-07
CIP,random,LR,label,2,RBT-17-0082-1_S30,0,0.0017996012466028333
CIP,random,LR,label,2,RBT-17-0097-1_S34,1,0.01479574665427208
CIP,random,LR,label,2,RBT-17-0102-1_S37,1,0.9993178844451904
CIP,random,LR,label,2,RBT-17-0113-1_S42,0,0.9936349391937256
CIP,random,LR,label,2,RBT-17-0124-1_S46,0,0.003377470886334777
CIP,random,LR,label,2,RBT-17-0161-1_S57,0,1.6022133308979392e-07
CIP,random,LR,label,2,RBT-17-0163-1_S59,0,0.0002459123788867146
CIP,random,LR,label,2,RBT-17-0168-1_S61,0,0.010134290903806686
CIP,random,LR,label,2,RBT-17-0177-1_S65,1,0.9998430013656616
CIP,random,LR,label,2,RBT-17-0178-1_S66,0,1.0929627336508929e-07
CIP,random,LR,label,2,RBT-17-0194-1_S30,0,0.08498263359069824
CIP,random,LR,label,2,RBT-17-0217-1_S7,1,1.0
CIP,random,LR,label,2,RBT-17-0239-1_S60,0,6.895648766658269e-06
CIP,random,LR,label,2,RBT-17-0249-1_S61,1,0.999744713306427
CIP,random,LR,label,2,RBT-17-0337-1_S19,0,0.00014012999599799514
CIP,random,LR,label,2,RBT-18-0030-1_S69,0,3.800281774601899e-06
CIP,random,LR,label,2,RBT-18-0042-1_S60,0,1.1183273272763472e-05
CIP,random,LR,label,2,RBT-18-0050-1_S34,0,2.5420715246582404e-05
CIP,random,LR,label,2,RBT-18-0057-1_S38,0,1.370847371617856e-06
CIP,random,LR,label,2,RBT-18-0080-1_S49,1,0.9999923706054688
CIP,random,LR,label,2,RBT-18-0100-1_S21,1,0.9999988079071045
CIP,random,LR,label,2,RBT-18-0120-1_S48,1,0.9999985694885254
CIP,random,LR,label,2,RBT-18-0125-1_S50,0,4.23819110437762e-05
CIP,random,LR,label,2,RBT-18-0127-1_S51,0,2.4307357307407074e-05
CIP,random,LR,label,2,RBT-18-0181-1_S61,1,0.9996706247329712
CIP,random,LR,label,2,RBT-18-0227-1_S46,1,0.9998639822006226
CIP,random,LR,label,2,RBT-18-0230-1_S45,0,2.8174606995889917e-05
CIP,random,LR,label,2,RBT-18-0241-1_S50,0,1.50476575644376e-09
CIP,random,LR,label,2,RBT-18-0253-1_S54,0,0.03947940096259117
CIP,random,LR,label,2,RBT-18-0265-1_S59,0,2.1351139366743155e-05
CIP,random,LR,label,2,RBT-18-0271-1_S62,0,2.3256261556525715e-05
CIP,random,LR,label,2,RBT-18-0292-1_S70,0,5.0333774197497405e-06
CIP,random,LR,label,2,RBT-18-0316-1_S43,0,6.857781409053132e-05
CIP,random,LR,label,2,RBT-18-0325-1_S44,0,5.568706455960637e-07
CIP,random,LR,label,2,RBT-18-0338-1_S35,0,1.4136277286525e-06
CIP,random,LR,label,2,RBT-18-0358-1_S28,0,1.1805802387243602e-05
CIP,random,LR,label,2,RBT-18-0368-1_S32,0,9.068843610293698e-06
CIP,random,LR,label,2,RBT-18-0370-1_S33,0,4.249194418548541e-08
CIP,random,LR,label,2,RBT-18-0401-1_S43,1,0.9988456964492798
CIP,random,LR,label,2,ResetH1_S1_L001,1,0.9975626468658447
CIP,random,LR,label,2,ResetH115_S6_L001,1,0.9999988079071045
CIP,random,LR,label,2,ResetV143_S2_L001,1,0.10880362242460251
CIP,random,LR,label,2,ResetV74_S7_L001,1,0.9999998807907104
CIP,random,LR,label,2,Survcare0111_S29,0,0.9706186056137085
CIP,random,LR,label,2,Survcare133_S25,0,0.0019244051072746515
CIP,random,LR,label,2,Survcare134_S26,0,0.0011024541454389691
CIP,random,LR,label,2,Survcare140_S4_L001,0,0.003216356039047241
CIP,random,LR,label,2,Survcare221_S7_L001,0,1.8438741733461939e-07
CIP,random,LR,label,2,Survcare230_S17_L001,1,1.0
CIP,random,LR,label,2,Survcare278_S62,1,1.0
CIP,random,LR,label,2,Survcare289_S36,1,0.9995498061180115
CIP,random,LR,label,2,Survcare291_S38,0,0.00014645697956439108
CIP,random,LR,label,2,Survcare313_S24_L001,0,0.23235300183296204
CIP,random,LR,label,2,Survcare317_S5_L001,1,0.9998257756233215
CIP,random,LR,label,2,Survcare318_S20_L001,0,5.2490595408016816e-05
CIP,random,LR,label,2,Survcare329_S3,1,0.9346111416816711
CIP,random,LR,label,2,Survcare334_S10,0,2.6757356863527093e-06
CIP,random,LR,label,2,Survcare360_S84,1,0.9972124695777893
CIP,random,LR,label,2,V116_S6_L001,1,0.9998575448989868
CIP,random,LR,label,2,V153_S4_L001,0,1.3668652172782458e-05
CIP,random,LR,label,2,V158_S4_L001,0,0.5075985789299011
CIP,random,LR,label,2,V177_S6_L001,1,0.4106892943382263
CIP,random,LR,label,2,V228_S8_L001,0,0.991858184337616
CIP,random,LR,label,2,V229_S10_L001,0,0.9938957095146179
CIP,random,LR,label,2,V283_S5_L001,1,0.9951145648956299
CIP,random,LR,label,2,V295_S7_L001,1,0.999961256980896
CIP,random,LR,label,2,V41_S2_L001,1,0.9999629259109497
CIP,random,LR,label,2,V64_S3_L001,1,0.9999176263809204
CIP,random,LR,label,2,V71_S4_L001,1,0.9999747276306152
CIP,random,LR,label,2,V73_S5_L001,1,1.0
CIP,random,LR,label,2,wdh-RBB-16-025-1_S20,1,1.0
CIP,random,LR,label,2,wdhRBF-10-0002-1_S10_L001,1,0.9996750354766846
CIP,random,LR,label,2,wdhRBF-17-0567-1_S122,0,0.0001057044937624596
CIP,random,LR,label,2,wdhRBF-18-0059-1_S15_L001,0,2.2019106538095912e-08
CIP,random,LR,label,2,wdhRBF-18-0081-1_S18_L001,0,0.3730393648147583
CIP,random,LR,label,2,WDHRBG-17-008-1_S83,0,0.9999992847442627
CIP,random,LR,label,2,WDHRBG-17-121-1_S46,0,7.180872563239404e-10
CIP,random,LR,label,2,wRBG-16-033-1_S153,0,0.34227481484413147
CIP,random,LR,label,2,wRBG-17-025-1_S133,0,0.009706839919090271
CIP,random,LR,label,2,wRBG-17-055-1_S163,1,0.9968748092651367
CIP,random,LR,label,2,wRBG-17-073-1_S118,0,2.5826537239481695e-05
CIP,random,LR,label,2,wRBG-17-100-1_S104,1,0.999788224697113
CIP,random,LR,label,2,wRBG-17-102-1_S169,0,2.9538196031353436e-06
CIP,random,LR,label,2,wwRBF-17-251-1_S33,1,0.9999998807907104
CIP,random,LR,label,2,wwRBK-17-0148-2_S38,1,0.9995933175086975
CIP,random,LR,label,2,WWSurvcare043_S43,1,1.0
CIP,random,LR,label,3,H100_S2_L001,0,1.496107302045857e-06
CIP,random,LR,label,3,H119_S7_L001,1,1.0
CIP,random,LR,label,3,H154_S2_L001,1,0.9995304346084595
CIP,random,LR,label,3,H157_S3_L001,0,0.9999961853027344
CIP,random,LR,label,3,H162_S4_L001,1,0.9999922513961792
CIP,random,LR,label,3,H164_S3_L001,1,0.9993935823440552
CIP,random,LR,label,3,H51_S5_L001,1,0.9999542236328125
CIP,random,LR,label,3,H71_S1_L001,1,0.9999990463256836
CIP,random,LR,label,3,H86_S1_L001,1,0.0038896978367120028
CIP,random,LR,label,3,NNRBG-17-0255-1_S14,1,6.300204108411478e-11
CIP,random,LR,label,3,NNRBG-17-0319-1_S24,0,0.0005415990017354488
CIP,random,LR,label,3,NNRBG-17-0328-1_S25,0,0.0006747931474819779
CIP,random,LR,label,3,RBB-18-0772-1_S192,1,0.9661588072776794
CIP,random,LR,label,3,RBB-18-1309-1_S42,1,0.9978224039077759
CIP,random,LR,label,3,RBF-16-004-1_S18,1,0.9977376461029053
CIP,random,LR,label,3,RBF-17-0164-1_S137,0,0.0026226069312542677
CIP,random,LR,label,3,RBF-17-0173-1_S138,0,0.00037178341881372035
CIP,random,LR,label,3,RBF-17-0467-1_S12,1,0.9999101161956787
CIP,random,LR,label,3,RBF-17-0509-1_S74,0,0.6886364817619324
CIP,random,LR,label,3,RBF-17-0520-2_S55,1,0.9999339580535889
CIP,random,LR,label,3,RBF-17-0521-1_S78,1,0.9999899864196777
CIP,random,LR,label,3,RBF-17-0538-1_S82,0,8.874509376255446e-07
CIP,random,LR,label,3,RBF-17-0553-1_S85,1,0.999951958656311
CIP,random,LR,label,3,RBF-17-0602-1_S93,0,4.5891254558227956e-05
CIP,random,LR,label,3,RBF-17-0605-1_S94,0,9.403465810464695e-06
CIP,random,LR,label,3,RBF-17-266-1_S70,0,2.2040820113033988e-05
CIP,random,LR,label,3,RBF-17-277-1_S73,1,0.6769663691520691
CIP,random,LR,label,3,RBF-18-0066-1_S15,0,0.01858428493142128
CIP,random,LR,label,3,RBF-18-0093-1_S80,1,0.9999992847442627
CIP,random,LR,label,3,RBF-18-0125-1_S30,0,0.9971576929092407
CIP,random,LR,label,3,RBF-18-0135-1_S34,1,0.9989803433418274
CIP,random,LR,label,3,RBF-18-0147-1_S36,0,0.017103368416428566
CIP,random,LR,label,3,RBF-18-0151-1_S83,1,0.8091177344322205
CIP,random,LR,label,3,RBF-18-0163-2_S39,0,0.11209157854318619
CIP,random,LR,label,3,RBF-18-0172-1_S40,1,0.9993287324905396
CIP,random,LR,label,3,RBF-18-0200-1_S48,0,0.0011085347505286336
CIP,random,LR,label,3,RBF-18-0277-1_S61,1,0.9998477697372437
CIP,random,LR,label,3,RBF-18-0296-1_S17,0,0.8801096677780151
CIP,random,LR,label,3,RBG-17-0383-1_S44,1,0.4927419126033783
CIP,random,LR,label,3,RBG-18-0004-1_S1,1,0.999954104423523
CIP,random,LR,label,3,RBG-18-0055-1_S43,1,0.9999958276748657
CIP,random,LR,label,3,RBG-18-0166-1_S10_L001,0,9.377712331115617e-07
CIP,random,LR,label,3,RBG-18-0170-1_S41,0,1.5025037214400072e-08
CIP,random,LR,label,3,RBG-18-0239-1_S4,0,1.6284213415929116e-05
CIP,random,LR,label,3,RBG-18-0256-1_S8_L001,0,1.2663889492614544e-08
CIP,random,LR,label,3,RBG-18-0312-1_S55,1,0.9998971223831177
CIP,random,LR,label,3,RBG-18-0358-1_S39,0,0.0026607189793139696
CIP,random,LR,label,3,RBK-16-079-1_S15,0,0.001375917810946703
CIP,random,LR,label,3,RBK-17-0595-1_S187,0,0.011935793794691563
CIP,random,LR,label,3,RBK-18-0005-1_S18,0,1.8916631233878434e-05
CIP,random,LR,label,3,RBK-18-0019-1_S195,0,0.00022012687986716628
CIP,random,LR,label,3,RBK-18-0037-1_S199,0,0.8234062790870667
CIP,random,LR,label,3,RBKk-18-0108-1_S201,1,0.9999723434448242
CIP,random,LR,label,3,RBL-17-0104-1_S149,0,0.013150935992598534
CIP,random,LR,label,3,RBL-17-0113-1_S153,1,0.9999991655349731
CIP,random,LR,label,3,RBL-17-0117-1_S155,0,0.22131073474884033
CIP,random,LR,label,3,RBL-17-0135-1_S160,0,0.0007125369738787413
CIP,random,LR,label,3,RBL-17-0136-1_S161,0,5.336417530088511e-08
CIP,random,LR,label,3,RBL-17-0144-1_S163,1,7.229928655760887e-08
CIP,random,LR,label,3,RBL-17-0172-1_S170,0,1.8813007045537233e-05
CIP,random,LR,label,3,RBL-17-0199-1_S174,1,0.9999533891677856
CIP,random,LR,label,3,RBL-17-0217-1_S176,0,0.001110580051317811
CIP,random,LR,label,3,RBL-17-0283-1_S27,0,0.0008653103723190725
CIP,random,LR,label,3,RBL-17-0320-1_S114,1,0.9999998807907104
CIP,random,LR,label,3,RBL-17-0340-1_S102,0,8.126110333250836e-05
CIP,random,LR,label,3,RBL-17-0360-1_S108,0,1.3214743376011029e-05
CIP,random,LR,label,3,RBL-17-0374-1_S116,0,0.0016958394553512335
CIP,random,LR,label,3,RBL-18-0002-1_S158,0,5.448455908663163e-07
CIP,random,LR,label,3,RBL-18-0022-1_S43,0,0.00013286077592056245
CIP,random,LR,label,3,RBL-18-0055-1_S170,0,3.825130434620405e-08
CIP,random,LR,label,3,RBL-18-0066-1_S173,0,0.0010120151564478874
CIP,random,LR,label,3,RBT-17-0023-1_S25,1,0.8055392503738403
CIP,random,LR,label,3,RBT-17-0039-1_S28,0,0.006033519748598337
CIP,random,LR,label,3,RBT-17-0112-1_S41,0,9.37290969886817e-05
CIP,random,LR,label,3,RBT-17-0118-1_S45,0,0.037694115191698074
CIP,random,LR,label,3,RBT-17-0150-1_S54,0,0.001311194384470582
CIP,random,LR,label,3,RBT-17-0156-1_S56,1,0.9999998807907104
CIP,random,LR,label,3,RBT-17-0183-1_S67,0,0.7190810441970825
CIP,random,LR,label,3,RBT-17-0188-1_S68,0,0.8656337857246399
CIP,random,LR,label,3,RBT-17-0228-1_S10,0,0.09112772345542908
CIP,random,LR,label,3,RBT-17-0232-1_S58,1,0.9998494386672974
CIP,random,LR,label,3,RBT-17-0243-1_S11,0,0.000507378950715065
CIP,random,LR,label,3,RBT-17-0270-1_S65,1,0.9999998807907104
CIP,random,LR,label,3,RBT-17-0279-1_S12,0,0.016086896881461143
CIP,random,LR,label,3,RBT-17-0339-1_S20,1,0.9999849796295166
CIP,random,LR,label,3,RBT-18-0017-1_S67,0,3.793575388044701e-06
CIP,random,LR,label,3,RBT-18-0045-1_S70,1,0.0030190327670425177
CIP,random,LR,label,3,RBT-18-0066-1_S40,0,0.0006066842470318079
CIP,random,LR,label,3,RBT-18-0095-1_S19,0,0.0008443631231784821
CIP,random,LR,label,3,RBT-18-0101-1_S22,0,0.004049961920827627
CIP,random,LR,label,3,RBT-18-0115-1_S45,0,4.330859155743383e-05
CIP,random,LR,label,3,RBT-18-0122-1_S63,1,0.36940088868141174
CIP,random,LR,label,3,RBT-18-0197-1_S40,0,1.3437505685942597e-07
CIP,random,LR,label,3,RBT-18-0236-1_S48,1,0.9994751811027527
CIP,random,LR,label,3,RBT-18-0246-1_S52,0,3.5255368402431486e-06
CIP,random,LR,label,3,RBT-18-0251-1_S7,0,0.9971820116043091
CIP,random,LR,label,3,RBT-18-0252-1_S53,1,0.9998763799667358
CIP,random,LR,label,3,RBT-18-0269-1_S61,0,1.215396991938178e-06
CIP,random,LR,label,3,RBT-18-0288-1_S68,1,0.9999854564666748
CIP,random,LR,label,3,RBT-18-0324-1_S57,1,0.9999964237213135
CIP,random,LR,label,3,RBT-18-0335-1_S41,1,0.9999963045120239
CIP,random,LR,label,3,RBT-18-0337-1_S46,0,0.9999603033065796
CIP,random,LR,label,3,RBT-18-0357-1_S27,0,6.754135483788559e-06
CIP,random,LR,label,3,RBT-18-0365-1_S30,0,3.7441982385644224e-06
CIP,random,LR,label,3,RBT-18-0377-1_S1,0,0.3166773319244385
CIP,random,LR,label,3,RBT-18-0391-1_S35,1,0.9999631643295288
CIP,random,LR,label,3,ResetH152_S4_L001,1,0.9993910789489746
CIP,random,LR,label,3,ResetH16_S2_L001,1,0.9674903750419617
CIP,random,LR,label,3,ResetH49b_S6_L001,0,0.009378363378345966
CIP,random,LR,label,3,ResetH63_S7_L001,1,0.999954104423523
CIP,random,LR,label,3,ResetH8_S2_L001,0,0.7477377653121948
CIP,random,LR,label,3,ResetV161_S3_L001,1,0.9999997615814209
CIP,random,LR,label,3,ResetV260_S5_L001,1,0.9999479055404663
CIP,random,LR,label,3,ResetV63_S5_L001,1,0.9999784231185913
CIP,random,LR,label,3,Survcare0114_S37,1,0.9999922513961792
CIP,random,LR,label,3,Survcare104_S16_L001,1,0.04014752060174942
CIP,random,LR,label,3,Survcare125_S25,0,3.3300650557066547e-06
CIP,random,LR,label,3,Survcare130_S2,0,0.0004170759639237076
CIP,random,LR,label,3,Survcare184_S19,0,0.00024682588991709054
CIP,random,LR,label,3,Survcare244_S9_L001,0,9.483848657509952e-07
CIP,random,LR,label,3,Survcare262_S23_L001,1,8.857708735376946e-07
CIP,random,LR,label,3,Survcare265_S20,0,0.010888277553021908
CIP,random,LR,label,3,Survcare275_S38,0,0.0002731770509853959
CIP,random,LR,label,3,Survcare319_S16,0,0.008406185545027256
CIP,random,LR,label,3,Survcare321_S18,1,0.9999982118606567
CIP,random,LR,label,3,Survcare341_S25,1,0.9999411106109619
CIP,random,LR,label,3,Survcare350_S44,1,0.5563523769378662
CIP,random,LR,label,3,V139_S7_L001,1,1.0
CIP,random,LR,label,3,V173_S6_L001,0,0.9999337196350098
CIP,random,LR,label,3,V195_S1_L001,1,0.36016646027565
CIP,random,LR,label,3,V201_S4_L001,1,0.9999793767929077
CIP,random,LR,label,3,V215_S2_L001,0,2.3539109861303587e-07
CIP,random,LR,label,3,V291_S5_L001,1,0.9999686479568481
CIP,random,LR,label,3,V79_S6_L001,1,0.9920877814292908
CIP,random,LR,label,3,V8_S7_L001,0,0.03172506392002106
CIP,random,LR,label,3,V9_S1_L001,1,0.999119222164154
CIP,random,LR,label,3,W2RBF-17-090-1_S26,0,0.007560853846371174
CIP,random,LR,label,3,W2RBK-17-168-1_S33,1,0.9999687671661377
CIP,random,LR,label,3,W2RBK-17-169-1_S34,0,0.9999866485595703
CIP,random,LR,label,3,wdh-RBL-17-0431-1_S46,0,1.1257638021788807e-07
CIP,random,LR,label,3,wdh2NRZ-29911a_S31,1,0.046603377908468246
CIP,random,LR,label,3,wdhRBF-17-0558-1_S121,0,0.9999808073043823
CIP,random,LR,label,3,wdhRBF-17-0564-1_S230,1,0.9999840259552002
CIP,random,LR,label,3,WDHRBG-17-001-1_S82,1,0.9987801909446716
CIP,random,LR,label,3,WDHRBG-17-005-2_S61,0,3.8869788113515824e-05
CIP,random,LR,label,3,WDHRBG-17-0256-1_S17,1,0.9999421834945679
CIP,random,LR,label,3,wdhRBL-17-0370-1_S232,1,0.9999997615814209
CIP,random,LR,label,3,wNRZ-32446_S79,1,0.22667083144187927
CIP,random,LR,label,3,wRBF-17-0146-1_S35,1,0.9999662637710571
CIP,random,LR,label,3,wRBG-16-026-1_S163,0,0.002065410139039159
CIP,random,LR,label,3,wRBG-16-032-1_S142,0,0.003090349957346916
CIP,random,LR,label,3,wRBG-17-014-1_S167,0,3.9172121546471317e-07
CIP,random,LR,label,3,wRBG-17-023-1_S155,0,8.775973725505537e-08
CIP,random,LR,label,3,wRBG-17-028-1_S100,0,1.4257192049171863e-07
CIP,random,LR,label,3,wRBG-17-072-1_S129,0,2.928355229414592e-07
CIP,random,LR,label,3,wRBG-17-112-1_S146,0,0.0003010293294209987
CIP,random,LR,label,3,wwRBB-16-112-1_S1,1,0.9999409914016724
CIP,random,LR,label,3,wwRBF-16-094-1_S13,0,1.7399559510522522e-05
CIP,random,LR,label,3,wwRBF-17-189-1_S32,1,0.9999229907989502
CIP,random,LR,label,3,wwRBF-17-209-1_S34,1,0.999995231628418
CIP,random,LR,label,3,wwRBK-17-0298-1_S42,1,0.999842643737793
CIP,random,LR,label,3,wwRBL-16-111-1_S16,1,0.9999967813491821
CIP,random,LR,label,4,H113_S6_L001,1,0.9999643564224243
CIP,random,LR,label,4,H130_S2_L001,0,8.29073087516008e-06
CIP,random,LR,label,4,H148_S4_L001,1,0.9999936819076538
CIP,random,LR,label,4,H176_S5_L001,1,0.004524031654000282
CIP,random,LR,label,4,H28_S10_L001,0,9.534483069728594e-06
CIP,random,LR,label,4,H37_S3_L001,1,0.9999244213104248
CIP,random,LR,label,4,NNRBG-17-0191-1_S1,0,0.048153746873140335
CIP,random,LR,label,4,NNRBG-17-0193-1_S2,0,3.795187275557055e-09
CIP,random,LR,label,4,NNRBG-17-0198-1_S4,0,0.9999861717224121
CIP,random,LR,label,4,NNRBG-17-0201-1_S6,0,0.9997342228889465
CIP,random,LR,label,4,NNRBG-17-0227-1_S8,0,2.1807218217873015e-06
CIP,random,LR,label,4,NNRBG-17-0234-1_S9,0,5.301144483382814e-07
CIP,random,LR,label,4,NNRBG-17-0239-1_S10,0,1.3939343261881731e-05
CIP,random,LR,label,4,NNRBG-17-0249-1_S13,0,0.00038369448157027364
CIP,random,LR,label,4,NNRBG-17-0298-1_S19,0,8.350250936928205e-06
CIP,random,LR,label,4,NNRBG-17-0382-1_S38,0,2.217638939328026e-05
CIP,random,LR,label,4,NNSurvcare045_S41,1,1.0
CIP,random,LR,label,4,RBB-17-011-1_S40,1,0.9993889331817627
CIP,random,LR,label,4,RBB-18-0129-1_S179,1,0.998801589012146
CIP,random,LR,label,4,RBB-18-0668-1_S188,1,0.9964509010314941
CIP,random,LR,label,4,RBB-18-1086-1_S189_2,0,0.002276831306517124
CIP,random,LR,label,4,RBBK18-0189-1_S24_L001,1,0.9998180270195007
CIP,random,LR,label,4,RBF-17-0178-1_S139,1,0.9999951124191284
CIP,random,LR,label,4,RBF-17-0195-1_S141,0,0.9999521970748901
CIP,random,LR,label,4,RBF-17-0508-1_S73,0,0.00182485266122967
CIP,random,LR,label,4,RBF-17-0632-1_S97,0,1.818441148770944e-07
CIP,random,LR,label,4,RBF-17-0647-1_S99,0,0.007672199979424477
CIP,random,LR,label,4,RBF-17-318-1_S77,1,0.9997833371162415
CIP,random,LR,label,4,RBF-18-0013-1_S25_L001,0,6.969304422455025e-07
CIP,random,LR,label,4,RBF-18-0036-1_S7,0,2.4841222828753118e-12
CIP,random,LR,label,4,RBF-18-0055-1_S11,0,0.2762093245983124
CIP,random,LR,label,4,RBF-18-0085-1_S21,0,0.0003014742396771908
CIP,random,LR,label,4,RBF-18-0086-1_S22,0,2.1377158191171475e-05
CIP,random,LR,label,4,RBF-18-0132-1_S26,0,0.0004943081876263022
CIP,random,LR,label,4,RBF-18-0174-1_S28,1,0.9718806743621826
CIP,random,LR,label,4,RBF-18-0184-1_S30,1,0.9999998807907104
CIP,random,LR,label,4,RBF-18-0187-1_S31,1,0.9961948394775391
CIP,random,LR,label,4,RBF-18-0194-1_S86,1,0.8788435459136963
CIP,random,LR,label,4,RBF-18-0196-1_S46,1,0.9991747736930847
CIP,random,LR,label,4,RBF-18-0253-1_S13_L001,1,0.9999812841415405
CIP,random,LR,label,4,RBF-18-0333-1_S70,0,3.053407681363751e-06
CIP,random,LR,label,4,RBF-18-0664-1_S190,0,0.0007671959465369582
CIP,random,LR,label,4,RBG-17-0269-1_S41,0,0.0763150304555893
CIP,random,LR,label,4,RBg-17-123-2_S12,0,0.9997602105140686
CIP,random,LR,label,4,RBG-18-0108-1_S16,0,9.758202423881812e-08
CIP,random,LR,label,4,RBG-18-0113-1_S13_L001,0,3.348065824582136e-09
CIP,random,LR,label,4,RBG-18-0144-1_S38,0,4.879657922174374e-08
CIP,random,LR,label,4,RBG-18-0200-1_S18_L001,1,0.9995573163032532
CIP,random,LR,label,4,RBG-18-0202-1_S13_L001,0,0.004241627641022205
CIP,random,LR,label,4,RBG-18-0211-1_S35,1,0.006392211187630892
CIP,random,LR,label,4,RBG-18-0279-1_S36,1,0.999103307723999
CIP,random,LR,label,4,RBG-18-0352-1_S21_L001,0,0.000821450783405453
CIP,random,LR,label,4,RBG-18-0367-1_S57,1,0.9999772310256958
CIP,random,LR,label,4,RBG-18-0381-1_S49,0,3.5764375638791535e-07
CIP,random,LR,label,4,RBG-18-0383-1_S37,1,0.999983549118042
CIP,random,LR,label,4,RBG-18-0388-1_S21_L001,1,0.999951958656311
CIP,random,LR,label,4,RBG-18-0402-1_S50,1,0.9999997615814209
CIP,random,LR,label,4,RBG-18-0437-1_S54,1,0.9970038533210754
CIP,random,LR,label,4,RBK-16-073-1_S14,0,0.006435409653931856
CIP,random,LR,label,4,RBK-16-124-1_S16,0,0.6557191014289856
CIP,random,LR,label,4,RBK-17-049-1_S62,1,0.9999796152114868
CIP,random,LR,label,4,RBK-17-0655-5_S182,1,0.9990953207015991
CIP,random,LR,label,4,RBK-18-0002-1_S38,1,1.8977360014105216e-05
CIP,random,LR,label,4,RBK-18-0020-1_S19,0,7.649377221241593e-05
CIP,random,LR,label,4,RBK-18-0250-1_S235_2,1,0.36194586753845215
CIP,random,LR,label,4,RBL-17-0076-1_S32,1,0.9999889135360718
CIP,random,LR,label,4,RBL-17-0116-1_S154,0,4.1609519030316733e-07
CIP,random,LR,label,4,RBL-17-0133-1_S159,0,3.5792660924016673e-07
CIP,random,LR,label,4,RBL-17-0226-1_S41,1,0.999367892742157
CIP,random,LR,label,4,RBL-17-0246-1_S94,0,0.18182015419006348
CIP,random,LR,label,4,RBL-17-0263-1_S102,0,9.79009673329756e-09
CIP,random,LR,label,4,RBL-17-0264-1_S103,1,0.9964603781700134
CIP,random,LR,label,4,RBL-17-0300-1_S112,0,1.1103570614068303e-05
CIP,random,LR,label,4,RBL-17-0305-1_S49,1,0.9997101426124573
CIP,random,LR,label,4,RBL-17-0307-1_S51,1,0.9993889331817627
CIP,random,LR,label,4,RBL-17-0368-1_S114,0,1.5720512465122738e-06
CIP,random,LR,label,4,RBL-17-0375-1_S117,1,0.9975435137748718
CIP,random,LR,label,4,RBL-17-0392-1_S69,1,0.9997101426124573
CIP,random,LR,label,4,RBL-17-0393-1_S123,0,0.0041071646846830845
CIP,random,LR,label,4,RBL-17-0402-1_S126,0,7.074540349094605e-07
CIP,random,LR,label,4,RBL-17-0411-1_S128,0,4.0786620303379095e-08
CIP,random,LR,label,4,RBL-17-0428-1_S70,1,0.9999872446060181
CIP,random,LR,label,4,RBL-17-0432-1_S132,1,0.9976193308830261
CIP,random,LR,label,4,RBL-17-060-1_S17,1,0.9999860525131226
CIP,random,LR,label,4,RBL-18-0016-1_S161,0,1.6731461300878436e-06
CIP,random,LR,label,4,RBL-18-0059-1_S171,1,0.9999881982803345
CIP,random,LR,label,4,RBL-18-0500-1_S230_2,1,0.9998394250869751
CIP,random,LR,label,4,RBT-17-0003-1_S16,0,4.6356171878869645e-07
CIP,random,LR,label,4,RBT-17-0019-1_S62,1,1.0
CIP,random,LR,label,4,RBT-17-0090-1_S32,0,5.686933945980854e-05
CIP,random,LR,label,4,RBT-17-0100-1_S36,1,0.9994097948074341
CIP,random,LR,label,4,RBT-17-0107-1_S39,0,3.027808816113975e-06
CIP,random,LR,label,4,RBT-17-0109-1_S40,0,0.0002166785125155002
CIP,random,LR,label,4,RBT-17-0133-1_S6,1,0.9999864101409912
CIP,random,LR,label,4,RBT-17-0149-1_S13,0,1.6111048353195656e-06
CIP,random,LR,label,4,RBT-17-0167-1_S27,0,4.006367362308083e-07
CIP,random,LR,label,4,RBT-17-0174-1_S64,0,8.664554115966894e-06
CIP,random,LR,label,4,RBT-17-0210-1_S55,0,7.206811005744385e-07
CIP,random,LR,label,4,RBT-17-0219-1_S8,0,0.9994403719902039
CIP,random,LR,label,4,RBT-17-0225-1_S9,0,2.1068390765321965e-07
CIP,random,LR,label,4,RBT-17-0256-1_S25,0,0.9998550415039062
CIP,random,LR,label,4,RBT-17-0287-1_S10,0,2.5024036662268934e-11
CIP,random,LR,label,4,RBT-17-0295-1_S15,0,3.4390175187581917e-06
CIP,random,LR,label,4,RBT-18-0004-1_S51,1,0.9999796152114868
CIP,random,LR,label,4,RBT-18-0021-1_S56,1,0.9993889331817627
CIP,random,LR,label,4,RBT-18-0064-1_S15,0,0.9950020909309387
CIP,random,LR,label,4,RBT-18-0079-1_S16,0,0.01173832081258297
CIP,random,LR,label,4,RBT-18-0103-1_S24,0,0.9997656941413879
CIP,random,LR,label,4,RBT-18-0164-1_S34,1,0.998448371887207
CIP,random,LR,label,4,RBT-18-0184-1_S38,1,0.999767005443573
CIP,random,LR,label,4,RBT-18-0224-1_S43,0,2.062466137431329e-06
CIP,random,LR,label,4,RBT-18-0263-1_S58,0,3.4137881410600812e-09
CIP,random,LR,label,4,RBT-18-0275-1_S63,0,0.0013897655298933387
CIP,random,LR,label,4,RBT-18-0293-1_S71,0,6.737145241686449e-08
CIP,random,LR,label,4,RBT-18-0303-1_S20,1,0.8378545641899109
CIP,random,LR,label,4,RBT-18-0317-1_S27,0,0.001619457732886076
CIP,random,LR,label,4,RBT-18-0341-1_S24,1,0.9984462857246399
CIP,random,LR,label,4,RBT-18-0360-1_S39,1,0.8696252107620239
CIP,random,LR,label,4,RBT-18-0361-1_S38,0,1.7281995212670154e-07
CIP,random,LR,label,4,RBT-18-0385-1_S34,0,2.5540954240454994e-08
CIP,random,LR,label,4,ResetH129_S7_L001,1,0.9999500513076782
CIP,random,LR,label,4,ResetH75_S2_L001,1,0.9999655485153198
CIP,random,LR,label,4,ResetH92_S4_L001,1,0.9999970197677612
CIP,random,LR,label,4,ResetV105_S1_L001,1,0.8089951276779175
CIP,random,LR,label,4,ResetV210_S4_L001,1,1.0
CIP,random,LR,label,4,ResetV288_S6_L001,1,0.9999822378158569
CIP,random,LR,label,4,ResetV76_S7_L001,0,0.005954028572887182
CIP,random,LR,label,4,RPG-18-0435-1_S32,0,2.6430273525335224e-09
CIP,random,LR,label,4,Survcare129_S1,0,1.3176927495806012e-05
CIP,random,LR,label,4,Survcare176_S17_L001,1,0.999997615814209
CIP,random,LR,label,4,Survcare190_S35,0,0.003159561427310109
CIP,random,LR,label,4,Survcare234_S3_L001,0,0.00018279712821822613
CIP,random,LR,label,4,Survcare236_S5_L001,0,0.00015157402958720922
CIP,random,LR,label,4,Survcare253_S35,1,0.9999992847442627
CIP,random,LR,label,4,Survcare292_S39,1,0.9789567589759827
CIP,random,LR,label,4,Survcare293_S40,1,0.9996650218963623
CIP,random,LR,label,4,Survcare327_S1,1,0.9999774694442749
CIP,random,LR,label,4,V111_S3_L001,0,0.5714139938354492
CIP,random,LR,label,4,V130_S5_L001,1,1.0
CIP,random,LR,label,4,V163_S6_L001,0,0.9999986886978149
CIP,random,LR,label,4,V205_S3_L001,1,0.9999991655349731
CIP,random,LR,label,4,V271_S13_L001,1,1.0
CIP,random,LR,label,4,V86_S1_L001,1,0.9998496770858765
CIP,random,LR,label,4,V89_S1_L001,0,0.9921378493309021
CIP,random,LR,label,4,w2RBG-16-037-1_S34,1,0.9997497200965881
CIP,random,LR,label,4,wdh-RBB-17-170-1_S16,1,0.9996128678321838
CIP,random,LR,label,4,wdh-RBF-17-0572-1_S43,0,0.037525296211242676
CIP,random,LR,label,4,wdh-Survcare119_S44,0,0.0021407471504062414
CIP,random,LR,label,4,wdhRBF-18-0048-1_S12_L001,0,2.1853268208360532e-06
CIP,random,LR,label,4,wdhRBF-18-0080-1_S17_L001,0,0.9999984502792358
CIP,random,LR,label,4,WDHRBG-16-049-1_S87,1,0.9980621933937073
CIP,random,LR,label,4,WDHRBG-16-050-1_S40,1,0.9999799728393555
CIP,random,LR,label,4,wRBG-16-034-1_S164,0,1.0312138556400896e-06
CIP,random,LR,label,4,wRBG-17-021-1_S166,0,0.001995704835280776
CIP,random,LR,label,4,wRBG-17-047-1_S153,0,6.598820934122784e-10
CIP,random,LR,label,4,wRBG-17-052-1_S120,1,0.9008767008781433
CIP,random,LR,label,4,wRBG-17-057-1_S141,0,2.841272362275049e-05
CIP,random,LR,label,4,wRBG-17-081-1_S117,0,4.01339384552557e-05
CIP,random,LR,label,4,wwRBF-17-148-1_S27,0,1.8331002138438635e-05
CIP,random,LR,label,4,wwRBF-17-167-1_S31,1,0.9966663718223572
CIP,random,LR,label,4,wwRBK-17-075-1_S28,1,0.9996669292449951
CIP,random,SVM,label,0,H109_S2_L001,0,0.6854505571043201
CIP,random,SVM,label,0,H141_S6_L001,0,0.6281634331701942
CIP,random,SVM,label,0,H160_S3_L001,1,0.7702123883933651
CIP,random,SVM,label,0,H53_S4_L001,1,0.7806625842889243
CIP,random,SVM,label,0,H69_S6_L001,1,0.7573900594107373
CIP,random,SVM,label,0,NNRBG-17-0196-1_S3,0,0.1234012903870097
CIP,random,SVM,label,0,NNRBG-17-0199-1_S5,1,0.1860182509006685
CIP,random,SVM,label,0,NNRBG-17-0205-1_S7,1,0.3235697512821695
CIP,random,SVM,label,0,NNRBG-17-0243-1_S12,0,0.5114286946531376
CIP,random,SVM,label,0,NNRBG-17-0278-1_S16,0,0.3025724646038608
CIP,random,SVM,label,0,NNRBG-17-0294-1_S18,0,0.224225921335462
CIP,random,SVM,label,0,NNRBG-17-0308-1_S20,0,0.21582556712099943
CIP,random,SVM,label,0,RBB-18-0519-1_S184,1,0.7082859119578077
CIP,random,SVM,label,0,RBB-18-0665-1_S23_L001,1,0.7957699370739709
CIP,random,SVM,label,0,RBB-18-0674-1_S189,1,0.08579613947016958
CIP,random,SVM,label,0,RBB-18-1212-1_S67_2,1,0.7062673097872721
CIP,random,SVM,label,0,RBB-18-1393-1_S48,1,0.8072404307257229
CIP,random,SVM,label,0,RBB-18-1502-1_S47,0,0.042874784461295924
CIP,random,SVM,label,0,RBB-19-0014-1_S44,1,0.22063110232512748
CIP,random,SVM,label,0,RBF-10-0240-1_S12_L001,0,0.2525275190965754
CIP,random,SVM,label,0,RBF-16-060-1_S22,1,0.7914757323855524
CIP,random,SVM,label,0,RBF-17-0194-1_S140,0,0.1872910090541693
CIP,random,SVM,label,0,RBF-17-0513-1_S76,0,0.9926656429240567
CIP,random,SVM,label,0,RBF-17-0532-1_S80,1,0.8402352473111274
CIP,random,SVM,label,0,RBF-17-0572-2_S89,0,0.08980376591127172
CIP,random,SVM,label,0,RBF-17-0587-1_S91,0,0.281831902366628
CIP,random,SVM,label,0,RBF-17-0589-1_S92,0,0.2148044105022161
CIP,random,SVM,label,0,RBF-17-0630-1_S59,0,0.11730133679551351
CIP,random,SVM,label,0,RBF-17-0645-1_S61,0,0.287590653408838
CIP,random,SVM,label,0,RBF-17-0653-1_S101,0,0.07415961437383933
CIP,random,SVM,label,0,RBF-17-0664-1_S63,0,0.2582653909637688
CIP,random,SVM,label,0,RBF-17-067-1_S54,1,0.8133406727910232
CIP,random,SVM,label,0,RBF-17-094-1_S56,1,0.7994565559244117
CIP,random,SVM,label,0,RBF-17-170-1_S66,1,0.946830748916391
CIP,random,SVM,label,0,RBF-18-0035-1_S6,0,0.07895626675657162
CIP,random,SVM,label,0,RBF-18-0068-1_S77,1,0.5708462981931505
CIP,random,SVM,label,0,RBF-18-0075-1_S79,1,0.9140638403573613
CIP,random,SVM,label,0,RBF-18-0087-1_S23,0,0.4134089295915073
CIP,random,SVM,label,0,RBF-18-0121-1_S28,1,0.8724435139355419
CIP,random,SVM,label,0,RBF-18-0126-1_S31,0,0.07592543351326884
CIP,random,SVM,label,0,RBF-18-0173-1_S27,0,0.14519744985601607
CIP,random,SVM,label,0,RBF-18-0179-1_S29,0,0.5645783799215213
CIP,random,SVM,label,0,RBF-18-0214-1_S51,0,0.1487807095203287
CIP,random,SVM,label,0,RBF-18-0227-1_S53,0,0.16948365877297122
CIP,random,SVM,label,0,RBF-18-0251-1_S55,0,0.2642921430538179
CIP,random,SVM,label,0,RBF-18-0252-1_S56,0,0.41395826448122464
CIP,random,SVM,label,0,RBF-18-0282-1_S63,0,0.2236697838988946
CIP,random,SVM,label,0,RBF-18-0294-1_S64,0,0.10356243216599502
CIP,random,SVM,label,0,RBF-18-0634-1_S183,1,0.8559617823092821
CIP,random,SVM,label,0,RBF-18-0714-2_S204_2,1,0.8134603268433958
CIP,random,SVM,label,0,RBG-17-013-1_S16,1,0.8538808828888997
CIP,random,SVM,label,0,RBG-18-0054-1_S42,0,0.11046385464329592
CIP,random,SVM,label,0,RBG-18-0071-1_S44,1,0.7158484217436781
CIP,random,SVM,label,0,RBG-18-0072-1_S8,0,0.14180376406775735
CIP,random,SVM,label,0,RBG-18-0099-1_S14,1,0.7856153503947175
CIP,random,SVM,label,0,RBG-18-0129-1_S15_L001,1,0.9332224398039509
CIP,random,SVM,label,0,RBG-18-0140-1_S14_L001,0,0.25522115185149585
CIP,random,SVM,label,0,RBG-18-0177-1_S17_L001,1,0.9283913616347934
CIP,random,SVM,label,0,RBG-18-0185-1_S40,0,0.21219440484978522
CIP,random,SVM,label,0,RBG-18-0191-1_S11_L001,0,0.2114393533224896
CIP,random,SVM,label,0,RBG-18-0194-1_S45,0,0.24092771333527824
CIP,random,SVM,label,0,RBG-18-0209-2_S46,0,0.08084892096649471
CIP,random,SVM,label,0,RBG-18-0221-1_S47,1,0.18550298894849018
CIP,random,SVM,label,0,RBG-18-0265-1_S49,0,0.16132681348825745
CIP,random,SVM,label,0,RBG-18-0301-1_S53,0,0.26363438576252246
CIP,random,SVM,label,0,RBG-18-0347-1_S22_L001,0,0.39492014412484533
CIP,random,SVM,label,0,RBG-18-0380-1_S48,1,0.7856153503947175
CIP,random,SVM,label,0,RBK-16-007-1_S13,1,0.7324146444452216
CIP,random,SVM,label,0,RBK-17-0457-1_S6,1,0.8055039920436202
CIP,random,SVM,label,0,RBK-17-0492-1_S8,1,0.6574897756910119
CIP,random,SVM,label,0,RBK-17-0588-1_S24,1,0.8495577124801595
CIP,random,SVM,label,0,RBK-18-0077-1_S212,1,0.7848648545519846
CIP,random,SVM,label,0,RBL-17-0095-1_S147,0,0.24624836110696657
CIP,random,SVM,label,0,RBL-17-0107-1_S150,0,0.29989643976757835
CIP,random,SVM,label,0,RBL-17-0123-1_S157,1,0.509482671899826
CIP,random,SVM,label,0,RBL-17-0155-1_S165,1,0.9579816632141117
CIP,random,SVM,label,0,RBL-17-0197-1_S173,0,0.6676432557993208
CIP,random,SVM,label,0,RBL-17-0244-1_S44,1,0.7957991368142268
CIP,random,SVM,label,0,RBL-17-0256-1_S98,0,0.15896868174621678
CIP,random,SVM,label,0,RBL-17-0261-1_S100,1,0.022288104054961986
CIP,random,SVM,label,0,RBL-17-0274-2_S105,0,0.3584811762764995
CIP,random,SVM,label,0,RBL-17-0306-1_S50,1,0.958727845957662
CIP,random,SVM,label,0,RBL-17-0332-1_S118,0,0.5072116342836108
CIP,random,SVM,label,0,RBL-17-0347-1_S104,0,0.05007940007192105
CIP,random,SVM,label,0,RBL-17-0349-1_S105,0,0.5318146047752685
CIP,random,SVM,label,0,RBL-17-0434-1_S133,0,0.25935877512068567
CIP,random,SVM,label,0,RBL-18-0010-1_S159,0,0.0863220893059357
CIP,random,SVM,label,0,RBL-18-0090-1_S48,1,0.8078037812465527
CIP,random,SVM,label,0,RBL-18-0343-1_S6,1,0.24478326557870644
CIP,random,SVM,label,0,RBT-16-0038-1_S11,1,0.6917019833506802
CIP,random,SVM,label,0,RBT-17-0008-1_S18,0,0.7085603639741291
CIP,random,SVM,label,0,RBT-17-0009-1_S21,1,0.19891337160128647
CIP,random,SVM,label,0,RBT-17-0011-1_S19,0,0.19082149810561425
CIP,random,SVM,label,0,RBT-17-0022-1_S24,0,0.24182067445974423
CIP,random,SVM,label,0,RBT-17-0084-1_S31,0,0.22712305872022334
CIP,random,SVM,label,0,RBT-17-0165-1_S60,0,0.5906448001727617
CIP,random,SVM,label,0,RBT-17-0251-1_S62,1,0.08320022113951686
CIP,random,SVM,label,0,RBT-17-0291-1_S14,1,0.7202058046096481
CIP,random,SVM,label,0,RBT-17-0328-1_S16,1,0.9427116070713629
CIP,random,SVM,label,0,RBT-18-0102-1_S23,0,0.14067067043708117
CIP,random,SVM,label,0,RBT-18-0110-1_S27,1,0.7399897024420069
CIP,random,SVM,label,0,RBT-18-0113-1_S44,0,0.273096734157085
CIP,random,SVM,label,0,RBT-18-0116-1_S46,1,0.8668119830910213
CIP,random,SVM,label,0,RBT-18-0121-1_S28,0,0.10095749354679616
CIP,random,SVM,label,0,RBT-18-0133-1_S30,0,0.21738281204970916
CIP,random,SVM,label,0,RBT-18-0134-1_S29,0,0.25388154917985006
CIP,random,SVM,label,0,RBT-18-0141-1_S32,0,0.14273417150345735
CIP,random,SVM,label,0,RBT-18-0146-1_S55,1,0.3856518273273116
CIP,random,SVM,label,0,RBT-18-0232-1_S47,0,0.833997289618302
CIP,random,SVM,label,0,RBT-18-0234-1_S15,1,0.911127216366918
CIP,random,SVM,label,0,RBT-18-0259-1_S55,0,0.13797704516173293
CIP,random,SVM,label,0,RBT-18-0283-1_S65,0,0.19105016417883003
CIP,random,SVM,label,0,RBT-18-0284-1_S66,1,0.7035738814454999
CIP,random,SVM,label,0,RBT-18-0339-1_S47,0,0.021903546674594557
CIP,random,SVM,label,0,RBT-18-0340-1_S36,0,0.15575502358596963
CIP,random,SVM,label,0,RBT-18-0351-1_S48,0,0.2824683136964833
CIP,random,SVM,label,0,RBT-18-0364-1_S29,0,0.29410218239353286
CIP,random,SVM,label,0,ResetH10_S1_L001,1,0.3219279053166064
CIP,random,SVM,label,0,ResetH131_S7_L001,1,0.7678272189276837
CIP,random,SVM,label,0,ResetH134_S8_L001,0,0.749485669490937
CIP,random,SVM,label,0,ResetH24a_S3_2_L001,1,0.7469537320370967
CIP,random,SVM,label,0,ResetH44_S3_L001,1,0.6288650509450118
CIP,random,SVM,label,0,ResetH45_S5_L001,0,0.28623096791239927
CIP,random,SVM,label,0,ResetH68_S1_L001,0,0.22880615757044928
CIP,random,SVM,label,0,ResetH89_S3_L001,0,0.49957166702959754
CIP,random,SVM,label,0,ResetH93_S5_L001,1,0.4464030358166864
CIP,random,SVM,label,0,ResetH99_S5_L001,0,0.5449876788359661
CIP,random,SVM,label,0,ResetV70_S6_L001,1,0.8221225453404639
CIP,random,SVM,label,0,Survcare058_S26,1,0.8250750484224013
CIP,random,SVM,label,0,Survcare187_S32,1,0.9284483671727747
CIP,random,SVM,label,0,Survcare254_S36,1,0.10980592240348708
CIP,random,SVM,label,0,Survcare295_S8_L001,1,0.15402577377122087
CIP,random,SVM,label,0,Survcare310_S21_L001,0,0.2525545047711752
CIP,random,SVM,label,0,Survcare337_S12,0,0.1447565819498683
CIP,random,SVM,label,0,V108_S2_L001,0,0.027882781884692277
CIP,random,SVM,label,0,V113_S3_L001,0,0.16147433521775056
CIP,random,SVM,label,0,V152_S3_L001,0,0.27652071394690714
CIP,random,SVM,label,0,V155_S5_L001,0,0.07226507592153761
CIP,random,SVM,label,0,V182_S6_L001,1,0.7955604040498807
CIP,random,SVM,label,0,V183_S7_L001,0,0.06399229125063988
CIP,random,SVM,label,0,V232_S3_L001,0,0.0454928435683967
CIP,random,SVM,label,0,V268_S12_L001,1,0.954518018428135
CIP,random,SVM,label,0,V279_S8_L001,1,0.6257503998671836
CIP,random,SVM,label,0,V282_S4_L001,1,0.9709305268317607
CIP,random,SVM,label,0,V289_S5_L001,1,0.8479942637429749
CIP,random,SVM,label,0,V40_S2_L001,1,0.9327232582954225
CIP,random,SVM,label,0,V80_S7_L001,0,0.7629779229726682
CIP,random,SVM,label,0,V96_S2_L001,1,0.9102741937262705
CIP,random,SVM,label,0,V98_S3_L001,1,0.7279909783614716
CIP,random,SVM,label,0,wdhRBF-18-0025-1_S11_L001,0,0.038998170698283006
CIP,random,SVM,label,0,wdhRBF-18-0049-1_S13_L001,0,0.03746776910229625
CIP,random,SVM,label,0,WDHRBG-16-060-1_S27,0,0.6001928537868572
CIP,random,SVM,label,0,WDHRBG-16-062-1_S49,0,0.12676068086480496
CIP,random,SVM,label,0,WDHRBG-17-0093-1_S1,1,0.3530314772078088
CIP,random,SVM,label,0,WDHRBG-17-122-1_S48,1,0.1538522258729988
CIP,random,SVM,label,0,wNRZ-33910_S81,0,0.0782198417044801
CIP,random,SVM,label,0,wRBG-17-022-1_S43,1,0.9834690106212037
CIP,random,SVM,label,0,wRBG-17-058-1_S130,0,0.16902614492774196
CIP,random,SVM,label,0,wRBG-17-082-1_S106,0,0.31677446646385654
CIP,random,SVM,label,0,wRBG-17-106-1_S125,0,0.6005334133378566
CIP,random,SVM,label,0,wwRBF-16-007-1_S10,1,0.7284527969740459
CIP,random,SVM,label,0,wwRBL-17-004-1_S44,1,0.7873627387043909
CIP,random,SVM,label,1,H108_S5_L001,0,0.04004349011706375
CIP,random,SVM,label,1,H122_S4_L001,1,0.7801553308812721
CIP,random,SVM,label,1,H123_S1_L001,1,0.8647340111342918
CIP,random,SVM,label,1,H17_S2_L001,1,0.8561242620219285
CIP,random,SVM,label,1,H38_S4_L001,1,0.9252983490236353
CIP,random,SVM,label,1,H66_S1_L001,1,0.8231615728036751
CIP,random,SVM,label,1,H83_S7_L001,0,0.044917732812584564
CIP,random,SVM,label,1,NNRBG-17-0242-1_S11,0,0.2238184197051581
CIP,random,SVM,label,1,NNRBG-17-0378-1_S37,1,0.9451865410394665
CIP,random,SVM,label,1,NNRBG-17-0399-1_S40,0,0.23400098555181784
CIP,random,SVM,label,1,RBB-18-0490-1_S20_L001,1,0.8864458292790562
CIP,random,SVM,label,1,RBB-18-0546-1_S22_L001,1,0.8186180051797282
CIP,random,SVM,label,1,RBB-18-0826-1_S193,1,0.5946742382416157
CIP,random,SVM,label,1,RBB-18-1312-1_S43,1,0.5079251064064499
CIP,random,SVM,label,1,RBB-18-1460-1_S45,1,0.7741381565879413
CIP,random,SVM,label,1,RBF-16-0064-1_S136,0,0.17306765198445606
CIP,random,SVM,label,1,RBF-16-073-1_S23,1,0.40519061584489047
CIP,random,SVM,label,1,RBF-17-0340-1_S81,1,0.6916216778190203
CIP,random,SVM,label,1,RBF-17-0438-1_S9,1,0.8023017038081081
CIP,random,SVM,label,1,RBF-17-0450-1_S10,1,0.9791640615609492
CIP,random,SVM,label,1,RBF-17-0523-1_S30,0,0.22267571437196299
CIP,random,SVM,label,1,RBF-17-0532-2_S31,1,0.7779055601040505
CIP,random,SVM,label,1,RBF-17-0540-1_S83,0,0.16890308599742285
CIP,random,SVM,label,1,RBF-17-0616-1_S96,0,0.2165124123912487
CIP,random,SVM,label,1,RBF-17-0635-1_S98,1,0.28408900214063243
CIP,random,SVM,label,1,RBF-17-0648-1_S100,0,0.45336618594391975
CIP,random,SVM,label,1,RBF-17-186-1_S69,1,0.8023017038081081
CIP,random,SVM,label,1,RBF-18-0019-1_S2,1,0.830936443902999
CIP,random,SVM,label,1,RBF-18-0069-1_S78,1,0.9957735220026491
CIP,random,SVM,label,1,RBF-18-0072-1_S16,0,0.04733378747582884
CIP,random,SVM,label,1,RBF-18-0088-1_S24,1,0.7209746680040214
CIP,random,SVM,label,1,RBF-18-0127-1_S32,0,0.038850730366285176
CIP,random,SVM,label,1,RBF-18-0139-1_S35,0,0.12617695765241385
CIP,random,SVM,label,1,RBF-18-0192-1_S44,0,0.15098022737513794
CIP,random,SVM,label,1,RBF-18-0199-1_S47,1,0.6874630646084336
CIP,random,SVM,label,1,RBF-18-0201-1_S49,0,0.30567070212207065
CIP,random,SVM,label,1,RBF-18-0208-2_S11_L001,0,0.08666259967808473
CIP,random,SVM,label,1,RBF-18-0217-1_S54,0,0.027369337323395995
CIP,random,SVM,label,1,RBF-18-0338-1_S72,0,0.05382825896872968
CIP,random,SVM,label,1,RBF-18-0405-1_S81_2,1,0.7608709742527066
CIP,random,SVM,label,1,RBG-18-0012-1_S3,1,0.4046303105888624
CIP,random,SVM,label,1,RBG-18-0017-1_S5,1,0.8690798824851562
CIP,random,SVM,label,1,RBG-18-0023-1_S2,1,0.23339882857114091
CIP,random,SVM,label,1,RBG-18-0025-1_S9_L001,0,0.1856812136148232
CIP,random,SVM,label,1,RBG-18-0029-1_S40,0,0.05269921087898142
CIP,random,SVM,label,1,RBG-18-0077-1_S9,1,0.8740040938765345
CIP,random,SVM,label,1,RBG-18-0083-1_S12,0,0.24909421291967843
CIP,random,SVM,label,1,RBG-18-0085-1_S11,0,0.11556958734397474
CIP,random,SVM,label,1,RBG-18-0153-1_S14,1,0.8430056056587806
CIP,random,SVM,label,1,RBG-18-0204-1_S23_L001,0,0.15544936381388202
CIP,random,SVM,label,1,RBG-18-0206-2_S46,1,0.15222910175266008
CIP,random,SVM,label,1,RBG-18-0223-1_S2,0,0.030823716525948855
CIP,random,SVM,label,1,RBG-18-0280-1_S51,1,0.8539012219426124
CIP,random,SVM,label,1,RBG-18-0300-1_S52,0,0.2582204816519644
CIP,random,SVM,label,1,RBG-18-0308-1_S54,1,0.9588130246420411
CIP,random,SVM,label,1,RBG-18-0355-1_S19_L001,0,0.24691417155992534
CIP,random,SVM,label,1,RBG-18-0394-1_S23_L001,0,0.3163581600830337
CIP,random,SVM,label,1,RBG-18-0410-1_S12,1,0.6674931522680887
CIP,random,SVM,label,1,RBG-18-0417-1_S52,0,0.27196212293512645
CIP,random,SVM,label,1,RBK-18-0022-1_S197,0,0.011295885850311492
CIP,random,SVM,label,1,RBK-18-0047-1_S20,0,0.06115024806561912
CIP,random,SVM,label,1,RBK-18-0062-2_S203,0,0.13442719742783002
CIP,random,SVM,label,1,RBk-18-0216-1_S231_2,0,0.17625034495035266
CIP,random,SVM,label,1,RBK-18-0236-2_S52_2,1,0.23355603067508454
CIP,random,SVM,label,1,RBK-18-0644-1_S180,0,0.1860078315539983
CIP,random,SVM,label,1,RBL-17-0118-1_S156,0,0.008960743380784302
CIP,random,SVM,label,1,RBL-17-0138-1_S162,0,0.2600502195231349
CIP,random,SVM,label,1,RBL-17-0205-1_S175,0,0.03772092051678854
CIP,random,SVM,label,1,RBL-17-0242-1_S42,1,0.8019772377487885
CIP,random,SVM,label,1,RBL-17-0259-1_S99,0,0.0847632167020019
CIP,random,SVM,label,1,RBL-17-0323-1_S115,0,0.28968696923717724
CIP,random,SVM,label,1,RBL-17-0324-1_S54,0,0.27029719680102315
CIP,random,SVM,label,1,RBL-17-0327-1_S116,0,0.01779118617152322
CIP,random,SVM,label,1,RBL-17-0342-1_S103,0,0.49945494942601254
CIP,random,SVM,label,1,RBL-17-0350-1_S106,1,0.9360784908493192
CIP,random,SVM,label,1,RBL-17-0359-1_S66,1,0.9411966504991406
CIP,random,SVM,label,1,RBL-17-0365-1_S112,0,0.01164060086155058
CIP,random,SVM,label,1,RBL-17-0397-1_S125,0,0.11064986453648441
CIP,random,SVM,label,1,RBL-17-0409-1_S127,0,0.11133993441146224
CIP,random,SVM,label,1,RBL-17-0429-1_S130,0,0.38428930762629787
CIP,random,SVM,label,1,RBL-17-0435-1_S134,0,0.21000737296650746
CIP,random,SVM,label,1,RBL-18-0019-1_S41,0,0.11625409363605353
CIP,random,SVM,label,1,RBL-18-0021-1_S42,1,0.6274591282664633
CIP,random,SVM,label,1,RBL-18-0032-1_S167,0,0.15563138689661796
CIP,random,SVM,label,1,RBL-18-0037-1_S168,0,0.12377532899294902
CIP,random,SVM,label,1,RBL-18-0048-1_S44,1,0.6920164660413973
CIP,random,SVM,label,1,RBL-18-0098-1_S178,1,0.7179118319352699
CIP,random,SVM,label,1,RBL-18-0131-1_S188_2,1,0.6243580228714826
CIP,random,SVM,label,1,RBL-18-0194-1_S195_2,1,0.902917916652782
CIP,random,SVM,label,1,RBL-18-0242-1_S51,0,0.018617200336137896
CIP,random,SVM,label,1,RBT-16-0024-1_S10,1,0.9303233568842685
CIP,random,SVM,label,1,RBT-17-0024-1_S23,0,0.036931052048068645
CIP,random,SVM,label,1,RBT-17-0027-1_S3,0,0.22439983117403217
CIP,random,SVM,label,1,RBT-17-0099-1_S35,1,0.7160817344306216
CIP,random,SVM,label,1,RBT-17-0130-1_S27,0,0.18939729505192673
CIP,random,SVM,label,1,RBT-17-0138-1_S52,1,0.930796394860446
CIP,random,SVM,label,1,RBT-17-0142-1_S53,0,0.22585544167258917
CIP,random,SVM,label,1,RBT-17-0173-1_S63,0,0.2534343660075312
CIP,random,SVM,label,1,RBT-17-0177-2_S7,1,0.9245082040328428
CIP,random,SVM,label,1,RBT-17-0238-1_S59,0,0.2664755852211752
CIP,random,SVM,label,1,RBT-17-0285-1_S66,1,0.5541042627231638
CIP,random,SVM,label,1,RBT-18-0023-1_S14,0,0.13032432958675977
CIP,random,SVM,label,1,RBT-18-0027-1_S68,0,0.17223899891668337
CIP,random,SVM,label,1,RBT-18-0046-1_S2,1,0.7698514767140496
CIP,random,SVM,label,1,RBT-18-0052-1_S35,0,0.28502105812801526
CIP,random,SVM,label,1,RBT-18-0053-1_S36,1,0.8096492577703113
CIP,random,SVM,label,1,RBT-18-0056-1_S37,0,0.12398806154475361
CIP,random,SVM,label,1,RBT-18-0071-1_S41,0,0.8765391330443183
CIP,random,SVM,label,1,RBT-18-0091-1_S42,0,0.08440291654497756
CIP,random,SVM,label,1,RBT-18-0096-1_S20,0,0.29014019430005844
CIP,random,SVM,label,1,RBT-18-0129-1_S52,0,0.2840581961530879
CIP,random,SVM,label,1,RBT-18-0173-1_S35,1,0.3091271601883562
CIP,random,SVM,label,1,RBT-18-0179-1_S37,0,0.26473131576710285
CIP,random,SVM,label,1,RBT-18-0185-1_S39,0,0.508164213947291
CIP,random,SVM,label,1,RBT-18-0205-1_S6,1,0.8404044554372938
CIP,random,SVM,label,1,RBT-18-0231-1_S14,0,0.3707955141471852
CIP,random,SVM,label,1,RBT-18-0247-1_S16,1,0.7059736197355909
CIP,random,SVM,label,1,RBT-18-0278-1_S64,1,0.7160894796476078
CIP,random,SVM,label,1,RBT-18-0296-1_S72,1,0.8193911086336573
CIP,random,SVM,label,1,RBT-18-0308-1_S34,0,0.7134051997935692
CIP,random,SVM,label,1,RBT-18-0331-1_S22,0,0.30120576779279384
CIP,random,SVM,label,1,RBT-18-0334-1_S23,0,0.1476559125054121
CIP,random,SVM,label,1,RBT-18-0363-1_S72,1,0.8467647401731268
CIP,random,SVM,label,1,RBT-18-0372-1_S31,1,0.963302443937002
CIP,random,SVM,label,1,RBT-18-0384-1_S40,0,0.17680476021361136
CIP,random,SVM,label,1,RBT-18-0392-1_S56,1,0.9412826208887022
CIP,random,SVM,label,1,ResetH127_S6_L001,1,0.7980494097666326
CIP,random,SVM,label,1,ResetH132_S1_L001,0,0.45296259233962394
CIP,random,SVM,label,1,ResetH139_S3_L001,0,0.04536654652593991
CIP,random,SVM,label,1,ResetH30_S4_L001,0,0.8093257951280686
CIP,random,SVM,label,1,ResetH98_S4_L001,0,0.4671224326818814
CIP,random,SVM,label,1,Survcare052_S22,1,0.8292381437842108
CIP,random,SVM,label,1,Survcare303_S15_L001,0,0.2021642707779432
CIP,random,SVM,label,1,Survcare309_S20_L001,1,0.7213873429043081
CIP,random,SVM,label,1,Survcare335_S11,0,0.4726739553652611
CIP,random,SVM,label,1,V1_S6_L001,1,0.7719992520986739
CIP,random,SVM,label,1,V114_S5_L001,1,0.9514677083318439
CIP,random,SVM,label,1,V120_S5_L001,1,0.8567511543284301
CIP,random,SVM,label,1,V123_S1_L001,1,0.6805225093838708
CIP,random,SVM,label,1,V131_S7_L001,1,0.08429707164252494
CIP,random,SVM,label,1,V168_S9_L001,1,0.7449729801332707
CIP,random,SVM,label,1,V172_S5_L001,0,0.5673096714651722
CIP,random,SVM,label,1,V238_S11_L001,1,0.8850532288193014
CIP,random,SVM,label,1,V292_S6_L001,1,0.9510097221228764
CIP,random,SVM,label,1,W2RBF-17-133-1_S28,0,0.08253071795494829
CIP,random,SVM,label,1,W2RBL-16-018-1_S15,1,0.7945181321895156
CIP,random,SVM,label,1,wdh-RBL-17-0361-1_S44,0,0.26523021764380533
CIP,random,SVM,label,1,wdhRBF-18-0057_S14_L001,0,0.2997700278825381
CIP,random,SVM,label,1,wdhRBF-18-0098-1_S19_L001,0,0.17757799946695574
CIP,random,SVM,label,1,wRBG-16-024-1_S152,1,0.8981571745468144
CIP,random,SVM,label,1,wRBG-16-027-1_S174,0,0.08301072649569155
CIP,random,SVM,label,1,wRBG-17-030-1_S165,0,0.2147923595390426
CIP,random,SVM,label,1,wRBG-17-031-1_S154,0,0.007668708874423334
CIP,random,SVM,label,1,wRBG-17-034-1_S121,0,0.1349737117378086
CIP,random,SVM,label,1,wRBG-17-049-1_S142,0,0.17332789719800704
CIP,random,SVM,label,1,wRBG-17-075-1_S96,0,0.32178109271926914
CIP,random,SVM,label,1,wRBG-17-110-1_S168,0,0.08083473384325401
CIP,random,SVM,label,1,wwRBB-17-031-1_S25,1,0.8297980916153086
CIP,random,SVM,label,1,wwRBK-16-023-1_S5,1,0.6837451008159515
CIP,random,SVM,label,1,wwRBK-17-0148-1_S37,1,0.7851271239363081
CIP,random,SVM,label,1,wwRBK-17-0197-1_S39,1,0.804214419786995
CIP,random,SVM,label,1,wwRBK-17-0278-1_S41,0,0.32959042481405965
CIP,random,SVM,label,2,H105_S3_L001,1,0.7983715795556559
CIP,random,SVM,label,2,H116_S8_L001,1,0.7421091403826376
CIP,random,SVM,label,2,H136_S7_L001,1,0.6061271812704436
CIP,random,SVM,label,2,H153_S1_L001,1,0.7885652237041314
CIP,random,SVM,label,2,H3_S1_L001,1,0.8871767185475277
CIP,random,SVM,label,2,H50_S7_L001,0,0.20810207228364425
CIP,random,SVM,label,2,NNRBG-17-0287-1_S17,0,0.08019331650440834
CIP,random,SVM,label,2,NNRBG-17-0316-1_S23,1,0.7501003603770435
CIP,random,SVM,label,2,NNRBG-17-0329-1_S26,0,0.067736137723611
CIP,random,SVM,label,2,NNRBG-17-0346-1_S30,1,0.9530782619416704
CIP,random,SVM,label,2,RBB-17-171-1_S52,1,0.757233480221433
CIP,random,SVM,label,2,RBB-18-0537-1_S21_L001,1,0.8181567978351886
CIP,random,SVM,label,2,RBB-18-0765-1_S191,1,0.9400915464297318
CIP,random,SVM,label,2,RBB-18-0892-1_S80_2,1,0.9917359258163565
CIP,random,SVM,label,2,RBB-18-0972-1_S203_2,1,0.8924312304697002
CIP,random,SVM,label,2,RBB-18-1406-1_S49,1,0.6351484621699662
CIP,random,SVM,label,2,RBB-18-1488-1_S46,1,0.3043063973361948
CIP,random,SVM,label,2,RBF-17-0424-1_S15,1,0.9250932330419672
CIP,random,SVM,label,2,RBF-17-0489-1_S13,1,0.8150677363284179
CIP,random,SVM,label,2,RBF-17-0537-1_S56,1,0.7978416432670836
CIP,random,SVM,label,2,RBF-17-0550-1_S84,0,0.9541056994624333
CIP,random,SVM,label,2,RBF-17-0614-3_S95,0,0.1523572698603502
CIP,random,SVM,label,2,RBF-17-0651-1_S62,1,0.7981664436541462
CIP,random,SVM,label,2,RBF-18-0027-1_S5,1,0.7913547637185508
CIP,random,SVM,label,2,RBF-18-0064-2_S14,0,0.06701299046458141
CIP,random,SVM,label,2,RBF-18-0099-1_S26,0,0.1207868578097749
CIP,random,SVM,label,2,RBF-18-0123-1_S25_L001,0,0.13206364876478213
CIP,random,SVM,label,2,RBF-18-0160-1_S37,0,0.922242917278368
CIP,random,SVM,label,2,RBF-18-0259-1_S33,0,0.2830058334652429
CIP,random,SVM,label,2,RBF-18-0280-1_S62,0,0.06680273263332213
CIP,random,SVM,label,2,RBF-18-0310-1_S36,0,0.8637228582648341
CIP,random,SVM,label,2,RBF-18-0321-1_S69,0,0.3699146500519707
CIP,random,SVM,label,2,RBF-18-0339-1_S37,0,0.07862610908875468
CIP,random,SVM,label,2,RBF-18-0585-1_S48,1,0.9022925347008831
CIP,random,SVM,label,2,RBG-17-0284-1_S59,0,0.5522092614231665
CIP,random,SVM,label,2,RBG-17-0351-1_S20_L001,1,0.8876644493179494
CIP,random,SVM,label,2,RBG-18-0041-1_S6,1,0.7351547155681857
CIP,random,SVM,label,2,RBG-18-0076-1_S10,1,0.8985436322906062
CIP,random,SVM,label,2,RBG-18-0193-1_S8,0,0.2795231678096336
CIP,random,SVM,label,2,RBG-18-0224-1_S24_L001,1,0.9090888525593135
CIP,random,SVM,label,2,RBG-18-0276-1_S50,1,0.7286092034311156
CIP,random,SVM,label,2,RBG-18-0289-1_S37,0,0.4425019677890077
CIP,random,SVM,label,2,RBG-18-0391-1_S22_L001,1,0.8566888839574248
CIP,random,SVM,label,2,RBG-18-0421-1_S53,1,0.8477198357777059
CIP,random,SVM,label,2,RBK-17-0601-1_S25,1,0.7935754916754078
CIP,random,SVM,label,2,RBK-17-0612-1_S27,1,0.8015818642484954
CIP,random,SVM,label,2,RBK-18-0038-1_S200,0,0.038605687972817986
CIP,random,SVM,label,2,RBK-18-0060-1_S22,0,0.5430604954405378
CIP,random,SVM,label,2,RBK-18-0080-1_S205,1,0.6803702001470907
CIP,random,SVM,label,2,RBK-18-0104-1_S206,0,0.004986534713898645
CIP,random,SVM,label,2,RBK-18-0414-1_S59,0,0.006876205433680675
CIP,random,SVM,label,2,RBL-17-0090-1_S145,0,0.08322952261938661
CIP,random,SVM,label,2,RBL-17-0093-1_S146,0,0.38489993939932476
CIP,random,SVM,label,2,RBL-17-0101-1_S148,0,0.125752396629779
CIP,random,SVM,label,2,RBL-17-0108-1_S151,0,0.4642114240065627
CIP,random,SVM,label,2,RBL-17-0129-1_S158,0,0.06486412278595616
CIP,random,SVM,label,2,RBL-17-0159-1_S166,0,0.3417915129625104
CIP,random,SVM,label,2,RBL-17-0165-1_S167,0,0.8709343349151244
CIP,random,SVM,label,2,RBL-17-0189-1_S172,0,0.029011526541539195
CIP,random,SVM,label,2,RBL-17-0232-1_S91,0,0.4452883892723764
CIP,random,SVM,label,2,RBL-17-0235-1_S92,0,0.3628008328523171
CIP,random,SVM,label,2,RBL-17-0267-1_S104,0,0.10137893640935745
CIP,random,SVM,label,2,RBL-17-0328-1_S117,0,0.17757957888066456
CIP,random,SVM,label,2,RBL-17-0366-1_S113,1,0.802435764265908
CIP,random,SVM,label,2,RBL-17-0383-1_S119,0,0.11914402186508696
CIP,random,SVM,label,2,RBL-17-0390-1_S121,0,0.11645180980099407
CIP,random,SVM,label,2,RBL-17-0391-1_S122,0,0.7345237761169335
CIP,random,SVM,label,2,RBL-17-0395-1_S124,0,0.2687982388498887
CIP,random,SVM,label,2,RBL-17-075-1_S18,1,0.6872034787409602
CIP,random,SVM,label,2,RBL-18-0076-1_S47,1,0.7991351178888931
CIP,random,SVM,label,2,RBL-18-0085-1_S176,0,0.007102110938077419
CIP,random,SVM,label,2,RBL-18-0093-1_S49,1,0.7966635450636783
CIP,random,SVM,label,2,RBL-18-0467-1_S228_2,1,0.9125118941181741
CIP,random,SVM,label,2,RBT-16-0045-1_S58,1,0.69391133882231
CIP,random,SVM,label,2,RBT-17-0033-1_S12,1,0.8169492834120476
CIP,random,SVM,label,2,RBT-17-0079-1_S29,0,0.08486607722781807
CIP,random,SVM,label,2,RBT-17-0082-1_S30,0,0.3101540240752238
CIP,random,SVM,label,2,RBT-17-0097-1_S34,1,0.40932455111930643
CIP,random,SVM,label,2,RBT-17-0102-1_S37,1,0.7796487865110029
CIP,random,SVM,label,2,RBT-17-0113-1_S42,0,0.8049190313714515
CIP,random,SVM,label,2,RBT-17-0124-1_S46,0,0.32060958524494737
CIP,random,SVM,label,2,RBT-17-0161-1_S57,0,0.14351641234280307
CIP,random,SVM,label,2,RBT-17-0163-1_S59,0,0.29351837774581024
CIP,random,SVM,label,2,RBT-17-0168-1_S61,0,0.40933071096944745
CIP,random,SVM,label,2,RBT-17-0177-1_S65,1,0.7291868225800674
CIP,random,SVM,label,2,RBT-17-0178-1_S66,0,0.08243583865605282
CIP,random,SVM,label,2,RBT-17-0194-1_S30,0,0.3297802602033198
CIP,random,SVM,label,2,RBT-17-0217-1_S7,1,0.9487275318240782
CIP,random,SVM,label,2,RBT-17-0239-1_S60,0,0.15170005003594472
CIP,random,SVM,label,2,RBT-17-0249-1_S61,1,0.8112553687252544
CIP,random,SVM,label,2,RBT-17-0337-1_S19,0,0.1873937908941658
CIP,random,SVM,label,2,RBT-18-0030-1_S69,0,0.10270257308323515
CIP,random,SVM,label,2,RBT-18-0042-1_S60,0,0.2766828280907391
CIP,random,SVM,label,2,RBT-18-0050-1_S34,0,0.1704523872192893
CIP,random,SVM,label,2,RBT-18-0057-1_S38,0,0.07549771400971579
CIP,random,SVM,label,2,RBT-18-0080-1_S49,1,0.9443339501804214
CIP,random,SVM,label,2,RBT-18-0100-1_S21,1,0.881588363634493
CIP,random,SVM,label,2,RBT-18-0120-1_S48,1,0.8794165169265997
CIP,random,SVM,label,2,RBT-18-0125-1_S50,0,0.23200693199835076
CIP,random,SVM,label,2,RBT-18-0127-1_S51,0,0.22316149693180248
CIP,random,SVM,label,2,RBT-18-0181-1_S61,1,0.8272007576602519
CIP,random,SVM,label,2,RBT-18-0227-1_S46,1,0.8364249204439349
CIP,random,SVM,label,2,RBT-18-0230-1_S45,0,0.11868584657636454
CIP,random,SVM,label,2,RBT-18-0241-1_S50,0,0.05681575971082363
CIP,random,SVM,label,2,RBT-18-0253-1_S54,0,0.48939172344145765
CIP,random,SVM,label,2,RBT-18-0265-1_S59,0,0.06321110379454381
CIP,random,SVM,label,2,RBT-18-0271-1_S62,0,0.23629897383382978
CIP,random,SVM,label,2,RBT-18-0292-1_S70,0,0.1570157984451771
CIP,random,SVM,label,2,RBT-18-0316-1_S43,0,0.28319910693025174
CIP,random,SVM,label,2,RBT-18-0325-1_S44,0,0.10191545740354947
CIP,random,SVM,label,2,RBT-18-0338-1_S35,0,0.11078649835203293
CIP,random,SVM,label,2,RBT-18-0358-1_S28,0,0.15994047778908307
CIP,random,SVM,label,2,RBT-18-0368-1_S32,0,0.13216524638376742
CIP,random,SVM,label,2,RBT-18-0370-1_S33,0,0.06618700910178613
CIP,random,SVM,label,2,RBT-18-0401-1_S43,1,0.7682747360764922
CIP,random,SVM,label,2,ResetH1_S1_L001,1,0.7475915220879706
CIP,random,SVM,label,2,ResetH115_S6_L001,1,0.8401254840042857
CIP,random,SVM,label,2,ResetV143_S2_L001,1,0.29128976307757615
CIP,random,SVM,label,2,ResetV74_S7_L001,1,0.95371534537508
CIP,random,SVM,label,2,Survcare0111_S29,0,0.6401363357695399
CIP,random,SVM,label,2,Survcare133_S25,0,0.2514423527591403
CIP,random,SVM,label,2,Survcare134_S26,0,0.23312836983857407
CIP,random,SVM,label,2,Survcare140_S4_L001,0,0.2718868969988155
CIP,random,SVM,label,2,Survcare221_S7_L001,0,0.0683731408682044
CIP,random,SVM,label,2,Survcare230_S17_L001,1,0.9796395277039514
CIP,random,SVM,label,2,Survcare278_S62,1,0.9582709171433896
CIP,random,SVM,label,2,Survcare289_S36,1,0.8051582240455724
CIP,random,SVM,label,2,Survcare291_S38,0,0.20643511491523453
CIP,random,SVM,label,2,Survcare313_S24_L001,0,0.48602705928880985
CIP,random,SVM,label,2,Survcare317_S5_L001,1,0.7747114385329582
CIP,random,SVM,label,2,Survcare318_S20_L001,0,0.16406077286589463
CIP,random,SVM,label,2,Survcare329_S3,1,0.8117926536056362
CIP,random,SVM,label,2,Survcare334_S10,0,0.13808577579493125
CIP,random,SVM,label,2,Survcare360_S84,1,0.7530883296804957
CIP,random,SVM,label,2,V116_S6_L001,1,0.7940641024998992
CIP,random,SVM,label,2,V153_S4_L001,0,0.2766783204869659
CIP,random,SVM,label,2,V158_S4_L001,0,0.5239776720726699
CIP,random,SVM,label,2,V177_S6_L001,1,0.4786693517925065
CIP,random,SVM,label,2,V228_S8_L001,0,0.5908621685395535
CIP,random,SVM,label,2,V229_S10_L001,0,0.6051739428098681
CIP,random,SVM,label,2,V283_S5_L001,1,0.7383499517269024
CIP,random,SVM,label,2,V295_S7_L001,1,0.9083075946970869
CIP,random,SVM,label,2,V41_S2_L001,1,0.7756248273924047
CIP,random,SVM,label,2,V64_S3_L001,1,0.83644527394793
CIP,random,SVM,label,2,V71_S4_L001,1,0.834580340499147
CIP,random,SVM,label,2,V73_S5_L001,1,0.9440754487703478
CIP,random,SVM,label,2,wdh-RBB-16-025-1_S20,1,0.9202990623737441
CIP,random,SVM,label,2,wdhRBF-10-0002-1_S10_L001,1,0.831464105697707
CIP,random,SVM,label,2,wdhRBF-17-0567-1_S122,0,0.11319927859497765
CIP,random,SVM,label,2,wdhRBF-18-0059-1_S15_L001,0,0.012495596705953143
CIP,random,SVM,label,2,wdhRBF-18-0081-1_S18_L001,0,0.6780858946437043
CIP,random,SVM,label,2,WDHRBG-17-008-1_S83,0,0.9714469355820233
CIP,random,SVM,label,2,WDHRBG-17-121-1_S46,0,0.026620623511591467
CIP,random,SVM,label,2,wRBG-16-033-1_S153,0,0.5089086452641635
CIP,random,SVM,label,2,wRBG-17-025-1_S133,0,0.3518675032711423
CIP,random,SVM,label,2,wRBG-17-055-1_S163,1,0.7992244047996394
CIP,random,SVM,label,2,wRBG-17-073-1_S118,0,0.09686646260839626
CIP,random,SVM,label,2,wRBG-17-100-1_S104,1,0.8292259709919552
CIP,random,SVM,label,2,wRBG-17-102-1_S169,0,0.08395855061456285
CIP,random,SVM,label,2,wwRBF-17-251-1_S33,1,0.9660694040820852
CIP,random,SVM,label,2,wwRBK-17-0148-2_S38,1,0.7969185516552056
CIP,random,SVM,label,2,WWSurvcare043_S43,1,0.9780259934167973
CIP,random,SVM,label,3,H100_S2_L001,0,0.168815105073799
CIP,random,SVM,label,3,H119_S7_L001,1,0.946146865965457
CIP,random,SVM,label,3,H154_S2_L001,1,0.7364249736152969
CIP,random,SVM,label,3,H157_S3_L001,0,0.8775769864798821
CIP,random,SVM,label,3,H162_S4_L001,1,0.8395770470767641
CIP,random,SVM,label,3,H164_S3_L001,1,0.7268258983646683
CIP,random,SVM,label,3,H51_S5_L001,1,0.8315579901912171
CIP,random,SVM,label,3,H71_S1_L001,1,0.8990430768069435
CIP,random,SVM,label,3,H86_S1_L001,1,0.27213556441393205
CIP,random,SVM,label,3,NNRBG-17-0255-1_S14,1,0.11267952011651027
CIP,random,SVM,label,3,NNRBG-17-0319-1_S24,0,0.2449903462814782
CIP,random,SVM,label,3,NNRBG-17-0328-1_S25,0,0.25568226304314007
CIP,random,SVM,label,3,RBB-18-0772-1_S192,1,0.6641737130772576
CIP,random,SVM,label,3,RBB-18-1309-1_S42,1,0.6613604048054024
CIP,random,SVM,label,3,RBF-16-004-1_S18,1,0.7047666138048443
CIP,random,SVM,label,3,RBF-17-0164-1_S137,0,0.3446288235915297
CIP,random,SVM,label,3,RBF-17-0173-1_S138,0,0.15288214673963355
CIP,random,SVM,label,3,RBF-17-0467-1_S12,1,0.8226219734972159
CIP,random,SVM,label,3,RBF-17-0509-1_S74,0,0.48426509408120955
CIP,random,SVM,label,3,RBF-17-0520-2_S55,1,0.7886291950181931
CIP,random,SVM,label,3,RBF-17-0521-1_S78,1,0.8673121256105663
CIP,random,SVM,label,3,RBF-17-0538-1_S82,0,0.17837814605117636
CIP,random,SVM,label,3,RBF-17-0553-1_S85,1,0.8277195924678249
CIP,random,SVM,label,3,RBF-17-0602-1_S93,0,0.12424165199198983
CIP,random,SVM,label,3,RBF-17-0605-1_S94,0,0.28533889973245347
CIP,random,SVM,label,3,RBF-17-266-1_S70,0,0.17057819711356592
CIP,random,SVM,label,3,RBF-17-277-1_S73,1,0.35426849308986796
CIP,random,SVM,label,3,RBF-18-0066-1_S15,0,0.4154530708628669
CIP,random,SVM,label,3,RBF-18-0093-1_S80,1,0.8372289663407597
CIP,random,SVM,label,3,RBF-18-0125-1_S30,0,0.6954535322848456
CIP,random,SVM,label,3,RBF-18-0135-1_S34,1,0.7360048698149487
CIP,random,SVM,label,3,RBF-18-0147-1_S36,0,0.38133485689502505
CIP,random,SVM,label,3,RBF-18-0151-1_S83,1,0.5797396822344333
CIP,random,SVM,label,3,RBF-18-0163-2_S39,0,0.4195341153042231
CIP,random,SVM,label,3,RBF-18-0172-1_S40,1,0.6798907495299876
CIP,random,SVM,label,3,RBF-18-0200-1_S48,0,0.22231829091537597
CIP,random,SVM,label,3,RBF-18-0277-1_S61,1,0.7994854685398215
CIP,random,SVM,label,3,RBF-18-0296-1_S17,0,0.6758400857210883
CIP,random,SVM,label,3,RBG-17-0383-1_S44,1,0.49679033183821025
CIP,random,SVM,label,3,RBG-18-0004-1_S1,1,0.8315451399507241
CIP,random,SVM,label,3,RBG-18-0055-1_S43,1,0.866047139871551
CIP,random,SVM,label,3,RBG-18-0166-1_S10_L001,0,0.1178000907375831
CIP,random,SVM,label,3,RBG-18-0170-1_S41,0,0.07175261367156781
CIP,random,SVM,label,3,RBG-18-0239-1_S4,0,0.12900861390265464
CIP,random,SVM,label,3,RBG-18-0256-1_S8_L001,0,0.022097462415114722
CIP,random,SVM,label,3,RBG-18-0312-1_S55,1,0.7500454187713729
CIP,random,SVM,label,3,RBG-18-0358-1_S39,0,0.44892540921984037
CIP,random,SVM,label,3,RBK-16-079-1_S15,0,0.2713103195641438
CIP,random,SVM,label,3,RBK-17-0595-1_S187,0,0.32825363524496554
CIP,random,SVM,label,3,RBK-18-0005-1_S18,0,0.07677434851987334
CIP,random,SVM,label,3,RBK-18-0019-1_S195,0,0.1565824247146259
CIP,random,SVM,label,3,RBK-18-0037-1_S199,0,0.5234779194616073
CIP,random,SVM,label,3,RBKk-18-0108-1_S201,1,0.8436152870890024
CIP,random,SVM,label,3,RBL-17-0104-1_S149,0,0.16463255927537082
CIP,random,SVM,label,3,RBL-17-0113-1_S153,1,0.92437724572093
CIP,random,SVM,label,3,RBL-17-0117-1_S155,0,0.4834570549749113
CIP,random,SVM,label,3,RBL-17-0135-1_S160,0,0.25298148031937284
CIP,random,SVM,label,3,RBL-17-0136-1_S161,0,0.0775317517922993
CIP,random,SVM,label,3,RBL-17-0144-1_S163,1,0.25617267633919244
CIP,random,SVM,label,3,RBL-17-0172-1_S170,0,0.23202573173297497
CIP,random,SVM,label,3,RBL-17-0199-1_S174,1,0.8287854549271696
CIP,random,SVM,label,3,RBL-17-0217-1_S176,0,0.30485626998130905
CIP,random,SVM,label,3,RBL-17-0283-1_S27,0,0.2264779938402765
CIP,random,SVM,label,3,RBL-17-0320-1_S114,1,0.9032602376388206
CIP,random,SVM,label,3,RBL-17-0340-1_S102,0,0.1914036772143269
CIP,random,SVM,label,3,RBL-17-0360-1_S108,0,0.3531626054911403
CIP,random,SVM,label,3,RBL-17-0374-1_S116,0,0.2742206244463049
CIP,random,SVM,label,3,RBL-18-0002-1_S158,0,0.0581585747458498
CIP,random,SVM,label,3,RBL-18-0022-1_S43,0,0.24391755246987376
CIP,random,SVM,label,3,RBL-18-0055-1_S170,0,0.04079501370680965
CIP,random,SVM,label,3,RBL-18-0066-1_S173,0,0.12949616970315733
CIP,random,SVM,label,3,RBT-17-0023-1_S25,1,0.5747424238235672
CIP,random,SVM,label,3,RBT-17-0039-1_S28,0,0.2939742914244799
CIP,random,SVM,label,3,RBT-17-0112-1_S41,0,0.17440071165942378
CIP,random,SVM,label,3,RBT-17-0118-1_S45,0,0.41663049374827793
CIP,random,SVM,label,3,RBT-17-0150-1_S54,0,0.23720787120848166
CIP,random,SVM,label,3,RBT-17-0156-1_S56,1,0.9262983924070166
CIP,random,SVM,label,3,RBT-17-0183-1_S67,0,0.5292822080537023
CIP,random,SVM,label,3,RBT-17-0188-1_S68,0,0.8303905008469512
CIP,random,SVM,label,3,RBT-17-0228-1_S10,0,0.411843452644373
CIP,random,SVM,label,3,RBT-17-0232-1_S58,1,0.7699148884684718
CIP,random,SVM,label,3,RBT-17-0243-1_S11,0,0.24671724790487623
CIP,random,SVM,label,3,RBT-17-0270-1_S65,1,0.9133970155546418
CIP,random,SVM,label,3,RBT-17-0279-1_S12,0,0.3524682418732268
CIP,random,SVM,label,3,RBT-17-0339-1_S20,1,0.8605064669188685
CIP,random,SVM,label,3,RBT-18-0017-1_S67,0,0.16742642195060572
CIP,random,SVM,label,3,RBT-18-0045-1_S70,1,0.287065678448157
CIP,random,SVM,label,3,RBT-18-0066-1_S40,0,0.20779407067333017
CIP,random,SVM,label,3,RBT-18-0095-1_S19,0,0.3123176856384275
CIP,random,SVM,label,3,RBT-18-0101-1_S22,0,0.2411269017327714
CIP,random,SVM,label,3,RBT-18-0115-1_S45,0,0.14393881160334884
CIP,random,SVM,label,3,RBT-18-0122-1_S63,1,0.4129513588194951
CIP,random,SVM,label,3,RBT-18-0197-1_S40,0,0.043160415553223516
CIP,random,SVM,label,3,RBT-18-0236-1_S48,1,0.7306433151003983
CIP,random,SVM,label,3,RBT-18-0246-1_S52,0,0.10908575350990629
CIP,random,SVM,label,3,RBT-18-0251-1_S7,0,0.7699317327627426
CIP,random,SVM,label,3,RBT-18-0252-1_S53,1,0.7615177583144604
CIP,random,SVM,label,3,RBT-18-0269-1_S61,0,0.10907366314491823
CIP,random,SVM,label,3,RBT-18-0288-1_S68,1,0.8280755210873513
CIP,random,SVM,label,3,RBT-18-0324-1_S57,1,0.887320585337505
CIP,random,SVM,label,3,RBT-18-0335-1_S41,1,0.8972869049119502
CIP,random,SVM,label,3,RBT-18-0337-1_S46,0,0.8445362689792961
CIP,random,SVM,label,3,RBT-18-0357-1_S27,0,0.200191157738851
CIP,random,SVM,label,3,RBT-18-0365-1_S30,0,0.11328208786418884
CIP,random,SVM,label,3,RBT-18-0377-1_S1,0,0.4493681823852337
CIP,random,SVM,label,3,RBT-18-0391-1_S35,1,0.8437775960055764
CIP,random,SVM,label,3,ResetH152_S4_L001,1,0.725313686742036
CIP,random,SVM,label,3,ResetH16_S2_L001,1,0.5755130799766931
CIP,random,SVM,label,3,ResetH49b_S6_L001,0,0.3193048367355281
CIP,random,SVM,label,3,ResetH63_S7_L001,1,0.8315451399507241
CIP,random,SVM,label,3,ResetH8_S2_L001,0,0.4971416657936233
CIP,random,SVM,label,3,ResetV161_S3_L001,1,0.960681802920061
CIP,random,SVM,label,3,ResetV260_S5_L001,1,0.8368581629821308
CIP,random,SVM,label,3,ResetV63_S5_L001,1,0.8153430770020884
CIP,random,SVM,label,3,Survcare0114_S37,1,0.8192923687806551
CIP,random,SVM,label,3,Survcare104_S16_L001,1,0.3113004145195178
CIP,random,SVM,label,3,Survcare125_S25,0,0.159027068262228
CIP,random,SVM,label,3,Survcare130_S2,0,0.22349756584495825
CIP,random,SVM,label,3,Survcare184_S19,0,0.23675343688074862
CIP,random,SVM,label,3,Survcare244_S9_L001,0,0.1287376247069578
CIP,random,SVM,label,3,Survcare262_S23_L001,1,0.10823660431002914
CIP,random,SVM,label,3,Survcare265_S20,0,0.2923635977409305
CIP,random,SVM,label,3,Survcare275_S38,0,0.23294875685360916
CIP,random,SVM,label,3,Survcare319_S16,0,0.3128876059085947
CIP,random,SVM,label,3,Survcare321_S18,1,0.8665984308378898
CIP,random,SVM,label,3,Survcare341_S25,1,0.8608849255825815
CIP,random,SVM,label,3,Survcare350_S44,1,0.4369891836494189
CIP,random,SVM,label,3,V139_S7_L001,1,0.9352474067898238
CIP,random,SVM,label,3,V173_S6_L001,0,0.891725185737236
CIP,random,SVM,label,3,V195_S1_L001,1,0.5160013764733704
CIP,random,SVM,label,3,V201_S4_L001,1,0.8196721983197196
CIP,random,SVM,label,3,V215_S2_L001,0,0.1874501877756264
CIP,random,SVM,label,3,V291_S5_L001,1,0.8397978778823014
CIP,random,SVM,label,3,V79_S6_L001,1,0.669430420305131
CIP,random,SVM,label,3,V8_S7_L001,0,0.32742107384712865
CIP,random,SVM,label,3,V9_S1_L001,1,0.757847862226573
CIP,random,SVM,label,3,W2RBF-17-090-1_S26,0,0.2739231099138816
CIP,random,SVM,label,3,W2RBK-17-168-1_S33,1,0.8360547442845634
CIP,random,SVM,label,3,W2RBK-17-169-1_S34,0,0.8485428688651421
CIP,random,SVM,label,3,wdh-RBL-17-0431-1_S46,0,0.05987707171186273
CIP,random,SVM,label,3,wdh2NRZ-29911a_S31,1,0.403829231871016
CIP,random,SVM,label,3,wdhRBF-17-0558-1_S121,0,0.892104402943845
CIP,random,SVM,label,3,wdhRBF-17-0564-1_S230,1,0.8456243514867822
CIP,random,SVM,label,3,WDHRBG-17-001-1_S82,1,0.6948066330499941
CIP,random,SVM,label,3,WDHRBG-17-005-2_S61,0,0.19793805347463275
CIP,random,SVM,label,3,WDHRBG-17-0256-1_S17,1,0.7598474946207853
CIP,random,SVM,label,3,wdhRBL-17-0370-1_S232,1,0.8780002433667854
CIP,random,SVM,label,3,wNRZ-32446_S79,1,0.6442388986592912
CIP,random,SVM,label,3,wRBF-17-0146-1_S35,1,0.8396512423593446
CIP,random,SVM,label,3,wRBG-16-026-1_S163,0,0.2526784911223404
CIP,random,SVM,label,3,wRBG-16-032-1_S142,0,0.26590311479465406
CIP,random,SVM,label,3,wRBG-17-014-1_S167,0,0.05998761228360534
CIP,random,SVM,label,3,wRBG-17-023-1_S155,0,0.032049175781636415
CIP,random,SVM,label,3,wRBG-17-028-1_S100,0,0.13478479282102082
CIP,random,SVM,label,3,wRBG-17-072-1_S129,0,0.0311685168251087
CIP,random,SVM,label,3,wRBG-17-112-1_S146,0,0.17602462345904688
CIP,random,SVM,label,3,wwRBB-16-112-1_S1,1,0.8238725074248227
CIP,random,SVM,label,3,wwRBF-16-094-1_S13,0,0.12957537701208843
CIP,random,SVM,label,3,wwRBF-17-189-1_S32,1,0.8140399808593745
CIP,random,SVM,label,3,wwRBF-17-209-1_S34,1,0.867134072017534
CIP,random,SVM,label,3,wwRBK-17-0298-1_S42,1,0.7858453720368206
CIP,random,SVM,label,3,wwRBL-16-111-1_S16,1,0.812868165507505
CIP,random,SVM,label,4,H113_S6_L001,1,0.8411033594084116
CIP,random,SVM,label,4,H130_S2_L001,0,0.251480201145046
CIP,random,SVM,label,4,H148_S4_L001,1,0.961890710775609
CIP,random,SVM,label,4,H176_S5_L001,1,0.2590823993593948
CIP,random,SVM,label,4,H28_S10_L001,0,0.07914247716573287
CIP,random,SVM,label,4,H37_S3_L001,1,0.8447056525340776
CIP,random,SVM,label,4,NNRBG-17-0191-1_S1,0,0.241117961846153
CIP,random,SVM,label,4,NNRBG-17-0193-1_S2,0,0.04575433692763834
CIP,random,SVM,label,4,NNRBG-17-0198-1_S4,0,0.8509460192962766
CIP,random,SVM,label,4,NNRBG-17-0201-1_S6,0,0.8567015195830207
CIP,random,SVM,label,4,NNRBG-17-0227-1_S8,0,0.1366828754675258
CIP,random,SVM,label,4,NNRBG-17-0234-1_S9,0,0.07981198286114619
CIP,random,SVM,label,4,NNRBG-17-0239-1_S10,0,0.1862804727343843
CIP,random,SVM,label,4,NNRBG-17-0249-1_S13,0,0.09932006585759584
CIP,random,SVM,label,4,NNRBG-17-0298-1_S19,0,0.1298516720232838
CIP,random,SVM,label,4,NNRBG-17-0382-1_S38,0,0.24076382724576598
CIP,random,SVM,label,4,NNSurvcare045_S41,1,0.9599272117818674
CIP,random,SVM,label,4,RBB-17-011-1_S40,1,0.7989021129907811
CIP,random,SVM,label,4,RBB-18-0129-1_S179,1,0.651631030115045
CIP,random,SVM,label,4,RBB-18-0668-1_S188,1,0.736206424614615
CIP,random,SVM,label,4,RBB-18-1086-1_S189_2,0,0.2543123627271472
CIP,random,SVM,label,4,RBBK18-0189-1_S24_L001,1,0.745905738253679
CIP,random,SVM,label,4,RBF-17-0178-1_S139,1,0.9176697354080856
CIP,random,SVM,label,4,RBF-17-0195-1_S141,0,0.8167558015312874
CIP,random,SVM,label,4,RBF-17-0508-1_S73,0,0.3241225416006325
CIP,random,SVM,label,4,RBF-17-0632-1_S97,0,0.08620813725501131
CIP,random,SVM,label,4,RBF-17-0647-1_S99,0,0.2802272629979211
CIP,random,SVM,label,4,RBF-17-318-1_S77,1,0.780418730293681
CIP,random,SVM,label,4,RBF-18-0013-1_S25_L001,0,0.11165850623313778
CIP,random,SVM,label,4,RBF-18-0036-1_S7,0,0.003963578087753641
CIP,random,SVM,label,4,RBF-18-0055-1_S11,0,0.5320948311963624
CIP,random,SVM,label,4,RBF-18-0085-1_S21,0,0.23233376681546644
CIP,random,SVM,label,4,RBF-18-0086-1_S22,0,0.16095562232495633
CIP,random,SVM,label,4,RBF-18-0132-1_S26,0,0.2220388737196238
CIP,random,SVM,label,4,RBF-18-0174-1_S28,1,0.5766957477445089
CIP,random,SVM,label,4,RBF-18-0184-1_S30,1,0.9333636616162176
CIP,random,SVM,label,4,RBF-18-0187-1_S31,1,0.7227109847726194
CIP,random,SVM,label,4,RBF-18-0194-1_S86,1,0.6678113479169229
CIP,random,SVM,label,4,RBF-18-0196-1_S46,1,0.7822055588548356
CIP,random,SVM,label,4,RBF-18-0253-1_S13_L001,1,0.8722725001611973
CIP,random,SVM,label,4,RBF-18-0333-1_S70,0,0.09140765889611308
CIP,random,SVM,label,4,RBF-18-0664-1_S190,0,0.22220322443829355
CIP,random,SVM,label,4,RBG-17-0269-1_S41,0,0.5102673969754328
CIP,random,SVM,label,4,RBg-17-123-2_S12,0,0.8696136835371729
CIP,random,SVM,label,4,RBG-18-0108-1_S16,0,0.07471030369361813
CIP,random,SVM,label,4,RBG-18-0113-1_S13_L001,0,0.02374175733772009
CIP,random,SVM,label,4,RBG-18-0144-1_S38,0,0.027016205503511744
CIP,random,SVM,label,4,RBG-18-0200-1_S18_L001,1,0.809322331644326
CIP,random,SVM,label,4,RBG-18-0202-1_S13_L001,0,0.3310555622343523
CIP,random,SVM,label,4,RBG-18-0211-1_S35,1,0.24290804457223522
CIP,random,SVM,label,4,RBG-18-0279-1_S36,1,0.7557030808438419
CIP,random,SVM,label,4,RBG-18-0352-1_S21_L001,0,0.30301308219379597
CIP,random,SVM,label,4,RBG-18-0367-1_S57,1,0.9104658867908396
CIP,random,SVM,label,4,RBG-18-0381-1_S49,0,0.10018913139942555
CIP,random,SVM,label,4,RBG-18-0383-1_S37,1,0.7804376632378957
CIP,random,SVM,label,4,RBG-18-0388-1_S21_L001,1,0.8851598956350408
CIP,random,SVM,label,4,RBG-18-0402-1_S50,1,0.9438166478185445
CIP,random,SVM,label,4,RBG-18-0437-1_S54,1,0.7376750617323293
CIP,random,SVM,label,4,RBK-16-073-1_S14,0,0.31626673275936396
CIP,random,SVM,label,4,RBK-16-124-1_S16,0,0.5872961738265323
CIP,random,SVM,label,4,RBK-17-049-1_S62,1,0.8791604326765472
CIP,random,SVM,label,4,RBK-17-0655-5_S182,1,0.7863848280400074
CIP,random,SVM,label,4,RBK-18-0002-1_S38,1,0.20682566256631477
CIP,random,SVM,label,4,RBK-18-0020-1_S19,0,0.22512582190615665
CIP,random,SVM,label,4,RBK-18-0250-1_S235_2,1,0.2391901242408185
CIP,random,SVM,label,4,RBL-17-0076-1_S32,1,0.8865962370889813
CIP,random,SVM,label,4,RBL-17-0116-1_S154,0,0.05395719538714472
CIP,random,SVM,label,4,RBL-17-0133-1_S159,0,0.05757210464218373
CIP,random,SVM,label,4,RBL-17-0226-1_S41,1,0.7979148471604791
CIP,random,SVM,label,4,RBL-17-0246-1_S94,0,0.451349546047372
CIP,random,SVM,label,4,RBL-17-0263-1_S102,0,0.034430862030009717
CIP,random,SVM,label,4,RBL-17-0264-1_S103,1,0.8158695972964255
CIP,random,SVM,label,4,RBL-17-0300-1_S112,0,0.05462874045135938
CIP,random,SVM,label,4,RBL-17-0305-1_S49,1,0.7484530653265012
CIP,random,SVM,label,4,RBL-17-0307-1_S51,1,0.7989021129907811
CIP,random,SVM,label,4,RBL-17-0368-1_S114,0,0.13714182709873352
CIP,random,SVM,label,4,RBL-17-0375-1_S117,1,0.8466580967632861
CIP,random,SVM,label,4,RBL-17-0392-1_S69,1,0.7484530653265012
CIP,random,SVM,label,4,RBL-17-0393-1_S123,0,0.2671860496127638
CIP,random,SVM,label,4,RBL-17-0402-1_S126,0,0.11066494860374046
CIP,random,SVM,label,4,RBL-17-0411-1_S128,0,0.037546210975757735
CIP,random,SVM,label,4,RBL-17-0428-1_S70,1,0.8135408306657476
CIP,random,SVM,label,4,RBL-17-0432-1_S132,1,0.6867551587449995
CIP,random,SVM,label,4,RBL-17-060-1_S17,1,0.9480185533117691
CIP,random,SVM,label,4,RBL-18-0016-1_S161,0,0.15824299505670844
CIP,random,SVM,label,4,RBL-18-0059-1_S171,1,0.9000452989381612
CIP,random,SVM,label,4,RBL-18-0500-1_S230_2,1,0.7906376442557073
CIP,random,SVM,label,4,RBT-17-0003-1_S16,0,0.12025396887113636
CIP,random,SVM,label,4,RBT-17-0019-1_S62,1,0.9763185109724651
CIP,random,SVM,label,4,RBT-17-0090-1_S32,0,0.14520881964695156
CIP,random,SVM,label,4,RBT-17-0100-1_S36,1,0.7712230554201006
CIP,random,SVM,label,4,RBT-17-0107-1_S39,0,0.09380434507029772
CIP,random,SVM,label,4,RBT-17-0109-1_S40,0,0.21901969448772265
CIP,random,SVM,label,4,RBT-17-0133-1_S6,1,0.9068414502683931
CIP,random,SVM,label,4,RBT-17-0149-1_S13,0,0.10344920849796396
CIP,random,SVM,label,4,RBT-17-0167-1_S27,0,0.06110680643776524
CIP,random,SVM,label,4,RBT-17-0174-1_S64,0,0.18269123705360082
CIP,random,SVM,label,4,RBT-17-0210-1_S55,0,0.1359747630053343
CIP,random,SVM,label,4,RBT-17-0219-1_S8,0,0.8909101177801029
CIP,random,SVM,label,4,RBT-17-0225-1_S9,0,0.07021910729678497
CIP,random,SVM,label,4,RBT-17-0256-1_S25,0,0.8347276777671514
CIP,random,SVM,label,4,RBT-17-0287-1_S10,0,0.02426647311293864
CIP,random,SVM,label,4,RBT-17-0295-1_S15,0,0.17033924547573107
CIP,random,SVM,label,4,RBT-18-0004-1_S51,1,0.9019313663975077
CIP,random,SVM,label,4,RBT-18-0021-1_S56,1,0.7989021129907811
CIP,random,SVM,label,4,RBT-18-0064-1_S15,0,0.645551070020465
CIP,random,SVM,label,4,RBT-18-0079-1_S16,0,0.44172744820390086
CIP,random,SVM,label,4,RBT-18-0103-1_S24,0,0.8138651114630479
CIP,random,SVM,label,4,RBT-18-0164-1_S34,1,0.7128681615444953
CIP,random,SVM,label,4,RBT-18-0184-1_S38,1,0.8077698808087713
CIP,random,SVM,label,4,RBT-18-0224-1_S43,0,0.09488017156632918
CIP,random,SVM,label,4,RBT-18-0263-1_S58,0,0.016523593262574254
CIP,random,SVM,label,4,RBT-18-0275-1_S63,0,0.30649310213167663
CIP,random,SVM,label,4,RBT-18-0293-1_S71,0,0.04723540570136082
CIP,random,SVM,label,4,RBT-18-0303-1_S20,1,0.5293350630070748
CIP,random,SVM,label,4,RBT-18-0317-1_S27,0,0.2930194294861517
CIP,random,SVM,label,4,RBT-18-0341-1_S24,1,0.5817117590190765
CIP,random,SVM,label,4,RBT-18-0360-1_S39,1,0.5369525699087775
CIP,random,SVM,label,4,RBT-18-0361-1_S38,0,0.04060869029084391
CIP,random,SVM,label,4,RBT-18-0385-1_S34,0,0.07807436407054671
CIP,random,SVM,label,4,ResetH129_S7_L001,1,0.9362981953385086
CIP,random,SVM,label,4,ResetH75_S2_L001,1,0.9375159021381595
CIP,random,SVM,label,4,ResetH92_S4_L001,1,0.9284540380872796
CIP,random,SVM,label,4,ResetV105_S1_L001,1,0.6640068672816021
CIP,random,SVM,label,4,ResetV210_S4_L001,1,0.9606204463332602
CIP,random,SVM,label,4,ResetV288_S6_L001,1,0.8697234024640818
CIP,random,SVM,label,4,ResetV76_S7_L001,0,0.4094660754243552
CIP,random,SVM,label,4,RPG-18-0435-1_S32,0,0.04731718362220122
CIP,random,SVM,label,4,Survcare129_S1,0,0.14528266914595345
CIP,random,SVM,label,4,Survcare176_S17_L001,1,0.8002727912749538
CIP,random,SVM,label,4,Survcare190_S35,0,0.2827573012232986
CIP,random,SVM,label,4,Survcare234_S3_L001,0,0.21279762638300476
CIP,random,SVM,label,4,Survcare236_S5_L001,0,0.11795653028107547
CIP,random,SVM,label,4,Survcare253_S35,1,0.9405826845390283
CIP,random,SVM,label,4,Survcare292_S39,1,0.5517580034672677
CIP,random,SVM,label,4,Survcare293_S40,1,0.7342277416448412
CIP,random,SVM,label,4,Survcare327_S1,1,0.9456859663190714
CIP,random,SVM,label,4,V111_S3_L001,0,0.35146463291589647
CIP,random,SVM,label,4,V130_S5_L001,1,0.9844327771216993
CIP,random,SVM,label,4,V163_S6_L001,0,0.6561646787038738
CIP,random,SVM,label,4,V205_S3_L001,1,0.8510876243221324
CIP,random,SVM,label,4,V271_S13_L001,1,0.981344749624567
CIP,random,SVM,label,4,V86_S1_L001,1,0.6915274342778195
CIP,random,SVM,label,4,V89_S1_L001,0,0.4988234212239303
CIP,random,SVM,label,4,w2RBG-16-037-1_S34,1,0.78681626649191
CIP,random,SVM,label,4,wdh-RBB-17-170-1_S16,1,0.8073996116361352
CIP,random,SVM,label,4,wdh-RBF-17-0572-1_S43,0,0.512024987059194
CIP,random,SVM,label,4,wdh-Survcare119_S44,0,0.36059744805296506
CIP,random,SVM,label,4,wdhRBF-18-0048-1_S12_L001,0,0.05874404880343278
CIP,random,SVM,label,4,wdhRBF-18-0080-1_S17_L001,0,0.9216732518251157
CIP,random,SVM,label,4,WDHRBG-16-049-1_S87,1,0.6174717146458029
CIP,random,SVM,label,4,WDHRBG-16-050-1_S40,1,0.8239060087949193
CIP,random,SVM,label,4,wRBG-16-034-1_S164,0,0.1688479787163235
CIP,random,SVM,label,4,wRBG-17-021-1_S166,0,0.2183454730532612
CIP,random,SVM,label,4,wRBG-17-047-1_S153,0,0.033283643228701934
CIP,random,SVM,label,4,wRBG-17-052-1_S120,1,0.5775348134467253
CIP,random,SVM,label,4,wRBG-17-057-1_S141,0,0.10477401614763075
CIP,random,SVM,label,4,wRBG-17-081-1_S117,0,0.05469061186106188
CIP,random,SVM,label,4,wwRBF-17-148-1_S27,0,0.19935287474363148
CIP,random,SVM,label,4,wwRBF-17-167-1_S31,1,0.701247568918374
CIP,random,SVM,label,4,wwRBK-17-075-1_S28,1,0.8144291297806832
CIP,random,RF,label,0,H109_S2_L001,0,0.448
CIP,random,RF,label,0,H141_S6_L001,0,0.422
CIP,random,RF,label,0,H160_S3_L001,1,1.0
CIP,random,RF,label,0,H53_S4_L001,1,1.0
CIP,random,RF,label,0,H69_S6_L001,1,0.98
CIP,random,RF,label,0,NNRBG-17-0196-1_S3,0,0.0
CIP,random,RF,label,0,NNRBG-17-0199-1_S5,1,0.0
CIP,random,RF,label,0,NNRBG-17-0205-1_S7,1,0.362
CIP,random,RF,label,0,NNRBG-17-0243-1_S12,0,0.15
CIP,random,RF,label,0,NNRBG-17-0278-1_S16,0,0.138
CIP,random,RF,label,0,NNRBG-17-0294-1_S18,0,0.314
CIP,random,RF,label,0,NNRBG-17-0308-1_S20,0,0.004
CIP,random,RF,label,0,RBB-18-0519-1_S184,1,0.812
CIP,random,RF,label,0,RBB-18-0665-1_S23_L001,1,0.946
CIP,random,RF,label,0,RBB-18-0674-1_S189,1,0.054
CIP,random,RF,label,0,RBB-18-1212-1_S67_2,1,0.998
CIP,random,RF,label,0,RBB-18-1393-1_S48,1,0.998
CIP,random,RF,label,0,RBB-18-1502-1_S47,0,0.404
CIP,random,RF,label,0,RBB-19-0014-1_S44,1,0.184
CIP,random,RF,label,0,RBF-10-0240-1_S12_L001,0,0.0
CIP,random,RF,label,0,RBF-16-060-1_S22,1,1.0
CIP,random,RF,label,0,RBF-17-0194-1_S140,0,0.0
CIP,random,RF,label,0,RBF-17-0513-1_S76,0,0.994
CIP,random,RF,label,0,RBF-17-0532-1_S80,1,0.964
CIP,random,RF,label,0,RBF-17-0572-2_S89,0,0.128
CIP,random,RF,label,0,RBF-17-0587-1_S91,0,0.0
CIP,random,RF,label,0,RBF-17-0589-1_S92,0,0.022
CIP,random,RF,label,0,RBF-17-0630-1_S59,0,0.222
CIP,random,RF,label,0,RBF-17-0645-1_S61,0,0.248
CIP,random,RF,label,0,RBF-17-0653-1_S101,0,0.018
CIP,random,RF,label,0,RBF-17-0664-1_S63,0,0.024
CIP,random,RF,label,0,RBF-17-067-1_S54,1,1.0
CIP,random,RF,label,0,RBF-17-094-1_S56,1,1.0
CIP,random,RF,label,0,RBF-17-170-1_S66,1,0.996
CIP,random,RF,label,0,RBF-18-0035-1_S6,0,0.452
CIP,random,RF,label,0,RBF-18-0068-1_S77,1,0.994
CIP,random,RF,label,0,RBF-18-0075-1_S79,1,0.998
CIP,random,RF,label,0,RBF-18-0087-1_S23,0,0.528
CIP,random,RF,label,0,RBF-18-0121-1_S28,1,0.912
CIP,random,RF,label,0,RBF-18-0126-1_S31,0,0.002
CIP,random,RF,label,0,RBF-18-0173-1_S27,0,0.004
CIP,random,RF,label,0,RBF-18-0179-1_S29,0,0.456
CIP,random,RF,label,0,RBF-18-0214-1_S51,0,0.0
CIP,random,RF,label,0,RBF-18-0227-1_S53,0,0.22
CIP,random,RF,label,0,RBF-18-0251-1_S55,0,0.006
CIP,random,RF,label,0,RBF-18-0252-1_S56,0,0.26
CIP,random,RF,label,0,RBF-18-0282-1_S63,0,0.212
CIP,random,RF,label,0,RBF-18-0294-1_S64,0,0.004
CIP,random,RF,label,0,RBF-18-0634-1_S183,1,0.784
CIP,random,RF,label,0,RBF-18-0714-2_S204_2,1,0.998
CIP,random,RF,label,0,RBG-17-013-1_S16,1,0.904
CIP,random,RF,label,0,RBG-18-0054-1_S42,0,0.064
CIP,random,RF,label,0,RBG-18-0071-1_S44,1,0.818
CIP,random,RF,label,0,RBG-18-0072-1_S8,0,0.004
CIP,random,RF,label,0,RBG-18-0099-1_S14,1,1.0
CIP,random,RF,label,0,RBG-18-0129-1_S15_L001,1,0.998
CIP,random,RF,label,0,RBG-18-0140-1_S14_L001,0,0.008
CIP,random,RF,label,0,RBG-18-0177-1_S17_L001,1,1.0
CIP,random,RF,label,0,RBG-18-0185-1_S40,0,0.0
CIP,random,RF,label,0,RBG-18-0191-1_S11_L001,0,0.0
CIP,random,RF,label,0,RBG-18-0194-1_S45,0,0.328
CIP,random,RF,label,0,RBG-18-0209-2_S46,0,0.026
CIP,random,RF,label,0,RBG-18-0221-1_S47,1,0.366
CIP,random,RF,label,0,RBG-18-0265-1_S49,0,0.01
CIP,random,RF,label,0,RBG-18-0301-1_S53,0,0.008
CIP,random,RF,label,0,RBG-18-0347-1_S22_L001,0,0.426
CIP,random,RF,label,0,RBG-18-0380-1_S48,1,1.0
CIP,random,RF,label,0,RBK-16-007-1_S13,1,0.994
CIP,random,RF,label,0,RBK-17-0457-1_S6,1,1.0
CIP,random,RF,label,0,RBK-17-0492-1_S8,1,1.0
CIP,random,RF,label,0,RBK-17-0588-1_S24,1,1.0
CIP,random,RF,label,0,RBK-18-0077-1_S212,1,1.0
CIP,random,RF,label,0,RBL-17-0095-1_S147,0,0.004
CIP,random,RF,label,0,RBL-17-0107-1_S150,0,0.152
CIP,random,RF,label,0,RBL-17-0123-1_S157,1,0.616
CIP,random,RF,label,0,RBL-17-0155-1_S165,1,0.928
CIP,random,RF,label,0,RBL-17-0197-1_S173,0,0.404
CIP,random,RF,label,0,RBL-17-0244-1_S44,1,1.0
CIP,random,RF,label,0,RBL-17-0256-1_S98,0,0.386
CIP,random,RF,label,0,RBL-17-0261-1_S100,1,0.276
CIP,random,RF,label,0,RBL-17-0274-2_S105,0,0.41
CIP,random,RF,label,0,RBL-17-0306-1_S50,1,0.976
CIP,random,RF,label,0,RBL-17-0332-1_S118,0,0.458
CIP,random,RF,label,0,RBL-17-0347-1_S104,0,0.028
CIP,random,RF,label,0,RBL-17-0349-1_S105,0,0.522
CIP,random,RF,label,0,RBL-17-0434-1_S133,0,0.262
CIP,random,RF,label,0,RBL-18-0010-1_S159,0,0.204
CIP,random,RF,label,0,RBL-18-0090-1_S48,1,0.998
CIP,random,RF,label,0,RBL-18-0343-1_S6,1,0.114
CIP,random,RF,label,0,RBT-16-0038-1_S11,1,0.942
CIP,random,RF,label,0,RBT-17-0008-1_S18,0,0.738
CIP,random,RF,label,0,RBT-17-0009-1_S21,1,0.02
CIP,random,RF,label,0,RBT-17-0011-1_S19,0,0.0
CIP,random,RF,label,0,RBT-17-0022-1_S24,0,0.01
CIP,random,RF,label,0,RBT-17-0084-1_S31,0,0.0
CIP,random,RF,label,0,RBT-17-0165-1_S60,0,0.336
CIP,random,RF,label,0,RBT-17-0251-1_S62,1,0.054
CIP,random,RF,label,0,RBT-17-0291-1_S14,1,0.736
CIP,random,RF,label,0,RBT-17-0328-1_S16,1,1.0
CIP,random,RF,label,0,RBT-18-0102-1_S23,0,0.0
CIP,random,RF,label,0,RBT-18-0110-1_S27,1,0.994
CIP,random,RF,label,0,RBT-18-0113-1_S44,0,0.0
CIP,random,RF,label,0,RBT-18-0116-1_S46,1,0.996
CIP,random,RF,label,0,RBT-18-0121-1_S28,0,0.012
CIP,random,RF,label,0,RBT-18-0133-1_S30,0,0.008
CIP,random,RF,label,0,RBT-18-0134-1_S29,0,0.0
CIP,random,RF,label,0,RBT-18-0141-1_S32,0,0.0
CIP,random,RF,label,0,RBT-18-0146-1_S55,1,0.688
CIP,random,RF,label,0,RBT-18-0232-1_S47,0,0.632
CIP,random,RF,label,0,RBT-18-0234-1_S15,1,0.992
CIP,random,RF,label,0,RBT-18-0259-1_S55,0,0.302
CIP,random,RF,label,0,RBT-18-0283-1_S65,0,0.002
CIP,random,RF,label,0,RBT-18-0284-1_S66,1,0.988
CIP,random,RF,label,0,RBT-18-0339-1_S47,0,0.044
CIP,random,RF,label,0,RBT-18-0340-1_S36,0,0.004
CIP,random,RF,label,0,RBT-18-0351-1_S48,0,0.15
CIP,random,RF,label,0,RBT-18-0364-1_S29,0,0.53
CIP,random,RF,label,0,ResetH10_S1_L001,1,0.362
CIP,random,RF,label,0,ResetH131_S7_L001,1,1.0
CIP,random,RF,label,0,ResetH134_S8_L001,0,0.302
CIP,random,RF,label,0,ResetH24a_S3_2_L001,1,0.978
CIP,random,RF,label,0,ResetH44_S3_L001,1,0.216
CIP,random,RF,label,0,ResetH45_S5_L001,0,0.024
CIP,random,RF,label,0,ResetH68_S1_L001,0,0.0
CIP,random,RF,label,0,ResetH89_S3_L001,0,0.286
CIP,random,RF,label,0,ResetH93_S5_L001,1,0.184
CIP,random,RF,label,0,ResetH99_S5_L001,0,0.458
CIP,random,RF,label,0,ResetV70_S6_L001,1,0.978
CIP,random,RF,label,0,Survcare058_S26,1,0.99
CIP,random,RF,label,0,Survcare187_S32,1,0.98
CIP,random,RF,label,0,Survcare254_S36,1,0.052
CIP,random,RF,label,0,Survcare295_S8_L001,1,0.278
CIP,random,RF,label,0,Survcare310_S21_L001,0,0.268
CIP,random,RF,label,0,Survcare337_S12,0,0.21
CIP,random,RF,label,0,V108_S2_L001,0,0.378
CIP,random,RF,label,0,V113_S3_L001,0,0.386
CIP,random,RF,label,0,V152_S3_L001,0,0.022
CIP,random,RF,label,0,V155_S5_L001,0,0.188
CIP,random,RF,label,0,V182_S6_L001,1,0.992
CIP,random,RF,label,0,V183_S7_L001,0,0.368
CIP,random,RF,label,0,V232_S3_L001,0,0.03
CIP,random,RF,label,0,V268_S12_L001,1,0.996
CIP,random,RF,label,0,V279_S8_L001,1,0.85
CIP,random,RF,label,0,V282_S4_L001,1,0.988
CIP,random,RF,label,0,V289_S5_L001,1,0.954
CIP,random,RF,label,0,V40_S2_L001,1,0.998
CIP,random,RF,label,0,V80_S7_L001,0,0.41
CIP,random,RF,label,0,V96_S2_L001,1,0.968
CIP,random,RF,label,0,V98_S3_L001,1,0.978
CIP,random,RF,label,0,wdhRBF-18-0025-1_S11_L001,0,0.088
CIP,random,RF,label,0,wdhRBF-18-0049-1_S13_L001,0,0.324
CIP,random,RF,label,0,WDHRBG-16-060-1_S27,0,0.758
CIP,random,RF,label,0,WDHRBG-16-062-1_S49,0,0.0
CIP,random,RF,label,0,WDHRBG-17-0093-1_S1,1,0.794
CIP,random,RF,label,0,WDHRBG-17-122-1_S48,1,0.566
CIP,random,RF,label,0,wNRZ-33910_S81,0,0.392
CIP,random,RF,label,0,wRBG-17-022-1_S43,1,0.982
CIP,random,RF,label,0,wRBG-17-058-1_S130,0,0.002
CIP,random,RF,label,0,wRBG-17-082-1_S106,0,0.162
CIP,random,RF,label,0,wRBG-17-106-1_S125,0,0.216
CIP,random,RF,label,0,wwRBF-16-007-1_S10,1,0.996
CIP,random,RF,label,0,wwRBL-17-004-1_S44,1,1.0
CIP,random,RF,label,1,H108_S5_L001,0,0.01
CIP,random,RF,label,1,H122_S4_L001,1,0.996
CIP,random,RF,label,1,H123_S1_L001,1,0.878
CIP,random,RF,label,1,H17_S2_L001,1,0.996
CIP,random,RF,label,1,H38_S4_L001,1,0.942
CIP,random,RF,label,1,H66_S1_L001,1,0.994
CIP,random,RF,label,1,H83_S7_L001,0,0.286
CIP,random,RF,label,1,NNRBG-17-0242-1_S11,0,0.16
CIP,random,RF,label,1,NNRBG-17-0378-1_S37,1,1.0
CIP,random,RF,label,1,NNRBG-17-0399-1_S40,0,0.0
CIP,random,RF,label,1,RBB-18-0490-1_S20_L001,1,0.97
CIP,random,RF,label,1,RBB-18-0546-1_S22_L001,1,0.962
CIP,random,RF,label,1,RBB-18-0826-1_S193,1,0.656
CIP,random,RF,label,1,RBB-18-1312-1_S43,1,0.7
CIP,random,RF,label,1,RBB-18-1460-1_S45,1,0.998
CIP,random,RF,label,1,RBF-16-0064-1_S136,0,0.0
CIP,random,RF,label,1,RBF-16-073-1_S23,1,0.696
CIP,random,RF,label,1,RBF-17-0340-1_S81,1,0.998
CIP,random,RF,label,1,RBF-17-0438-1_S9,1,1.0
CIP,random,RF,label,1,RBF-17-0450-1_S10,1,0.91
CIP,random,RF,label,1,RBF-17-0523-1_S30,0,0.01
CIP,random,RF,label,1,RBF-17-0532-2_S31,1,0.87
CIP,random,RF,label,1,RBF-17-0540-1_S83,0,0.002
CIP,random,RF,label,1,RBF-17-0616-1_S96,0,0.31
CIP,random,RF,label,1,RBF-17-0635-1_S98,1,0.314
CIP,random,RF,label,1,RBF-17-0648-1_S100,0,0.298
CIP,random,RF,label,1,RBF-17-186-1_S69,1,1.0
CIP,random,RF,label,1,RBF-18-0019-1_S2,1,1.0
CIP,random,RF,label,1,RBF-18-0069-1_S78,1,0.982
CIP,random,RF,label,1,RBF-18-0072-1_S16,0,0.018
CIP,random,RF,label,1,RBF-18-0088-1_S24,1,0.902
CIP,random,RF,label,1,RBF-18-0127-1_S32,0,0.006
CIP,random,RF,label,1,RBF-18-0139-1_S35,0,0.236
CIP,random,RF,label,1,RBF-18-0192-1_S44,0,0.142
CIP,random,RF,label,1,RBF-18-0199-1_S47,1,0.986
CIP,random,RF,label,1,RBF-18-0201-1_S49,0,0.012
CIP,random,RF,label,1,RBF-18-0208-2_S11_L001,0,0.136
CIP,random,RF,label,1,RBF-18-0217-1_S54,0,0.014
CIP,random,RF,label,1,RBF-18-0338-1_S72,0,0.022
CIP,random,RF,label,1,RBF-18-0405-1_S81_2,1,0.996
CIP,random,RF,label,1,RBG-18-0012-1_S3,1,0.404
CIP,random,RF,label,1,RBG-18-0017-1_S5,1,0.972
CIP,random,RF,label,1,RBG-18-0023-1_S2,1,0.01
CIP,random,RF,label,1,RBG-18-0025-1_S9_L001,0,0.14
CIP,random,RF,label,1,RBG-18-0029-1_S40,0,0.004
CIP,random,RF,label,1,RBG-18-0077-1_S9,1,0.848
CIP,random,RF,label,1,RBG-18-0083-1_S12,0,0.13
CIP,random,RF,label,1,RBG-18-0085-1_S11,0,0.232
CIP,random,RF,label,1,RBG-18-0153-1_S14,1,1.0
CIP,random,RF,label,1,RBG-18-0204-1_S23_L001,0,0.034
CIP,random,RF,label,1,RBG-18-0206-2_S46,1,0.01
CIP,random,RF,label,1,RBG-18-0223-1_S2,0,0.01
CIP,random,RF,label,1,RBG-18-0280-1_S51,1,0.972
CIP,random,RF,label,1,RBG-18-0300-1_S52,0,0.0
CIP,random,RF,label,1,RBG-18-0308-1_S54,1,0.902
CIP,random,RF,label,1,RBG-18-0355-1_S19_L001,0,0.01
CIP,random,RF,label,1,RBG-18-0394-1_S23_L001,0,0.036
CIP,random,RF,label,1,RBG-18-0410-1_S12,1,1.0
CIP,random,RF,label,1,RBG-18-0417-1_S52,0,0.166
CIP,random,RF,label,1,RBK-18-0022-1_S197,0,0.25
CIP,random,RF,label,1,RBK-18-0047-1_S20,0,0.006
CIP,random,RF,label,1,RBK-18-0062-2_S203,0,0.226
CIP,random,RF,label,1,RBk-18-0216-1_S231_2,0,0.044
CIP,random,RF,label,1,RBK-18-0236-2_S52_2,1,0.144
CIP,random,RF,label,1,RBK-18-0644-1_S180,0,0.108
CIP,random,RF,label,1,RBL-17-0118-1_S156,0,0.028
CIP,random,RF,label,1,RBL-17-0138-1_S162,0,0.018
CIP,random,RF,label,1,RBL-17-0205-1_S175,0,0.002
CIP,random,RF,label,1,RBL-17-0242-1_S42,1,0.998
CIP,random,RF,label,1,RBL-17-0259-1_S99,0,0.306
CIP,random,RF,label,1,RBL-17-0323-1_S115,0,0.312
CIP,random,RF,label,1,RBL-17-0324-1_S54,0,0.474
CIP,random,RF,label,1,RBL-17-0327-1_S116,0,0.016
CIP,random,RF,label,1,RBL-17-0342-1_S103,0,0.374
CIP,random,RF,label,1,RBL-17-0350-1_S106,1,0.998
CIP,random,RF,label,1,RBL-17-0359-1_S66,1,1.0
CIP,random,RF,label,1,RBL-17-0365-1_S112,0,0.032
CIP,random,RF,label,1,RBL-17-0397-1_S125,0,0.0
CIP,random,RF,label,1,RBL-17-0409-1_S127,0,0.034
CIP,random,RF,label,1,RBL-17-0429-1_S130,0,0.022
CIP,random,RF,label,1,RBL-17-0435-1_S134,0,0.0
CIP,random,RF,label,1,RBL-18-0019-1_S41,0,0.02
CIP,random,RF,label,1,RBL-18-0021-1_S42,1,0.53
CIP,random,RF,label,1,RBL-18-0032-1_S167,0,0.208
CIP,random,RF,label,1,RBL-18-0037-1_S168,0,0.21
CIP,random,RF,label,1,RBL-18-0048-1_S44,1,0.998
CIP,random,RF,label,1,RBL-18-0098-1_S178,1,0.998
CIP,random,RF,label,1,RBL-18-0131-1_S188_2,1,0.932
CIP,random,RF,label,1,RBL-18-0194-1_S195_2,1,0.998
CIP,random,RF,label,1,RBL-18-0242-1_S51,0,0.144
CIP,random,RF,label,1,RBT-16-0024-1_S10,1,1.0
CIP,random,RF,label,1,RBT-17-0024-1_S23,0,0.0
CIP,random,RF,label,1,RBT-17-0027-1_S3,0,0.008
CIP,random,RF,label,1,RBT-17-0099-1_S35,1,0.988
CIP,random,RF,label,1,RBT-17-0130-1_S27,0,0.374
CIP,random,RF,label,1,RBT-17-0138-1_S52,1,0.95
CIP,random,RF,label,1,RBT-17-0142-1_S53,0,0.048
CIP,random,RF,label,1,RBT-17-0173-1_S63,0,0.0
CIP,random,RF,label,1,RBT-17-0177-2_S7,1,0.936
CIP,random,RF,label,1,RBT-17-0238-1_S59,0,0.02
CIP,random,RF,label,1,RBT-17-0285-1_S66,1,0.972
CIP,random,RF,label,1,RBT-18-0023-1_S14,0,0.008
CIP,random,RF,label,1,RBT-18-0027-1_S68,0,0.0
CIP,random,RF,label,1,RBT-18-0046-1_S2,1,0.854
CIP,random,RF,label,1,RBT-18-0052-1_S35,0,0.0
CIP,random,RF,label,1,RBT-18-0053-1_S36,1,1.0
CIP,random,RF,label,1,RBT-18-0056-1_S37,0,0.0
CIP,random,RF,label,1,RBT-18-0071-1_S41,0,0.656
CIP,random,RF,label,1,RBT-18-0091-1_S42,0,0.062
CIP,random,RF,label,1,RBT-18-0096-1_S20,0,0.022
CIP,random,RF,label,1,RBT-18-0129-1_S52,0,0.474
CIP,random,RF,label,1,RBT-18-0173-1_S35,1,0.036
CIP,random,RF,label,1,RBT-18-0179-1_S37,0,0.126
CIP,random,RF,label,1,RBT-18-0185-1_S39,0,0.034
CIP,random,RF,label,1,RBT-18-0205-1_S6,1,0.998
CIP,random,RF,label,1,RBT-18-0231-1_S14,0,0.038
CIP,random,RF,label,1,RBT-18-0247-1_S16,1,0.99
CIP,random,RF,label,1,RBT-18-0278-1_S64,1,0.998
CIP,random,RF,label,1,RBT-18-0296-1_S72,1,0.998
CIP,random,RF,label,1,RBT-18-0308-1_S34,0,0.088
CIP,random,RF,label,1,RBT-18-0331-1_S22,0,0.0
CIP,random,RF,label,1,RBT-18-0334-1_S23,0,0.02
CIP,random,RF,label,1,RBT-18-0363-1_S72,1,0.98
CIP,random,RF,label,1,RBT-18-0372-1_S31,1,1.0
CIP,random,RF,label,1,RBT-18-0384-1_S40,0,0.01
CIP,random,RF,label,1,RBT-18-0392-1_S56,1,1.0
CIP,random,RF,label,1,ResetH127_S6_L001,1,1.0
CIP,random,RF,label,1,ResetH132_S1_L001,0,0.246
CIP,random,RF,label,1,ResetH139_S3_L001,0,0.01
CIP,random,RF,label,1,ResetH30_S4_L001,0,0.408
CIP,random,RF,label,1,ResetH98_S4_L001,0,0.11
CIP,random,RF,label,1,Survcare052_S22,1,0.956
CIP,random,RF,label,1,Survcare303_S15_L001,0,0.004
CIP,random,RF,label,1,Survcare309_S20_L001,1,0.952
CIP,random,RF,label,1,Survcare335_S11,0,0.322
CIP,random,RF,label,1,V1_S6_L001,1,0.944
CIP,random,RF,label,1,V114_S5_L001,1,0.906
CIP,random,RF,label,1,V120_S5_L001,1,0.998
CIP,random,RF,label,1,V123_S1_L001,1,0.714
CIP,random,RF,label,1,V131_S7_L001,1,0.152
CIP,random,RF,label,1,V168_S9_L001,1,0.936
CIP,random,RF,label,1,V172_S5_L001,0,0.61
CIP,random,RF,label,1,V238_S11_L001,1,0.886
CIP,random,RF,label,1,V292_S6_L001,1,0.996
CIP,random,RF,label,1,W2RBF-17-133-1_S28,0,0.422
CIP,random,RF,label,1,W2RBL-16-018-1_S15,1,0.99
CIP,random,RF,label,1,wdh-RBL-17-0361-1_S44,0,0.0
CIP,random,RF,label,1,wdhRBF-18-0057_S14_L001,0,0.296
CIP,random,RF,label,1,wdhRBF-18-0098-1_S19_L001,0,0.132
CIP,random,RF,label,1,wRBG-16-024-1_S152,1,0.798
CIP,random,RF,label,1,wRBG-16-027-1_S174,0,0.008
CIP,random,RF,label,1,wRBG-17-030-1_S165,0,0.258
CIP,random,RF,label,1,wRBG-17-031-1_S154,0,0.054
CIP,random,RF,label,1,wRBG-17-034-1_S121,0,0.06
CIP,random,RF,label,1,wRBG-17-049-1_S142,0,0.11
CIP,random,RF,label,1,wRBG-17-075-1_S96,0,0.192
CIP,random,RF,label,1,wRBG-17-110-1_S168,0,0.096
CIP,random,RF,label,1,wwRBB-17-031-1_S25,1,0.96
CIP,random,RF,label,1,wwRBK-16-023-1_S5,1,0.948
CIP,random,RF,label,1,wwRBK-17-0148-1_S37,1,1.0
CIP,random,RF,label,1,wwRBK-17-0197-1_S39,1,0.998
CIP,random,RF,label,1,wwRBK-17-0278-1_S41,0,0.296
CIP,random,RF,label,2,H105_S3_L001,1,1.0
CIP,random,RF,label,2,H116_S8_L001,1,0.992
CIP,random,RF,label,2,H136_S7_L001,1,0.936
CIP,random,RF,label,2,H153_S1_L001,1,0.996
CIP,random,RF,label,2,H3_S1_L001,1,0.972
CIP,random,RF,label,2,H50_S7_L001,0,0.074
CIP,random,RF,label,2,NNRBG-17-0287-1_S17,0,0.286
CIP,random,RF,label,2,NNRBG-17-0316-1_S23,1,0.658
CIP,random,RF,label,2,NNRBG-17-0329-1_S26,0,0.002
CIP,random,RF,label,2,NNRBG-17-0346-1_S30,1,0.98
CIP,random,RF,label,2,RBB-17-171-1_S52,1,0.966
CIP,random,RF,label,2,RBB-18-0537-1_S21_L001,1,1.0
CIP,random,RF,label,2,RBB-18-0765-1_S191,1,0.894
CIP,random,RF,label,2,RBB-18-0892-1_S80_2,1,1.0
CIP,random,RF,label,2,RBB-18-0972-1_S203_2,1,0.954
CIP,random,RF,label,2,RBB-18-1406-1_S49,1,0.97
CIP,random,RF,label,2,RBB-18-1488-1_S46,1,0.006
CIP,random,RF,label,2,RBF-17-0424-1_S15,1,0.898
CIP,random,RF,label,2,RBF-17-0489-1_S13,1,0.998
CIP,random,RF,label,2,RBF-17-0537-1_S56,1,1.0
CIP,random,RF,label,2,RBF-17-0550-1_S84,0,0.446
CIP,random,RF,label,2,RBF-17-0614-3_S95,0,0.002
CIP,random,RF,label,2,RBF-17-0651-1_S62,1,0.768
CIP,random,RF,label,2,RBF-18-0027-1_S5,1,0.934
CIP,random,RF,label,2,RBF-18-0064-2_S14,0,0.016
CIP,random,RF,label,2,RBF-18-0099-1_S26,0,0.0
CIP,random,RF,label,2,RBF-18-0123-1_S25_L001,0,0.386
CIP,random,RF,label,2,RBF-18-0160-1_S37,0,0.738
CIP,random,RF,label,2,RBF-18-0259-1_S33,0,0.0
CIP,random,RF,label,2,RBF-18-0280-1_S62,0,0.044
CIP,random,RF,label,2,RBF-18-0310-1_S36,0,0.592
CIP,random,RF,label,2,RBF-18-0321-1_S69,0,0.278
CIP,random,RF,label,2,RBF-18-0339-1_S37,0,0.184
CIP,random,RF,label,2,RBF-18-0585-1_S48,1,1.0
CIP,random,RF,label,2,RBG-17-0284-1_S59,0,0.764
CIP,random,RF,label,2,RBG-17-0351-1_S20_L001,1,0.994
CIP,random,RF,label,2,RBG-18-0041-1_S6,1,0.816
CIP,random,RF,label,2,RBG-18-0076-1_S10,1,0.984
CIP,random,RF,label,2,RBG-18-0193-1_S8,0,0.106
CIP,random,RF,label,2,RBG-18-0224-1_S24_L001,1,1.0
CIP,random,RF,label,2,RBG-18-0276-1_S50,1,0.83
CIP,random,RF,label,2,RBG-18-0289-1_S37,0,0.302
CIP,random,RF,label,2,RBG-18-0391-1_S22_L001,1,0.998
CIP,random,RF,label,2,RBG-18-0421-1_S53,1,1.0
CIP,random,RF,label,2,RBK-17-0601-1_S25,1,1.0
CIP,random,RF,label,2,RBK-17-0612-1_S27,1,1.0
CIP,random,RF,label,2,RBK-18-0038-1_S200,0,0.02
CIP,random,RF,label,2,RBK-18-0060-1_S22,0,0.138
CIP,random,RF,label,2,RBK-18-0080-1_S205,1,0.69
CIP,random,RF,label,2,RBK-18-0104-1_S206,0,0.02
CIP,random,RF,label,2,RBK-18-0414-1_S59,0,0.234
CIP,random,RF,label,2,RBL-17-0090-1_S145,0,0.026
CIP,random,RF,label,2,RBL-17-0093-1_S146,0,0.32
CIP,random,RF,label,2,RBL-17-0101-1_S148,0,0.002
CIP,random,RF,label,2,RBL-17-0108-1_S151,0,0.024
CIP,random,RF,label,2,RBL-17-0129-1_S158,0,0.0
CIP,random,RF,label,2,RBL-17-0159-1_S166,0,0.248
CIP,random,RF,label,2,RBL-17-0165-1_S167,0,0.516
CIP,random,RF,label,2,RBL-17-0189-1_S172,0,0.018
CIP,random,RF,label,2,RBL-17-0232-1_S91,0,0.38
CIP,random,RF,label,2,RBL-17-0235-1_S92,0,0.014
CIP,random,RF,label,2,RBL-17-0267-1_S104,0,0.104
CIP,random,RF,label,2,RBL-17-0328-1_S117,0,0.188
CIP,random,RF,label,2,RBL-17-0366-1_S113,1,0.978
CIP,random,RF,label,2,RBL-17-0383-1_S119,0,0.042
CIP,random,RF,label,2,RBL-17-0390-1_S121,0,0.0
CIP,random,RF,label,2,RBL-17-0391-1_S122,0,0.768
CIP,random,RF,label,2,RBL-17-0395-1_S124,0,0.0
CIP,random,RF,label,2,RBL-17-075-1_S18,1,0.992
CIP,random,RF,label,2,RBL-18-0076-1_S47,1,0.948
CIP,random,RF,label,2,RBL-18-0085-1_S176,0,0.014
CIP,random,RF,label,2,RBL-18-0093-1_S49,1,0.998
CIP,random,RF,label,2,RBL-18-0467-1_S228_2,1,0.982
CIP,random,RF,label,2,RBT-16-0045-1_S58,1,0.42
CIP,random,RF,label,2,RBT-17-0033-1_S12,1,0.976
CIP,random,RF,label,2,RBT-17-0079-1_S29,0,0.04
CIP,random,RF,label,2,RBT-17-0082-1_S30,0,0.004
CIP,random,RF,label,2,RBT-17-0097-1_S34,1,0.24
CIP,random,RF,label,2,RBT-17-0102-1_S37,1,1.0
CIP,random,RF,label,2,RBT-17-0113-1_S42,0,0.284
CIP,random,RF,label,2,RBT-17-0124-1_S46,0,0.132
CIP,random,RF,label,2,RBT-17-0161-1_S57,0,0.002
CIP,random,RF,label,2,RBT-17-0163-1_S59,0,0.0
CIP,random,RF,label,2,RBT-17-0168-1_S61,0,0.054
CIP,random,RF,label,2,RBT-17-0177-1_S65,1,0.926
CIP,random,RF,label,2,RBT-17-0178-1_S66,0,0.002
CIP,random,RF,label,2,RBT-17-0194-1_S30,0,0.51
CIP,random,RF,label,2,RBT-17-0217-1_S7,1,0.982
CIP,random,RF,label,2,RBT-17-0239-1_S60,0,0.002
CIP,random,RF,label,2,RBT-17-0249-1_S61,1,1.0
CIP,random,RF,label,2,RBT-17-0337-1_S19,0,0.002
CIP,random,RF,label,2,RBT-18-0030-1_S69,0,0.028
CIP,random,RF,label,2,RBT-18-0042-1_S60,0,0.0
CIP,random,RF,label,2,RBT-18-0050-1_S34,0,0.02
CIP,random,RF,label,2,RBT-18-0057-1_S38,0,0.264
CIP,random,RF,label,2,RBT-18-0080-1_S49,1,0.73
CIP,random,RF,label,2,RBT-18-0100-1_S21,1,0.994
CIP,random,RF,label,2,RBT-18-0120-1_S48,1,0.992
CIP,random,RF,label,2,RBT-18-0125-1_S50,0,0.034
CIP,random,RF,label,2,RBT-18-0127-1_S51,0,0.0
CIP,random,RF,label,2,RBT-18-0181-1_S61,1,0.782
CIP,random,RF,label,2,RBT-18-0227-1_S46,1,1.0
CIP,random,RF,label,2,RBT-18-0230-1_S45,0,0.006
CIP,random,RF,label,2,RBT-18-0241-1_S50,0,0.03
CIP,random,RF,label,2,RBT-18-0253-1_S54,0,0.408
CIP,random,RF,label,2,RBT-18-0265-1_S59,0,0.28
CIP,random,RF,label,2,RBT-18-0271-1_S62,0,0.002
CIP,random,RF,label,2,RBT-18-0292-1_S70,0,0.008
CIP,random,RF,label,2,RBT-18-0316-1_S43,0,0.0
CIP,random,RF,label,2,RBT-18-0325-1_S44,0,0.194
CIP,random,RF,label,2,RBT-18-0338-1_S35,0,0.002
CIP,random,RF,label,2,RBT-18-0358-1_S28,0,0.002
CIP,random,RF,label,2,RBT-18-0368-1_S32,0,0.008
CIP,random,RF,label,2,RBT-18-0370-1_S33,0,0.198
CIP,random,RF,label,2,RBT-18-0401-1_S43,1,0.92
CIP,random,RF,label,2,ResetH1_S1_L001,1,0.946
CIP,random,RF,label,2,ResetH115_S6_L001,1,0.986
CIP,random,RF,label,2,ResetV143_S2_L001,1,0.708
CIP,random,RF,label,2,ResetV74_S7_L001,1,0.956
CIP,random,RF,label,2,Survcare0111_S29,0,0.508
CIP,random,RF,label,2,Survcare133_S25,0,0.032
CIP,random,RF,label,2,Survcare134_S26,0,0.032
CIP,random,RF,label,2,Survcare140_S4_L001,0,0.038
CIP,random,RF,label,2,Survcare221_S7_L001,0,0.0
CIP,random,RF,label,2,Survcare230_S17_L001,1,0.858
CIP,random,RF,label,2,Survcare278_S62,1,0.852
CIP,random,RF,label,2,Survcare289_S36,1,0.98
CIP,random,RF,label,2,Survcare291_S38,0,0.044
CIP,random,RF,label,2,Survcare313_S24_L001,0,0.708
CIP,random,RF,label,2,Survcare317_S5_L001,1,0.776
CIP,random,RF,label,2,Survcare318_S20_L001,0,0.178
CIP,random,RF,label,2,Survcare329_S3,1,0.448
CIP,random,RF,label,2,Survcare334_S10,0,0.104
CIP,random,RF,label,2,Survcare360_S84,1,0.708
CIP,random,RF,label,2,V116_S6_L001,1,0.822
CIP,random,RF,label,2,V153_S4_L001,0,0.156
CIP,random,RF,label,2,V158_S4_L001,0,0.478
CIP,random,RF,label,2,V177_S6_L001,1,0.644
CIP,random,RF,label,2,V228_S8_L001,0,0.81
CIP,random,RF,label,2,V229_S10_L001,0,0.81
CIP,random,RF,label,2,V283_S5_L001,1,0.79
CIP,random,RF,label,2,V295_S7_L001,1,1.0
CIP,random,RF,label,2,V41_S2_L001,1,0.97
CIP,random,RF,label,2,V64_S3_L001,1,0.958
CIP,random,RF,label,2,V71_S4_L001,1,0.96
CIP,random,RF,label,2,V73_S5_L001,1,0.976
CIP,random,RF,label,2,wdh-RBB-16-025-1_S20,1,0.874
CIP,random,RF,label,2,wdhRBF-10-0002-1_S10_L001,1,0.97
CIP,random,RF,label,2,wdhRBF-17-0567-1_S122,0,0.062
CIP,random,RF,label,2,wdhRBF-18-0059-1_S15_L001,0,0.084
CIP,random,RF,label,2,wdhRBF-18-0081-1_S18_L001,0,0.226
CIP,random,RF,label,2,WDHRBG-17-008-1_S83,0,0.54
CIP,random,RF,label,2,WDHRBG-17-121-1_S46,0,0.07
CIP,random,RF,label,2,wRBG-16-033-1_S153,0,0.484
CIP,random,RF,label,2,wRBG-17-025-1_S133,0,0.04
CIP,random,RF,label,2,wRBG-17-055-1_S163,1,0.998
CIP,random,RF,label,2,wRBG-17-073-1_S118,0,0.0
CIP,random,RF,label,2,wRBG-17-100-1_S104,1,0.952
CIP,random,RF,label,2,wRBG-17-102-1_S169,0,0.412
CIP,random,RF,label,2,wwRBF-17-251-1_S33,1,0.998
CIP,random,RF,label,2,wwRBK-17-0148-2_S38,1,1.0
CIP,random,RF,label,2,WWSurvcare043_S43,1,0.948
CIP,random,RF,label,3,H100_S2_L001,0,0.008
CIP,random,RF,label,3,H119_S7_L001,1,0.954
CIP,random,RF,label,3,H154_S2_L001,1,0.99
CIP,random,RF,label,3,H157_S3_L001,0,0.902
CIP,random,RF,label,3,H162_S4_L001,1,0.978
CIP,random,RF,label,3,H164_S3_L001,1,0.988
CIP,random,RF,label,3,H51_S5_L001,1,1.0
CIP,random,RF,label,3,H71_S1_L001,1,0.98
CIP,random,RF,label,3,H86_S1_L001,1,0.01
CIP,random,RF,label,3,NNRBG-17-0255-1_S14,1,0.134
CIP,random,RF,label,3,NNRBG-17-0319-1_S24,0,0.0
CIP,random,RF,label,3,NNRBG-17-0328-1_S25,0,0.0
CIP,random,RF,label,3,RBB-18-0772-1_S192,1,0.626
CIP,random,RF,label,3,RBB-18-1309-1_S42,1,0.996
CIP,random,RF,label,3,RBF-16-004-1_S18,1,1.0
CIP,random,RF,label,3,RBF-17-0164-1_S137,0,0.022
CIP,random,RF,label,3,RBF-17-0173-1_S138,0,0.034
CIP,random,RF,label,3,RBF-17-0467-1_S12,1,1.0
CIP,random,RF,label,3,RBF-17-0509-1_S74,0,0.184
CIP,random,RF,label,3,RBF-17-0520-2_S55,1,0.846
CIP,random,RF,label,3,RBF-17-0521-1_S78,1,1.0
CIP,random,RF,label,3,RBF-17-0538-1_S82,0,0.15
CIP,random,RF,label,3,RBF-17-0553-1_S85,1,0.992
CIP,random,RF,label,3,RBF-17-0602-1_S93,0,0.006
CIP,random,RF,label,3,RBF-17-0605-1_S94,0,0.01
CIP,random,RF,label,3,RBF-17-266-1_S70,0,0.268
CIP,random,RF,label,3,RBF-17-277-1_S73,1,0.936
CIP,random,RF,label,3,RBF-18-0066-1_S15,0,0.378
CIP,random,RF,label,3,RBF-18-0093-1_S80,1,0.994
CIP,random,RF,label,3,RBF-18-0125-1_S30,0,0.282
CIP,random,RF,label,3,RBF-18-0135-1_S34,1,0.97
CIP,random,RF,label,3,RBF-18-0147-1_S36,0,0.372
CIP,random,RF,label,3,RBF-18-0151-1_S83,1,0.584
CIP,random,RF,label,3,RBF-18-0163-2_S39,0,0.3
CIP,random,RF,label,3,RBF-18-0172-1_S40,1,0.938
CIP,random,RF,label,3,RBF-18-0200-1_S48,0,0.01
CIP,random,RF,label,3,RBF-18-0277-1_S61,1,1.0
CIP,random,RF,label,3,RBF-18-0296-1_S17,0,0.608
CIP,random,RF,label,3,RBG-17-0383-1_S44,1,0.18
CIP,random,RF,label,3,RBG-18-0004-1_S1,1,1.0
CIP,random,RF,label,3,RBG-18-0055-1_S43,1,0.932
CIP,random,RF,label,3,RBG-18-0166-1_S10_L001,0,0.0
CIP,random,RF,label,3,RBG-18-0170-1_S41,0,0.0
CIP,random,RF,label,3,RBG-18-0239-1_S4,0,0.014
CIP,random,RF,label,3,RBG-18-0256-1_S8_L001,0,0.006
CIP,random,RF,label,3,RBG-18-0312-1_S55,1,0.988
CIP,random,RF,label,3,RBG-18-0358-1_S39,0,0.124
CIP,random,RF,label,3,RBK-16-079-1_S15,0,0.004
CIP,random,RF,label,3,RBK-17-0595-1_S187,0,0.212
CIP,random,RF,label,3,RBK-18-0005-1_S18,0,0.058
CIP,random,RF,label,3,RBK-18-0019-1_S195,0,0.0
CIP,random,RF,label,3,RBK-18-0037-1_S199,0,0.588
CIP,random,RF,label,3,RBKk-18-0108-1_S201,1,1.0
CIP,random,RF,label,3,RBL-17-0104-1_S149,0,0.38
CIP,random,RF,label,3,RBL-17-0113-1_S153,1,1.0
CIP,random,RF,label,3,RBL-17-0117-1_S155,0,0.248
CIP,random,RF,label,3,RBL-17-0135-1_S160,0,0.0
CIP,random,RF,label,3,RBL-17-0136-1_S161,0,0.038
CIP,random,RF,label,3,RBL-17-0144-1_S163,1,0.24
CIP,random,RF,label,3,RBL-17-0172-1_S170,0,0.0
CIP,random,RF,label,3,RBL-17-0199-1_S174,1,1.0
CIP,random,RF,label,3,RBL-17-0217-1_S176,0,0.244
CIP,random,RF,label,3,RBL-17-0283-1_S27,0,0.002
CIP,random,RF,label,3,RBL-17-0320-1_S114,1,0.996
CIP,random,RF,label,3,RBL-17-0340-1_S102,0,0.044
CIP,random,RF,label,3,RBL-17-0360-1_S108,0,0.266
CIP,random,RF,label,3,RBL-17-0374-1_S116,0,0.004
CIP,random,RF,label,3,RBL-18-0002-1_S158,0,0.04
CIP,random,RF,label,3,RBL-18-0022-1_S43,0,0.008
CIP,random,RF,label,3,RBL-18-0055-1_S170,0,0.104
CIP,random,RF,label,3,RBL-18-0066-1_S173,0,0.328
CIP,random,RF,label,3,RBT-17-0023-1_S25,1,0.952
CIP,random,RF,label,3,RBT-17-0039-1_S28,0,0.028
CIP,random,RF,label,3,RBT-17-0112-1_S41,0,0.04
CIP,random,RF,label,3,RBT-17-0118-1_S45,0,0.372
CIP,random,RF,label,3,RBT-17-0150-1_S54,0,0.0
CIP,random,RF,label,3,RBT-17-0156-1_S56,1,0.956
CIP,random,RF,label,3,RBT-17-0183-1_S67,0,0.242
CIP,random,RF,label,3,RBT-17-0188-1_S68,0,0.29
CIP,random,RF,label,3,RBT-17-0228-1_S10,0,0.356
CIP,random,RF,label,3,RBT-17-0232-1_S58,1,0.64
CIP,random,RF,label,3,RBT-17-0243-1_S11,0,0.0
CIP,random,RF,label,3,RBT-17-0270-1_S65,1,0.992
CIP,random,RF,label,3,RBT-17-0279-1_S12,0,0.124
CIP,random,RF,label,3,RBT-17-0339-1_S20,1,1.0
CIP,random,RF,label,3,RBT-18-0017-1_S67,0,0.0
CIP,random,RF,label,3,RBT-18-0045-1_S70,1,0.278
CIP,random,RF,label,3,RBT-18-0066-1_S40,0,0.0
CIP,random,RF,label,3,RBT-18-0095-1_S19,0,0.0
CIP,random,RF,label,3,RBT-18-0101-1_S22,0,0.442
CIP,random,RF,label,3,RBT-18-0115-1_S45,0,0.026
CIP,random,RF,label,3,RBT-18-0122-1_S63,1,0.584
CIP,random,RF,label,3,RBT-18-0197-1_S40,0,0.002
CIP,random,RF,label,3,RBT-18-0236-1_S48,1,0.994
CIP,random,RF,label,3,RBT-18-0246-1_S52,0,0.064
CIP,random,RF,label,3,RBT-18-0251-1_S7,0,0.218
CIP,random,RF,label,3,RBT-18-0252-1_S53,1,0.796
CIP,random,RF,label,3,RBT-18-0269-1_S61,0,0.008
CIP,random,RF,label,3,RBT-18-0288-1_S68,1,0.998
CIP,random,RF,label,3,RBT-18-0324-1_S57,1,1.0
CIP,random,RF,label,3,RBT-18-0335-1_S41,1,1.0
CIP,random,RF,label,3,RBT-18-0337-1_S46,0,1.0
CIP,random,RF,label,3,RBT-18-0357-1_S27,0,0.0
CIP,random,RF,label,3,RBT-18-0365-1_S30,0,0.142
CIP,random,RF,label,3,RBT-18-0377-1_S1,0,0.716
CIP,random,RF,label,3,RBT-18-0391-1_S35,1,1.0
CIP,random,RF,label,3,ResetH152_S4_L001,1,0.988
CIP,random,RF,label,3,ResetH16_S2_L001,1,0.824
CIP,random,RF,label,3,ResetH49b_S6_L001,0,0.026
CIP,random,RF,label,3,ResetH63_S7_L001,1,1.0
CIP,random,RF,label,3,ResetH8_S2_L001,0,0.398
CIP,random,RF,label,3,ResetV161_S3_L001,1,0.574
CIP,random,RF,label,3,ResetV260_S5_L001,1,1.0
CIP,random,RF,label,3,ResetV63_S5_L001,1,0.934
CIP,random,RF,label,3,Survcare0114_S37,1,0.99
CIP,random,RF,label,3,Survcare104_S16_L001,1,0.4
CIP,random,RF,label,3,Survcare125_S25,0,0.102
CIP,random,RF,label,3,Survcare130_S2,0,0.004
CIP,random,RF,label,3,Survcare184_S19,0,0.078
CIP,random,RF,label,3,Survcare244_S9_L001,0,0.386
CIP,random,RF,label,3,Survcare262_S23_L001,1,0.358
CIP,random,RF,label,3,Survcare265_S20,0,0.036
CIP,random,RF,label,3,Survcare275_S38,0,0.066
CIP,random,RF,label,3,Survcare319_S16,0,0.312
CIP,random,RF,label,3,Survcare321_S18,1,0.992
CIP,random,RF,label,3,Survcare341_S25,1,1.0
CIP,random,RF,label,3,Survcare350_S44,1,0.314
CIP,random,RF,label,3,V139_S7_L001,1,0.998
CIP,random,RF,label,3,V173_S6_L001,0,0.516
CIP,random,RF,label,3,V195_S1_L001,1,0.286
CIP,random,RF,label,3,V201_S4_L001,1,0.9
CIP,random,RF,label,3,V215_S2_L001,0,0.272
CIP,random,RF,label,3,V291_S5_L001,1,1.0
CIP,random,RF,label,3,V79_S6_L001,1,0.584
CIP,random,RF,label,3,V8_S7_L001,0,0.4
CIP,random,RF,label,3,V9_S1_L001,1,0.992
CIP,random,RF,label,3,W2RBF-17-090-1_S26,0,0.44
CIP,random,RF,label,3,W2RBK-17-168-1_S33,1,1.0
CIP,random,RF,label,3,W2RBK-17-169-1_S34,0,0.988
CIP,random,RF,label,3,wdh-RBL-17-0431-1_S46,0,0.168
CIP,random,RF,label,3,wdh2NRZ-29911a_S31,1,0.278
CIP,random,RF,label,3,wdhRBF-17-0558-1_S121,0,0.702
CIP,random,RF,label,3,wdhRBF-17-0564-1_S230,1,0.992
CIP,random,RF,label,3,WDHRBG-17-001-1_S82,1,0.994
CIP,random,RF,label,3,WDHRBG-17-005-2_S61,0,0.0
CIP,random,RF,label,3,WDHRBG-17-0256-1_S17,1,0.83
CIP,random,RF,label,3,wdhRBL-17-0370-1_S232,1,0.99
CIP,random,RF,label,3,wNRZ-32446_S79,1,0.632
CIP,random,RF,label,3,wRBF-17-0146-1_S35,1,1.0
CIP,random,RF,label,3,wRBG-16-026-1_S163,0,0.014
CIP,random,RF,label,3,wRBG-16-032-1_S142,0,0.0
CIP,random,RF,label,3,wRBG-17-014-1_S167,0,0.112
CIP,random,RF,label,3,wRBG-17-023-1_S155,0,0.046
CIP,random,RF,label,3,wRBG-17-028-1_S100,0,0.02
CIP,random,RF,label,3,wRBG-17-072-1_S129,0,0.004
CIP,random,RF,label,3,wRBG-17-112-1_S146,0,0.042
CIP,random,RF,label,3,wwRBB-16-112-1_S1,1,0.996
CIP,random,RF,label,3,wwRBF-16-094-1_S13,0,0.006
CIP,random,RF,label,3,wwRBF-17-189-1_S32,1,0.972
CIP,random,RF,label,3,wwRBF-17-209-1_S34,1,0.998
CIP,random,RF,label,3,wwRBK-17-0298-1_S42,1,0.99
CIP,random,RF,label,3,wwRBL-16-111-1_S16,1,0.864
CIP,random,RF,label,4,H113_S6_L001,1,0.7
CIP,random,RF,label,4,H130_S2_L001,0,0.006
CIP,random,RF,label,4,H148_S4_L001,1,0.968
CIP,random,RF,label,4,H176_S5_L001,1,0.266
CIP,random,RF,label,4,H28_S10_L001,0,0.26
CIP,random,RF,label,4,H37_S3_L001,1,1.0
CIP,random,RF,label,4,NNRBG-17-0191-1_S1,0,0.142
CIP,random,RF,label,4,NNRBG-17-0193-1_S2,0,0.002
CIP,random,RF,label,4,NNRBG-17-0198-1_S4,0,0.948
CIP,random,RF,label,4,NNRBG-17-0201-1_S6,0,0.542
CIP,random,RF,label,4,NNRBG-17-0227-1_S8,0,0.0
CIP,random,RF,label,4,NNRBG-17-0234-1_S9,0,0.056
CIP,random,RF,label,4,NNRBG-17-0239-1_S10,0,0.0
CIP,random,RF,label,4,NNRBG-17-0249-1_S13,0,0.04
CIP,random,RF,label,4,NNRBG-17-0298-1_S19,0,0.006
CIP,random,RF,label,4,NNRBG-17-0382-1_S38,0,0.482
CIP,random,RF,label,4,NNSurvcare045_S41,1,0.962
CIP,random,RF,label,4,RBB-17-011-1_S40,1,1.0
CIP,random,RF,label,4,RBB-18-0129-1_S179,1,0.946
CIP,random,RF,label,4,RBB-18-0668-1_S188,1,1.0
CIP,random,RF,label,4,RBB-18-1086-1_S189_2,0,0.384
CIP,random,RF,label,4,RBBK18-0189-1_S24_L001,1,0.994
CIP,random,RF,label,4,RBF-17-0178-1_S139,1,1.0
CIP,random,RF,label,4,RBF-17-0195-1_S141,0,0.594
CIP,random,RF,label,4,RBF-17-0508-1_S73,0,0.004
CIP,random,RF,label,4,RBF-17-0632-1_S97,0,0.0
CIP,random,RF,label,4,RBF-17-0647-1_S99,0,0.086
CIP,random,RF,label,4,RBF-17-318-1_S77,1,0.952
CIP,random,RF,label,4,RBF-18-0013-1_S25_L001,0,0.0
CIP,random,RF,label,4,RBF-18-0036-1_S7,0,0.038
CIP,random,RF,label,4,RBF-18-0055-1_S11,0,0.304
CIP,random,RF,label,4,RBF-18-0085-1_S21,0,0.018
CIP,random,RF,label,4,RBF-18-0086-1_S22,0,0.076
CIP,random,RF,label,4,RBF-18-0132-1_S26,0,0.144
CIP,random,RF,label,4,RBF-18-0174-1_S28,1,0.992
CIP,random,RF,label,4,RBF-18-0184-1_S30,1,0.938
CIP,random,RF,label,4,RBF-18-0187-1_S31,1,0.996
CIP,random,RF,label,4,RBF-18-0194-1_S86,1,0.978
CIP,random,RF,label,4,RBF-18-0196-1_S46,1,1.0
CIP,random,RF,label,4,RBF-18-0253-1_S13_L001,1,0.568
CIP,random,RF,label,4,RBF-18-0333-1_S70,0,0.124
CIP,random,RF,label,4,RBF-18-0664-1_S190,0,0.056
CIP,random,RF,label,4,RBG-17-0269-1_S41,0,0.284
CIP,random,RF,label,4,RBg-17-123-2_S12,0,0.474
CIP,random,RF,label,4,RBG-18-0108-1_S16,0,0.004
CIP,random,RF,label,4,RBG-18-0113-1_S13_L001,0,0.01
CIP,random,RF,label,4,RBG-18-0144-1_S38,0,0.018
CIP,random,RF,label,4,RBG-18-0200-1_S18_L001,1,1.0
CIP,random,RF,label,4,RBG-18-0202-1_S13_L001,0,0.364
CIP,random,RF,label,4,RBG-18-0211-1_S35,1,0.436
CIP,random,RF,label,4,RBG-18-0279-1_S36,1,1.0
CIP,random,RF,label,4,RBG-18-0352-1_S21_L001,0,0.112
CIP,random,RF,label,4,RBG-18-0367-1_S57,1,0.658
CIP,random,RF,label,4,RBG-18-0381-1_S49,0,0.0
CIP,random,RF,label,4,RBG-18-0383-1_S37,1,0.988
CIP,random,RF,label,4,RBG-18-0388-1_S21_L001,1,1.0
CIP,random,RF,label,4,RBG-18-0402-1_S50,1,0.776
CIP,random,RF,label,4,RBG-18-0437-1_S54,1,0.966
CIP,random,RF,label,4,RBK-16-073-1_S14,0,0.064
CIP,random,RF,label,4,RBK-16-124-1_S16,0,0.568
CIP,random,RF,label,4,RBK-17-049-1_S62,1,0.996
CIP,random,RF,label,4,RBK-17-0655-5_S182,1,0.998
CIP,random,RF,label,4,RBK-18-0002-1_S38,1,0.0
CIP,random,RF,label,4,RBK-18-0020-1_S19,0,0.102
CIP,random,RF,label,4,RBK-18-0250-1_S235_2,1,0.866
CIP,random,RF,label,4,RBL-17-0076-1_S32,1,0.692
CIP,random,RF,label,4,RBL-17-0116-1_S154,0,0.0
CIP,random,RF,label,4,RBL-17-0133-1_S159,0,0.0
CIP,random,RF,label,4,RBL-17-0226-1_S41,1,1.0
CIP,random,RF,label,4,RBL-17-0246-1_S94,0,0.598
CIP,random,RF,label,4,RBL-17-0263-1_S102,0,0.006
CIP,random,RF,label,4,RBL-17-0264-1_S103,1,0.99
CIP,random,RF,label,4,RBL-17-0300-1_S112,0,0.02
CIP,random,RF,label,4,RBL-17-0305-1_S49,1,0.95
CIP,random,RF,label,4,RBL-17-0307-1_S51,1,1.0
CIP,random,RF,label,4,RBL-17-0368-1_S114,0,0.0
CIP,random,RF,label,4,RBL-17-0375-1_S117,1,0.35
CIP,random,RF,label,4,RBL-17-0392-1_S69,1,0.95
CIP,random,RF,label,4,RBL-17-0393-1_S123,0,0.0
CIP,random,RF,label,4,RBL-17-0402-1_S126,0,0.0
CIP,random,RF,label,4,RBL-17-0411-1_S128,0,0.054
CIP,random,RF,label,4,RBL-17-0428-1_S70,1,0.994
CIP,random,RF,label,4,RBL-17-0432-1_S132,1,1.0
CIP,random,RF,label,4,RBL-17-060-1_S17,1,1.0
CIP,random,RF,label,4,RBL-18-0016-1_S161,0,0.0
CIP,random,RF,label,4,RBL-18-0059-1_S171,1,0.916
CIP,random,RF,label,4,RBL-18-0500-1_S230_2,1,0.952
CIP,random,RF,label,4,RBT-17-0003-1_S16,0,0.022
CIP,random,RF,label,4,RBT-17-0019-1_S62,1,0.986
CIP,random,RF,label,4,RBT-17-0090-1_S32,0,0.052
CIP,random,RF,label,4,RBT-17-0100-1_S36,1,0.988
CIP,random,RF,label,4,RBT-17-0107-1_S39,0,0.038
CIP,random,RF,label,4,RBT-17-0109-1_S40,0,0.004
CIP,random,RF,label,4,RBT-17-0133-1_S6,1,1.0
CIP,random,RF,label,4,RBT-17-0149-1_S13,0,0.068
CIP,random,RF,label,4,RBT-17-0167-1_S27,0,0.002
CIP,random,RF,label,4,RBT-17-0174-1_S64,0,0.008
CIP,random,RF,label,4,RBT-17-0210-1_S55,0,0.002
CIP,random,RF,label,4,RBT-17-0219-1_S8,0,0.388
CIP,random,RF,label,4,RBT-17-0225-1_S9,0,0.0
CIP,random,RF,label,4,RBT-17-0256-1_S25,0,0.602
CIP,random,RF,label,4,RBT-17-0287-1_S10,0,0.206
CIP,random,RF,label,4,RBT-17-0295-1_S15,0,0.0
CIP,random,RF,label,4,RBT-18-0004-1_S51,1,1.0
CIP,random,RF,label,4,RBT-18-0021-1_S56,1,1.0
CIP,random,RF,label,4,RBT-18-0064-1_S15,0,0.706
CIP,random,RF,label,4,RBT-18-0079-1_S16,0,0.062
CIP,random,RF,label,4,RBT-18-0103-1_S24,0,0.37
CIP,random,RF,label,4,RBT-18-0164-1_S34,1,0.986
CIP,random,RF,label,4,RBT-18-0184-1_S38,1,0.99
CIP,random,RF,label,4,RBT-18-0224-1_S43,0,0.0
CIP,random,RF,label,4,RBT-18-0263-1_S58,0,0.122
CIP,random,RF,label,4,RBT-18-0275-1_S63,0,0.004
CIP,random,RF,label,4,RBT-18-0293-1_S71,0,0.0
CIP,random,RF,label,4,RBT-18-0303-1_S20,1,0.876
CIP,random,RF,label,4,RBT-18-0317-1_S27,0,0.0
CIP,random,RF,label,4,RBT-18-0341-1_S24,1,0.85
CIP,random,RF,label,4,RBT-18-0360-1_S39,1,0.872
CIP,random,RF,label,4,RBT-18-0361-1_S38,0,0.014
CIP,random,RF,label,4,RBT-18-0385-1_S34,0,0.0
CIP,random,RF,label,4,ResetH129_S7_L001,1,0.996
CIP,random,RF,label,4,ResetH75_S2_L001,1,1.0
CIP,random,RF,label,4,ResetH92_S4_L001,1,1.0
CIP,random,RF,label,4,ResetV105_S1_L001,1,0.51
CIP,random,RF,label,4,ResetV210_S4_L001,1,0.98
CIP,random,RF,label,4,ResetV288_S6_L001,1,0.976
CIP,random,RF,label,4,ResetV76_S7_L001,0,0.204
CIP,random,RF,label,4,RPG-18-0435-1_S32,0,0.0
CIP,random,RF,label,4,Survcare129_S1,0,0.024
CIP,random,RF,label,4,Survcare176_S17_L001,1,0.728
CIP,random,RF,label,4,Survcare190_S35,0,0.1
CIP,random,RF,label,4,Survcare234_S3_L001,0,0.036
CIP,random,RF,label,4,Survcare236_S5_L001,0,0.07
CIP,random,RF,label,4,Survcare253_S35,1,0.736
CIP,random,RF,label,4,Survcare292_S39,1,0.712
CIP,random,RF,label,4,Survcare293_S40,1,0.974
CIP,random,RF,label,4,Survcare327_S1,1,1.0
CIP,random,RF,label,4,V111_S3_L001,0,0.472
CIP,random,RF,label,4,V130_S5_L001,1,0.986
CIP,random,RF,label,4,V163_S6_L001,0,0.67
CIP,random,RF,label,4,V205_S3_L001,1,0.998
CIP,random,RF,label,4,V271_S13_L001,1,0.988
CIP,random,RF,label,4,V86_S1_L001,1,0.982
CIP,random,RF,label,4,V89_S1_L001,0,0.544
CIP,random,RF,label,4,w2RBG-16-037-1_S34,1,0.972
CIP,random,RF,label,4,wdh-RBB-17-170-1_S16,1,1.0
CIP,random,RF,label,4,wdh-RBF-17-0572-1_S43,0,0.21
CIP,random,RF,label,4,wdh-Survcare119_S44,0,0.124
CIP,random,RF,label,4,wdhRBF-18-0048-1_S12_L001,0,0.414
CIP,random,RF,label,4,wdhRBF-18-0080-1_S17_L001,0,0.99
CIP,random,RF,label,4,WDHRBG-16-049-1_S87,1,0.878
CIP,random,RF,label,4,WDHRBG-16-050-1_S40,1,0.674
CIP,random,RF,label,4,wRBG-16-034-1_S164,0,0.106
CIP,random,RF,label,4,wRBG-17-021-1_S166,0,0.004
CIP,random,RF,label,4,wRBG-17-047-1_S153,0,0.008
CIP,random,RF,label,4,wRBG-17-052-1_S120,1,0.658
CIP,random,RF,label,4,wRBG-17-057-1_S141,0,0.114
CIP,random,RF,label,4,wRBG-17-081-1_S117,0,0.192
CIP,random,RF,label,4,wwRBF-17-148-1_S27,0,0.0
CIP,random,RF,label,4,wwRBF-17-167-1_S31,1,0.992
CIP,random,RF,label,4,wwRBK-17-075-1_S28,1,1.0
CIP,random,LR,onehot,0,H109_S2_L001,0,0.8990353941917419
CIP,random,LR,onehot,0,H141_S6_L001,0,0.03283587470650673
CIP,random,LR,onehot,0,H160_S3_L001,1,0.9994298815727234
CIP,random,LR,onehot,0,H53_S4_L001,1,0.9971810579299927
CIP,random,LR,onehot,0,H69_S6_L001,1,0.9966667294502258
CIP,random,LR,onehot,0,NNRBG-17-0196-1_S3,0,0.0001770685048541054
CIP,random,LR,onehot,0,NNRBG-17-0199-1_S5,1,0.00029231718508526683
CIP,random,LR,onehot,0,NNRBG-17-0205-1_S7,1,0.0003151213168166578
CIP,random,LR,onehot,0,NNRBG-17-0243-1_S12,0,0.06612773984670639
CIP,random,LR,onehot,0,NNRBG-17-0278-1_S16,0,0.0016786475898697972
CIP,random,LR,onehot,0,NNRBG-17-0294-1_S18,0,0.008919140323996544
CIP,random,LR,onehot,0,NNRBG-17-0308-1_S20,0,0.000811659439932555
CIP,random,LR,onehot,0,RBB-18-0519-1_S184,1,0.9963338375091553
CIP,random,LR,onehot,0,RBB-18-0665-1_S23_L001,1,0.9981048107147217
CIP,random,LR,onehot,0,RBB-18-0674-1_S189,1,3.2817968076415127e-06
CIP,random,LR,onehot,0,RBB-18-1212-1_S67_2,1,0.9994584918022156
CIP,random,LR,onehot,0,RBB-18-1393-1_S48,1,0.9996199607849121
CIP,random,LR,onehot,0,RBB-18-1502-1_S47,0,0.0019052104325965047
CIP,random,LR,onehot,0,RBB-19-0014-1_S44,1,6.581102206837386e-05
CIP,random,LR,onehot,0,RBF-10-0240-1_S12_L001,0,0.00029651998193003237
CIP,random,LR,onehot,0,RBF-16-060-1_S22,1,0.9974954128265381
CIP,random,LR,onehot,0,RBF-17-0194-1_S140,0,0.0001338659058092162
CIP,random,LR,onehot,0,RBF-17-0513-1_S76,0,1.0
CIP,random,LR,onehot,0,RBF-17-0532-1_S80,1,0.9953805208206177
CIP,random,LR,onehot,0,RBF-17-0572-2_S89,0,0.0026883918326348066
CIP,random,LR,onehot,0,RBF-17-0587-1_S91,0,0.0006311213364824653
CIP,random,LR,onehot,0,RBF-17-0589-1_S92,0,0.0029893391765654087
CIP,random,LR,onehot,0,RBF-17-0630-1_S59,0,0.00014711383846588433
CIP,random,LR,onehot,0,RBF-17-0645-1_S61,0,0.006104588508605957
CIP,random,LR,onehot,0,RBF-17-0653-1_S101,0,2.7716623662854545e-06
CIP,random,LR,onehot,0,RBF-17-0664-1_S63,0,0.0013873190619051456
CIP,random,LR,onehot,0,RBF-17-067-1_S54,1,0.9991992115974426
CIP,random,LR,onehot,0,RBF-17-094-1_S56,1,0.9972066283226013
CIP,random,LR,onehot,0,RBF-17-170-1_S66,1,0.9984778761863708
CIP,random,LR,onehot,0,RBF-18-0035-1_S6,0,0.004013084340840578
CIP,random,LR,onehot,0,RBF-18-0068-1_S77,1,0.9869349002838135
CIP,random,LR,onehot,0,RBF-18-0075-1_S79,1,0.9987437129020691
CIP,random,LR,onehot,0,RBF-18-0087-1_S23,0,0.30960613489151
CIP,random,LR,onehot,0,RBF-18-0121-1_S28,1,0.9997217059135437
CIP,random,LR,onehot,0,RBF-18-0126-1_S31,0,3.5929933801526204e-05
CIP,random,LR,onehot,0,RBF-18-0173-1_S27,0,0.0025996468029916286
CIP,random,LR,onehot,0,RBF-18-0179-1_S29,0,0.506248414516449
CIP,random,LR,onehot,0,RBF-18-0214-1_S51,0,0.0001851267006713897
CIP,random,LR,onehot,0,RBF-18-0227-1_S53,0,0.10346772521734238
CIP,random,LR,onehot,0,RBF-18-0251-1_S55,0,0.0014673034893348813
CIP,random,LR,onehot,0,RBF-18-0252-1_S56,0,0.025558633729815483
CIP,random,LR,onehot,0,RBF-18-0282-1_S63,0,0.0005350594292394817
CIP,random,LR,onehot,0,RBF-18-0294-1_S64,0,0.0001308505015913397
CIP,random,LR,onehot,0,RBF-18-0634-1_S183,1,0.999785840511322
CIP,random,LR,onehot,0,RBF-18-0714-2_S204_2,1,0.9977012276649475
CIP,random,LR,onehot,0,RBG-17-013-1_S16,1,0.9995204210281372
CIP,random,LR,onehot,0,RBG-18-0054-1_S42,0,7.780578744132072e-05
CIP,random,LR,onehot,0,RBG-18-0071-1_S44,1,0.9876197576522827
CIP,random,LR,onehot,0,RBG-18-0072-1_S8,0,0.009410607628524303
CIP,random,LR,onehot,0,RBG-18-0099-1_S14,1,0.9973642230033875
CIP,random,LR,onehot,0,RBG-18-0129-1_S15_L001,1,0.9990431666374207
CIP,random,LR,onehot,0,RBG-18-0140-1_S14_L001,0,0.00044660730054602027
CIP,random,LR,onehot,0,RBG-18-0177-1_S17_L001,1,0.9994833469390869
CIP,random,LR,onehot,0,RBG-18-0185-1_S40,0,0.00021008591284044087
CIP,random,LR,onehot,0,RBG-18-0191-1_S11_L001,0,0.0002540454443078488
CIP,random,LR,onehot,0,RBG-18-0194-1_S45,0,0.0057178037241101265
CIP,random,LR,onehot,0,RBG-18-0209-2_S46,0,4.116370291740168e-06
CIP,random,LR,onehot,0,RBG-18-0221-1_S47,1,0.006130109541118145
CIP,random,LR,onehot,0,RBG-18-0265-1_S49,0,2.433347253827378e-05
CIP,random,LR,onehot,0,RBG-18-0301-1_S53,0,0.000519364548381418
CIP,random,LR,onehot,0,RBG-18-0347-1_S22_L001,0,0.17164695262908936
CIP,random,LR,onehot,0,RBG-18-0380-1_S48,1,0.9973642230033875
CIP,random,LR,onehot,0,RBK-16-007-1_S13,1,0.996029257774353
CIP,random,LR,onehot,0,RBK-17-0457-1_S6,1,0.9961269497871399
CIP,random,LR,onehot,0,RBK-17-0492-1_S8,1,0.9954518675804138
CIP,random,LR,onehot,0,RBK-17-0588-1_S24,1,0.9988099336624146
CIP,random,LR,onehot,0,RBK-18-0077-1_S212,1,0.9973801970481873
CIP,random,LR,onehot,0,RBL-17-0095-1_S147,0,0.001439835992641747
CIP,random,LR,onehot,0,RBL-17-0107-1_S150,0,0.17318502068519592
CIP,random,LR,onehot,0,RBL-17-0123-1_S157,1,0.1314472258090973
CIP,random,LR,onehot,0,RBL-17-0155-1_S165,1,0.9999368190765381
CIP,random,LR,onehot,0,RBL-17-0197-1_S173,0,0.22278089821338654
CIP,random,LR,onehot,0,RBL-17-0244-1_S44,1,0.9972580671310425
CIP,random,LR,onehot,0,RBL-17-0256-1_S98,0,0.0014025403652340174
CIP,random,LR,onehot,0,RBL-17-0261-1_S100,1,4.502002866502153e-06
CIP,random,LR,onehot,0,RBL-17-0274-2_S105,0,0.01161621231585741
CIP,random,LR,onehot,0,RBL-17-0306-1_S50,1,0.9999634027481079
CIP,random,LR,onehot,0,RBL-17-0332-1_S118,0,0.052629925310611725
CIP,random,LR,onehot,0,RBL-17-0347-1_S104,0,7.5956602813676e-05
CIP,random,LR,onehot,0,RBL-17-0349-1_S105,0,0.39804717898368835
CIP,random,LR,onehot,0,RBL-17-0434-1_S133,0,0.001644069910980761
CIP,random,LR,onehot,0,RBL-18-0010-1_S159,0,9.404318007000256e-06
CIP,random,LR,onehot,0,RBL-18-0090-1_S48,1,0.9972841739654541
CIP,random,LR,onehot,0,RBL-18-0343-1_S6,1,0.2945363521575928
CIP,random,LR,onehot,0,RBT-16-0038-1_S11,1,0.9896658658981323
CIP,random,LR,onehot,0,RBT-17-0008-1_S18,0,0.6302438974380493
CIP,random,LR,onehot,0,RBT-17-0009-1_S21,1,0.0021597472950816154
CIP,random,LR,onehot,0,RBT-17-0011-1_S19,0,0.00012275204062461853
CIP,random,LR,onehot,0,RBT-17-0022-1_S24,0,0.006804452743381262
CIP,random,LR,onehot,0,RBT-17-0084-1_S31,0,0.0008892127661965787
CIP,random,LR,onehot,0,RBT-17-0165-1_S60,0,0.5566574335098267
CIP,random,LR,onehot,0,RBT-17-0251-1_S62,1,4.7422226998605765e-06
CIP,random,LR,onehot,0,RBT-17-0291-1_S14,1,0.9527958631515503
CIP,random,LR,onehot,0,RBT-17-0328-1_S16,1,0.9995442032814026
CIP,random,LR,onehot,0,RBT-18-0102-1_S23,0,1.4505414583254606e-05
CIP,random,LR,onehot,0,RBT-18-0110-1_S27,1,0.9992844462394714
CIP,random,LR,onehot,0,RBT-18-0113-1_S44,0,0.0005328904953785241
CIP,random,LR,onehot,0,RBT-18-0116-1_S46,1,0.9991650581359863
CIP,random,LR,onehot,0,RBT-18-0121-1_S28,0,7.831994298612699e-05
CIP,random,LR,onehot,0,RBT-18-0133-1_S30,0,3.1142782972892746e-05
CIP,random,LR,onehot,0,RBT-18-0134-1_S29,0,0.00043966370867565274
CIP,random,LR,onehot,0,RBT-18-0141-1_S32,0,4.104112304048613e-05
CIP,random,LR,onehot,0,RBT-18-0146-1_S55,1,0.11253053694963455
CIP,random,LR,onehot,0,RBT-18-0232-1_S47,0,0.9996901750564575
CIP,random,LR,onehot,0,RBT-18-0234-1_S15,1,0.9978797435760498
CIP,random,LR,onehot,0,RBT-18-0259-1_S55,0,0.00042611706885509193
CIP,random,LR,onehot,0,RBT-18-0283-1_S65,0,6.794315413571894e-05
CIP,random,LR,onehot,0,RBT-18-0284-1_S66,1,0.9945291876792908
CIP,random,LR,onehot,0,RBT-18-0339-1_S47,0,3.6395758229446074e-07
CIP,random,LR,onehot,0,RBT-18-0340-1_S36,0,2.104497980326414e-05
CIP,random,LR,onehot,0,RBT-18-0351-1_S48,0,0.0027726960834115744
CIP,random,LR,onehot,0,RBT-18-0364-1_S29,0,0.023900436237454414
CIP,random,LR,onehot,0,ResetH10_S1_L001,1,0.0003580630000215024
CIP,random,LR,onehot,0,ResetH131_S7_L001,1,0.9965831637382507
CIP,random,LR,onehot,0,ResetH134_S8_L001,0,0.9971954822540283
CIP,random,LR,onehot,0,ResetH24a_S3_2_L001,1,0.9992570281028748
CIP,random,LR,onehot,0,ResetH44_S3_L001,1,0.6321235299110413
CIP,random,LR,onehot,0,ResetH45_S5_L001,0,0.0007143536931835115
CIP,random,LR,onehot,0,ResetH68_S1_L001,0,0.00037774723023176193
CIP,random,LR,onehot,0,ResetH89_S3_L001,0,0.2304617315530777
CIP,random,LR,onehot,0,ResetH93_S5_L001,1,0.006552552338689566
CIP,random,LR,onehot,0,ResetH99_S5_L001,0,0.04927470535039902
CIP,random,LR,onehot,0,ResetV70_S6_L001,1,0.9995824694633484
CIP,random,LR,onehot,0,Survcare058_S26,1,0.9996789693832397
CIP,random,LR,onehot,0,Survcare187_S32,1,0.9988698363304138
CIP,random,LR,onehot,0,Survcare254_S36,1,9.299525117967278e-06
CIP,random,LR,onehot,0,Survcare295_S8_L001,1,0.0009565900545567274
CIP,random,LR,onehot,0,Survcare310_S21_L001,0,0.0006387843168340623
CIP,random,LR,onehot,0,Survcare337_S12,0,0.0008906653965823352
CIP,random,LR,onehot,0,V108_S2_L001,0,6.987263623159379e-05
CIP,random,LR,onehot,0,V113_S3_L001,0,0.0008392531308345497
CIP,random,LR,onehot,0,V152_S3_L001,0,0.00017095850489567965
CIP,random,LR,onehot,0,V155_S5_L001,0,6.333184865070507e-05
CIP,random,LR,onehot,0,V182_S6_L001,1,0.9974000453948975
CIP,random,LR,onehot,0,V183_S7_L001,0,5.302069985191338e-05
CIP,random,LR,onehot,0,V232_S3_L001,0,3.878289135172963e-06
CIP,random,LR,onehot,0,V268_S12_L001,1,0.9999995231628418
CIP,random,LR,onehot,0,V279_S8_L001,1,0.9736925959587097
CIP,random,LR,onehot,0,V282_S4_L001,1,0.9993690848350525
CIP,random,LR,onehot,0,V289_S5_L001,1,0.9986721277236938
CIP,random,LR,onehot,0,V40_S2_L001,1,0.9999909400939941
CIP,random,LR,onehot,0,V80_S7_L001,0,0.1938786506652832
CIP,random,LR,onehot,0,V96_S2_L001,1,0.9999812841415405
CIP,random,LR,onehot,0,V98_S3_L001,1,0.9987086057662964
CIP,random,LR,onehot,0,wdhRBF-18-0025-1_S11_L001,0,1.2957391390955308e-06
CIP,random,LR,onehot,0,wdhRBF-18-0049-1_S13_L001,0,0.0006072885589674115
CIP,random,LR,onehot,0,WDHRBG-16-060-1_S27,0,0.846971333026886
CIP,random,LR,onehot,0,WDHRBG-16-062-1_S49,0,1.0426689186715521e-05
CIP,random,LR,onehot,0,WDHRBG-17-0093-1_S1,1,0.975456953048706
CIP,random,LR,onehot,0,WDHRBG-17-122-1_S48,1,0.14843660593032837
CIP,random,LR,onehot,0,wNRZ-33910_S81,0,0.0015508787473663688
CIP,random,LR,onehot,0,wRBG-17-022-1_S43,1,0.9999998807907104
CIP,random,LR,onehot,0,wRBG-17-058-1_S130,0,9.12355026230216e-05
CIP,random,LR,onehot,0,wRBG-17-082-1_S106,0,0.0008129117777571082
CIP,random,LR,onehot,0,wRBG-17-106-1_S125,0,0.3258874714374542
CIP,random,LR,onehot,0,wwRBF-16-007-1_S10,1,0.995578944683075
CIP,random,LR,onehot,0,wwRBL-17-004-1_S44,1,0.997530996799469
CIP,random,LR,onehot,1,H108_S5_L001,0,1.1657156164801563e-06
CIP,random,LR,onehot,1,H122_S4_L001,1,0.9913185834884644
CIP,random,LR,onehot,1,H123_S1_L001,1,0.9996944665908813
CIP,random,LR,onehot,1,H17_S2_L001,1,0.9995507597923279
CIP,random,LR,onehot,1,H38_S4_L001,1,0.9984403252601624
CIP,random,LR,onehot,1,H66_S1_L001,1,0.9999641180038452
CIP,random,LR,onehot,1,H83_S7_L001,0,3.849665154120885e-05
CIP,random,LR,onehot,1,NNRBG-17-0242-1_S11,0,0.034162700176239014
CIP,random,LR,onehot,1,NNRBG-17-0378-1_S37,1,0.9994820952415466
CIP,random,LR,onehot,1,NNRBG-17-0399-1_S40,0,0.001065701013430953
CIP,random,LR,onehot,1,RBB-18-0490-1_S20_L001,1,0.9999972581863403
CIP,random,LR,onehot,1,RBB-18-0546-1_S22_L001,1,0.9994456171989441
CIP,random,LR,onehot,1,RBB-18-0826-1_S193,1,0.9884510040283203
CIP,random,LR,onehot,1,RBB-18-1312-1_S43,1,0.9998390674591064
CIP,random,LR,onehot,1,RBB-18-1460-1_S45,1,0.9938583970069885
CIP,random,LR,onehot,1,RBF-16-0064-1_S136,0,0.0008547424804419279
CIP,random,LR,onehot,1,RBF-16-073-1_S23,1,0.9533019065856934
CIP,random,LR,onehot,1,RBF-17-0340-1_S81,1,0.9984575510025024
CIP,random,LR,onehot,1,RBF-17-0438-1_S9,1,0.9977278113365173
CIP,random,LR,onehot,1,RBF-17-0450-1_S10,1,0.999984622001648
CIP,random,LR,onehot,1,RBF-17-0523-1_S30,0,0.0026852588634938
CIP,random,LR,onehot,1,RBF-17-0532-2_S31,1,0.9701352119445801
CIP,random,LR,onehot,1,RBF-17-0540-1_S83,0,0.0010174413910135627
CIP,random,LR,onehot,1,RBF-17-0616-1_S96,0,0.00032898798235692084
CIP,random,LR,onehot,1,RBF-17-0635-1_S98,1,4.010306656709872e-05
CIP,random,LR,onehot,1,RBF-17-0648-1_S100,0,0.09308133274316788
CIP,random,LR,onehot,1,RBF-17-186-1_S69,1,0.9977278113365173
CIP,random,LR,onehot,1,RBF-18-0019-1_S2,1,0.9988589286804199
CIP,random,LR,onehot,1,RBF-18-0069-1_S78,1,1.0
CIP,random,LR,onehot,1,RBF-18-0072-1_S16,0,3.544716673786752e-05
CIP,random,LR,onehot,1,RBF-18-0088-1_S24,1,0.9704682230949402
CIP,random,LR,onehot,1,RBF-18-0127-1_S32,0,6.475681584561244e-05
CIP,random,LR,onehot,1,RBF-18-0139-1_S35,0,9.507478534942493e-05
CIP,random,LR,onehot,1,RBF-18-0192-1_S44,0,0.00044742992031387985
CIP,random,LR,onehot,1,RBF-18-0199-1_S47,1,0.9895592927932739
CIP,random,LR,onehot,1,RBF-18-0201-1_S49,0,0.007164419628679752
CIP,random,LR,onehot,1,RBF-18-0208-2_S11_L001,0,8.237602014560252e-05
CIP,random,LR,onehot,1,RBF-18-0217-1_S54,0,7.637583621544763e-05
CIP,random,LR,onehot,1,RBF-18-0338-1_S72,0,1.8578889466880355e-06
CIP,random,LR,onehot,1,RBF-18-0405-1_S81_2,1,0.999813973903656
CIP,random,LR,onehot,1,RBG-18-0012-1_S3,1,0.03625795245170593
CIP,random,LR,onehot,1,RBG-18-0017-1_S5,1,0.9998168349266052
CIP,random,LR,onehot,1,RBG-18-0023-1_S2,1,0.004652253817766905
CIP,random,LR,onehot,1,RBG-18-0025-1_S9_L001,0,0.001576943788677454
CIP,random,LR,onehot,1,RBG-18-0029-1_S40,0,0.0007544531254097819
CIP,random,LR,onehot,1,RBG-18-0077-1_S9,1,0.9989468455314636
CIP,random,LR,onehot,1,RBG-18-0083-1_S12,0,0.01205619890242815
CIP,random,LR,onehot,1,RBG-18-0085-1_S11,0,0.0012432235525920987
CIP,random,LR,onehot,1,RBG-18-0153-1_S14,1,0.9985969662666321
CIP,random,LR,onehot,1,RBG-18-0204-1_S23_L001,0,0.0019051951821893454
CIP,random,LR,onehot,1,RBG-18-0206-2_S46,1,0.003529829438775778
CIP,random,LR,onehot,1,RBG-18-0223-1_S2,0,1.6561736629228108e-05
CIP,random,LR,onehot,1,RBG-18-0280-1_S51,1,0.9998849630355835
CIP,random,LR,onehot,1,RBG-18-0300-1_S52,0,0.0011127112666144967
CIP,random,LR,onehot,1,RBG-18-0308-1_S54,1,0.9988077878952026
CIP,random,LR,onehot,1,RBG-18-0355-1_S19_L001,0,0.0026765079237520695
CIP,random,LR,onehot,1,RBG-18-0394-1_S23_L001,0,0.017932487651705742
CIP,random,LR,onehot,1,RBG-18-0410-1_S12,1,0.9948350191116333
CIP,random,LR,onehot,1,RBG-18-0417-1_S52,0,0.006277075503021479
CIP,random,LR,onehot,1,RBK-18-0022-1_S197,0,7.727181383643256e-08
CIP,random,LR,onehot,1,RBK-18-0047-1_S20,0,1.5488882354475209e-06
CIP,random,LR,onehot,1,RBK-18-0062-2_S203,0,7.881140845711343e-06
CIP,random,LR,onehot,1,RBk-18-0216-1_S231_2,0,0.0001926296972669661
CIP,random,LR,onehot,1,RBK-18-0236-2_S52_2,1,0.017892617732286453
CIP,random,LR,onehot,1,RBK-18-0644-1_S180,0,0.0003132342535536736
CIP,random,LR,onehot,1,RBL-17-0118-1_S156,0,6.477840997831663e-06
CIP,random,LR,onehot,1,RBL-17-0138-1_S162,0,0.02007364109158516
CIP,random,LR,onehot,1,RBL-17-0205-1_S175,0,0.00017351914721075445
CIP,random,LR,onehot,1,RBL-17-0242-1_S42,1,0.9976521134376526
CIP,random,LR,onehot,1,RBL-17-0259-1_S99,0,0.04620671644806862
CIP,random,LR,onehot,1,RBL-17-0323-1_S115,0,0.06811152398586273
CIP,random,LR,onehot,1,RBL-17-0324-1_S54,0,0.986594557762146
CIP,random,LR,onehot,1,RBL-17-0327-1_S116,0,3.576236338176386e-07
CIP,random,LR,onehot,1,RBL-17-0342-1_S103,0,0.16620869934558868
CIP,random,LR,onehot,1,RBL-17-0350-1_S106,1,0.9998267292976379
CIP,random,LR,onehot,1,RBL-17-0359-1_S66,1,0.9994255304336548
CIP,random,LR,onehot,1,RBL-17-0365-1_S112,0,5.588839940173784e-06
CIP,random,LR,onehot,1,RBL-17-0397-1_S125,0,0.000157132264575921
CIP,random,LR,onehot,1,RBL-17-0409-1_S127,0,0.00751999206840992
CIP,random,LR,onehot,1,RBL-17-0429-1_S130,0,0.03321970999240875
CIP,random,LR,onehot,1,RBL-17-0435-1_S134,0,0.0010067103430628777
CIP,random,LR,onehot,1,RBL-18-0019-1_S41,0,0.0007719119894318283
CIP,random,LR,onehot,1,RBL-18-0021-1_S42,1,0.9135843515396118
CIP,random,LR,onehot,1,RBL-18-0032-1_S167,0,0.007188967429101467
CIP,random,LR,onehot,1,RBL-18-0037-1_S168,0,0.002165798097848892
CIP,random,LR,onehot,1,RBL-18-0048-1_S44,1,0.9981049299240112
CIP,random,LR,onehot,1,RBL-18-0098-1_S178,1,0.997501790523529
CIP,random,LR,onehot,1,RBL-18-0131-1_S188_2,1,0.9960743188858032
CIP,random,LR,onehot,1,RBL-18-0194-1_S195_2,1,0.9978193044662476
CIP,random,LR,onehot,1,RBL-18-0242-1_S51,0,6.45883847028017e-05
CIP,random,LR,onehot,1,RBT-16-0024-1_S10,1,0.9997071623802185
CIP,random,LR,onehot,1,RBT-17-0024-1_S23,0,0.00010774294787552208
CIP,random,LR,onehot,1,RBT-17-0027-1_S3,0,0.0002553653030190617
CIP,random,LR,onehot,1,RBT-17-0099-1_S35,1,0.9989429116249084
CIP,random,LR,onehot,1,RBT-17-0130-1_S27,0,0.004985038656741381
CIP,random,LR,onehot,1,RBT-17-0138-1_S52,1,0.9999978542327881
CIP,random,LR,onehot,1,RBT-17-0142-1_S53,0,0.0018230614950880408
CIP,random,LR,onehot,1,RBT-17-0173-1_S63,0,0.0015423682052642107
CIP,random,LR,onehot,1,RBT-17-0177-2_S7,1,0.9999452829360962
CIP,random,LR,onehot,1,RBT-17-0238-1_S59,0,0.002515657339245081
CIP,random,LR,onehot,1,RBT-17-0285-1_S66,1,0.9953917264938354
CIP,random,LR,onehot,1,RBT-18-0023-1_S14,0,3.216412778783706e-06
CIP,random,LR,onehot,1,RBT-18-0027-1_S68,0,7.406155054923147e-05
CIP,random,LR,onehot,1,RBT-18-0046-1_S2,1,0.9971160888671875
CIP,random,LR,onehot,1,RBT-18-0052-1_S35,0,0.002301613101735711
CIP,random,LR,onehot,1,RBT-18-0053-1_S36,1,0.9974484443664551
CIP,random,LR,onehot,1,RBT-18-0056-1_S37,0,7.409616227960214e-05
CIP,random,LR,onehot,1,RBT-18-0071-1_S41,0,0.9995692372322083
CIP,random,LR,onehot,1,RBT-18-0091-1_S42,0,6.385682809195714e-06
CIP,random,LR,onehot,1,RBT-18-0096-1_S20,0,0.004101325757801533
CIP,random,LR,onehot,1,RBT-18-0129-1_S52,0,0.720812201499939
CIP,random,LR,onehot,1,RBT-18-0173-1_S35,1,0.0014771375572308898
CIP,random,LR,onehot,1,RBT-18-0179-1_S37,0,0.00041888791020028293
CIP,random,LR,onehot,1,RBT-18-0185-1_S39,0,0.02036932483315468
CIP,random,LR,onehot,1,RBT-18-0205-1_S6,1,0.9992241859436035
CIP,random,LR,onehot,1,RBT-18-0231-1_S14,0,0.009970156475901604
CIP,random,LR,onehot,1,RBT-18-0247-1_S16,1,0.9874116778373718
CIP,random,LR,onehot,1,RBT-18-0278-1_S64,1,0.9911900758743286
CIP,random,LR,onehot,1,RBT-18-0296-1_S72,1,0.9988763928413391
CIP,random,LR,onehot,1,RBT-18-0308-1_S34,0,0.32954317331314087
CIP,random,LR,onehot,1,RBT-18-0331-1_S22,0,0.00033487664768472314
CIP,random,LR,onehot,1,RBT-18-0334-1_S23,0,3.559808465070091e-05
CIP,random,LR,onehot,1,RBT-18-0363-1_S72,1,0.9991243481636047
CIP,random,LR,onehot,1,RBT-18-0372-1_S31,1,0.9998512268066406
CIP,random,LR,onehot,1,RBT-18-0384-1_S40,0,0.0020886389538645744
CIP,random,LR,onehot,1,RBT-18-0392-1_S56,1,0.9995840191841125
CIP,random,LR,onehot,1,ResetH127_S6_L001,1,0.9972814321517944
CIP,random,LR,onehot,1,ResetH132_S1_L001,0,0.19332176446914673
CIP,random,LR,onehot,1,ResetH139_S3_L001,0,1.4919595514584216e-06
CIP,random,LR,onehot,1,ResetH30_S4_L001,0,0.9600071907043457
CIP,random,LR,onehot,1,ResetH98_S4_L001,0,0.0038716893177479506
CIP,random,LR,onehot,1,Survcare052_S22,1,0.999984622001648
CIP,random,LR,onehot,1,Survcare303_S15_L001,0,0.0002569936914369464
CIP,random,LR,onehot,1,Survcare309_S20_L001,1,0.997577965259552
CIP,random,LR,onehot,1,Survcare335_S11,0,0.7070580720901489
CIP,random,LR,onehot,1,V1_S6_L001,1,0.997962236404419
CIP,random,LR,onehot,1,V114_S5_L001,1,0.9999117851257324
CIP,random,LR,onehot,1,V120_S5_L001,1,0.9999861717224121
CIP,random,LR,onehot,1,V123_S1_L001,1,0.9660069346427917
CIP,random,LR,onehot,1,V131_S7_L001,1,1.1617530617513694e-05
CIP,random,LR,onehot,1,V168_S9_L001,1,0.9904921650886536
CIP,random,LR,onehot,1,V172_S5_L001,0,0.995428204536438
CIP,random,LR,onehot,1,V238_S11_L001,1,0.9998867511749268
CIP,random,LR,onehot,1,V292_S6_L001,1,0.9999997615814209
CIP,random,LR,onehot,1,W2RBF-17-133-1_S28,0,0.047960344702005386
CIP,random,LR,onehot,1,W2RBL-16-018-1_S15,1,0.9963911175727844
CIP,random,LR,onehot,1,wdh-RBL-17-0361-1_S44,0,0.0013009958202019334
CIP,random,LR,onehot,1,wdhRBF-18-0057_S14_L001,0,0.11077141761779785
CIP,random,LR,onehot,1,wdhRBF-18-0098-1_S19_L001,0,0.003165631555020809
CIP,random,LR,onehot,1,wRBG-16-024-1_S152,1,0.9998925924301147
CIP,random,LR,onehot,1,wRBG-16-027-1_S174,0,0.0009004973690025508
CIP,random,LR,onehot,1,wRBG-17-030-1_S165,0,0.00027471856446936727
CIP,random,LR,onehot,1,wRBG-17-031-1_S154,0,2.200545623054495e-06
CIP,random,LR,onehot,1,wRBG-17-034-1_S121,0,0.0014390737051144242
CIP,random,LR,onehot,1,wRBG-17-049-1_S142,0,0.00448370398953557
CIP,random,LR,onehot,1,wRBG-17-075-1_S96,0,0.09187790006399155
CIP,random,LR,onehot,1,wRBG-17-110-1_S168,0,0.00032627463224343956
CIP,random,LR,onehot,1,wwRBB-17-031-1_S25,1,0.9999293088912964
CIP,random,LR,onehot,1,wwRBK-16-023-1_S5,1,0.9779624938964844
CIP,random,LR,onehot,1,wwRBK-17-0148-1_S37,1,0.9976550340652466
CIP,random,LR,onehot,1,wwRBK-17-0197-1_S39,1,0.9986806511878967
CIP,random,LR,onehot,1,wwRBK-17-0278-1_S41,0,0.028462762013077736
CIP,random,LR,onehot,2,H105_S3_L001,1,0.9979233145713806
CIP,random,LR,onehot,2,H116_S8_L001,1,0.9998736381530762
CIP,random,LR,onehot,2,H136_S7_L001,1,0.9953938722610474
CIP,random,LR,onehot,2,H153_S1_L001,1,0.9993712306022644
CIP,random,LR,onehot,2,H3_S1_L001,1,0.9992851614952087
CIP,random,LR,onehot,2,H50_S7_L001,0,0.003237467724829912
CIP,random,LR,onehot,2,NNRBG-17-0287-1_S17,0,7.593067857669666e-05
CIP,random,LR,onehot,2,NNRBG-17-0316-1_S23,1,0.9713736772537231
CIP,random,LR,onehot,2,NNRBG-17-0329-1_S26,0,0.002043244894593954
CIP,random,LR,onehot,2,NNRBG-17-0346-1_S30,1,0.9999995231628418
CIP,random,LR,onehot,2,RBB-17-171-1_S52,1,0.9948363304138184
CIP,random,LR,onehot,2,RBB-18-0537-1_S21_L001,1,0.9970671534538269
CIP,random,LR,onehot,2,RBB-18-0765-1_S191,1,0.9999972581863403
CIP,random,LR,onehot,2,RBB-18-0892-1_S80_2,1,1.0
CIP,random,LR,onehot,2,RBB-18-0972-1_S203_2,1,0.9999954700469971
CIP,random,LR,onehot,2,RBB-18-1406-1_S49,1,0.9902689456939697
CIP,random,LR,onehot,2,RBB-18-1488-1_S46,1,0.0012589397374540567
CIP,random,LR,onehot,2,RBF-17-0424-1_S15,1,0.9999772310256958
CIP,random,LR,onehot,2,RBF-17-0489-1_S13,1,0.998499870300293
CIP,random,LR,onehot,2,RBF-17-0537-1_S56,1,0.9978797435760498
CIP,random,LR,onehot,2,RBF-17-0550-1_S84,0,0.9998144507408142
CIP,random,LR,onehot,2,RBF-17-0614-3_S95,0,3.0404302378883585e-05
CIP,random,LR,onehot,2,RBF-17-0651-1_S62,1,0.9994760155677795
CIP,random,LR,onehot,2,RBF-18-0027-1_S5,1,0.9998785257339478
CIP,random,LR,onehot,2,RBF-18-0064-2_S14,0,1.4026004464540165e-05
CIP,random,LR,onehot,2,RBF-18-0099-1_S26,0,9.87599923973903e-05
CIP,random,LR,onehot,2,RBF-18-0123-1_S25_L001,0,0.0028232422191649675
CIP,random,LR,onehot,2,RBF-18-0160-1_S37,0,0.998461127281189
CIP,random,LR,onehot,2,RBF-18-0259-1_S33,0,0.00623138016089797
CIP,random,LR,onehot,2,RBF-18-0280-1_S62,0,5.009229789720848e-05
CIP,random,LR,onehot,2,RBF-18-0310-1_S36,0,0.9902244210243225
CIP,random,LR,onehot,2,RBF-18-0321-1_S69,0,0.00024210424453485757
CIP,random,LR,onehot,2,RBF-18-0339-1_S37,0,0.00012204709491925314
CIP,random,LR,onehot,2,RBF-18-0585-1_S48,1,0.9995108842849731
CIP,random,LR,onehot,2,RBG-17-0284-1_S59,0,0.5632999539375305
CIP,random,LR,onehot,2,RBG-17-0351-1_S20_L001,1,0.9973714351654053
CIP,random,LR,onehot,2,RBG-18-0041-1_S6,1,0.9906486868858337
CIP,random,LR,onehot,2,RBG-18-0076-1_S10,1,0.9999819993972778
CIP,random,LR,onehot,2,RBG-18-0193-1_S8,0,0.06871861219406128
CIP,random,LR,onehot,2,RBG-18-0224-1_S24_L001,1,0.9993996620178223
CIP,random,LR,onehot,2,RBG-18-0276-1_S50,1,0.9942499399185181
CIP,random,LR,onehot,2,RBG-18-0289-1_S37,0,0.39581137895584106
CIP,random,LR,onehot,2,RBG-18-0391-1_S22_L001,1,0.9982761144638062
CIP,random,LR,onehot,2,RBG-18-0421-1_S53,1,0.9994342923164368
CIP,random,LR,onehot,2,RBK-17-0601-1_S25,1,0.9974364638328552
CIP,random,LR,onehot,2,RBK-17-0612-1_S27,1,0.9976028800010681
CIP,random,LR,onehot,2,RBK-18-0038-1_S200,0,0.0003096463333349675
CIP,random,LR,onehot,2,RBK-18-0060-1_S22,0,0.005167260300368071
CIP,random,LR,onehot,2,RBK-18-0080-1_S205,1,0.9881784319877625
CIP,random,LR,onehot,2,RBK-18-0104-1_S206,0,4.276872545005972e-08
CIP,random,LR,onehot,2,RBK-18-0414-1_S59,0,1.556960249615713e-08
CIP,random,LR,onehot,2,RBL-17-0090-1_S145,0,6.478195427916944e-05
CIP,random,LR,onehot,2,RBL-17-0093-1_S146,0,0.2574237585067749
CIP,random,LR,onehot,2,RBL-17-0101-1_S148,0,4.748367064166814e-05
CIP,random,LR,onehot,2,RBL-17-0108-1_S151,0,0.013612444512546062
CIP,random,LR,onehot,2,RBL-17-0129-1_S158,0,0.0009330052998848259
CIP,random,LR,onehot,2,RBL-17-0159-1_S166,0,0.003412496531382203
CIP,random,LR,onehot,2,RBL-17-0165-1_S167,0,0.9943543672561646
CIP,random,LR,onehot,2,RBL-17-0189-1_S172,0,1.839653486968018e-05
CIP,random,LR,onehot,2,RBL-17-0232-1_S91,0,0.14836204051971436
CIP,random,LR,onehot,2,RBL-17-0235-1_S92,0,0.0012779684038832784
CIP,random,LR,onehot,2,RBL-17-0267-1_S104,0,4.398360397317447e-05
CIP,random,LR,onehot,2,RBL-17-0328-1_S117,0,0.0027649926487356424
CIP,random,LR,onehot,2,RBL-17-0366-1_S113,1,0.999311089515686
CIP,random,LR,onehot,2,RBL-17-0383-1_S119,0,6.935107376193628e-05
CIP,random,LR,onehot,2,RBL-17-0390-1_S121,0,0.0001146672511822544
CIP,random,LR,onehot,2,RBL-17-0391-1_S122,0,0.9983443021774292
CIP,random,LR,onehot,2,RBL-17-0395-1_S124,0,0.0006806227611377835
CIP,random,LR,onehot,2,RBL-17-075-1_S18,1,0.9888635873794556
CIP,random,LR,onehot,2,RBL-18-0076-1_S47,1,0.9985470175743103
CIP,random,LR,onehot,2,RBL-18-0085-1_S176,0,1.0429874919282156e-06
CIP,random,LR,onehot,2,RBL-18-0093-1_S49,1,0.9981253743171692
CIP,random,LR,onehot,2,RBL-18-0467-1_S228_2,1,0.9998261332511902
CIP,random,LR,onehot,2,RBT-16-0045-1_S58,1,0.9672475457191467
CIP,random,LR,onehot,2,RBT-17-0033-1_S12,1,0.968519389629364
CIP,random,LR,onehot,2,RBT-17-0079-1_S29,0,8.171966328518465e-05
CIP,random,LR,onehot,2,RBT-17-0082-1_S30,0,0.0015687982086092234
CIP,random,LR,onehot,2,RBT-17-0097-1_S34,1,0.28339508175849915
CIP,random,LR,onehot,2,RBT-17-0102-1_S37,1,0.9952324032783508
CIP,random,LR,onehot,2,RBT-17-0113-1_S42,0,0.9869278073310852
CIP,random,LR,onehot,2,RBT-17-0124-1_S46,0,0.00569127406924963
CIP,random,LR,onehot,2,RBT-17-0161-1_S57,0,1.4175226169754751e-05
CIP,random,LR,onehot,2,RBT-17-0163-1_S59,0,0.001680506393313408
CIP,random,LR,onehot,2,RBT-17-0168-1_S61,0,0.021609801799058914
CIP,random,LR,onehot,2,RBT-17-0177-1_S65,1,0.9996678829193115
CIP,random,LR,onehot,2,RBT-17-0178-1_S66,0,4.8117923142854124e-05
CIP,random,LR,onehot,2,RBT-17-0194-1_S30,0,0.1895758956670761
CIP,random,LR,onehot,2,RBT-17-0217-1_S7,1,0.9999982118606567
CIP,random,LR,onehot,2,RBT-17-0239-1_S60,0,2.273672362207435e-05
CIP,random,LR,onehot,2,RBT-17-0249-1_S61,1,0.9978514909744263
CIP,random,LR,onehot,2,RBT-17-0337-1_S19,0,0.002436649287119508
CIP,random,LR,onehot,2,RBT-18-0030-1_S69,0,0.0002705562801565975
CIP,random,LR,onehot,2,RBT-18-0042-1_S60,0,4.329983130446635e-05
CIP,random,LR,onehot,2,RBT-18-0050-1_S34,0,0.00033835420617833734
CIP,random,LR,onehot,2,RBT-18-0057-1_S38,0,9.656493784859776e-05
CIP,random,LR,onehot,2,RBT-18-0080-1_S49,1,0.9957340359687805
CIP,random,LR,onehot,2,RBT-18-0100-1_S21,1,0.9999642372131348
CIP,random,LR,onehot,2,RBT-18-0120-1_S48,1,0.9999616146087646
CIP,random,LR,onehot,2,RBT-18-0125-1_S50,0,0.00036852993071079254
CIP,random,LR,onehot,2,RBT-18-0127-1_S51,0,0.0005250080139376223
CIP,random,LR,onehot,2,RBT-18-0181-1_S61,1,0.9988960027694702
CIP,random,LR,onehot,2,RBT-18-0227-1_S46,1,0.9982767105102539
CIP,random,LR,onehot,2,RBT-18-0230-1_S45,0,0.00020931851759087294
CIP,random,LR,onehot,2,RBT-18-0241-1_S50,0,4.556017756840447e-06
CIP,random,LR,onehot,2,RBT-18-0253-1_S54,0,0.0551612414419651
CIP,random,LR,onehot,2,RBT-18-0265-1_S59,0,0.018908483907580376
CIP,random,LR,onehot,2,RBT-18-0271-1_S62,0,0.00047687534242868423
CIP,random,LR,onehot,2,RBT-18-0292-1_S70,0,5.4024738346925005e-05
CIP,random,LR,onehot,2,RBT-18-0316-1_S43,0,0.0008445502026006579
CIP,random,LR,onehot,2,RBT-18-0325-1_S44,0,6.0496247897390276e-05
CIP,random,LR,onehot,2,RBT-18-0338-1_S35,0,1.9313891243655235e-05
CIP,random,LR,onehot,2,RBT-18-0358-1_S28,0,8.343109220732003e-05
CIP,random,LR,onehot,2,RBT-18-0368-1_S32,0,5.500885163201019e-05
CIP,random,LR,onehot,2,RBT-18-0370-1_S33,0,1.4207299727786449e-06
CIP,random,LR,onehot,2,RBT-18-0401-1_S43,1,0.9654954671859741
CIP,random,LR,onehot,2,ResetH1_S1_L001,1,0.9921213388442993
CIP,random,LR,onehot,2,ResetH115_S6_L001,1,0.9999909400939941
CIP,random,LR,onehot,2,ResetV143_S2_L001,1,0.2093452513217926
CIP,random,LR,onehot,2,ResetV74_S7_L001,1,0.9999638795852661
CIP,random,LR,onehot,2,Survcare0111_S29,0,0.9356459975242615
CIP,random,LR,onehot,2,Survcare133_S25,0,0.0074697379022836685
CIP,random,LR,onehot,2,Survcare134_S26,0,0.0066960277035832405
CIP,random,LR,onehot,2,Survcare140_S4_L001,0,0.006539497058838606
CIP,random,LR,onehot,2,Survcare221_S7_L001,0,1.0195712093263865e-05
CIP,random,LR,onehot,2,Survcare230_S17_L001,1,0.9999997615814209
CIP,random,LR,onehot,2,Survcare278_S62,1,0.9999957084655762
CIP,random,LR,onehot,2,Survcare289_S36,1,0.9986764788627625
CIP,random,LR,onehot,2,Survcare291_S38,0,0.0005125915049575269
CIP,random,LR,onehot,2,Survcare313_S24_L001,0,0.6996652483940125
CIP,random,LR,onehot,2,Survcare317_S5_L001,1,0.9908908009529114
CIP,random,LR,onehot,2,Survcare318_S20_L001,0,0.03536500036716461
CIP,random,LR,onehot,2,Survcare329_S3,1,0.568886935710907
CIP,random,LR,onehot,2,Survcare334_S10,0,0.00033404826535843313
CIP,random,LR,onehot,2,Survcare360_S84,1,0.8944149017333984
CIP,random,LR,onehot,2,V116_S6_L001,1,0.9966351389884949
CIP,random,LR,onehot,2,V153_S4_L001,0,0.00022969869314692914
CIP,random,LR,onehot,2,V158_S4_L001,0,0.29192817211151123
CIP,random,LR,onehot,2,V177_S6_L001,1,0.5651510953903198
CIP,random,LR,onehot,2,V228_S8_L001,0,0.9824938178062439
CIP,random,LR,onehot,2,V229_S10_L001,0,0.9853804707527161
CIP,random,LR,onehot,2,V283_S5_L001,1,0.9673292636871338
CIP,random,LR,onehot,2,V295_S7_L001,1,0.9993645548820496
CIP,random,LR,onehot,2,V41_S2_L001,1,0.9993925094604492
CIP,random,LR,onehot,2,V64_S3_L001,1,0.9998210072517395
CIP,random,LR,onehot,2,V71_S4_L001,1,0.9996034502983093
CIP,random,LR,onehot,2,V73_S5_L001,1,0.9999326467514038
CIP,random,LR,onehot,2,wdh-RBB-16-025-1_S20,1,0.9999986886978149
CIP,random,LR,onehot,2,wdhRBF-10-0002-1_S10_L001,1,0.9984387755393982
CIP,random,LR,onehot,2,wdhRBF-17-0567-1_S122,0,0.0028096840251237154
CIP,random,LR,onehot,2,wdhRBF-18-0059-1_S15_L001,0,4.0480495954398066e-05
CIP,random,LR,onehot,2,wdhRBF-18-0081-1_S18_L001,0,0.3038119077682495
CIP,random,LR,onehot,2,WDHRBG-17-008-1_S83,0,0.9948868155479431
CIP,random,LR,onehot,2,WDHRBG-17-121-1_S46,0,1.910872470034519e-06
CIP,random,LR,onehot,2,wRBG-16-033-1_S153,0,0.3013171851634979
CIP,random,LR,onehot,2,wRBG-17-025-1_S133,0,0.00230899965390563
CIP,random,LR,onehot,2,wRBG-17-055-1_S163,1,0.9838648438453674
CIP,random,LR,onehot,2,wRBG-17-073-1_S118,0,0.0003582945209927857
CIP,random,LR,onehot,2,wRBG-17-100-1_S104,1,0.9942591190338135
CIP,random,LR,onehot,2,wRBG-17-102-1_S169,0,5.346312536858022e-05
CIP,random,LR,onehot,2,wwRBF-17-251-1_S33,1,0.9999576807022095
CIP,random,LR,onehot,2,wwRBK-17-0148-2_S38,1,0.9974862337112427
CIP,random,LR,onehot,2,WWSurvcare043_S43,1,1.0
CIP,random,LR,onehot,3,H100_S2_L001,0,1.4134595403447747e-05
CIP,random,LR,onehot,3,H119_S7_L001,1,0.9999990463256836
CIP,random,LR,onehot,3,H154_S2_L001,1,0.9989334940910339
CIP,random,LR,onehot,3,H157_S3_L001,0,0.9999004602432251
CIP,random,LR,onehot,3,H162_S4_L001,1,0.999940037727356
CIP,random,LR,onehot,3,H164_S3_L001,1,0.9984478950500488
CIP,random,LR,onehot,3,H51_S5_L001,1,0.9997647404670715
CIP,random,LR,onehot,3,H71_S1_L001,1,0.9999808073043823
CIP,random,LR,onehot,3,H86_S1_L001,1,0.020035505294799805
CIP,random,LR,onehot,3,NNRBG-17-0255-1_S14,1,8.107425674097613e-05
CIP,random,LR,onehot,3,NNRBG-17-0319-1_S24,0,0.0018095331033691764
CIP,random,LR,onehot,3,NNRBG-17-0328-1_S25,0,0.0031882007606327534
CIP,random,LR,onehot,3,RBB-18-0772-1_S192,1,0.8544284701347351
CIP,random,LR,onehot,3,RBB-18-1309-1_S42,1,0.9983844757080078
CIP,random,LR,onehot,3,RBF-16-004-1_S18,1,0.996792733669281
CIP,random,LR,onehot,3,RBF-17-0164-1_S137,0,0.003427870338782668
CIP,random,LR,onehot,3,RBF-17-0173-1_S138,0,0.005068541970103979
CIP,random,LR,onehot,3,RBF-17-0467-1_S12,1,0.9996947050094604
CIP,random,LR,onehot,3,RBF-17-0509-1_S74,0,0.8007977604866028
CIP,random,LR,onehot,3,RBF-17-0520-2_S55,1,0.998090922832489
CIP,random,LR,onehot,3,RBF-17-0521-1_S78,1,0.9998718500137329
CIP,random,LR,onehot,3,RBF-17-0538-1_S82,0,8.91126983333379e-05
CIP,random,LR,onehot,3,RBF-17-0553-1_S85,1,0.999716579914093
CIP,random,LR,onehot,3,RBF-17-0602-1_S93,0,0.0006350768380798399
CIP,random,LR,onehot,3,RBF-17-0605-1_S94,0,0.0008978889090940356
CIP,random,LR,onehot,3,RBF-17-266-1_S70,0,0.0008561061113141477
CIP,random,LR,onehot,3,RBF-17-277-1_S73,1,0.945141077041626
CIP,random,LR,onehot,3,RBF-18-0066-1_S15,0,0.011640424840152264
CIP,random,LR,onehot,3,RBF-18-0093-1_S80,1,0.999996542930603
CIP,random,LR,onehot,3,RBF-18-0125-1_S30,0,0.9648777842521667
CIP,random,LR,onehot,3,RBF-18-0135-1_S34,1,0.9937489032745361
CIP,random,LR,onehot,3,RBF-18-0147-1_S36,0,0.20502912998199463
CIP,random,LR,onehot,3,RBF-18-0151-1_S83,1,0.7939870357513428
CIP,random,LR,onehot,3,RBF-18-0163-2_S39,0,0.07167301326990128
CIP,random,LR,onehot,3,RBF-18-0172-1_S40,1,0.9965447783470154
CIP,random,LR,onehot,3,RBF-18-0200-1_S48,0,0.0017693594563752413
CIP,random,LR,onehot,3,RBF-18-0277-1_S61,1,0.9995686411857605
CIP,random,LR,onehot,3,RBF-18-0296-1_S17,0,0.7519118189811707
CIP,random,LR,onehot,3,RBG-17-0383-1_S44,1,0.43433332443237305
CIP,random,LR,onehot,3,RBG-18-0004-1_S1,1,0.9997703433036804
CIP,random,LR,onehot,3,RBG-18-0055-1_S43,1,0.9999022483825684
CIP,random,LR,onehot,3,RBG-18-0166-1_S10_L001,0,3.6279507185099646e-05
CIP,random,LR,onehot,3,RBG-18-0170-1_S41,0,2.3293131334867212e-07
CIP,random,LR,onehot,3,RBG-18-0239-1_S4,0,0.00022836118296254426
CIP,random,LR,onehot,3,RBG-18-0256-1_S8_L001,0,1.586593862157315e-05
CIP,random,LR,onehot,3,RBG-18-0312-1_S55,1,0.9996885061264038
CIP,random,LR,onehot,3,RBG-18-0358-1_S39,0,0.004380949307233095
CIP,random,LR,onehot,3,RBK-16-079-1_S15,0,0.0020216163247823715
CIP,random,LR,onehot,3,RBK-17-0595-1_S187,0,0.02374846860766411
CIP,random,LR,onehot,3,RBK-18-0005-1_S18,0,0.0006066397181712091
CIP,random,LR,onehot,3,RBK-18-0019-1_S195,0,0.002136240480467677
CIP,random,LR,onehot,3,RBK-18-0037-1_S199,0,0.9851618409156799
CIP,random,LR,onehot,3,RBKk-18-0108-1_S201,1,0.9998294115066528
CIP,random,LR,onehot,3,RBL-17-0104-1_S149,0,0.10358661413192749
CIP,random,LR,onehot,3,RBL-17-0113-1_S153,1,0.999983549118042
CIP,random,LR,onehot,3,RBL-17-0117-1_S155,0,0.1733247935771942
CIP,random,LR,onehot,3,RBL-17-0135-1_S160,0,0.0028937908355146646
CIP,random,LR,onehot,3,RBL-17-0136-1_S161,0,7.4621584644773975e-06
CIP,random,LR,onehot,3,RBL-17-0144-1_S163,1,1.4110863958194386e-05
CIP,random,LR,onehot,3,RBL-17-0172-1_S170,0,7.521980296587572e-05
CIP,random,LR,onehot,3,RBL-17-0199-1_S174,1,0.9996473789215088
CIP,random,LR,onehot,3,RBL-17-0217-1_S176,0,0.060074590146541595
CIP,random,LR,onehot,3,RBL-17-0283-1_S27,0,0.0018323184922337532
CIP,random,LR,onehot,3,RBL-17-0320-1_S114,1,0.9999972581863403
CIP,random,LR,onehot,3,RBL-17-0340-1_S102,0,0.0009177846368402243
CIP,random,LR,onehot,3,RBL-17-0360-1_S108,0,0.0002281178894918412
CIP,random,LR,onehot,3,RBL-17-0374-1_S116,0,0.002653950359672308
CIP,random,LR,onehot,3,RBL-18-0002-1_S158,0,6.037942512193695e-05
CIP,random,LR,onehot,3,RBL-18-0022-1_S43,0,7.567658758489415e-05
CIP,random,LR,onehot,3,RBL-18-0055-1_S170,0,6.719704401803028e-07
CIP,random,LR,onehot,3,RBL-18-0066-1_S173,0,0.15420715510845184
CIP,random,LR,onehot,3,RBT-17-0023-1_S25,1,0.9063910841941833
CIP,random,LR,onehot,3,RBT-17-0039-1_S28,0,0.046265825629234314
CIP,random,LR,onehot,3,RBT-17-0112-1_S41,0,0.0005010089953429997
CIP,random,LR,onehot,3,RBT-17-0118-1_S45,0,0.4544382691383362
CIP,random,LR,onehot,3,RBT-17-0150-1_S54,0,0.005076052621006966
CIP,random,LR,onehot,3,RBT-17-0156-1_S56,1,0.9999910593032837
CIP,random,LR,onehot,3,RBT-17-0183-1_S67,0,0.4437422454357147
CIP,random,LR,onehot,3,RBT-17-0188-1_S68,0,0.09734643995761871
CIP,random,LR,onehot,3,RBT-17-0228-1_S10,0,0.5594663619995117
CIP,random,LR,onehot,3,RBT-17-0232-1_S58,1,0.962784469127655
CIP,random,LR,onehot,3,RBT-17-0243-1_S11,0,0.002502362011000514
CIP,random,LR,onehot,3,RBT-17-0270-1_S65,1,0.9999409914016724
CIP,random,LR,onehot,3,RBT-17-0279-1_S12,0,0.03847827389836311
CIP,random,LR,onehot,3,RBT-17-0339-1_S20,1,0.9998728036880493
CIP,random,LR,onehot,3,RBT-18-0017-1_S67,0,1.878061448223889e-05
CIP,random,LR,onehot,3,RBT-18-0045-1_S70,1,0.09254259616136551
CIP,random,LR,onehot,3,RBT-18-0066-1_S40,0,0.004889946896582842
CIP,random,LR,onehot,3,RBT-18-0095-1_S19,0,0.002103388076648116
CIP,random,LR,onehot,3,RBT-18-0101-1_S22,0,0.009852861054241657
CIP,random,LR,onehot,3,RBT-18-0115-1_S45,0,0.00018903774616774172
CIP,random,LR,onehot,3,RBT-18-0122-1_S63,1,0.5718927979469299
CIP,random,LR,onehot,3,RBT-18-0197-1_S40,0,7.397150511678774e-06
CIP,random,LR,onehot,3,RBT-18-0236-1_S48,1,0.9968737363815308
CIP,random,LR,onehot,3,RBT-18-0246-1_S52,0,2.2074706066632643e-05
CIP,random,LR,onehot,3,RBT-18-0251-1_S7,0,0.9755845665931702
CIP,random,LR,onehot,3,RBT-18-0252-1_S53,1,0.9923409223556519
CIP,random,LR,onehot,3,RBT-18-0269-1_S61,0,7.172272307798266e-05
CIP,random,LR,onehot,3,RBT-18-0288-1_S68,1,0.9996755123138428
CIP,random,LR,onehot,3,RBT-18-0324-1_S57,1,0.9999799728393555
CIP,random,LR,onehot,3,RBT-18-0335-1_S41,1,0.9999263286590576
CIP,random,LR,onehot,3,RBT-18-0337-1_S46,0,0.9997068047523499
CIP,random,LR,onehot,3,RBT-18-0357-1_S27,0,2.3318065359489992e-05
CIP,random,LR,onehot,3,RBT-18-0365-1_S30,0,0.00026104541029781103
CIP,random,LR,onehot,3,RBT-18-0377-1_S1,0,0.6298591494560242
CIP,random,LR,onehot,3,RBT-18-0391-1_S35,1,0.9997947812080383
CIP,random,LR,onehot,3,ResetH152_S4_L001,1,0.9984413981437683
CIP,random,LR,onehot,3,ResetH16_S2_L001,1,0.9702620506286621
CIP,random,LR,onehot,3,ResetH49b_S6_L001,0,0.037377674132585526
CIP,random,LR,onehot,3,ResetH63_S7_L001,1,0.9997703433036804
CIP,random,LR,onehot,3,ResetH8_S2_L001,0,0.9676465392112732
CIP,random,LR,onehot,3,ResetV161_S3_L001,1,0.9998606443405151
CIP,random,LR,onehot,3,ResetV260_S5_L001,1,0.9997662901878357
CIP,random,LR,onehot,3,ResetV63_S5_L001,1,0.9998117089271545
CIP,random,LR,onehot,3,Survcare0114_S37,1,0.9998186230659485
CIP,random,LR,onehot,3,Survcare104_S16_L001,1,0.5390016436576843
CIP,random,LR,onehot,3,Survcare125_S25,0,0.00018540563178248703
CIP,random,LR,onehot,3,Survcare130_S2,0,0.0029503200203180313
CIP,random,LR,onehot,3,Survcare184_S19,0,0.0018131023971363902
CIP,random,LR,onehot,3,Survcare244_S9_L001,0,0.00026350977714173496
CIP,random,LR,onehot,3,Survcare262_S23_L001,1,1.5435854948009364e-05
CIP,random,LR,onehot,3,Survcare265_S20,0,0.06892015039920807
CIP,random,LR,onehot,3,Survcare275_S38,0,0.0013755804393440485
CIP,random,LR,onehot,3,Survcare319_S16,0,0.006843871902674437
CIP,random,LR,onehot,3,Survcare321_S18,1,0.9999889135360718
CIP,random,LR,onehot,3,Survcare341_S25,1,0.9997023940086365
CIP,random,LR,onehot,3,Survcare350_S44,1,0.5282019376754761
CIP,random,LR,onehot,3,V139_S7_L001,1,0.9999994039535522
CIP,random,LR,onehot,3,V173_S6_L001,0,0.971750020980835
CIP,random,LR,onehot,3,V195_S1_L001,1,0.4441802203655243
CIP,random,LR,onehot,3,V201_S4_L001,1,0.9995927214622498
CIP,random,LR,onehot,3,V215_S2_L001,0,9.441335714654997e-05
CIP,random,LR,onehot,3,V291_S5_L001,1,0.999835729598999
CIP,random,LR,onehot,3,V79_S6_L001,1,0.9820502996444702
CIP,random,LR,onehot,3,V8_S7_L001,0,0.16908864676952362
CIP,random,LR,onehot,3,V9_S1_L001,1,0.9978690147399902
CIP,random,LR,onehot,3,W2RBF-17-090-1_S26,0,0.008343909867107868
CIP,random,LR,onehot,3,W2RBK-17-168-1_S33,1,0.9998691082000732
CIP,random,LR,onehot,3,W2RBK-17-169-1_S34,0,0.9994969367980957
CIP,random,LR,onehot,3,wdh-RBL-17-0431-1_S46,0,0.0003116718726232648
CIP,random,LR,onehot,3,wdh2NRZ-29911a_S31,1,0.05380973964929581
CIP,random,LR,onehot,3,wdhRBF-17-0558-1_S121,0,0.9985498785972595
CIP,random,LR,onehot,3,wdhRBF-17-0564-1_S230,1,0.9999663829803467
CIP,random,LR,onehot,3,WDHRBG-17-001-1_S82,1,0.9942743182182312
CIP,random,LR,onehot,3,WDHRBG-17-005-2_S61,0,7.984261901583523e-05
CIP,random,LR,onehot,3,WDHRBG-17-0256-1_S17,1,0.9988221526145935
CIP,random,LR,onehot,3,wdhRBL-17-0370-1_S232,1,0.9999943971633911
CIP,random,LR,onehot,3,wNRZ-32446_S79,1,0.2899167239665985
CIP,random,LR,onehot,3,wRBF-17-0146-1_S35,1,0.9997884631156921
CIP,random,LR,onehot,3,wRBG-16-026-1_S163,0,0.007975602522492409
CIP,random,LR,onehot,3,wRBG-16-032-1_S142,0,0.00904962606728077
CIP,random,LR,onehot,3,wRBG-17-014-1_S167,0,8.594342943979427e-05
CIP,random,LR,onehot,3,wRBG-17-023-1_S155,0,4.729323700303212e-05
CIP,random,LR,onehot,3,wRBG-17-028-1_S100,0,2.622806277940981e-06
CIP,random,LR,onehot,3,wRBG-17-072-1_S129,0,8.611381781520322e-05
CIP,random,LR,onehot,3,wRBG-17-112-1_S146,0,0.0014736172743141651
CIP,random,LR,onehot,3,wwRBB-16-112-1_S1,1,0.9998230338096619
CIP,random,LR,onehot,3,wwRBF-16-094-1_S13,0,0.00025282471324317157
CIP,random,LR,onehot,3,wwRBF-17-189-1_S32,1,0.999631404876709
CIP,random,LR,onehot,3,wwRBF-17-209-1_S34,1,0.9999529123306274
CIP,random,LR,onehot,3,wwRBK-17-0298-1_S42,1,0.9992788434028625
CIP,random,LR,onehot,3,wwRBL-16-111-1_S16,1,0.9998492002487183
CIP,random,LR,onehot,4,H113_S6_L001,1,0.995097815990448
CIP,random,LR,onehot,4,H130_S2_L001,0,0.00019960367353633046
CIP,random,LR,onehot,4,H148_S4_L001,1,0.9995532631874084
CIP,random,LR,onehot,4,H176_S5_L001,1,0.01736985146999359
CIP,random,LR,onehot,4,H28_S10_L001,0,0.0006768893799744546
CIP,random,LR,onehot,4,H37_S3_L001,1,0.9995993971824646
CIP,random,LR,onehot,4,NNRBG-17-0191-1_S1,0,0.1839451640844345
CIP,random,LR,onehot,4,NNRBG-17-0193-1_S2,0,7.455497552655288e-07
CIP,random,LR,onehot,4,NNRBG-17-0198-1_S4,0,0.9999382495880127
CIP,random,LR,onehot,4,NNRBG-17-0201-1_S6,0,0.999323844909668
CIP,random,LR,onehot,4,NNRBG-17-0227-1_S8,0,6.114964435255388e-06
CIP,random,LR,onehot,4,NNRBG-17-0234-1_S9,0,1.5205751878966112e-05
CIP,random,LR,onehot,4,NNRBG-17-0239-1_S10,0,9.422528819413856e-05
CIP,random,LR,onehot,4,NNRBG-17-0249-1_S13,0,0.006372347474098206
CIP,random,LR,onehot,4,NNRBG-17-0298-1_S19,0,5.708537719328888e-05
CIP,random,LR,onehot,4,NNRBG-17-0382-1_S38,0,0.0009195432066917419
CIP,random,LR,onehot,4,NNSurvcare045_S41,1,0.9999997615814209
CIP,random,LR,onehot,4,RBB-17-011-1_S40,1,0.9971478581428528
CIP,random,LR,onehot,4,RBB-18-0129-1_S179,1,0.996374785900116
CIP,random,LR,onehot,4,RBB-18-0668-1_S188,1,0.9939188957214355
CIP,random,LR,onehot,4,RBB-18-1086-1_S189_2,0,0.0049121486954391
CIP,random,LR,onehot,4,RBBK18-0189-1_S24_L001,1,0.9990953207015991
CIP,random,LR,onehot,4,RBF-17-0178-1_S139,1,0.9998539686203003
CIP,random,LR,onehot,4,RBF-17-0195-1_S141,0,0.9968895316123962
CIP,random,LR,onehot,4,RBF-17-0508-1_S73,0,0.0020951619371771812
CIP,random,LR,onehot,4,RBF-17-0632-1_S97,0,1.0327411473554093e-05
CIP,random,LR,onehot,4,RBF-17-0647-1_S99,0,0.06190221756696701
CIP,random,LR,onehot,4,RBF-17-318-1_S77,1,0.99534672498703
CIP,random,LR,onehot,4,RBF-18-0013-1_S25_L001,0,5.461260116135236e-06
CIP,random,LR,onehot,4,RBF-18-0036-1_S7,0,2.9273802937268556e-08
CIP,random,LR,onehot,4,RBF-18-0055-1_S11,0,0.27455225586891174
CIP,random,LR,onehot,4,RBF-18-0085-1_S21,0,0.0002553341328166425
CIP,random,LR,onehot,4,RBF-18-0086-1_S22,0,5.5000142310746014e-05
CIP,random,LR,onehot,4,RBF-18-0132-1_S26,0,0.0018198529724031687
CIP,random,LR,onehot,4,RBF-18-0174-1_S28,1,0.9718859195709229
CIP,random,LR,onehot,4,RBF-18-0184-1_S30,1,0.9999926090240479
CIP,random,LR,onehot,4,RBF-18-0187-1_S31,1,0.9875330924987793
CIP,random,LR,onehot,4,RBF-18-0194-1_S86,1,0.9504312872886658
CIP,random,LR,onehot,4,RBF-18-0196-1_S46,1,0.9968127608299255
CIP,random,LR,onehot,4,RBF-18-0253-1_S13_L001,1,0.9995540976524353
CIP,random,LR,onehot,4,RBF-18-0333-1_S70,0,0.0004047481925226748
CIP,random,LR,onehot,4,RBF-18-0664-1_S190,0,0.004540534690022469
CIP,random,LR,onehot,4,RBG-17-0269-1_S41,0,0.0890083909034729
CIP,random,LR,onehot,4,RBg-17-123-2_S12,0,0.9982277750968933
CIP,random,LR,onehot,4,RBG-18-0108-1_S16,0,7.3751589297899045e-06
CIP,random,LR,onehot,4,RBG-18-0113-1_S13_L001,0,4.906620688416297e-06
CIP,random,LR,onehot,4,RBG-18-0144-1_S38,0,6.190008571138605e-05
CIP,random,LR,onehot,4,RBG-18-0200-1_S18_L001,1,0.9983003735542297
CIP,random,LR,onehot,4,RBG-18-0202-1_S13_L001,0,0.005074381362646818
CIP,random,LR,onehot,4,RBG-18-0211-1_S35,1,0.0724375918507576
CIP,random,LR,onehot,4,RBG-18-0279-1_S36,1,0.9963359832763672
CIP,random,LR,onehot,4,RBG-18-0352-1_S21_L001,0,0.002862165216356516
CIP,random,LR,onehot,4,RBG-18-0367-1_S57,1,0.9958330988883972
CIP,random,LR,onehot,4,RBG-18-0381-1_S49,0,1.3077240510028787e-05
CIP,random,LR,onehot,4,RBG-18-0383-1_S37,1,0.9999253749847412
CIP,random,LR,onehot,4,RBG-18-0388-1_S21_L001,1,0.9993981122970581
CIP,random,LR,onehot,4,RBG-18-0402-1_S50,1,0.9999592304229736
CIP,random,LR,onehot,4,RBG-18-0437-1_S54,1,0.9632728695869446
CIP,random,LR,onehot,4,RBK-16-073-1_S14,0,0.035448625683784485
CIP,random,LR,onehot,4,RBK-16-124-1_S16,0,0.706365168094635
CIP,random,LR,onehot,4,RBK-17-049-1_S62,1,0.9997672438621521
CIP,random,LR,onehot,4,RBK-17-0655-5_S182,1,0.9955827593803406
CIP,random,LR,onehot,4,RBK-18-0002-1_S38,1,0.00014369958080351353
CIP,random,LR,onehot,4,RBK-18-0020-1_S19,0,0.00017446780111640692
CIP,random,LR,onehot,4,RBK-18-0250-1_S235_2,1,0.8022755980491638
CIP,random,LR,onehot,4,RBL-17-0076-1_S32,1,0.9990392923355103
CIP,random,LR,onehot,4,RBL-17-0116-1_S154,0,3.792898132815026e-05
CIP,random,LR,onehot,4,RBL-17-0133-1_S159,0,4.4262196752242744e-05
CIP,random,LR,onehot,4,RBL-17-0226-1_S41,1,0.9968871474266052
CIP,random,LR,onehot,4,RBL-17-0246-1_S94,0,0.11269130557775497
CIP,random,LR,onehot,4,RBL-17-0263-1_S102,0,2.4295964067277964e-06
CIP,random,LR,onehot,4,RBL-17-0264-1_S103,1,0.9898278713226318
CIP,random,LR,onehot,4,RBL-17-0300-1_S112,0,0.0006246300763450563
CIP,random,LR,onehot,4,RBL-17-0305-1_S49,1,0.9947456121444702
CIP,random,LR,onehot,4,RBL-17-0307-1_S51,1,0.9971478581428528
CIP,random,LR,onehot,4,RBL-17-0368-1_S114,0,6.966174623812549e-06
CIP,random,LR,onehot,4,RBL-17-0375-1_S117,1,0.7839292287826538
CIP,random,LR,onehot,4,RBL-17-0392-1_S69,1,0.9947456121444702
CIP,random,LR,onehot,4,RBL-17-0393-1_S123,0,0.00831825565546751
CIP,random,LR,onehot,4,RBL-17-0402-1_S126,0,5.172359578864416e-06
CIP,random,LR,onehot,4,RBL-17-0411-1_S128,0,1.4202561033016536e-05
CIP,random,LR,onehot,4,RBL-17-0428-1_S70,1,0.9999313354492188
CIP,random,LR,onehot,4,RBL-17-0432-1_S132,1,0.9914183616638184
CIP,random,LR,onehot,4,RBL-17-060-1_S17,1,0.999665379524231
CIP,random,LR,onehot,4,RBL-18-0016-1_S161,0,6.694025159958983e-06
CIP,random,LR,onehot,4,RBL-18-0059-1_S171,1,0.9997135996818542
CIP,random,LR,onehot,4,RBL-18-0500-1_S230_2,1,0.9968950748443604
CIP,random,LR,onehot,4,RBT-17-0003-1_S16,0,1.696669278317131e-05
CIP,random,LR,onehot,4,RBT-17-0019-1_S62,1,1.0
CIP,random,LR,onehot,4,RBT-17-0090-1_S32,0,0.0007382853073067963
CIP,random,LR,onehot,4,RBT-17-0100-1_S36,1,0.9954063892364502
CIP,random,LR,onehot,4,RBT-17-0107-1_S39,0,1.2014699677820317e-05
CIP,random,LR,onehot,4,RBT-17-0109-1_S40,0,0.0007432788261212409
CIP,random,LR,onehot,4,RBT-17-0133-1_S6,1,0.9997034668922424
CIP,random,LR,onehot,4,RBT-17-0149-1_S13,0,3.9056947571225464e-05
CIP,random,LR,onehot,4,RBT-17-0167-1_S27,0,1.969665572687518e-05
CIP,random,LR,onehot,4,RBT-17-0174-1_S64,0,1.4691506294184364e-05
CIP,random,LR,onehot,4,RBT-17-0210-1_S55,0,3.3324283776892116e-06
CIP,random,LR,onehot,4,RBT-17-0219-1_S8,0,0.9927190542221069
CIP,random,LR,onehot,4,RBT-17-0225-1_S9,0,1.6626017895760015e-05
CIP,random,LR,onehot,4,RBT-17-0256-1_S25,0,0.9988910555839539
CIP,random,LR,onehot,4,RBT-17-0287-1_S10,0,3.160709738381229e-08
CIP,random,LR,onehot,4,RBT-17-0295-1_S15,0,1.3798261534248013e-05
CIP,random,LR,onehot,4,RBT-18-0004-1_S51,1,0.9996552467346191
CIP,random,LR,onehot,4,RBT-18-0021-1_S56,1,0.9971478581428528
CIP,random,LR,onehot,4,RBT-18-0064-1_S15,0,0.9935507774353027
CIP,random,LR,onehot,4,RBT-18-0079-1_S16,0,0.00536431884393096
CIP,random,LR,onehot,4,RBT-18-0103-1_S24,0,0.9945321083068848
CIP,random,LR,onehot,4,RBT-18-0164-1_S34,1,0.9941508173942566
CIP,random,LR,onehot,4,RBT-18-0184-1_S38,1,0.9975025057792664
CIP,random,LR,onehot,4,RBT-18-0224-1_S43,0,5.7569741329643875e-05
CIP,random,LR,onehot,4,RBT-18-0263-1_S58,0,2.9942648325231858e-05
CIP,random,LR,onehot,4,RBT-18-0275-1_S63,0,0.001887894468382001
CIP,random,LR,onehot,4,RBT-18-0293-1_S71,0,1.2179346413176972e-05
CIP,random,LR,onehot,4,RBT-18-0303-1_S20,1,0.9033429622650146
CIP,random,LR,onehot,4,RBT-18-0317-1_S27,0,0.005303557496517897
CIP,random,LR,onehot,4,RBT-18-0341-1_S24,1,0.9949821829795837
CIP,random,LR,onehot,4,RBT-18-0360-1_S39,1,0.9024578332901001
CIP,random,LR,onehot,4,RBT-18-0361-1_S38,0,7.497680780943483e-05
CIP,random,LR,onehot,4,RBT-18-0385-1_S34,0,6.979501563364465e-07
CIP,random,LR,onehot,4,ResetH129_S7_L001,1,0.99907386302948
CIP,random,LR,onehot,4,ResetH75_S2_L001,1,0.9995216131210327
CIP,random,LR,onehot,4,ResetH92_S4_L001,1,0.9999067783355713
CIP,random,LR,onehot,4,ResetV105_S1_L001,1,0.2920793890953064
CIP,random,LR,onehot,4,ResetV210_S4_L001,1,0.9999991655349731
CIP,random,LR,onehot,4,ResetV288_S6_L001,1,0.9997527003288269
CIP,random,LR,onehot,4,ResetV76_S7_L001,0,0.01432392280548811
CIP,random,LR,onehot,4,RPG-18-0435-1_S32,0,2.6576157097224495e-07
CIP,random,LR,onehot,4,Survcare129_S1,0,1.2303617950237822e-05
CIP,random,LR,onehot,4,Survcare176_S17_L001,1,0.9997368454933167
CIP,random,LR,onehot,4,Survcare190_S35,0,0.013653797097504139
CIP,random,LR,onehot,4,Survcare234_S3_L001,0,0.0006386872264556587
CIP,random,LR,onehot,4,Survcare236_S5_L001,0,0.004486861638724804
CIP,random,LR,onehot,4,Survcare253_S35,1,0.9998036026954651
CIP,random,LR,onehot,4,Survcare292_S39,1,0.999045193195343
CIP,random,LR,onehot,4,Survcare293_S40,1,0.9986897110939026
CIP,random,LR,onehot,4,Survcare327_S1,1,0.9994161128997803
CIP,random,LR,onehot,4,V111_S3_L001,0,0.8290677070617676
CIP,random,LR,onehot,4,V130_S5_L001,1,1.0
CIP,random,LR,onehot,4,V163_S6_L001,0,0.9994522929191589
CIP,random,LR,onehot,4,V205_S3_L001,1,0.9999382495880127
CIP,random,LR,onehot,4,V271_S13_L001,1,0.9999998807907104
CIP,random,LR,onehot,4,V86_S1_L001,1,0.9991556406021118
CIP,random,LR,onehot,4,V89_S1_L001,0,0.99943608045578
CIP,random,LR,onehot,4,w2RBG-16-037-1_S34,1,0.9994568228721619
CIP,random,LR,onehot,4,wdh-RBB-17-170-1_S16,1,0.99636310338974
CIP,random,LR,onehot,4,wdh-RBF-17-0572-1_S43,0,0.04730837419629097
CIP,random,LR,onehot,4,wdh-Survcare119_S44,0,0.009913505986332893
CIP,random,LR,onehot,4,wdhRBF-18-0048-1_S12_L001,0,0.0001391559635521844
CIP,random,LR,onehot,4,wdhRBF-18-0080-1_S17_L001,0,0.9999234676361084
CIP,random,LR,onehot,4,WDHRBG-16-049-1_S87,1,0.9964075684547424
CIP,random,LR,onehot,4,WDHRBG-16-050-1_S40,1,0.9999635219573975
CIP,random,LR,onehot,4,wRBG-16-034-1_S164,0,1.062144019670086e-05
CIP,random,LR,onehot,4,wRBG-17-021-1_S166,0,0.004254740197211504
CIP,random,LR,onehot,4,wRBG-17-047-1_S153,0,3.683317686409282e-07
CIP,random,LR,onehot,4,wRBG-17-052-1_S120,1,0.8252677917480469
CIP,random,LR,onehot,4,wRBG-17-057-1_S141,0,0.00076998898293823
CIP,random,LR,onehot,4,wRBG-17-081-1_S117,0,0.02015220932662487
CIP,random,LR,onehot,4,wwRBF-17-148-1_S27,0,2.9803397410432808e-05
CIP,random,LR,onehot,4,wwRBF-17-167-1_S31,1,0.9967150688171387
CIP,random,LR,onehot,4,wwRBK-17-075-1_S28,1,0.9973651766777039
CIP,random,SVM,onehot,0,H109_S2_L001,0,0.7514256532733318
CIP,random,SVM,onehot,0,H141_S6_L001,0,0.6816176783777053
CIP,random,SVM,onehot,0,H160_S3_L001,1,0.7591233327932492
CIP,random,SVM,onehot,0,H53_S4_L001,1,0.7743972607107292
CIP,random,SVM,onehot,0,H69_S6_L001,1,0.7668609016653312
CIP,random,SVM,onehot,0,NNRBG-17-0196-1_S3,0,0.13694699715499709
CIP,random,SVM,onehot,0,NNRBG-17-0199-1_S5,1,0.166193436244755
CIP,random,SVM,onehot,0,NNRBG-17-0205-1_S7,1,0.1795906497189802
CIP,random,SVM,onehot,0,NNRBG-17-0243-1_S12,0,0.3668612244697293
CIP,random,SVM,onehot,0,NNRBG-17-0278-1_S16,0,0.30525115182611334
CIP,random,SVM,onehot,0,NNRBG-17-0294-1_S18,0,0.30154627901175085
CIP,random,SVM,onehot,0,NNRBG-17-0308-1_S20,0,0.22075475510796427
CIP,random,SVM,onehot,0,RBB-18-0519-1_S184,1,0.6569094085299653
CIP,random,SVM,onehot,0,RBB-18-0665-1_S23_L001,1,0.7734680657519308
CIP,random,SVM,onehot,0,RBB-18-0674-1_S189,1,0.08077357592454716
CIP,random,SVM,onehot,0,RBB-18-1212-1_S67_2,1,0.6849664021309774
CIP,random,SVM,onehot,0,RBB-18-1393-1_S48,1,0.7991916882787471
CIP,random,SVM,onehot,0,RBB-18-1502-1_S47,0,0.057478744808781936
CIP,random,SVM,onehot,0,RBB-19-0014-1_S44,1,0.1919099733310482
CIP,random,SVM,onehot,0,RBF-10-0240-1_S12_L001,0,0.1704991921402263
CIP,random,SVM,onehot,0,RBF-16-060-1_S22,1,0.7810040908516431
CIP,random,SVM,onehot,0,RBF-17-0194-1_S140,0,0.13506691775854865
CIP,random,SVM,onehot,0,RBF-17-0513-1_S76,0,0.9908910957847205
CIP,random,SVM,onehot,0,RBF-17-0532-1_S80,1,0.8397972488455582
CIP,random,SVM,onehot,0,RBF-17-0572-2_S89,0,0.06731857527863468
CIP,random,SVM,onehot,0,RBF-17-0587-1_S91,0,0.19471446492101918
CIP,random,SVM,onehot,0,RBF-17-0589-1_S92,0,0.2421346703020975
CIP,random,SVM,onehot,0,RBF-17-0630-1_S59,0,0.1165169359363571
CIP,random,SVM,onehot,0,RBF-17-0645-1_S61,0,0.2963485779962075
CIP,random,SVM,onehot,0,RBF-17-0653-1_S101,0,0.065999330268669
CIP,random,SVM,onehot,0,RBF-17-0664-1_S63,0,0.26038906314441035
CIP,random,SVM,onehot,0,RBF-17-067-1_S54,1,0.8185317976009981
CIP,random,SVM,onehot,0,RBF-17-094-1_S56,1,0.7619491147297283
CIP,random,SVM,onehot,0,RBF-17-170-1_S66,1,0.9472638857878953
CIP,random,SVM,onehot,0,RBF-18-0035-1_S6,0,0.11487251966582201
CIP,random,SVM,onehot,0,RBF-18-0068-1_S77,1,0.6937285587975687
CIP,random,SVM,onehot,0,RBF-18-0075-1_S79,1,0.92693261848568
CIP,random,SVM,onehot,0,RBF-18-0087-1_S23,0,0.3957414936659562
CIP,random,SVM,onehot,0,RBF-18-0121-1_S28,1,0.8457787618913731
CIP,random,SVM,onehot,0,RBF-18-0126-1_S31,0,0.10093680206097629
CIP,random,SVM,onehot,0,RBF-18-0173-1_S27,0,0.0897449774722864
CIP,random,SVM,onehot,0,RBF-18-0179-1_S29,0,0.4931301663126791
CIP,random,SVM,onehot,0,RBF-18-0214-1_S51,0,0.13146226952962528
CIP,random,SVM,onehot,0,RBF-18-0227-1_S53,0,0.12764467134947025
CIP,random,SVM,onehot,0,RBF-18-0251-1_S55,0,0.22046062072620087
CIP,random,SVM,onehot,0,RBF-18-0252-1_S56,0,0.40275721298664563
CIP,random,SVM,onehot,0,RBF-18-0282-1_S63,0,0.3028617813616034
CIP,random,SVM,onehot,0,RBF-18-0294-1_S64,0,0.08361091455578969
CIP,random,SVM,onehot,0,RBF-18-0634-1_S183,1,0.8459574353409764
CIP,random,SVM,onehot,0,RBF-18-0714-2_S204_2,1,0.7908094837276044
CIP,random,SVM,onehot,0,RBG-17-013-1_S16,1,0.7430833724227566
CIP,random,SVM,onehot,0,RBG-18-0054-1_S42,0,0.07415288081641558
CIP,random,SVM,onehot,0,RBG-18-0071-1_S44,1,0.7216011790486574
CIP,random,SVM,onehot,0,RBG-18-0072-1_S8,0,0.10156598073363848
CIP,random,SVM,onehot,0,RBG-18-0099-1_S14,1,0.7780113436693941
CIP,random,SVM,onehot,0,RBG-18-0129-1_S15_L001,1,0.9428269838288501
CIP,random,SVM,onehot,0,RBG-18-0140-1_S14_L001,0,0.1633439874235882
CIP,random,SVM,onehot,0,RBG-18-0177-1_S17_L001,1,0.9423164178016828
CIP,random,SVM,onehot,0,RBG-18-0185-1_S40,0,0.15606311973183193
CIP,random,SVM,onehot,0,RBG-18-0191-1_S11_L001,0,0.16156283884037173
CIP,random,SVM,onehot,0,RBG-18-0194-1_S45,0,0.21342269268953568
CIP,random,SVM,onehot,0,RBG-18-0209-2_S46,0,0.0770935470544964
CIP,random,SVM,onehot,0,RBG-18-0221-1_S47,1,0.2086174701726747
CIP,random,SVM,onehot,0,RBG-18-0265-1_S49,0,0.1135847484931769
CIP,random,SVM,onehot,0,RBG-18-0301-1_S53,0,0.18929178559480597
CIP,random,SVM,onehot,0,RBG-18-0347-1_S22_L001,0,0.288885241983038
CIP,random,SVM,onehot,0,RBG-18-0380-1_S48,1,0.7780113436693941
CIP,random,SVM,onehot,0,RBK-16-007-1_S13,1,0.7081963645266778
CIP,random,SVM,onehot,0,RBK-17-0457-1_S6,1,0.7902329573973436
CIP,random,SVM,onehot,0,RBK-17-0492-1_S8,1,0.625593823344121
CIP,random,SVM,onehot,0,RBK-17-0588-1_S24,1,0.8087617622715284
CIP,random,SVM,onehot,0,RBK-18-0077-1_S212,1,0.7773576256758781
CIP,random,SVM,onehot,0,RBL-17-0095-1_S147,0,0.26430401171488926
CIP,random,SVM,onehot,0,RBL-17-0107-1_S150,0,0.29271927163237305
CIP,random,SVM,onehot,0,RBL-17-0123-1_S157,1,0.4614224396977773
CIP,random,SVM,onehot,0,RBL-17-0155-1_S165,1,0.9419125821286264
CIP,random,SVM,onehot,0,RBL-17-0197-1_S173,0,0.5510869082849996
CIP,random,SVM,onehot,0,RBL-17-0244-1_S44,1,0.7699620892370395
CIP,random,SVM,onehot,0,RBL-17-0256-1_S98,0,0.18808613659977258
CIP,random,SVM,onehot,0,RBL-17-0261-1_S100,1,0.02396973919246553
CIP,random,SVM,onehot,0,RBL-17-0274-2_S105,0,0.3120080882431916
CIP,random,SVM,onehot,0,RBL-17-0306-1_S50,1,0.93121942598884
CIP,random,SVM,onehot,0,RBL-17-0332-1_S118,0,0.4137118509470552
CIP,random,SVM,onehot,0,RBL-17-0347-1_S104,0,0.06084623106863789
CIP,random,SVM,onehot,0,RBL-17-0349-1_S105,0,0.4899436273104638
CIP,random,SVM,onehot,0,RBL-17-0434-1_S133,0,0.23490200888320545
CIP,random,SVM,onehot,0,RBL-18-0010-1_S159,0,0.06838563844878072
CIP,random,SVM,onehot,0,RBL-18-0090-1_S48,1,0.7517460473096854
CIP,random,SVM,onehot,0,RBL-18-0343-1_S6,1,0.252602164389829
CIP,random,SVM,onehot,0,RBT-16-0038-1_S11,1,0.6953215426905748
CIP,random,SVM,onehot,0,RBT-17-0008-1_S18,0,0.5515253311431433
CIP,random,SVM,onehot,0,RBT-17-0009-1_S21,1,0.17821742510674918
CIP,random,SVM,onehot,0,RBT-17-0011-1_S19,0,0.1443214807496088
CIP,random,SVM,onehot,0,RBT-17-0022-1_S24,0,0.24147934015470943
CIP,random,SVM,onehot,0,RBT-17-0084-1_S31,0,0.26690076552034997
CIP,random,SVM,onehot,0,RBT-17-0165-1_S60,0,0.5543954304752021
CIP,random,SVM,onehot,0,RBT-17-0251-1_S62,1,0.08111237135532778
CIP,random,SVM,onehot,0,RBT-17-0291-1_S14,1,0.7643349353729797
CIP,random,SVM,onehot,0,RBT-17-0328-1_S16,1,0.948085813104658
CIP,random,SVM,onehot,0,RBT-18-0102-1_S23,0,0.1092145812411092
CIP,random,SVM,onehot,0,RBT-18-0110-1_S27,1,0.7377330062142199
CIP,random,SVM,onehot,0,RBT-18-0113-1_S44,0,0.19482907114335055
CIP,random,SVM,onehot,0,RBT-18-0116-1_S46,1,0.8295988744804622
CIP,random,SVM,onehot,0,RBT-18-0121-1_S28,0,0.0717817090994616
CIP,random,SVM,onehot,0,RBT-18-0133-1_S30,0,0.10055084601424222
CIP,random,SVM,onehot,0,RBT-18-0134-1_S29,0,0.18897810508146648
CIP,random,SVM,onehot,0,RBT-18-0141-1_S32,0,0.1267845662901852
CIP,random,SVM,onehot,0,RBT-18-0146-1_S55,1,0.47224745151286596
CIP,random,SVM,onehot,0,RBT-18-0232-1_S47,0,0.8458655495939509
CIP,random,SVM,onehot,0,RBT-18-0234-1_S15,1,0.9333060183924295
CIP,random,SVM,onehot,0,RBT-18-0259-1_S55,0,0.16904324074011917
CIP,random,SVM,onehot,0,RBT-18-0283-1_S65,0,0.13687434588571984
CIP,random,SVM,onehot,0,RBT-18-0284-1_S66,1,0.6519243327119042
CIP,random,SVM,onehot,0,RBT-18-0339-1_S47,0,0.030930792852805693
CIP,random,SVM,onehot,0,RBT-18-0340-1_S36,0,0.12225615507189794
CIP,random,SVM,onehot,0,RBT-18-0351-1_S48,0,0.2795645379736332
CIP,random,SVM,onehot,0,RBT-18-0364-1_S29,0,0.28677304044011653
CIP,random,SVM,onehot,0,ResetH10_S1_L001,1,0.17246235399194415
CIP,random,SVM,onehot,0,ResetH131_S7_L001,1,0.7637506047240888
CIP,random,SVM,onehot,0,ResetH134_S8_L001,0,0.7574443892808195
CIP,random,SVM,onehot,0,ResetH24a_S3_2_L001,1,0.7538162858378311
CIP,random,SVM,onehot,0,ResetH44_S3_L001,1,0.6717225063516158
CIP,random,SVM,onehot,0,ResetH45_S5_L001,0,0.2568567001312522
CIP,random,SVM,onehot,0,ResetH68_S1_L001,0,0.17361747783817766
CIP,random,SVM,onehot,0,ResetH89_S3_L001,0,0.5321630142176139
CIP,random,SVM,onehot,0,ResetH93_S5_L001,1,0.35178338234168977
CIP,random,SVM,onehot,0,ResetH99_S5_L001,0,0.3537614579551248
CIP,random,SVM,onehot,0,ResetV70_S6_L001,1,0.7937486822694961
CIP,random,SVM,onehot,0,Survcare058_S26,1,0.8722958485464787
CIP,random,SVM,onehot,0,Survcare187_S32,1,0.9287492478301204
CIP,random,SVM,onehot,0,Survcare254_S36,1,0.10997240392727194
CIP,random,SVM,onehot,0,Survcare295_S8_L001,1,0.19567527327074524
CIP,random,SVM,onehot,0,Survcare310_S21_L001,0,0.29328382478755716
CIP,random,SVM,onehot,0,Survcare337_S12,0,0.23073431644070527
CIP,random,SVM,onehot,0,V108_S2_L001,0,0.02510678452253204
CIP,random,SVM,onehot,0,V113_S3_L001,0,0.13112089738635868
CIP,random,SVM,onehot,0,V152_S3_L001,0,0.16953450694808378
CIP,random,SVM,onehot,0,V155_S5_L001,0,0.12156526346442108
CIP,random,SVM,onehot,0,V182_S6_L001,1,0.7875647480118498
CIP,random,SVM,onehot,0,V183_S7_L001,0,0.03294050861414971
CIP,random,SVM,onehot,0,V232_S3_L001,0,0.0735443912736206
CIP,random,SVM,onehot,0,V268_S12_L001,1,0.9342414346156402
CIP,random,SVM,onehot,0,V279_S8_L001,1,0.6319147100613458
CIP,random,SVM,onehot,0,V282_S4_L001,1,0.9646736133985662
CIP,random,SVM,onehot,0,V289_S5_L001,1,0.8068450205377259
CIP,random,SVM,onehot,0,V40_S2_L001,1,0.8973105212271325
CIP,random,SVM,onehot,0,V80_S7_L001,0,0.7743986896200348
CIP,random,SVM,onehot,0,V96_S2_L001,1,0.9140734267324381
CIP,random,SVM,onehot,0,V98_S3_L001,1,0.7263250153648324
CIP,random,SVM,onehot,0,wdhRBF-18-0025-1_S11_L001,0,0.030854114271459582
CIP,random,SVM,onehot,0,wdhRBF-18-0049-1_S13_L001,0,0.02960647067171537
CIP,random,SVM,onehot,0,WDHRBG-16-060-1_S27,0,0.6082837657602006
CIP,random,SVM,onehot,0,WDHRBG-16-062-1_S49,0,0.11643029470898623
CIP,random,SVM,onehot,0,WDHRBG-17-0093-1_S1,1,0.4495046749121444
CIP,random,SVM,onehot,0,WDHRBG-17-122-1_S48,1,0.15200088607716417
CIP,random,SVM,onehot,0,wNRZ-33910_S81,0,0.11719307591860112
CIP,random,SVM,onehot,0,wRBG-17-022-1_S43,1,0.9765850909772511
CIP,random,SVM,onehot,0,wRBG-17-058-1_S130,0,0.1174883731137509
CIP,random,SVM,onehot,0,wRBG-17-082-1_S106,0,0.19498243880347485
CIP,random,SVM,onehot,0,wRBG-17-106-1_S125,0,0.5596756597332557
CIP,random,SVM,onehot,0,wwRBF-16-007-1_S10,1,0.7446945065969897
CIP,random,SVM,onehot,0,wwRBL-17-004-1_S44,1,0.7775053067067683
CIP,random,SVM,onehot,1,H108_S5_L001,0,0.05423941969768239
CIP,random,SVM,onehot,1,H122_S4_L001,1,0.7587360174107758
CIP,random,SVM,onehot,1,H123_S1_L001,1,0.8569103669087205
CIP,random,SVM,onehot,1,H17_S2_L001,1,0.849213214992559
CIP,random,SVM,onehot,1,H38_S4_L001,1,0.8556285019953402
CIP,random,SVM,onehot,1,H66_S1_L001,1,0.8814697889663895
CIP,random,SVM,onehot,1,H83_S7_L001,0,0.0699608534449653
CIP,random,SVM,onehot,1,NNRBG-17-0242-1_S11,0,0.24582765066054874
CIP,random,SVM,onehot,1,NNRBG-17-0378-1_S37,1,0.9535369091232482
CIP,random,SVM,onehot,1,NNRBG-17-0399-1_S40,0,0.21173334043674275
CIP,random,SVM,onehot,1,RBB-18-0490-1_S20_L001,1,0.8497620912180135
CIP,random,SVM,onehot,1,RBB-18-0546-1_S22_L001,1,0.8248745686715379
CIP,random,SVM,onehot,1,RBB-18-0826-1_S193,1,0.6707900672931139
CIP,random,SVM,onehot,1,RBB-18-1312-1_S43,1,0.5689631599148477
CIP,random,SVM,onehot,1,RBB-18-1460-1_S45,1,0.7709263267736587
CIP,random,SVM,onehot,1,RBF-16-0064-1_S136,0,0.1605668613865044
CIP,random,SVM,onehot,1,RBF-16-073-1_S23,1,0.5264558830039062
CIP,random,SVM,onehot,1,RBF-17-0340-1_S81,1,0.7235873312629942
CIP,random,SVM,onehot,1,RBF-17-0438-1_S9,1,0.8024635630748379
CIP,random,SVM,onehot,1,RBF-17-0450-1_S10,1,0.9726129303378056
CIP,random,SVM,onehot,1,RBF-17-0523-1_S30,0,0.1905338194208524
CIP,random,SVM,onehot,1,RBF-17-0532-2_S31,1,0.7814469510261879
CIP,random,SVM,onehot,1,RBF-17-0540-1_S83,0,0.22012099775375044
CIP,random,SVM,onehot,1,RBF-17-0616-1_S96,0,0.18795733858182578
CIP,random,SVM,onehot,1,RBF-17-0635-1_S98,1,0.14826557955320233
CIP,random,SVM,onehot,1,RBF-17-0648-1_S100,0,0.30645207833797217
CIP,random,SVM,onehot,1,RBF-17-186-1_S69,1,0.8024635630748379
CIP,random,SVM,onehot,1,RBF-18-0019-1_S2,1,0.8692908892631782
CIP,random,SVM,onehot,1,RBF-18-0069-1_S78,1,0.9909388753656261
CIP,random,SVM,onehot,1,RBF-18-0072-1_S16,0,0.06541491143421513
CIP,random,SVM,onehot,1,RBF-18-0088-1_S24,1,0.7013233316721371
CIP,random,SVM,onehot,1,RBF-18-0127-1_S32,0,0.07071463742276185
CIP,random,SVM,onehot,1,RBF-18-0139-1_S35,0,0.10377339023744223
CIP,random,SVM,onehot,1,RBF-18-0192-1_S44,0,0.17043471101183827
CIP,random,SVM,onehot,1,RBF-18-0199-1_S47,1,0.6931846707229337
CIP,random,SVM,onehot,1,RBF-18-0201-1_S49,0,0.32671882411337755
CIP,random,SVM,onehot,1,RBF-18-0208-2_S11_L001,0,0.12024471561055651
CIP,random,SVM,onehot,1,RBF-18-0217-1_S54,0,0.08482374725504348
CIP,random,SVM,onehot,1,RBF-18-0338-1_S72,0,0.08814130559849602
CIP,random,SVM,onehot,1,RBF-18-0405-1_S81_2,1,0.7551291480000205
CIP,random,SVM,onehot,1,RBG-18-0012-1_S3,1,0.2708150036405226
CIP,random,SVM,onehot,1,RBG-18-0017-1_S5,1,0.8552802627550621
CIP,random,SVM,onehot,1,RBG-18-0023-1_S2,1,0.3374956705452527
CIP,random,SVM,onehot,1,RBG-18-0025-1_S9_L001,0,0.15482136964291288
CIP,random,SVM,onehot,1,RBG-18-0029-1_S40,0,0.08493704830424831
CIP,random,SVM,onehot,1,RBG-18-0077-1_S9,1,0.804916657806502
CIP,random,SVM,onehot,1,RBG-18-0083-1_S12,0,0.2328333068374302
CIP,random,SVM,onehot,1,RBG-18-0085-1_S11,0,0.1482552495353875
CIP,random,SVM,onehot,1,RBG-18-0153-1_S14,1,0.841161898272595
CIP,random,SVM,onehot,1,RBG-18-0204-1_S23_L001,0,0.254871453612363
CIP,random,SVM,onehot,1,RBG-18-0206-2_S46,1,0.2738544899908567
CIP,random,SVM,onehot,1,RBG-18-0223-1_S2,0,0.04238817818098635
CIP,random,SVM,onehot,1,RBG-18-0280-1_S51,1,0.8687357324916684
CIP,random,SVM,onehot,1,RBG-18-0300-1_S52,0,0.2530065380478377
CIP,random,SVM,onehot,1,RBG-18-0308-1_S54,1,0.9189082871497283
CIP,random,SVM,onehot,1,RBG-18-0355-1_S19_L001,0,0.25623839070082177
CIP,random,SVM,onehot,1,RBG-18-0394-1_S23_L001,0,0.33435932917417843
CIP,random,SVM,onehot,1,RBG-18-0410-1_S12,1,0.6881791588048451
CIP,random,SVM,onehot,1,RBG-18-0417-1_S52,0,0.42379578651424205
CIP,random,SVM,onehot,1,RBK-18-0022-1_S197,0,0.017412522998041316
CIP,random,SVM,onehot,1,RBK-18-0047-1_S20,0,0.06650282622330077
CIP,random,SVM,onehot,1,RBK-18-0062-2_S203,0,0.09363459711831289
CIP,random,SVM,onehot,1,RBk-18-0216-1_S231_2,0,0.1660513212404411
CIP,random,SVM,onehot,1,RBK-18-0236-2_S52_2,1,0.21226736975070953
CIP,random,SVM,onehot,1,RBK-18-0644-1_S180,0,0.14079340874937418
CIP,random,SVM,onehot,1,RBL-17-0118-1_S156,0,0.027499610881198473
CIP,random,SVM,onehot,1,RBL-17-0138-1_S162,0,0.2713078506516972
CIP,random,SVM,onehot,1,RBL-17-0205-1_S175,0,0.09372640545867071
CIP,random,SVM,onehot,1,RBL-17-0242-1_S42,1,0.8046535366997796
CIP,random,SVM,onehot,1,RBL-17-0259-1_S99,0,0.22565819924610067
CIP,random,SVM,onehot,1,RBL-17-0323-1_S115,0,0.32851655147817393
CIP,random,SVM,onehot,1,RBL-17-0324-1_S54,0,0.6973104096174436
CIP,random,SVM,onehot,1,RBL-17-0327-1_S116,0,0.01998004972410744
CIP,random,SVM,onehot,1,RBL-17-0342-1_S103,0,0.45254389200419226
CIP,random,SVM,onehot,1,RBL-17-0350-1_S106,1,0.954957360762257
CIP,random,SVM,onehot,1,RBL-17-0359-1_S66,1,0.9497419621301653
CIP,random,SVM,onehot,1,RBL-17-0365-1_S112,0,0.029600806018855175
CIP,random,SVM,onehot,1,RBL-17-0397-1_S125,0,0.15283276209555255
CIP,random,SVM,onehot,1,RBL-17-0409-1_S127,0,0.1759266611096833
CIP,random,SVM,onehot,1,RBL-17-0429-1_S130,0,0.32672057684782807
CIP,random,SVM,onehot,1,RBL-17-0435-1_S134,0,0.1942757461900308
CIP,random,SVM,onehot,1,RBL-18-0019-1_S41,0,0.13131351483247894
CIP,random,SVM,onehot,1,RBL-18-0021-1_S42,1,0.5741685849818128
CIP,random,SVM,onehot,1,RBL-18-0032-1_S167,0,0.22592048619549165
CIP,random,SVM,onehot,1,RBL-18-0037-1_S168,0,0.10685678473096077
CIP,random,SVM,onehot,1,RBL-18-0048-1_S44,1,0.7212569894418311
CIP,random,SVM,onehot,1,RBL-18-0098-1_S178,1,0.7581171633153458
CIP,random,SVM,onehot,1,RBL-18-0131-1_S188_2,1,0.6757537017177739
CIP,random,SVM,onehot,1,RBL-18-0194-1_S195_2,1,0.9193219317101985
CIP,random,SVM,onehot,1,RBL-18-0242-1_S51,0,0.034815736275009036
CIP,random,SVM,onehot,1,RBT-16-0024-1_S10,1,0.9557883057816489
CIP,random,SVM,onehot,1,RBT-17-0024-1_S23,0,0.060530144425109164
CIP,random,SVM,onehot,1,RBT-17-0027-1_S3,0,0.25238853198793465
CIP,random,SVM,onehot,1,RBT-17-0099-1_S35,1,0.7225001763918705
CIP,random,SVM,onehot,1,RBT-17-0130-1_S27,0,0.16580169775265644
CIP,random,SVM,onehot,1,RBT-17-0138-1_S52,1,0.9152212115517508
CIP,random,SVM,onehot,1,RBT-17-0142-1_S53,0,0.1971590095933098
CIP,random,SVM,onehot,1,RBT-17-0173-1_S63,0,0.20859775532097988
CIP,random,SVM,onehot,1,RBT-17-0177-2_S7,1,0.8963736046630377
CIP,random,SVM,onehot,1,RBT-17-0238-1_S59,0,0.2700556576006631
CIP,random,SVM,onehot,1,RBT-17-0285-1_S66,1,0.6406652200225006
CIP,random,SVM,onehot,1,RBT-18-0023-1_S14,0,0.13074335613216118
CIP,random,SVM,onehot,1,RBT-18-0027-1_S68,0,0.15924453769095626
CIP,random,SVM,onehot,1,RBT-18-0046-1_S2,1,0.7582065230677097
CIP,random,SVM,onehot,1,RBT-18-0052-1_S35,0,0.2866174460556092
CIP,random,SVM,onehot,1,RBT-18-0053-1_S36,1,0.8055496093145492
CIP,random,SVM,onehot,1,RBT-18-0056-1_S37,0,0.16493199710210898
CIP,random,SVM,onehot,1,RBT-18-0071-1_S41,0,0.8931728397130053
CIP,random,SVM,onehot,1,RBT-18-0091-1_S42,0,0.06094379373640493
CIP,random,SVM,onehot,1,RBT-18-0096-1_S20,0,0.28239703799108895
CIP,random,SVM,onehot,1,RBT-18-0129-1_S52,0,0.35019754372849554
CIP,random,SVM,onehot,1,RBT-18-0173-1_S35,1,0.23534174824816065
CIP,random,SVM,onehot,1,RBT-18-0179-1_S37,0,0.2623690620594271
CIP,random,SVM,onehot,1,RBT-18-0185-1_S39,0,0.4102317324356381
CIP,random,SVM,onehot,1,RBT-18-0205-1_S6,1,0.8393914281142051
CIP,random,SVM,onehot,1,RBT-18-0231-1_S14,0,0.2877604123884842
CIP,random,SVM,onehot,1,RBT-18-0247-1_S16,1,0.7048074025550964
CIP,random,SVM,onehot,1,RBT-18-0278-1_S64,1,0.7652828320809273
CIP,random,SVM,onehot,1,RBT-18-0296-1_S72,1,0.836217453150776
CIP,random,SVM,onehot,1,RBT-18-0308-1_S34,0,0.7720420253259249
CIP,random,SVM,onehot,1,RBT-18-0331-1_S22,0,0.29820410372466444
CIP,random,SVM,onehot,1,RBT-18-0334-1_S23,0,0.12357887057659367
CIP,random,SVM,onehot,1,RBT-18-0363-1_S72,1,0.8475696671960159
CIP,random,SVM,onehot,1,RBT-18-0372-1_S31,1,0.9692874182483792
CIP,random,SVM,onehot,1,RBT-18-0384-1_S40,0,0.20197137981603083
CIP,random,SVM,onehot,1,RBT-18-0392-1_S56,1,0.9511898474505193
CIP,random,SVM,onehot,1,ResetH127_S6_L001,1,0.7907999994196997
CIP,random,SVM,onehot,1,ResetH132_S1_L001,0,0.4191355313819568
CIP,random,SVM,onehot,1,ResetH139_S3_L001,0,0.058495123992257994
CIP,random,SVM,onehot,1,ResetH30_S4_L001,0,0.7748900485665848
CIP,random,SVM,onehot,1,ResetH98_S4_L001,0,0.39060481084629683
CIP,random,SVM,onehot,1,Survcare052_S22,1,0.8544237686508185
CIP,random,SVM,onehot,1,Survcare303_S15_L001,0,0.16593302657139453
CIP,random,SVM,onehot,1,Survcare309_S20_L001,1,0.7229325998008638
CIP,random,SVM,onehot,1,Survcare335_S11,0,0.5149979830555369
CIP,random,SVM,onehot,1,V1_S6_L001,1,0.7647792076651201
CIP,random,SVM,onehot,1,V114_S5_L001,1,0.9113255732731386
CIP,random,SVM,onehot,1,V120_S5_L001,1,0.8210841860100458
CIP,random,SVM,onehot,1,V123_S1_L001,1,0.7050706134237555
CIP,random,SVM,onehot,1,V131_S7_L001,1,0.10069020058941469
CIP,random,SVM,onehot,1,V168_S9_L001,1,0.7370410866947877
CIP,random,SVM,onehot,1,V172_S5_L001,0,0.6490455466270703
CIP,random,SVM,onehot,1,V238_S11_L001,1,0.8720111215068965
CIP,random,SVM,onehot,1,V292_S6_L001,1,0.9607640885412911
CIP,random,SVM,onehot,1,W2RBF-17-133-1_S28,0,0.27947261653719735
CIP,random,SVM,onehot,1,W2RBL-16-018-1_S15,1,0.8121916184806135
CIP,random,SVM,onehot,1,wdh-RBL-17-0361-1_S44,0,0.2565398613859901
CIP,random,SVM,onehot,1,wdhRBF-18-0057_S14_L001,0,0.3480406529180803
CIP,random,SVM,onehot,1,wdhRBF-18-0098-1_S19_L001,0,0.19504880246194928
CIP,random,SVM,onehot,1,wRBG-16-024-1_S152,1,0.8513715533050227
CIP,random,SVM,onehot,1,wRBG-16-027-1_S174,0,0.07280569131525882
CIP,random,SVM,onehot,1,wRBG-17-030-1_S165,0,0.11217837914677378
CIP,random,SVM,onehot,1,wRBG-17-031-1_S154,0,0.021161912235111453
CIP,random,SVM,onehot,1,wRBG-17-034-1_S121,0,0.10624038342864828
CIP,random,SVM,onehot,1,wRBG-17-049-1_S142,0,0.21817320493094206
CIP,random,SVM,onehot,1,wRBG-17-075-1_S96,0,0.35875233527457384
CIP,random,SVM,onehot,1,wRBG-17-110-1_S168,0,0.09416371648321675
CIP,random,SVM,onehot,1,wwRBB-17-031-1_S25,1,0.7715018726171486
CIP,random,SVM,onehot,1,wwRBK-16-023-1_S5,1,0.7691352715720415
CIP,random,SVM,onehot,1,wwRBK-17-0148-1_S37,1,0.8437537855933738
CIP,random,SVM,onehot,1,wwRBK-17-0197-1_S39,1,0.8074106810800816
CIP,random,SVM,onehot,1,wwRBK-17-0278-1_S41,0,0.2980469139858852
CIP,random,SVM,onehot,2,H105_S3_L001,1,0.7921977749457477
CIP,random,SVM,onehot,2,H116_S8_L001,1,0.7444515398982038
CIP,random,SVM,onehot,2,H136_S7_L001,1,0.6550711002566169
CIP,random,SVM,onehot,2,H153_S1_L001,1,0.7734772478300361
CIP,random,SVM,onehot,2,H3_S1_L001,1,0.8372036174334866
CIP,random,SVM,onehot,2,H50_S7_L001,0,0.21200170559470297
CIP,random,SVM,onehot,2,NNRBG-17-0287-1_S17,0,0.1140648149229479
CIP,random,SVM,onehot,2,NNRBG-17-0316-1_S23,1,0.7464673423243213
CIP,random,SVM,onehot,2,NNRBG-17-0329-1_S26,0,0.11189418778907557
CIP,random,SVM,onehot,2,NNRBG-17-0346-1_S30,1,0.9538983448083747
CIP,random,SVM,onehot,2,RBB-17-171-1_S52,1,0.7724141631665213
CIP,random,SVM,onehot,2,RBB-18-0537-1_S21_L001,1,0.7868716154758725
CIP,random,SVM,onehot,2,RBB-18-0765-1_S191,1,0.923659147936584
CIP,random,SVM,onehot,2,RBB-18-0892-1_S80_2,1,0.9881512468274263
CIP,random,SVM,onehot,2,RBB-18-0972-1_S203_2,1,0.9037846065148007
CIP,random,SVM,onehot,2,RBB-18-1406-1_S49,1,0.5807442341347194
CIP,random,SVM,onehot,2,RBB-18-1488-1_S46,1,0.23925290006269828
CIP,random,SVM,onehot,2,RBF-17-0424-1_S15,1,0.9243333786344659
CIP,random,SVM,onehot,2,RBF-17-0489-1_S13,1,0.8072462819345874
CIP,random,SVM,onehot,2,RBF-17-0537-1_S56,1,0.8013154228758952
CIP,random,SVM,onehot,2,RBF-17-0550-1_S84,0,0.8515414960800071
CIP,random,SVM,onehot,2,RBF-17-0614-3_S95,0,0.12011385085039511
CIP,random,SVM,onehot,2,RBF-17-0651-1_S62,1,0.7755112545059875
CIP,random,SVM,onehot,2,RBF-18-0027-1_S5,1,0.7967279533523719
CIP,random,SVM,onehot,2,RBF-18-0064-2_S14,0,0.06323869007627797
CIP,random,SVM,onehot,2,RBF-18-0099-1_S26,0,0.16177288431090525
CIP,random,SVM,onehot,2,RBF-18-0123-1_S25_L001,0,0.2673735984152094
CIP,random,SVM,onehot,2,RBF-18-0160-1_S37,0,0.920764760900689
CIP,random,SVM,onehot,2,RBF-18-0259-1_S33,0,0.30035338174834314
CIP,random,SVM,onehot,2,RBF-18-0280-1_S62,0,0.08240238418922517
CIP,random,SVM,onehot,2,RBF-18-0310-1_S36,0,0.7431544865732884
CIP,random,SVM,onehot,2,RBF-18-0321-1_S69,0,0.33821000395574213
CIP,random,SVM,onehot,2,RBF-18-0339-1_S37,0,0.08770310490835628
CIP,random,SVM,onehot,2,RBF-18-0585-1_S48,1,0.9058409166519239
CIP,random,SVM,onehot,2,RBG-17-0284-1_S59,0,0.4278654634407901
CIP,random,SVM,onehot,2,RBG-17-0351-1_S20_L001,1,0.8810281241785719
CIP,random,SVM,onehot,2,RBG-18-0041-1_S6,1,0.7305437453817203
CIP,random,SVM,onehot,2,RBG-18-0076-1_S10,1,0.931286339793387
CIP,random,SVM,onehot,2,RBG-18-0193-1_S8,0,0.3169185356840241
CIP,random,SVM,onehot,2,RBG-18-0224-1_S24_L001,1,0.917028008245663
CIP,random,SVM,onehot,2,RBG-18-0276-1_S50,1,0.8226661796212646
CIP,random,SVM,onehot,2,RBG-18-0289-1_S37,0,0.46129205095582715
CIP,random,SVM,onehot,2,RBG-18-0391-1_S22_L001,1,0.8787265964302449
CIP,random,SVM,onehot,2,RBG-18-0421-1_S53,1,0.8452840205419181
CIP,random,SVM,onehot,2,RBK-17-0601-1_S25,1,0.782178053788791
CIP,random,SVM,onehot,2,RBK-17-0612-1_S27,1,0.7886537887123654
CIP,random,SVM,onehot,2,RBK-18-0038-1_S200,0,0.06939369751851363
CIP,random,SVM,onehot,2,RBK-18-0060-1_S22,0,0.4124654704494148
CIP,random,SVM,onehot,2,RBK-18-0080-1_S205,1,0.6848004161825673
CIP,random,SVM,onehot,2,RBK-18-0104-1_S206,0,0.009261830687624352
CIP,random,SVM,onehot,2,RBK-18-0414-1_S59,0,0.024871040718605294
CIP,random,SVM,onehot,2,RBL-17-0090-1_S145,0,0.10951890005043753
CIP,random,SVM,onehot,2,RBL-17-0093-1_S146,0,0.42309246387697647
CIP,random,SVM,onehot,2,RBL-17-0101-1_S148,0,0.15971866671080778
CIP,random,SVM,onehot,2,RBL-17-0108-1_S151,0,0.4285893534230392
CIP,random,SVM,onehot,2,RBL-17-0129-1_S158,0,0.11534675139544978
CIP,random,SVM,onehot,2,RBL-17-0159-1_S166,0,0.3615902027171133
CIP,random,SVM,onehot,2,RBL-17-0165-1_S167,0,0.8660418433782695
CIP,random,SVM,onehot,2,RBL-17-0189-1_S172,0,0.03967966844555234
CIP,random,SVM,onehot,2,RBL-17-0232-1_S91,0,0.38321444205926214
CIP,random,SVM,onehot,2,RBL-17-0235-1_S92,0,0.37083915129271877
CIP,random,SVM,onehot,2,RBL-17-0267-1_S104,0,0.1340157977284681
CIP,random,SVM,onehot,2,RBL-17-0328-1_S117,0,0.2500943433095732
CIP,random,SVM,onehot,2,RBL-17-0366-1_S113,1,0.8155002944900831
CIP,random,SVM,onehot,2,RBL-17-0383-1_S119,0,0.10164072660237
CIP,random,SVM,onehot,2,RBL-17-0390-1_S121,0,0.1367276494875766
CIP,random,SVM,onehot,2,RBL-17-0391-1_S122,0,0.8382972494713415
CIP,random,SVM,onehot,2,RBL-17-0395-1_S124,0,0.24315836331412477
CIP,random,SVM,onehot,2,RBL-17-075-1_S18,1,0.5211907413433298
CIP,random,SVM,onehot,2,RBL-18-0076-1_S47,1,0.7658693729628621
CIP,random,SVM,onehot,2,RBL-18-0085-1_S176,0,0.021093532973461653
CIP,random,SVM,onehot,2,RBL-18-0093-1_S49,1,0.7952693254706021
CIP,random,SVM,onehot,2,RBL-18-0467-1_S228_2,1,0.9440789209464084
CIP,random,SVM,onehot,2,RBT-16-0045-1_S58,1,0.7637754891820059
CIP,random,SVM,onehot,2,RBT-17-0033-1_S12,1,0.6857883378929155
CIP,random,SVM,onehot,2,RBT-17-0079-1_S29,0,0.15261920757276257
CIP,random,SVM,onehot,2,RBT-17-0082-1_S30,0,0.2490489085556561
CIP,random,SVM,onehot,2,RBT-17-0097-1_S34,1,0.54623917307409
CIP,random,SVM,onehot,2,RBT-17-0102-1_S37,1,0.7475010680982538
CIP,random,SVM,onehot,2,RBT-17-0113-1_S42,0,0.8468965926243733
CIP,random,SVM,onehot,2,RBT-17-0124-1_S46,0,0.29075263173398747
CIP,random,SVM,onehot,2,RBT-17-0161-1_S57,0,0.1882991019919433
CIP,random,SVM,onehot,2,RBT-17-0163-1_S59,0,0.2519152238647863
CIP,random,SVM,onehot,2,RBT-17-0168-1_S61,0,0.3816441813037444
CIP,random,SVM,onehot,2,RBT-17-0177-1_S65,1,0.7615056814895035
CIP,random,SVM,onehot,2,RBT-17-0178-1_S66,0,0.12262126422748312
CIP,random,SVM,onehot,2,RBT-17-0194-1_S30,0,0.34508022399849936
CIP,random,SVM,onehot,2,RBT-17-0217-1_S7,1,0.9170292854623795
CIP,random,SVM,onehot,2,RBT-17-0239-1_S60,0,0.1452048740966204
CIP,random,SVM,onehot,2,RBT-17-0249-1_S61,1,0.7943367249619049
CIP,random,SVM,onehot,2,RBT-17-0337-1_S19,0,0.2147853389770803
CIP,random,SVM,onehot,2,RBT-18-0030-1_S69,0,0.1350544536525745
CIP,random,SVM,onehot,2,RBT-18-0042-1_S60,0,0.20417765146752392
CIP,random,SVM,onehot,2,RBT-18-0050-1_S34,0,0.16204610154283053
CIP,random,SVM,onehot,2,RBT-18-0057-1_S38,0,0.0948457547162699
CIP,random,SVM,onehot,2,RBT-18-0080-1_S49,1,0.9215563701492427
CIP,random,SVM,onehot,2,RBT-18-0100-1_S21,1,0.8719112184960045
CIP,random,SVM,onehot,2,RBT-18-0120-1_S48,1,0.8711425692432153
CIP,random,SVM,onehot,2,RBT-18-0125-1_S50,0,0.3319442037902509
CIP,random,SVM,onehot,2,RBT-18-0127-1_S51,0,0.21401136710554078
CIP,random,SVM,onehot,2,RBT-18-0181-1_S61,1,0.8653854607954321
CIP,random,SVM,onehot,2,RBT-18-0227-1_S46,1,0.8062689482082894
CIP,random,SVM,onehot,2,RBT-18-0230-1_S45,0,0.11461533949844778
CIP,random,SVM,onehot,2,RBT-18-0241-1_S50,0,0.11828048338041786
CIP,random,SVM,onehot,2,RBT-18-0253-1_S54,0,0.3933061563630964
CIP,random,SVM,onehot,2,RBT-18-0265-1_S59,0,0.14598120621918764
CIP,random,SVM,onehot,2,RBT-18-0271-1_S62,0,0.22439444556135002
CIP,random,SVM,onehot,2,RBT-18-0292-1_S70,0,0.17191245198073038
CIP,random,SVM,onehot,2,RBT-18-0316-1_S43,0,0.28462298072397024
CIP,random,SVM,onehot,2,RBT-18-0325-1_S44,0,0.11121601204008402
CIP,random,SVM,onehot,2,RBT-18-0338-1_S35,0,0.12836438446465284
CIP,random,SVM,onehot,2,RBT-18-0358-1_S28,0,0.18281963584682978
CIP,random,SVM,onehot,2,RBT-18-0368-1_S32,0,0.16242493279284845
CIP,random,SVM,onehot,2,RBT-18-0370-1_S33,0,0.0478614993827538
CIP,random,SVM,onehot,2,RBT-18-0401-1_S43,1,0.6075671840511426
CIP,random,SVM,onehot,2,ResetH1_S1_L001,1,0.7211920958907051
CIP,random,SVM,onehot,2,ResetH115_S6_L001,1,0.8531577628192544
CIP,random,SVM,onehot,2,ResetV143_S2_L001,1,0.2846569968187582
CIP,random,SVM,onehot,2,ResetV74_S7_L001,1,0.9235297397606766
CIP,random,SVM,onehot,2,Survcare0111_S29,0,0.6551818581886268
CIP,random,SVM,onehot,2,Survcare133_S25,0,0.2521548079393578
CIP,random,SVM,onehot,2,Survcare134_S26,0,0.24201239076088746
CIP,random,SVM,onehot,2,Survcare140_S4_L001,0,0.2566427977992149
CIP,random,SVM,onehot,2,Survcare221_S7_L001,0,0.0873687453123084
CIP,random,SVM,onehot,2,Survcare230_S17_L001,1,0.9584268030539577
CIP,random,SVM,onehot,2,Survcare278_S62,1,0.904736291725708
CIP,random,SVM,onehot,2,Survcare289_S36,1,0.8327956046477284
CIP,random,SVM,onehot,2,Survcare291_S38,0,0.15566536523522606
CIP,random,SVM,onehot,2,Survcare313_S24_L001,0,0.6016614460646648
CIP,random,SVM,onehot,2,Survcare317_S5_L001,1,0.6900932479607861
CIP,random,SVM,onehot,2,Survcare318_S20_L001,0,0.33169065803789255
CIP,random,SVM,onehot,2,Survcare329_S3,1,0.6017532182051941
CIP,random,SVM,onehot,2,Survcare334_S10,0,0.14942811772155212
CIP,random,SVM,onehot,2,Survcare360_S84,1,0.7018655521079555
CIP,random,SVM,onehot,2,V116_S6_L001,1,0.7802245439306897
CIP,random,SVM,onehot,2,V153_S4_L001,0,0.19365903212987884
CIP,random,SVM,onehot,2,V158_S4_L001,0,0.4696698106944739
CIP,random,SVM,onehot,2,V177_S6_L001,1,0.4884801032338752
CIP,random,SVM,onehot,2,V228_S8_L001,0,0.5541032179854648
CIP,random,SVM,onehot,2,V229_S10_L001,0,0.5677308362171428
CIP,random,SVM,onehot,2,V283_S5_L001,1,0.7138344117400055
CIP,random,SVM,onehot,2,V295_S7_L001,1,0.9143974596286656
CIP,random,SVM,onehot,2,V41_S2_L001,1,0.6932113643213496
CIP,random,SVM,onehot,2,V64_S3_L001,1,0.900269368343155
CIP,random,SVM,onehot,2,V71_S4_L001,1,0.8735038333853931
CIP,random,SVM,onehot,2,V73_S5_L001,1,0.9151393407827945
CIP,random,SVM,onehot,2,wdh-RBB-16-025-1_S20,1,0.9427439253251717
CIP,random,SVM,onehot,2,wdhRBF-10-0002-1_S10_L001,1,0.8769565152608634
CIP,random,SVM,onehot,2,wdhRBF-17-0567-1_S122,0,0.1288340344021062
CIP,random,SVM,onehot,2,wdhRBF-18-0059-1_S15_L001,0,0.0290305137046377
CIP,random,SVM,onehot,2,wdhRBF-18-0081-1_S18_L001,0,0.6991115351384215
CIP,random,SVM,onehot,2,WDHRBG-17-008-1_S83,0,0.8776511421218417
CIP,random,SVM,onehot,2,WDHRBG-17-121-1_S46,0,0.034296355009203784
CIP,random,SVM,onehot,2,wRBG-16-033-1_S153,0,0.4694142362667127
CIP,random,SVM,onehot,2,wRBG-17-025-1_S133,0,0.2102737162209277
CIP,random,SVM,onehot,2,wRBG-17-055-1_S163,1,0.7462916944585936
CIP,random,SVM,onehot,2,wRBG-17-073-1_S118,0,0.09544466149073669
CIP,random,SVM,onehot,2,wRBG-17-100-1_S104,1,0.756822442135189
CIP,random,SVM,onehot,2,wRBG-17-102-1_S169,0,0.05211675126962612
CIP,random,SVM,onehot,2,wwRBF-17-251-1_S33,1,0.9451421638424004
CIP,random,SVM,onehot,2,wwRBK-17-0148-2_S38,1,0.7836729413661652
CIP,random,SVM,onehot,2,WWSurvcare043_S43,1,0.963319221059884
CIP,random,SVM,onehot,3,H100_S2_L001,0,0.15181873324058626
CIP,random,SVM,onehot,3,H119_S7_L001,1,0.9301537810737806
CIP,random,SVM,onehot,3,H154_S2_L001,1,0.7458798896367219
CIP,random,SVM,onehot,3,H157_S3_L001,0,0.8550960565641125
CIP,random,SVM,onehot,3,H162_S4_L001,1,0.8555022610669
CIP,random,SVM,onehot,3,H164_S3_L001,1,0.7278360239585074
CIP,random,SVM,onehot,3,H51_S5_L001,1,0.8136510035967146
CIP,random,SVM,onehot,3,H71_S1_L001,1,0.8843765031811596
CIP,random,SVM,onehot,3,H86_S1_L001,1,0.27321082286644793
CIP,random,SVM,onehot,3,NNRBG-17-0255-1_S14,1,0.145376837748035
CIP,random,SVM,onehot,3,NNRBG-17-0319-1_S24,0,0.21379040327143312
CIP,random,SVM,onehot,3,NNRBG-17-0328-1_S25,0,0.24908714122601072
CIP,random,SVM,onehot,3,RBB-18-0772-1_S192,1,0.5687839984015648
CIP,random,SVM,onehot,3,RBB-18-1309-1_S42,1,0.6905489076942107
CIP,random,SVM,onehot,3,RBF-16-004-1_S18,1,0.694550117062355
CIP,random,SVM,onehot,3,RBF-17-0164-1_S137,0,0.2688832253757849
CIP,random,SVM,onehot,3,RBF-17-0173-1_S138,0,0.21729734873935383
CIP,random,SVM,onehot,3,RBF-17-0467-1_S12,1,0.8104317113711005
CIP,random,SVM,onehot,3,RBF-17-0509-1_S74,0,0.5790566376521582
CIP,random,SVM,onehot,3,RBF-17-0520-2_S55,1,0.784308166825007
CIP,random,SVM,onehot,3,RBF-17-0521-1_S78,1,0.8377079276826223
CIP,random,SVM,onehot,3,RBF-17-0538-1_S82,0,0.15383448463031638
CIP,random,SVM,onehot,3,RBF-17-0553-1_S85,1,0.8056031912304814
CIP,random,SVM,onehot,3,RBF-17-0602-1_S93,0,0.1410171139973597
CIP,random,SVM,onehot,3,RBF-17-0605-1_S94,0,0.3133672058556897
CIP,random,SVM,onehot,3,RBF-17-266-1_S70,0,0.21617229275917865
CIP,random,SVM,onehot,3,RBF-17-277-1_S73,1,0.5481320415102959
CIP,random,SVM,onehot,3,RBF-18-0066-1_S15,0,0.25332708193106845
CIP,random,SVM,onehot,3,RBF-18-0093-1_S80,1,0.8761994648803997
CIP,random,SVM,onehot,3,RBF-18-0125-1_S30,0,0.6439054220071152
CIP,random,SVM,onehot,3,RBF-18-0135-1_S34,1,0.7311975226299832
CIP,random,SVM,onehot,3,RBF-18-0147-1_S36,0,0.4354485890914406
CIP,random,SVM,onehot,3,RBF-18-0151-1_S83,1,0.5757967550978225
CIP,random,SVM,onehot,3,RBF-18-0163-2_S39,0,0.38567616593498477
CIP,random,SVM,onehot,3,RBF-18-0172-1_S40,1,0.7020111967666528
CIP,random,SVM,onehot,3,RBF-18-0200-1_S48,0,0.2051703704327761
CIP,random,SVM,onehot,3,RBF-18-0277-1_S61,1,0.8031341016405263
CIP,random,SVM,onehot,3,RBF-18-0296-1_S17,0,0.6867231847747214
CIP,random,SVM,onehot,3,RBG-17-0383-1_S44,1,0.4722835790789554
CIP,random,SVM,onehot,3,RBG-18-0004-1_S1,1,0.814325453549362
CIP,random,SVM,onehot,3,RBG-18-0055-1_S43,1,0.8536997704853816
CIP,random,SVM,onehot,3,RBG-18-0166-1_S10_L001,0,0.1512991512782355
CIP,random,SVM,onehot,3,RBG-18-0170-1_S41,0,0.053276864997171255
CIP,random,SVM,onehot,3,RBG-18-0239-1_S4,0,0.1427756029036467
CIP,random,SVM,onehot,3,RBG-18-0256-1_S8_L001,0,0.0491830335011798
CIP,random,SVM,onehot,3,RBG-18-0312-1_S55,1,0.7875748376185712
CIP,random,SVM,onehot,3,RBG-18-0358-1_S39,0,0.31556573728997234
CIP,random,SVM,onehot,3,RBK-16-079-1_S15,0,0.2689071988934127
CIP,random,SVM,onehot,3,RBK-17-0595-1_S187,0,0.30338642637006474
CIP,random,SVM,onehot,3,RBK-18-0005-1_S18,0,0.09311554093728017
CIP,random,SVM,onehot,3,RBK-18-0019-1_S195,0,0.1867284950048584
CIP,random,SVM,onehot,3,RBK-18-0037-1_S199,0,0.7060778593807236
CIP,random,SVM,onehot,3,RBKk-18-0108-1_S201,1,0.8300516263234474
CIP,random,SVM,onehot,3,RBL-17-0104-1_S149,0,0.22116251077889074
CIP,random,SVM,onehot,3,RBL-17-0113-1_S153,1,0.9073830770920851
CIP,random,SVM,onehot,3,RBL-17-0117-1_S155,0,0.36782982497635436
CIP,random,SVM,onehot,3,RBL-17-0135-1_S160,0,0.2390373351379835
CIP,random,SVM,onehot,3,RBL-17-0136-1_S161,0,0.10914701802760006
CIP,random,SVM,onehot,3,RBL-17-0144-1_S163,1,0.18859686045074164
CIP,random,SVM,onehot,3,RBL-17-0172-1_S170,0,0.23658060879541898
CIP,random,SVM,onehot,3,RBL-17-0199-1_S174,1,0.7916971301603232
CIP,random,SVM,onehot,3,RBL-17-0217-1_S176,0,0.46378613858922657
CIP,random,SVM,onehot,3,RBL-17-0283-1_S27,0,0.2368785537119188
CIP,random,SVM,onehot,3,RBL-17-0320-1_S114,1,0.8970743918736307
CIP,random,SVM,onehot,3,RBL-17-0340-1_S102,0,0.2268509477135944
CIP,random,SVM,onehot,3,RBL-17-0360-1_S108,0,0.2578219274237602
CIP,random,SVM,onehot,3,RBL-17-0374-1_S116,0,0.27504617510471097
CIP,random,SVM,onehot,3,RBL-18-0002-1_S158,0,0.10282338275457063
CIP,random,SVM,onehot,3,RBL-18-0022-1_S43,0,0.1707054287690071
CIP,random,SVM,onehot,3,RBL-18-0055-1_S170,0,0.032969001922541465
CIP,random,SVM,onehot,3,RBL-18-0066-1_S173,0,0.3502745945760342
CIP,random,SVM,onehot,3,RBT-17-0023-1_S25,1,0.621758493919458
CIP,random,SVM,onehot,3,RBT-17-0039-1_S28,0,0.32355147630205044
CIP,random,SVM,onehot,3,RBT-17-0112-1_S41,0,0.222543865804383
CIP,random,SVM,onehot,3,RBT-17-0118-1_S45,0,0.5490640576258607
CIP,random,SVM,onehot,3,RBT-17-0150-1_S54,0,0.23728124222234215
CIP,random,SVM,onehot,3,RBT-17-0156-1_S56,1,0.9135050565093474
CIP,random,SVM,onehot,3,RBT-17-0183-1_S67,0,0.47198679655964887
CIP,random,SVM,onehot,3,RBT-17-0188-1_S68,0,0.511753577065607
CIP,random,SVM,onehot,3,RBT-17-0228-1_S10,0,0.5337366697155557
CIP,random,SVM,onehot,3,RBT-17-0232-1_S58,1,0.6366084365665828
CIP,random,SVM,onehot,3,RBT-17-0243-1_S11,0,0.23541369486370836
CIP,random,SVM,onehot,3,RBT-17-0270-1_S65,1,0.8538097235930378
CIP,random,SVM,onehot,3,RBT-17-0279-1_S12,0,0.3544255951650725
CIP,random,SVM,onehot,3,RBT-17-0339-1_S20,1,0.8452831610254333
CIP,random,SVM,onehot,3,RBT-18-0017-1_S67,0,0.15924272722614602
CIP,random,SVM,onehot,3,RBT-18-0045-1_S70,1,0.27535013997678875
CIP,random,SVM,onehot,3,RBT-18-0066-1_S40,0,0.2385923775560995
CIP,random,SVM,onehot,3,RBT-18-0095-1_S19,0,0.31796314541011356
CIP,random,SVM,onehot,3,RBT-18-0101-1_S22,0,0.304438900299016
CIP,random,SVM,onehot,3,RBT-18-0115-1_S45,0,0.14758393559934938
CIP,random,SVM,onehot,3,RBT-18-0122-1_S63,1,0.4438175391685183
CIP,random,SVM,onehot,3,RBT-18-0197-1_S40,0,0.05968117543270374
CIP,random,SVM,onehot,3,RBT-18-0236-1_S48,1,0.750041917145162
CIP,random,SVM,onehot,3,RBT-18-0246-1_S52,0,0.07876275759718793
CIP,random,SVM,onehot,3,RBT-18-0251-1_S7,0,0.7882697509551665
CIP,random,SVM,onehot,3,RBT-18-0252-1_S53,1,0.6907348825398109
CIP,random,SVM,onehot,3,RBT-18-0269-1_S61,0,0.13106175173665469
CIP,random,SVM,onehot,3,RBT-18-0288-1_S68,1,0.7990369286200655
CIP,random,SVM,onehot,3,RBT-18-0324-1_S57,1,0.8855708188010842
CIP,random,SVM,onehot,3,RBT-18-0335-1_S41,1,0.8644555693796068
CIP,random,SVM,onehot,3,RBT-18-0337-1_S46,0,0.8076008990227663
CIP,random,SVM,onehot,3,RBT-18-0357-1_S27,0,0.16649489941175327
CIP,random,SVM,onehot,3,RBT-18-0365-1_S30,0,0.14870571075625463
CIP,random,SVM,onehot,3,RBT-18-0377-1_S1,0,0.5049827011292793
CIP,random,SVM,onehot,3,RBT-18-0391-1_S35,1,0.82354483326127
CIP,random,SVM,onehot,3,ResetH152_S4_L001,1,0.7256768635936763
CIP,random,SVM,onehot,3,ResetH16_S2_L001,1,0.5819991978972094
CIP,random,SVM,onehot,3,ResetH49b_S6_L001,0,0.3260466385396455
CIP,random,SVM,onehot,3,ResetH63_S7_L001,1,0.814325453549362
CIP,random,SVM,onehot,3,ResetH8_S2_L001,0,0.6289593441055358
CIP,random,SVM,onehot,3,ResetV161_S3_L001,1,0.936822683219692
CIP,random,SVM,onehot,3,ResetV260_S5_L001,1,0.818313361164134
CIP,random,SVM,onehot,3,ResetV63_S5_L001,1,0.8264634397061306
CIP,random,SVM,onehot,3,Survcare0114_S37,1,0.8040664709660891
CIP,random,SVM,onehot,3,Survcare104_S16_L001,1,0.534652257320581
CIP,random,SVM,onehot,3,Survcare125_S25,0,0.1908957253054307
CIP,random,SVM,onehot,3,Survcare130_S2,0,0.23913192649326723
CIP,random,SVM,onehot,3,Survcare184_S19,0,0.2352770634818992
CIP,random,SVM,onehot,3,Survcare244_S9_L001,0,0.15150901152433915
CIP,random,SVM,onehot,3,Survcare262_S23_L001,1,0.0941105722305188
CIP,random,SVM,onehot,3,Survcare265_S20,0,0.3372214533467566
CIP,random,SVM,onehot,3,Survcare275_S38,0,0.218656583621671
CIP,random,SVM,onehot,3,Survcare319_S16,0,0.20499925498197788
CIP,random,SVM,onehot,3,Survcare321_S18,1,0.8920483518627802
CIP,random,SVM,onehot,3,Survcare341_S25,1,0.8344574539823929
CIP,random,SVM,onehot,3,Survcare350_S44,1,0.4652129070027337
CIP,random,SVM,onehot,3,V139_S7_L001,1,0.9244925657834953
CIP,random,SVM,onehot,3,V173_S6_L001,0,0.7329573323289514
CIP,random,SVM,onehot,3,V195_S1_L001,1,0.5842403546928765
CIP,random,SVM,onehot,3,V201_S4_L001,1,0.7556912375818035
CIP,random,SVM,onehot,3,V215_S2_L001,0,0.2380901449042253
CIP,random,SVM,onehot,3,V291_S5_L001,1,0.8254263666805283
CIP,random,SVM,onehot,3,V79_S6_L001,1,0.6964419290236736
CIP,random,SVM,onehot,3,V8_S7_L001,0,0.3654062560410167
CIP,random,SVM,onehot,3,V9_S1_L001,1,0.7694630663103079
CIP,random,SVM,onehot,3,W2RBF-17-090-1_S26,0,0.3000629749842453
CIP,random,SVM,onehot,3,W2RBK-17-168-1_S33,1,0.8449346381341566
CIP,random,SVM,onehot,3,W2RBK-17-169-1_S34,0,0.7818477262521456
CIP,random,SVM,onehot,3,wdh-RBL-17-0431-1_S46,0,0.1162607816207478
CIP,random,SVM,onehot,3,wdh2NRZ-29911a_S31,1,0.3767901593151238
CIP,random,SVM,onehot,3,wdhRBF-17-0558-1_S121,0,0.8045390144614811
CIP,random,SVM,onehot,3,wdhRBF-17-0564-1_S230,1,0.8782193737935681
CIP,random,SVM,onehot,3,WDHRBG-17-001-1_S82,1,0.7152687832945778
CIP,random,SVM,onehot,3,WDHRBG-17-005-2_S61,0,0.16841864433727363
CIP,random,SVM,onehot,3,WDHRBG-17-0256-1_S17,1,0.7995357605256314
CIP,random,SVM,onehot,3,wdhRBL-17-0370-1_S232,1,0.8782683042951115
CIP,random,SVM,onehot,3,wNRZ-32446_S79,1,0.6340193749569893
CIP,random,SVM,onehot,3,wRBF-17-0146-1_S35,1,0.8170539504673424
CIP,random,SVM,onehot,3,wRBG-16-026-1_S163,0,0.25947481374094644
CIP,random,SVM,onehot,3,wRBG-16-032-1_S142,0,0.2669796102900133
CIP,random,SVM,onehot,3,wRBG-17-014-1_S167,0,0.08369993308274726
CIP,random,SVM,onehot,3,wRBG-17-023-1_S155,0,0.06016668467345716
CIP,random,SVM,onehot,3,wRBG-17-028-1_S100,0,0.10107155081743437
CIP,random,SVM,onehot,3,wRBG-17-072-1_S129,0,0.05038569327124231
CIP,random,SVM,onehot,3,wRBG-17-112-1_S146,0,0.16834232164310928
CIP,random,SVM,onehot,3,wwRBB-16-112-1_S1,1,0.8292564766595085
CIP,random,SVM,onehot,3,wwRBF-16-094-1_S13,0,0.16585512704388128
CIP,random,SVM,onehot,3,wwRBF-17-189-1_S32,1,0.7987765721821524
CIP,random,SVM,onehot,3,wwRBF-17-209-1_S34,1,0.8512641358970574
CIP,random,SVM,onehot,3,wwRBK-17-0298-1_S42,1,0.7532228333816327
CIP,random,SVM,onehot,3,wwRBL-16-111-1_S16,1,0.791971417382559
CIP,random,SVM,onehot,4,H113_S6_L001,1,0.760476979232205
CIP,random,SVM,onehot,4,H130_S2_L001,0,0.21493547746407546
CIP,random,SVM,onehot,4,H148_S4_L001,1,0.9541833649904112
CIP,random,SVM,onehot,4,H176_S5_L001,1,0.2954212292781699
CIP,random,SVM,onehot,4,H28_S10_L001,0,0.11119066508272654
CIP,random,SVM,onehot,4,H37_S3_L001,1,0.8330188921444995
CIP,random,SVM,onehot,4,NNRBG-17-0191-1_S1,0,0.2076594853763784
CIP,random,SVM,onehot,4,NNRBG-17-0193-1_S2,0,0.04804512273759253
CIP,random,SVM,onehot,4,NNRBG-17-0198-1_S4,0,0.8706087278226259
CIP,random,SVM,onehot,4,NNRBG-17-0201-1_S6,0,0.8871213878872505
CIP,random,SVM,onehot,4,NNRBG-17-0227-1_S8,0,0.0979372391236253
CIP,random,SVM,onehot,4,NNRBG-17-0234-1_S9,0,0.08484249652195326
CIP,random,SVM,onehot,4,NNRBG-17-0239-1_S10,0,0.19084821466143667
CIP,random,SVM,onehot,4,NNRBG-17-0249-1_S13,0,0.0948613574020368
CIP,random,SVM,onehot,4,NNRBG-17-0298-1_S19,0,0.12490222632333892
CIP,random,SVM,onehot,4,NNRBG-17-0382-1_S38,0,0.3482105370493691
CIP,random,SVM,onehot,4,NNSurvcare045_S41,1,0.9504543677303343
CIP,random,SVM,onehot,4,RBB-17-011-1_S40,1,0.780447758565529
CIP,random,SVM,onehot,4,RBB-18-0129-1_S179,1,0.7392790758793089
CIP,random,SVM,onehot,4,RBB-18-0668-1_S188,1,0.7446726173757665
CIP,random,SVM,onehot,4,RBB-18-1086-1_S189_2,0,0.1836441802349076
CIP,random,SVM,onehot,4,RBBK18-0189-1_S24_L001,1,0.7660857321698428
CIP,random,SVM,onehot,4,RBF-17-0178-1_S139,1,0.8968445938968246
CIP,random,SVM,onehot,4,RBF-17-0195-1_S141,0,0.7579446950359661
CIP,random,SVM,onehot,4,RBF-17-0508-1_S73,0,0.29992147938320135
CIP,random,SVM,onehot,4,RBF-17-0632-1_S97,0,0.10135127354268739
CIP,random,SVM,onehot,4,RBF-17-0647-1_S99,0,0.369111535742134
CIP,random,SVM,onehot,4,RBF-17-318-1_S77,1,0.7813179386578142
CIP,random,SVM,onehot,4,RBF-18-0013-1_S25_L001,0,0.08821942673965438
CIP,random,SVM,onehot,4,RBF-18-0036-1_S7,0,0.00889268302048534
CIP,random,SVM,onehot,4,RBF-18-0055-1_S11,0,0.5750999040725239
CIP,random,SVM,onehot,4,RBF-18-0085-1_S21,0,0.14440795213499083
CIP,random,SVM,onehot,4,RBF-18-0086-1_S22,0,0.1292314812401165
CIP,random,SVM,onehot,4,RBF-18-0132-1_S26,0,0.17671638728758596
CIP,random,SVM,onehot,4,RBF-18-0174-1_S28,1,0.5837686546137095
CIP,random,SVM,onehot,4,RBF-18-0184-1_S30,1,0.9375346245454962
CIP,random,SVM,onehot,4,RBF-18-0187-1_S31,1,0.7047476629034091
CIP,random,SVM,onehot,4,RBF-18-0194-1_S86,1,0.7749422904989405
CIP,random,SVM,onehot,4,RBF-18-0196-1_S46,1,0.7837986198798679
CIP,random,SVM,onehot,4,RBF-18-0253-1_S13_L001,1,0.8542785546909244
CIP,random,SVM,onehot,4,RBF-18-0333-1_S70,0,0.13404316051746137
CIP,random,SVM,onehot,4,RBF-18-0664-1_S190,0,0.23984704049077638
CIP,random,SVM,onehot,4,RBG-17-0269-1_S41,0,0.4799106038423458
CIP,random,SVM,onehot,4,RBg-17-123-2_S12,0,0.851982748194994
CIP,random,SVM,onehot,4,RBG-18-0108-1_S16,0,0.09003021336458955
CIP,random,SVM,onehot,4,RBG-18-0113-1_S13_L001,0,0.047828623435258746
CIP,random,SVM,onehot,4,RBG-18-0144-1_S38,0,0.06641537425233794
CIP,random,SVM,onehot,4,RBG-18-0200-1_S18_L001,1,0.8067069412949969
CIP,random,SVM,onehot,4,RBG-18-0202-1_S13_L001,0,0.18808027954745193
CIP,random,SVM,onehot,4,RBG-18-0211-1_S35,1,0.2747736454510586
CIP,random,SVM,onehot,4,RBG-18-0279-1_S36,1,0.7307707489763451
CIP,random,SVM,onehot,4,RBG-18-0352-1_S21_L001,0,0.23929552003804902
CIP,random,SVM,onehot,4,RBG-18-0367-1_S57,1,0.8620424865577196
CIP,random,SVM,onehot,4,RBG-18-0381-1_S49,0,0.11661621075124376
CIP,random,SVM,onehot,4,RBG-18-0383-1_S37,1,0.7722598424245662
CIP,random,SVM,onehot,4,RBG-18-0388-1_S21_L001,1,0.8604120274587015
CIP,random,SVM,onehot,4,RBG-18-0402-1_S50,1,0.9262509579290472
CIP,random,SVM,onehot,4,RBG-18-0437-1_S54,1,0.6381729690649109
CIP,random,SVM,onehot,4,RBK-16-073-1_S14,0,0.3457778229793694
CIP,random,SVM,onehot,4,RBK-16-124-1_S16,0,0.6052790978376441
CIP,random,SVM,onehot,4,RBK-17-049-1_S62,1,0.8630128824332532
CIP,random,SVM,onehot,4,RBK-17-0655-5_S182,1,0.7526942288067969
CIP,random,SVM,onehot,4,RBK-18-0002-1_S38,1,0.21017093363256814
CIP,random,SVM,onehot,4,RBK-18-0020-1_S19,0,0.15736566833417856
CIP,random,SVM,onehot,4,RBK-18-0250-1_S235_2,1,0.3042842219385922
CIP,random,SVM,onehot,4,RBL-17-0076-1_S32,1,0.855491036304477
CIP,random,SVM,onehot,4,RBL-17-0116-1_S154,0,0.07861687945539432
CIP,random,SVM,onehot,4,RBL-17-0133-1_S159,0,0.08641025472419944
CIP,random,SVM,onehot,4,RBL-17-0226-1_S41,1,0.7813671296169954
CIP,random,SVM,onehot,4,RBL-17-0246-1_S94,0,0.3757336918712857
CIP,random,SVM,onehot,4,RBL-17-0263-1_S102,0,0.0450887414326544
CIP,random,SVM,onehot,4,RBL-17-0264-1_S103,1,0.8482596406178611
CIP,random,SVM,onehot,4,RBL-17-0300-1_S112,0,0.08385306271721511
CIP,random,SVM,onehot,4,RBL-17-0305-1_S49,1,0.7538420987208537
CIP,random,SVM,onehot,4,RBL-17-0307-1_S51,1,0.780447758565529
CIP,random,SVM,onehot,4,RBL-17-0368-1_S114,0,0.10604119325397464
CIP,random,SVM,onehot,4,RBL-17-0375-1_S117,1,0.6362630010355249
CIP,random,SVM,onehot,4,RBL-17-0392-1_S69,1,0.7538420987208537
CIP,random,SVM,onehot,4,RBL-17-0393-1_S123,0,0.2608679570079694
CIP,random,SVM,onehot,4,RBL-17-0402-1_S126,0,0.09178571634322455
CIP,random,SVM,onehot,4,RBL-17-0411-1_S128,0,0.05093439017029596
CIP,random,SVM,onehot,4,RBL-17-0428-1_S70,1,0.8004342786933933
CIP,random,SVM,onehot,4,RBL-17-0432-1_S132,1,0.6883598274169267
CIP,random,SVM,onehot,4,RBL-17-060-1_S17,1,0.9539172291466506
CIP,random,SVM,onehot,4,RBL-18-0016-1_S161,0,0.11077850735268412
CIP,random,SVM,onehot,4,RBL-18-0059-1_S171,1,0.8848126105987328
CIP,random,SVM,onehot,4,RBL-18-0500-1_S230_2,1,0.7898465681650453
CIP,random,SVM,onehot,4,RBT-17-0003-1_S16,0,0.12170739811687419
CIP,random,SVM,onehot,4,RBT-17-0019-1_S62,1,0.9658008918104688
CIP,random,SVM,onehot,4,RBT-17-0090-1_S32,0,0.1591069083432773
CIP,random,SVM,onehot,4,RBT-17-0100-1_S36,1,0.7958048684498696
CIP,random,SVM,onehot,4,RBT-17-0107-1_S39,0,0.07219137700760286
CIP,random,SVM,onehot,4,RBT-17-0109-1_S40,0,0.2047544643531857
CIP,random,SVM,onehot,4,RBT-17-0133-1_S6,1,0.8922527609601018
CIP,random,SVM,onehot,4,RBT-17-0149-1_S13,0,0.137905387713442
CIP,random,SVM,onehot,4,RBT-17-0167-1_S27,0,0.07544854746467282
CIP,random,SVM,onehot,4,RBT-17-0174-1_S64,0,0.13342760067332726
CIP,random,SVM,onehot,4,RBT-17-0210-1_S55,0,0.09584624154017159
CIP,random,SVM,onehot,4,RBT-17-0219-1_S8,0,0.8586975233595383
CIP,random,SVM,onehot,4,RBT-17-0225-1_S9,0,0.08960679468188888
CIP,random,SVM,onehot,4,RBT-17-0256-1_S25,0,0.8395729366590486
CIP,random,SVM,onehot,4,RBT-17-0287-1_S10,0,0.026895452467081457
CIP,random,SVM,onehot,4,RBT-17-0295-1_S15,0,0.11762241891039699
CIP,random,SVM,onehot,4,RBT-18-0004-1_S51,1,0.8895719140269158
CIP,random,SVM,onehot,4,RBT-18-0021-1_S56,1,0.780447758565529
CIP,random,SVM,onehot,4,RBT-18-0064-1_S15,0,0.7053338496351355
CIP,random,SVM,onehot,4,RBT-18-0079-1_S16,0,0.36017097089637534
CIP,random,SVM,onehot,4,RBT-18-0103-1_S24,0,0.7962579075048982
CIP,random,SVM,onehot,4,RBT-18-0164-1_S34,1,0.7647118866592224
CIP,random,SVM,onehot,4,RBT-18-0184-1_S38,1,0.8192458090516724
CIP,random,SVM,onehot,4,RBT-18-0224-1_S43,0,0.11025305573172973
CIP,random,SVM,onehot,4,RBT-18-0263-1_S58,0,0.053668544356555
CIP,random,SVM,onehot,4,RBT-18-0275-1_S63,0,0.26313455574471584
CIP,random,SVM,onehot,4,RBT-18-0293-1_S71,0,0.06322669267332114
CIP,random,SVM,onehot,4,RBT-18-0303-1_S20,1,0.6000620512660975
CIP,random,SVM,onehot,4,RBT-18-0317-1_S27,0,0.3131031946071372
CIP,random,SVM,onehot,4,RBT-18-0341-1_S24,1,0.6275395850403506
CIP,random,SVM,onehot,4,RBT-18-0360-1_S39,1,0.5927953091463531
CIP,random,SVM,onehot,4,RBT-18-0361-1_S38,0,0.08924642902897902
CIP,random,SVM,onehot,4,RBT-18-0385-1_S34,0,0.058908730554206264
CIP,random,SVM,onehot,4,ResetH129_S7_L001,1,0.9374695858282899
CIP,random,SVM,onehot,4,ResetH75_S2_L001,1,0.942656136507256
CIP,random,SVM,onehot,4,ResetH92_S4_L001,1,0.9150408169841796
CIP,random,SVM,onehot,4,ResetV105_S1_L001,1,0.5389281226729772
CIP,random,SVM,onehot,4,ResetV210_S4_L001,1,0.9488228745904685
CIP,random,SVM,onehot,4,ResetV288_S6_L001,1,0.8175893755101883
CIP,random,SVM,onehot,4,ResetV76_S7_L001,0,0.44564697087953214
CIP,random,SVM,onehot,4,RPG-18-0435-1_S32,0,0.04436604303947391
CIP,random,SVM,onehot,4,Survcare129_S1,0,0.08766588372035163
CIP,random,SVM,onehot,4,Survcare176_S17_L001,1,0.7662462993130305
CIP,random,SVM,onehot,4,Survcare190_S35,0,0.3049434982070805
CIP,random,SVM,onehot,4,Survcare234_S3_L001,0,0.2242094868167522
CIP,random,SVM,onehot,4,Survcare236_S5_L001,0,0.10891563638643947
CIP,random,SVM,onehot,4,Survcare253_S35,1,0.9192445288032014
CIP,random,SVM,onehot,4,Survcare292_S39,1,0.7110559372247423
CIP,random,SVM,onehot,4,Survcare293_S40,1,0.7362035229849071
CIP,random,SVM,onehot,4,Survcare327_S1,1,0.9444722925267875
CIP,random,SVM,onehot,4,V111_S3_L001,0,0.5332435361760361
CIP,random,SVM,onehot,4,V130_S5_L001,1,0.9802104846128047
CIP,random,SVM,onehot,4,V163_S6_L001,0,0.7089377036837932
CIP,random,SVM,onehot,4,V205_S3_L001,1,0.811990888268358
CIP,random,SVM,onehot,4,V271_S13_L001,1,0.974873607351678
CIP,random,SVM,onehot,4,V86_S1_L001,1,0.7354962340509462
CIP,random,SVM,onehot,4,V89_S1_L001,0,0.7389353241095254
CIP,random,SVM,onehot,4,w2RBG-16-037-1_S34,1,0.7974305536740858
CIP,random,SVM,onehot,4,wdh-RBB-17-170-1_S16,1,0.7749463377103166
CIP,random,SVM,onehot,4,wdh-RBF-17-0572-1_S43,0,0.5011445076035347
CIP,random,SVM,onehot,4,wdh-Survcare119_S44,0,0.39545320124763833
CIP,random,SVM,onehot,4,wdhRBF-18-0048-1_S12_L001,0,0.08729096330823206
CIP,random,SVM,onehot,4,wdhRBF-18-0080-1_S17_L001,0,0.9015173635113339
CIP,random,SVM,onehot,4,WDHRBG-16-049-1_S87,1,0.6297787642425624
CIP,random,SVM,onehot,4,WDHRBG-16-050-1_S40,1,0.9125094022897972
CIP,random,SVM,onehot,4,wRBG-16-034-1_S164,0,0.16549963928456665
CIP,random,SVM,onehot,4,wRBG-17-021-1_S166,0,0.1900100644479134
CIP,random,SVM,onehot,4,wRBG-17-047-1_S153,0,0.044333516627529074
CIP,random,SVM,onehot,4,wRBG-17-052-1_S120,1,0.6296495990058787
CIP,random,SVM,onehot,4,wRBG-17-057-1_S141,0,0.1318257587126845
CIP,random,SVM,onehot,4,wRBG-17-081-1_S117,0,0.13135000524668553
CIP,random,SVM,onehot,4,wwRBF-17-148-1_S27,0,0.13837166184216632
CIP,random,SVM,onehot,4,wwRBF-17-167-1_S31,1,0.739885910478226
CIP,random,SVM,onehot,4,wwRBK-17-075-1_S28,1,0.8029157850352348
CIP,random,RF,onehot,0,H109_S2_L001,0,0.448
CIP,random,RF,onehot,0,H141_S6_L001,0,0.396
CIP,random,RF,onehot,0,H160_S3_L001,1,0.996
CIP,random,RF,onehot,0,H53_S4_L001,1,1.0
CIP,random,RF,onehot,0,H69_S6_L001,1,0.98
CIP,random,RF,onehot,0,NNRBG-17-0196-1_S3,0,0.0
CIP,random,RF,onehot,0,NNRBG-17-0199-1_S5,1,0.0
CIP,random,RF,onehot,0,NNRBG-17-0205-1_S7,1,0.338
CIP,random,RF,onehot,0,NNRBG-17-0243-1_S12,0,0.154
CIP,random,RF,onehot,0,NNRBG-17-0278-1_S16,0,0.106
CIP,random,RF,onehot,0,NNRBG-17-0294-1_S18,0,0.314
CIP,random,RF,onehot,0,NNRBG-17-0308-1_S20,0,0.002
CIP,random,RF,onehot,0,RBB-18-0519-1_S184,1,0.8
CIP,random,RF,onehot,0,RBB-18-0665-1_S23_L001,1,0.966
CIP,random,RF,onehot,0,RBB-18-0674-1_S189,1,0.066
CIP,random,RF,onehot,0,RBB-18-1212-1_S67_2,1,0.998
CIP,random,RF,onehot,0,RBB-18-1393-1_S48,1,0.992
CIP,random,RF,onehot,0,RBB-18-1502-1_S47,0,0.384
CIP,random,RF,onehot,0,RBB-19-0014-1_S44,1,0.222
CIP,random,RF,onehot,0,RBF-10-0240-1_S12_L001,0,0.004
CIP,random,RF,onehot,0,RBF-16-060-1_S22,1,1.0
CIP,random,RF,onehot,0,RBF-17-0194-1_S140,0,0.0
CIP,random,RF,onehot,0,RBF-17-0513-1_S76,0,0.994
CIP,random,RF,onehot,0,RBF-17-0532-1_S80,1,0.96
CIP,random,RF,onehot,0,RBF-17-0572-2_S89,0,0.1
CIP,random,RF,onehot,0,RBF-17-0587-1_S91,0,0.0
CIP,random,RF,onehot,0,RBF-17-0589-1_S92,0,0.008
CIP,random,RF,onehot,0,RBF-17-0630-1_S59,0,0.188
CIP,random,RF,onehot,0,RBF-17-0645-1_S61,0,0.226
CIP,random,RF,onehot,0,RBF-17-0653-1_S101,0,0.018
CIP,random,RF,onehot,0,RBF-17-0664-1_S63,0,0.038
CIP,random,RF,onehot,0,RBF-17-067-1_S54,1,0.998
CIP,random,RF,onehot,0,RBF-17-094-1_S56,1,1.0
CIP,random,RF,onehot,0,RBF-17-170-1_S66,1,0.994
CIP,random,RF,onehot,0,RBF-18-0035-1_S6,0,0.412
CIP,random,RF,onehot,0,RBF-18-0068-1_S77,1,0.99
CIP,random,RF,onehot,0,RBF-18-0075-1_S79,1,1.0
CIP,random,RF,onehot,0,RBF-18-0087-1_S23,0,0.576
CIP,random,RF,onehot,0,RBF-18-0121-1_S28,1,0.94
CIP,random,RF,onehot,0,RBF-18-0126-1_S31,0,0.0
CIP,random,RF,onehot,0,RBF-18-0173-1_S27,0,0.014
CIP,random,RF,onehot,0,RBF-18-0179-1_S29,0,0.45
CIP,random,RF,onehot,0,RBF-18-0214-1_S51,0,0.0
CIP,random,RF,onehot,0,RBF-18-0227-1_S53,0,0.202
CIP,random,RF,onehot,0,RBF-18-0251-1_S55,0,0.02
CIP,random,RF,onehot,0,RBF-18-0252-1_S56,0,0.282
CIP,random,RF,onehot,0,RBF-18-0282-1_S63,0,0.166
CIP,random,RF,onehot,0,RBF-18-0294-1_S64,0,0.008
CIP,random,RF,onehot,0,RBF-18-0634-1_S183,1,0.806
CIP,random,RF,onehot,0,RBF-18-0714-2_S204_2,1,0.994
CIP,random,RF,onehot,0,RBG-17-013-1_S16,1,0.948
CIP,random,RF,onehot,0,RBG-18-0054-1_S42,0,0.074
CIP,random,RF,onehot,0,RBG-18-0071-1_S44,1,0.804
CIP,random,RF,onehot,0,RBG-18-0072-1_S8,0,0.012
CIP,random,RF,onehot,0,RBG-18-0099-1_S14,1,1.0
CIP,random,RF,onehot,0,RBG-18-0129-1_S15_L001,1,1.0
CIP,random,RF,onehot,0,RBG-18-0140-1_S14_L001,0,0.01
CIP,random,RF,onehot,0,RBG-18-0177-1_S17_L001,1,0.998
CIP,random,RF,onehot,0,RBG-18-0185-1_S40,0,0.0
CIP,random,RF,onehot,0,RBG-18-0191-1_S11_L001,0,0.002
CIP,random,RF,onehot,0,RBG-18-0194-1_S45,0,0.326
CIP,random,RF,onehot,0,RBG-18-0209-2_S46,0,0.02
CIP,random,RF,onehot,0,RBG-18-0221-1_S47,1,0.382
CIP,random,RF,onehot,0,RBG-18-0265-1_S49,0,0.014
CIP,random,RF,onehot,0,RBG-18-0301-1_S53,0,0.008
CIP,random,RF,onehot,0,RBG-18-0347-1_S22_L001,0,0.456
CIP,random,RF,onehot,0,RBG-18-0380-1_S48,1,1.0
CIP,random,RF,onehot,0,RBK-16-007-1_S13,1,1.0
CIP,random,RF,onehot,0,RBK-17-0457-1_S6,1,1.0
CIP,random,RF,onehot,0,RBK-17-0492-1_S8,1,1.0
CIP,random,RF,onehot,0,RBK-17-0588-1_S24,1,1.0
CIP,random,RF,onehot,0,RBK-18-0077-1_S212,1,1.0
CIP,random,RF,onehot,0,RBL-17-0095-1_S147,0,0.004
CIP,random,RF,onehot,0,RBL-17-0107-1_S150,0,0.102
CIP,random,RF,onehot,0,RBL-17-0123-1_S157,1,0.636
CIP,random,RF,onehot,0,RBL-17-0155-1_S165,1,0.93
CIP,random,RF,onehot,0,RBL-17-0197-1_S173,0,0.352
CIP,random,RF,onehot,0,RBL-17-0244-1_S44,1,1.0
CIP,random,RF,onehot,0,RBL-17-0256-1_S98,0,0.368
CIP,random,RF,onehot,0,RBL-17-0261-1_S100,1,0.232
CIP,random,RF,onehot,0,RBL-17-0274-2_S105,0,0.398
CIP,random,RF,onehot,0,RBL-17-0306-1_S50,1,0.96
CIP,random,RF,onehot,0,RBL-17-0332-1_S118,0,0.44
CIP,random,RF,onehot,0,RBL-17-0347-1_S104,0,0.02
CIP,random,RF,onehot,0,RBL-17-0349-1_S105,0,0.574
CIP,random,RF,onehot,0,RBL-17-0434-1_S133,0,0.314
CIP,random,RF,onehot,0,RBL-18-0010-1_S159,0,0.246
CIP,random,RF,onehot,0,RBL-18-0090-1_S48,1,1.0
CIP,random,RF,onehot,0,RBL-18-0343-1_S6,1,0.07
CIP,random,RF,onehot,0,RBT-16-0038-1_S11,1,0.958
CIP,random,RF,onehot,0,RBT-17-0008-1_S18,0,0.746
CIP,random,RF,onehot,0,RBT-17-0009-1_S21,1,0.05
CIP,random,RF,onehot,0,RBT-17-0011-1_S19,0,0.0
CIP,random,RF,onehot,0,RBT-17-0022-1_S24,0,0.018
CIP,random,RF,onehot,0,RBT-17-0084-1_S31,0,0.0
CIP,random,RF,onehot,0,RBT-17-0165-1_S60,0,0.36
CIP,random,RF,onehot,0,RBT-17-0251-1_S62,1,0.062
CIP,random,RF,onehot,0,RBT-17-0291-1_S14,1,0.748
CIP,random,RF,onehot,0,RBT-17-0328-1_S16,1,0.996
CIP,random,RF,onehot,0,RBT-18-0102-1_S23,0,0.0
CIP,random,RF,onehot,0,RBT-18-0110-1_S27,1,0.996
CIP,random,RF,onehot,0,RBT-18-0113-1_S44,0,0.0
CIP,random,RF,onehot,0,RBT-18-0116-1_S46,1,0.996
CIP,random,RF,onehot,0,RBT-18-0121-1_S28,0,0.022
CIP,random,RF,onehot,0,RBT-18-0133-1_S30,0,0.002
CIP,random,RF,onehot,0,RBT-18-0134-1_S29,0,0.0
CIP,random,RF,onehot,0,RBT-18-0141-1_S32,0,0.0
CIP,random,RF,onehot,0,RBT-18-0146-1_S55,1,0.732
CIP,random,RF,onehot,0,RBT-18-0232-1_S47,0,0.664
CIP,random,RF,onehot,0,RBT-18-0234-1_S15,1,0.992
CIP,random,RF,onehot,0,RBT-18-0259-1_S55,0,0.312
CIP,random,RF,onehot,0,RBT-18-0283-1_S65,0,0.0
CIP,random,RF,onehot,0,RBT-18-0284-1_S66,1,0.988
CIP,random,RF,onehot,0,RBT-18-0339-1_S47,0,0.036
CIP,random,RF,onehot,0,RBT-18-0340-1_S36,0,0.006
CIP,random,RF,onehot,0,RBT-18-0351-1_S48,0,0.154
CIP,random,RF,onehot,0,RBT-18-0364-1_S29,0,0.534
CIP,random,RF,onehot,0,ResetH10_S1_L001,1,0.342
CIP,random,RF,onehot,0,ResetH131_S7_L001,1,1.0
CIP,random,RF,onehot,0,ResetH134_S8_L001,0,0.294
CIP,random,RF,onehot,0,ResetH24a_S3_2_L001,1,0.984
CIP,random,RF,onehot,0,ResetH44_S3_L001,1,0.222
CIP,random,RF,onehot,0,ResetH45_S5_L001,0,0.032
CIP,random,RF,onehot,0,ResetH68_S1_L001,0,0.0
CIP,random,RF,onehot,0,ResetH89_S3_L001,0,0.292
CIP,random,RF,onehot,0,ResetH93_S5_L001,1,0.204
CIP,random,RF,onehot,0,ResetH99_S5_L001,0,0.508
CIP,random,RF,onehot,0,ResetV70_S6_L001,1,0.988
CIP,random,RF,onehot,0,Survcare058_S26,1,0.986
CIP,random,RF,onehot,0,Survcare187_S32,1,0.98
CIP,random,RF,onehot,0,Survcare254_S36,1,0.064
CIP,random,RF,onehot,0,Survcare295_S8_L001,1,0.278
CIP,random,RF,onehot,0,Survcare310_S21_L001,0,0.24
CIP,random,RF,onehot,0,Survcare337_S12,0,0.228
CIP,random,RF,onehot,0,V108_S2_L001,0,0.404
CIP,random,RF,onehot,0,V113_S3_L001,0,0.344
CIP,random,RF,onehot,0,V152_S3_L001,0,0.016
CIP,random,RF,onehot,0,V155_S5_L001,0,0.186
CIP,random,RF,onehot,0,V182_S6_L001,1,0.984
CIP,random,RF,onehot,0,V183_S7_L001,0,0.384
CIP,random,RF,onehot,0,V232_S3_L001,0,0.02
CIP,random,RF,onehot,0,V268_S12_L001,1,1.0
CIP,random,RF,onehot,0,V279_S8_L001,1,0.848
CIP,random,RF,onehot,0,V282_S4_L001,1,0.988
CIP,random,RF,onehot,0,V289_S5_L001,1,0.972
CIP,random,RF,onehot,0,V40_S2_L001,1,1.0
CIP,random,RF,onehot,0,V80_S7_L001,0,0.382
CIP,random,RF,onehot,0,V96_S2_L001,1,0.972
CIP,random,RF,onehot,0,V98_S3_L001,1,0.984
CIP,random,RF,onehot,0,wdhRBF-18-0025-1_S11_L001,0,0.078
CIP,random,RF,onehot,0,wdhRBF-18-0049-1_S13_L001,0,0.356
CIP,random,RF,onehot,0,WDHRBG-16-060-1_S27,0,0.78
CIP,random,RF,onehot,0,WDHRBG-16-062-1_S49,0,0.0
CIP,random,RF,onehot,0,WDHRBG-17-0093-1_S1,1,0.778
CIP,random,RF,onehot,0,WDHRBG-17-122-1_S48,1,0.602
CIP,random,RF,onehot,0,wNRZ-33910_S81,0,0.414
CIP,random,RF,onehot,0,wRBG-17-022-1_S43,1,0.98
CIP,random,RF,onehot,0,wRBG-17-058-1_S130,0,0.002
CIP,random,RF,onehot,0,wRBG-17-082-1_S106,0,0.168
CIP,random,RF,onehot,0,wRBG-17-106-1_S125,0,0.234
CIP,random,RF,onehot,0,wwRBF-16-007-1_S10,1,1.0
CIP,random,RF,onehot,0,wwRBL-17-004-1_S44,1,1.0
CIP,random,RF,onehot,1,H108_S5_L001,0,0.006
CIP,random,RF,onehot,1,H122_S4_L001,1,0.988
CIP,random,RF,onehot,1,H123_S1_L001,1,0.88
CIP,random,RF,onehot,1,H17_S2_L001,1,0.994
CIP,random,RF,onehot,1,H38_S4_L001,1,0.944
CIP,random,RF,onehot,1,H66_S1_L001,1,0.996
CIP,random,RF,onehot,1,H83_S7_L001,0,0.3
CIP,random,RF,onehot,1,NNRBG-17-0242-1_S11,0,0.164
CIP,random,RF,onehot,1,NNRBG-17-0378-1_S37,1,1.0
CIP,random,RF,onehot,1,NNRBG-17-0399-1_S40,0,0.002
CIP,random,RF,onehot,1,RBB-18-0490-1_S20_L001,1,0.956
CIP,random,RF,onehot,1,RBB-18-0546-1_S22_L001,1,0.972
CIP,random,RF,onehot,1,RBB-18-0826-1_S193,1,0.7
CIP,random,RF,onehot,1,RBB-18-1312-1_S43,1,0.758
CIP,random,RF,onehot,1,RBB-18-1460-1_S45,1,1.0
CIP,random,RF,onehot,1,RBF-16-0064-1_S136,0,0.0
CIP,random,RF,onehot,1,RBF-16-073-1_S23,1,0.708
CIP,random,RF,onehot,1,RBF-17-0340-1_S81,1,0.992
CIP,random,RF,onehot,1,RBF-17-0438-1_S9,1,1.0
CIP,random,RF,onehot,1,RBF-17-0450-1_S10,1,0.922
CIP,random,RF,onehot,1,RBF-17-0523-1_S30,0,0.0
CIP,random,RF,onehot,1,RBF-17-0532-2_S31,1,0.874
CIP,random,RF,onehot,1,RBF-17-0540-1_S83,0,0.002
CIP,random,RF,onehot,1,RBF-17-0616-1_S96,0,0.28
CIP,random,RF,onehot,1,RBF-17-0635-1_S98,1,0.344
CIP,random,RF,onehot,1,RBF-17-0648-1_S100,0,0.354
CIP,random,RF,onehot,1,RBF-17-186-1_S69,1,1.0
CIP,random,RF,onehot,1,RBF-18-0019-1_S2,1,1.0
CIP,random,RF,onehot,1,RBF-18-0069-1_S78,1,0.984
CIP,random,RF,onehot,1,RBF-18-0072-1_S16,0,0.002
CIP,random,RF,onehot,1,RBF-18-0088-1_S24,1,0.904
CIP,random,RF,onehot,1,RBF-18-0127-1_S32,0,0.006
CIP,random,RF,onehot,1,RBF-18-0139-1_S35,0,0.232
CIP,random,RF,onehot,1,RBF-18-0192-1_S44,0,0.166
CIP,random,RF,onehot,1,RBF-18-0199-1_S47,1,0.986
CIP,random,RF,onehot,1,RBF-18-0201-1_S49,0,0.01
CIP,random,RF,onehot,1,RBF-18-0208-2_S11_L001,0,0.13
CIP,random,RF,onehot,1,RBF-18-0217-1_S54,0,0.012
CIP,random,RF,onehot,1,RBF-18-0338-1_S72,0,0.024
CIP,random,RF,onehot,1,RBF-18-0405-1_S81_2,1,0.996
CIP,random,RF,onehot,1,RBG-18-0012-1_S3,1,0.41
CIP,random,RF,onehot,1,RBG-18-0017-1_S5,1,0.968
CIP,random,RF,onehot,1,RBG-18-0023-1_S2,1,0.018
CIP,random,RF,onehot,1,RBG-18-0025-1_S9_L001,0,0.124
CIP,random,RF,onehot,1,RBG-18-0029-1_S40,0,0.016
CIP,random,RF,onehot,1,RBG-18-0077-1_S9,1,0.854
CIP,random,RF,onehot,1,RBG-18-0083-1_S12,0,0.138
CIP,random,RF,onehot,1,RBG-18-0085-1_S11,0,0.264
CIP,random,RF,onehot,1,RBG-18-0153-1_S14,1,1.0
CIP,random,RF,onehot,1,RBG-18-0204-1_S23_L001,0,0.03
CIP,random,RF,onehot,1,RBG-18-0206-2_S46,1,0.02
CIP,random,RF,onehot,1,RBG-18-0223-1_S2,0,0.022
CIP,random,RF,onehot,1,RBG-18-0280-1_S51,1,0.97
CIP,random,RF,onehot,1,RBG-18-0300-1_S52,0,0.0
CIP,random,RF,onehot,1,RBG-18-0308-1_S54,1,0.89
CIP,random,RF,onehot,1,RBG-18-0355-1_S19_L001,0,0.0
CIP,random,RF,onehot,1,RBG-18-0394-1_S23_L001,0,0.048
CIP,random,RF,onehot,1,RBG-18-0410-1_S12,1,1.0
CIP,random,RF,onehot,1,RBG-18-0417-1_S52,0,0.15
CIP,random,RF,onehot,1,RBK-18-0022-1_S197,0,0.264
CIP,random,RF,onehot,1,RBK-18-0047-1_S20,0,0.01
CIP,random,RF,onehot,1,RBK-18-0062-2_S203,0,0.194
CIP,random,RF,onehot,1,RBk-18-0216-1_S231_2,0,0.038
CIP,random,RF,onehot,1,RBK-18-0236-2_S52_2,1,0.114
CIP,random,RF,onehot,1,RBK-18-0644-1_S180,0,0.132
CIP,random,RF,onehot,1,RBL-17-0118-1_S156,0,0.038
CIP,random,RF,onehot,1,RBL-17-0138-1_S162,0,0.012
CIP,random,RF,onehot,1,RBL-17-0205-1_S175,0,0.0
CIP,random,RF,onehot,1,RBL-17-0242-1_S42,1,0.998
CIP,random,RF,onehot,1,RBL-17-0259-1_S99,0,0.292
CIP,random,RF,onehot,1,RBL-17-0323-1_S115,0,0.336
CIP,random,RF,onehot,1,RBL-17-0324-1_S54,0,0.476
CIP,random,RF,onehot,1,RBL-17-0327-1_S116,0,0.016
CIP,random,RF,onehot,1,RBL-17-0342-1_S103,0,0.366
CIP,random,RF,onehot,1,RBL-17-0350-1_S106,1,0.994
CIP,random,RF,onehot,1,RBL-17-0359-1_S66,1,1.0
CIP,random,RF,onehot,1,RBL-17-0365-1_S112,0,0.06
CIP,random,RF,onehot,1,RBL-17-0397-1_S125,0,0.002
CIP,random,RF,onehot,1,RBL-17-0409-1_S127,0,0.032
CIP,random,RF,onehot,1,RBL-17-0429-1_S130,0,0.018
CIP,random,RF,onehot,1,RBL-17-0435-1_S134,0,0.0
CIP,random,RF,onehot,1,RBL-18-0019-1_S41,0,0.016
CIP,random,RF,onehot,1,RBL-18-0021-1_S42,1,0.526
CIP,random,RF,onehot,1,RBL-18-0032-1_S167,0,0.226
CIP,random,RF,onehot,1,RBL-18-0037-1_S168,0,0.198
CIP,random,RF,onehot,1,RBL-18-0048-1_S44,1,0.996
CIP,random,RF,onehot,1,RBL-18-0098-1_S178,1,0.992
CIP,random,RF,onehot,1,RBL-18-0131-1_S188_2,1,0.952
CIP,random,RF,onehot,1,RBL-18-0194-1_S195_2,1,0.998
CIP,random,RF,onehot,1,RBL-18-0242-1_S51,0,0.142
CIP,random,RF,onehot,1,RBT-16-0024-1_S10,1,0.994
CIP,random,RF,onehot,1,RBT-17-0024-1_S23,0,0.0
CIP,random,RF,onehot,1,RBT-17-0027-1_S3,0,0.002
CIP,random,RF,onehot,1,RBT-17-0099-1_S35,1,0.998
CIP,random,RF,onehot,1,RBT-17-0130-1_S27,0,0.386
CIP,random,RF,onehot,1,RBT-17-0138-1_S52,1,0.974
CIP,random,RF,onehot,1,RBT-17-0142-1_S53,0,0.052
CIP,random,RF,onehot,1,RBT-17-0173-1_S63,0,0.0
CIP,random,RF,onehot,1,RBT-17-0177-2_S7,1,0.926
CIP,random,RF,onehot,1,RBT-17-0238-1_S59,0,0.026
CIP,random,RF,onehot,1,RBT-17-0285-1_S66,1,0.968
CIP,random,RF,onehot,1,RBT-18-0023-1_S14,0,0.002
CIP,random,RF,onehot,1,RBT-18-0027-1_S68,0,0.0
CIP,random,RF,onehot,1,RBT-18-0046-1_S2,1,0.866
CIP,random,RF,onehot,1,RBT-18-0052-1_S35,0,0.004
CIP,random,RF,onehot,1,RBT-18-0053-1_S36,1,1.0
CIP,random,RF,onehot,1,RBT-18-0056-1_S37,0,0.006
CIP,random,RF,onehot,1,RBT-18-0071-1_S41,0,0.656
CIP,random,RF,onehot,1,RBT-18-0091-1_S42,0,0.054
CIP,random,RF,onehot,1,RBT-18-0096-1_S20,0,0.026
CIP,random,RF,onehot,1,RBT-18-0129-1_S52,0,0.476
CIP,random,RF,onehot,1,RBT-18-0173-1_S35,1,0.034
CIP,random,RF,onehot,1,RBT-18-0179-1_S37,0,0.122
CIP,random,RF,onehot,1,RBT-18-0185-1_S39,0,0.02
CIP,random,RF,onehot,1,RBT-18-0205-1_S6,1,0.994
CIP,random,RF,onehot,1,RBT-18-0231-1_S14,0,0.036
CIP,random,RF,onehot,1,RBT-18-0247-1_S16,1,0.98
CIP,random,RF,onehot,1,RBT-18-0278-1_S64,1,0.99
CIP,random,RF,onehot,1,RBT-18-0296-1_S72,1,0.99
CIP,random,RF,onehot,1,RBT-18-0308-1_S34,0,0.108
CIP,random,RF,onehot,1,RBT-18-0331-1_S22,0,0.0
CIP,random,RF,onehot,1,RBT-18-0334-1_S23,0,0.012
CIP,random,RF,onehot,1,RBT-18-0363-1_S72,1,0.998
CIP,random,RF,onehot,1,RBT-18-0372-1_S31,1,1.0
CIP,random,RF,onehot,1,RBT-18-0384-1_S40,0,0.0
CIP,random,RF,onehot,1,RBT-18-0392-1_S56,1,1.0
CIP,random,RF,onehot,1,ResetH127_S6_L001,1,1.0
CIP,random,RF,onehot,1,ResetH132_S1_L001,0,0.206
CIP,random,RF,onehot,1,ResetH139_S3_L001,0,0.006
CIP,random,RF,onehot,1,ResetH30_S4_L001,0,0.418
CIP,random,RF,onehot,1,ResetH98_S4_L001,0,0.082
CIP,random,RF,onehot,1,Survcare052_S22,1,0.928
CIP,random,RF,onehot,1,Survcare303_S15_L001,0,0.014
CIP,random,RF,onehot,1,Survcare309_S20_L001,1,0.954
CIP,random,RF,onehot,1,Survcare335_S11,0,0.346
CIP,random,RF,onehot,1,V1_S6_L001,1,0.94
CIP,random,RF,onehot,1,V114_S5_L001,1,0.9
CIP,random,RF,onehot,1,V120_S5_L001,1,1.0
CIP,random,RF,onehot,1,V123_S1_L001,1,0.694
CIP,random,RF,onehot,1,V131_S7_L001,1,0.156
CIP,random,RF,onehot,1,V168_S9_L001,1,0.914
CIP,random,RF,onehot,1,V172_S5_L001,0,0.63
CIP,random,RF,onehot,1,V238_S11_L001,1,0.858
CIP,random,RF,onehot,1,V292_S6_L001,1,0.992
CIP,random,RF,onehot,1,W2RBF-17-133-1_S28,0,0.48
CIP,random,RF,onehot,1,W2RBL-16-018-1_S15,1,0.996
CIP,random,RF,onehot,1,wdh-RBL-17-0361-1_S44,0,0.004
CIP,random,RF,onehot,1,wdhRBF-18-0057_S14_L001,0,0.32
CIP,random,RF,onehot,1,wdhRBF-18-0098-1_S19_L001,0,0.126
CIP,random,RF,onehot,1,wRBG-16-024-1_S152,1,0.796
CIP,random,RF,onehot,1,wRBG-16-027-1_S174,0,0.002
CIP,random,RF,onehot,1,wRBG-17-030-1_S165,0,0.258
CIP,random,RF,onehot,1,wRBG-17-031-1_S154,0,0.046
CIP,random,RF,onehot,1,wRBG-17-034-1_S121,0,0.054
CIP,random,RF,onehot,1,wRBG-17-049-1_S142,0,0.112
CIP,random,RF,onehot,1,wRBG-17-075-1_S96,0,0.21
CIP,random,RF,onehot,1,wRBG-17-110-1_S168,0,0.124
CIP,random,RF,onehot,1,wwRBB-17-031-1_S25,1,0.978
CIP,random,RF,onehot,1,wwRBK-16-023-1_S5,1,0.968
CIP,random,RF,onehot,1,wwRBK-17-0148-1_S37,1,1.0
CIP,random,RF,onehot,1,wwRBK-17-0197-1_S39,1,0.994
CIP,random,RF,onehot,1,wwRBK-17-0278-1_S41,0,0.3
CIP,random,RF,onehot,2,H105_S3_L001,1,1.0
CIP,random,RF,onehot,2,H116_S8_L001,1,0.99
CIP,random,RF,onehot,2,H136_S7_L001,1,0.914
CIP,random,RF,onehot,2,H153_S1_L001,1,0.996
CIP,random,RF,onehot,2,H3_S1_L001,1,0.968
CIP,random,RF,onehot,2,H50_S7_L001,0,0.078
CIP,random,RF,onehot,2,NNRBG-17-0287-1_S17,0,0.276
CIP,random,RF,onehot,2,NNRBG-17-0316-1_S23,1,0.712
CIP,random,RF,onehot,2,NNRBG-17-0329-1_S26,0,0.0
CIP,random,RF,onehot,2,NNRBG-17-0346-1_S30,1,0.998
CIP,random,RF,onehot,2,RBB-17-171-1_S52,1,0.968
CIP,random,RF,onehot,2,RBB-18-0537-1_S21_L001,1,1.0
CIP,random,RF,onehot,2,RBB-18-0765-1_S191,1,0.904
CIP,random,RF,onehot,2,RBB-18-0892-1_S80_2,1,0.996
CIP,random,RF,onehot,2,RBB-18-0972-1_S203_2,1,0.938
CIP,random,RF,onehot,2,RBB-18-1406-1_S49,1,0.974
CIP,random,RF,onehot,2,RBB-18-1488-1_S46,1,0.004
CIP,random,RF,onehot,2,RBF-17-0424-1_S15,1,0.908
CIP,random,RF,onehot,2,RBF-17-0489-1_S13,1,0.998
CIP,random,RF,onehot,2,RBF-17-0537-1_S56,1,1.0
CIP,random,RF,onehot,2,RBF-17-0550-1_S84,0,0.506
CIP,random,RF,onehot,2,RBF-17-0614-3_S95,0,0.006
CIP,random,RF,onehot,2,RBF-17-0651-1_S62,1,0.748
CIP,random,RF,onehot,2,RBF-18-0027-1_S5,1,0.956
CIP,random,RF,onehot,2,RBF-18-0064-2_S14,0,0.008
CIP,random,RF,onehot,2,RBF-18-0099-1_S26,0,0.002
CIP,random,RF,onehot,2,RBF-18-0123-1_S25_L001,0,0.358
CIP,random,RF,onehot,2,RBF-18-0160-1_S37,0,0.744
CIP,random,RF,onehot,2,RBF-18-0259-1_S33,0,0.0
CIP,random,RF,onehot,2,RBF-18-0280-1_S62,0,0.062
CIP,random,RF,onehot,2,RBF-18-0310-1_S36,0,0.528
CIP,random,RF,onehot,2,RBF-18-0321-1_S69,0,0.294
CIP,random,RF,onehot,2,RBF-18-0339-1_S37,0,0.178
CIP,random,RF,onehot,2,RBF-18-0585-1_S48,1,0.998
CIP,random,RF,onehot,2,RBG-17-0284-1_S59,0,0.772
CIP,random,RF,onehot,2,RBG-17-0351-1_S20_L001,1,0.984
CIP,random,RF,onehot,2,RBG-18-0041-1_S6,1,0.81
CIP,random,RF,onehot,2,RBG-18-0076-1_S10,1,0.992
CIP,random,RF,onehot,2,RBG-18-0193-1_S8,0,0.09
CIP,random,RF,onehot,2,RBG-18-0224-1_S24_L001,1,1.0
CIP,random,RF,onehot,2,RBG-18-0276-1_S50,1,0.878
CIP,random,RF,onehot,2,RBG-18-0289-1_S37,0,0.34
CIP,random,RF,onehot,2,RBG-18-0391-1_S22_L001,1,0.996
CIP,random,RF,onehot,2,RBG-18-0421-1_S53,1,1.0
CIP,random,RF,onehot,2,RBK-17-0601-1_S25,1,1.0
CIP,random,RF,onehot,2,RBK-17-0612-1_S27,1,1.0
CIP,random,RF,onehot,2,RBK-18-0038-1_S200,0,0.016
CIP,random,RF,onehot,2,RBK-18-0060-1_S22,0,0.144
CIP,random,RF,onehot,2,RBK-18-0080-1_S205,1,0.668
CIP,random,RF,onehot,2,RBK-18-0104-1_S206,0,0.014
CIP,random,RF,onehot,2,RBK-18-0414-1_S59,0,0.218
CIP,random,RF,onehot,2,RBL-17-0090-1_S145,0,0.02
CIP,random,RF,onehot,2,RBL-17-0093-1_S146,0,0.358
CIP,random,RF,onehot,2,RBL-17-0101-1_S148,0,0.004
CIP,random,RF,onehot,2,RBL-17-0108-1_S151,0,0.02
CIP,random,RF,onehot,2,RBL-17-0129-1_S158,0,0.0
CIP,random,RF,onehot,2,RBL-17-0159-1_S166,0,0.24
CIP,random,RF,onehot,2,RBL-17-0165-1_S167,0,0.474
CIP,random,RF,onehot,2,RBL-17-0189-1_S172,0,0.016
CIP,random,RF,onehot,2,RBL-17-0232-1_S91,0,0.394
CIP,random,RF,onehot,2,RBL-17-0235-1_S92,0,0.006
CIP,random,RF,onehot,2,RBL-17-0267-1_S104,0,0.072
CIP,random,RF,onehot,2,RBL-17-0328-1_S117,0,0.158
CIP,random,RF,onehot,2,RBL-17-0366-1_S113,1,0.996
CIP,random,RF,onehot,2,RBL-17-0383-1_S119,0,0.032
CIP,random,RF,onehot,2,RBL-17-0390-1_S121,0,0.0
CIP,random,RF,onehot,2,RBL-17-0391-1_S122,0,0.774
CIP,random,RF,onehot,2,RBL-17-0395-1_S124,0,0.0
CIP,random,RF,onehot,2,RBL-17-075-1_S18,1,0.984
CIP,random,RF,onehot,2,RBL-18-0076-1_S47,1,0.964
CIP,random,RF,onehot,2,RBL-18-0085-1_S176,0,0.032
CIP,random,RF,onehot,2,RBL-18-0093-1_S49,1,0.998
CIP,random,RF,onehot,2,RBL-18-0467-1_S228_2,1,0.992
CIP,random,RF,onehot,2,RBT-16-0045-1_S58,1,0.39
CIP,random,RF,onehot,2,RBT-17-0033-1_S12,1,0.976
CIP,random,RF,onehot,2,RBT-17-0079-1_S29,0,0.024
CIP,random,RF,onehot,2,RBT-17-0082-1_S30,0,0.004
CIP,random,RF,onehot,2,RBT-17-0097-1_S34,1,0.2
CIP,random,RF,onehot,2,RBT-17-0102-1_S37,1,1.0
CIP,random,RF,onehot,2,RBT-17-0113-1_S42,0,0.29
CIP,random,RF,onehot,2,RBT-17-0124-1_S46,0,0.13
CIP,random,RF,onehot,2,RBT-17-0161-1_S57,0,0.0
CIP,random,RF,onehot,2,RBT-17-0163-1_S59,0,0.0
CIP,random,RF,onehot,2,RBT-17-0168-1_S61,0,0.03
CIP,random,RF,onehot,2,RBT-17-0177-1_S65,1,0.936
CIP,random,RF,onehot,2,RBT-17-0178-1_S66,0,0.006
CIP,random,RF,onehot,2,RBT-17-0194-1_S30,0,0.482
CIP,random,RF,onehot,2,RBT-17-0217-1_S7,1,0.968
CIP,random,RF,onehot,2,RBT-17-0239-1_S60,0,0.002
CIP,random,RF,onehot,2,RBT-17-0249-1_S61,1,1.0
CIP,random,RF,onehot,2,RBT-17-0337-1_S19,0,0.0
CIP,random,RF,onehot,2,RBT-18-0030-1_S69,0,0.02
CIP,random,RF,onehot,2,RBT-18-0042-1_S60,0,0.0
CIP,random,RF,onehot,2,RBT-18-0050-1_S34,0,0.034
CIP,random,RF,onehot,2,RBT-18-0057-1_S38,0,0.248
CIP,random,RF,onehot,2,RBT-18-0080-1_S49,1,0.746
CIP,random,RF,onehot,2,RBT-18-0100-1_S21,1,0.992
CIP,random,RF,onehot,2,RBT-18-0120-1_S48,1,0.99
CIP,random,RF,onehot,2,RBT-18-0125-1_S50,0,0.034
CIP,random,RF,onehot,2,RBT-18-0127-1_S51,0,0.0
CIP,random,RF,onehot,2,RBT-18-0181-1_S61,1,0.75
CIP,random,RF,onehot,2,RBT-18-0227-1_S46,1,1.0
CIP,random,RF,onehot,2,RBT-18-0230-1_S45,0,0.008
CIP,random,RF,onehot,2,RBT-18-0241-1_S50,0,0.024
CIP,random,RF,onehot,2,RBT-18-0253-1_S54,0,0.364
CIP,random,RF,onehot,2,RBT-18-0265-1_S59,0,0.208
CIP,random,RF,onehot,2,RBT-18-0271-1_S62,0,0.0
CIP,random,RF,onehot,2,RBT-18-0292-1_S70,0,0.006
CIP,random,RF,onehot,2,RBT-18-0316-1_S43,0,0.0
CIP,random,RF,onehot,2,RBT-18-0325-1_S44,0,0.182
CIP,random,RF,onehot,2,RBT-18-0338-1_S35,0,0.002
CIP,random,RF,onehot,2,RBT-18-0358-1_S28,0,0.002
CIP,random,RF,onehot,2,RBT-18-0368-1_S32,0,0.002
CIP,random,RF,onehot,2,RBT-18-0370-1_S33,0,0.206
CIP,random,RF,onehot,2,RBT-18-0401-1_S43,1,0.886
CIP,random,RF,onehot,2,ResetH1_S1_L001,1,0.958
CIP,random,RF,onehot,2,ResetH115_S6_L001,1,0.994
CIP,random,RF,onehot,2,ResetV143_S2_L001,1,0.708
CIP,random,RF,onehot,2,ResetV74_S7_L001,1,0.954
CIP,random,RF,onehot,2,Survcare0111_S29,0,0.48
CIP,random,RF,onehot,2,Survcare133_S25,0,0.034
CIP,random,RF,onehot,2,Survcare134_S26,0,0.034
CIP,random,RF,onehot,2,Survcare140_S4_L001,0,0.036
CIP,random,RF,onehot,2,Survcare221_S7_L001,0,0.0
CIP,random,RF,onehot,2,Survcare230_S17_L001,1,0.858
CIP,random,RF,onehot,2,Survcare278_S62,1,0.852
CIP,random,RF,onehot,2,Survcare289_S36,1,0.986
CIP,random,RF,onehot,2,Survcare291_S38,0,0.04
CIP,random,RF,onehot,2,Survcare313_S24_L001,0,0.686
CIP,random,RF,onehot,2,Survcare317_S5_L001,1,0.77
CIP,random,RF,onehot,2,Survcare318_S20_L001,0,0.224
CIP,random,RF,onehot,2,Survcare329_S3,1,0.434
CIP,random,RF,onehot,2,Survcare334_S10,0,0.11
CIP,random,RF,onehot,2,Survcare360_S84,1,0.72
CIP,random,RF,onehot,2,V116_S6_L001,1,0.836
CIP,random,RF,onehot,2,V153_S4_L001,0,0.152
CIP,random,RF,onehot,2,V158_S4_L001,0,0.502
CIP,random,RF,onehot,2,V177_S6_L001,1,0.682
CIP,random,RF,onehot,2,V228_S8_L001,0,0.79
CIP,random,RF,onehot,2,V229_S10_L001,0,0.792
CIP,random,RF,onehot,2,V283_S5_L001,1,0.798
CIP,random,RF,onehot,2,V295_S7_L001,1,1.0
CIP,random,RF,onehot,2,V41_S2_L001,1,0.962
CIP,random,RF,onehot,2,V64_S3_L001,1,0.966
CIP,random,RF,onehot,2,V71_S4_L001,1,0.946
CIP,random,RF,onehot,2,V73_S5_L001,1,0.964
CIP,random,RF,onehot,2,wdh-RBB-16-025-1_S20,1,0.882
CIP,random,RF,onehot,2,wdhRBF-10-0002-1_S10_L001,1,0.974
CIP,random,RF,onehot,2,wdhRBF-17-0567-1_S122,0,0.106
CIP,random,RF,onehot,2,wdhRBF-18-0059-1_S15_L001,0,0.06
CIP,random,RF,onehot,2,wdhRBF-18-0081-1_S18_L001,0,0.23
CIP,random,RF,onehot,2,WDHRBG-17-008-1_S83,0,0.462
CIP,random,RF,onehot,2,WDHRBG-17-121-1_S46,0,0.048
CIP,random,RF,onehot,2,wRBG-16-033-1_S153,0,0.508
CIP,random,RF,onehot,2,wRBG-17-025-1_S133,0,0.02
CIP,random,RF,onehot,2,wRBG-17-055-1_S163,1,0.998
CIP,random,RF,onehot,2,wRBG-17-073-1_S118,0,0.002
CIP,random,RF,onehot,2,wRBG-17-100-1_S104,1,0.962
CIP,random,RF,onehot,2,wRBG-17-102-1_S169,0,0.354
CIP,random,RF,onehot,2,wwRBF-17-251-1_S33,1,0.998
CIP,random,RF,onehot,2,wwRBK-17-0148-2_S38,1,0.996
CIP,random,RF,onehot,2,WWSurvcare043_S43,1,0.96
CIP,random,RF,onehot,3,H100_S2_L001,0,0.002
CIP,random,RF,onehot,3,H119_S7_L001,1,0.93
CIP,random,RF,onehot,3,H154_S2_L001,1,0.998
CIP,random,RF,onehot,3,H157_S3_L001,0,0.91
CIP,random,RF,onehot,3,H162_S4_L001,1,0.986
CIP,random,RF,onehot,3,H164_S3_L001,1,0.992
CIP,random,RF,onehot,3,H51_S5_L001,1,1.0
CIP,random,RF,onehot,3,H71_S1_L001,1,0.982
CIP,random,RF,onehot,3,H86_S1_L001,1,0.004
CIP,random,RF,onehot,3,NNRBG-17-0255-1_S14,1,0.11
CIP,random,RF,onehot,3,NNRBG-17-0319-1_S24,0,0.0
CIP,random,RF,onehot,3,NNRBG-17-0328-1_S25,0,0.002
CIP,random,RF,onehot,3,RBB-18-0772-1_S192,1,0.604
CIP,random,RF,onehot,3,RBB-18-1309-1_S42,1,0.998
CIP,random,RF,onehot,3,RBF-16-004-1_S18,1,0.998
CIP,random,RF,onehot,3,RBF-17-0164-1_S137,0,0.01
CIP,random,RF,onehot,3,RBF-17-0173-1_S138,0,0.034
CIP,random,RF,onehot,3,RBF-17-0467-1_S12,1,0.994
CIP,random,RF,onehot,3,RBF-17-0509-1_S74,0,0.198
CIP,random,RF,onehot,3,RBF-17-0520-2_S55,1,0.886
CIP,random,RF,onehot,3,RBF-17-0521-1_S78,1,0.994
CIP,random,RF,onehot,3,RBF-17-0538-1_S82,0,0.178
CIP,random,RF,onehot,3,RBF-17-0553-1_S85,1,1.0
CIP,random,RF,onehot,3,RBF-17-0602-1_S93,0,0.032
CIP,random,RF,onehot,3,RBF-17-0605-1_S94,0,0.02
CIP,random,RF,onehot,3,RBF-17-266-1_S70,0,0.308
CIP,random,RF,onehot,3,RBF-17-277-1_S73,1,0.914
CIP,random,RF,onehot,3,RBF-18-0066-1_S15,0,0.342
CIP,random,RF,onehot,3,RBF-18-0093-1_S80,1,0.998
CIP,random,RF,onehot,3,RBF-18-0125-1_S30,0,0.228
CIP,random,RF,onehot,3,RBF-18-0135-1_S34,1,0.978
CIP,random,RF,onehot,3,RBF-18-0147-1_S36,0,0.382
CIP,random,RF,onehot,3,RBF-18-0151-1_S83,1,0.59
CIP,random,RF,onehot,3,RBF-18-0163-2_S39,0,0.302
CIP,random,RF,onehot,3,RBF-18-0172-1_S40,1,0.942
CIP,random,RF,onehot,3,RBF-18-0200-1_S48,0,0.002
CIP,random,RF,onehot,3,RBF-18-0277-1_S61,1,1.0
CIP,random,RF,onehot,3,RBF-18-0296-1_S17,0,0.618
CIP,random,RF,onehot,3,RBG-17-0383-1_S44,1,0.2
CIP,random,RF,onehot,3,RBG-18-0004-1_S1,1,1.0
CIP,random,RF,onehot,3,RBG-18-0055-1_S43,1,0.94
CIP,random,RF,onehot,3,RBG-18-0166-1_S10_L001,0,0.0
CIP,random,RF,onehot,3,RBG-18-0170-1_S41,0,0.0
CIP,random,RF,onehot,3,RBG-18-0239-1_S4,0,0.01
CIP,random,RF,onehot,3,RBG-18-0256-1_S8_L001,0,0.006
CIP,random,RF,onehot,3,RBG-18-0312-1_S55,1,0.984
CIP,random,RF,onehot,3,RBG-18-0358-1_S39,0,0.116
CIP,random,RF,onehot,3,RBK-16-079-1_S15,0,0.008
CIP,random,RF,onehot,3,RBK-17-0595-1_S187,0,0.196
CIP,random,RF,onehot,3,RBK-18-0005-1_S18,0,0.048
CIP,random,RF,onehot,3,RBK-18-0019-1_S195,0,0.0
CIP,random,RF,onehot,3,RBK-18-0037-1_S199,0,0.596
CIP,random,RF,onehot,3,RBKk-18-0108-1_S201,1,1.0
CIP,random,RF,onehot,3,RBL-17-0104-1_S149,0,0.352
CIP,random,RF,onehot,3,RBL-17-0113-1_S153,1,1.0
CIP,random,RF,onehot,3,RBL-17-0117-1_S155,0,0.296
CIP,random,RF,onehot,3,RBL-17-0135-1_S160,0,0.0
CIP,random,RF,onehot,3,RBL-17-0136-1_S161,0,0.032
CIP,random,RF,onehot,3,RBL-17-0144-1_S163,1,0.254
CIP,random,RF,onehot,3,RBL-17-0172-1_S170,0,0.004
CIP,random,RF,onehot,3,RBL-17-0199-1_S174,1,1.0
CIP,random,RF,onehot,3,RBL-17-0217-1_S176,0,0.28
CIP,random,RF,onehot,3,RBL-17-0283-1_S27,0,0.002
CIP,random,RF,onehot,3,RBL-17-0320-1_S114,1,0.996
CIP,random,RF,onehot,3,RBL-17-0340-1_S102,0,0.044
CIP,random,RF,onehot,3,RBL-17-0360-1_S108,0,0.288
CIP,random,RF,onehot,3,RBL-17-0374-1_S116,0,0.006
CIP,random,RF,onehot,3,RBL-18-0002-1_S158,0,0.022
CIP,random,RF,onehot,3,RBL-18-0022-1_S43,0,0.004
CIP,random,RF,onehot,3,RBL-18-0055-1_S170,0,0.084
CIP,random,RF,onehot,3,RBL-18-0066-1_S173,0,0.33
CIP,random,RF,onehot,3,RBT-17-0023-1_S25,1,0.952
CIP,random,RF,onehot,3,RBT-17-0039-1_S28,0,0.036
CIP,random,RF,onehot,3,RBT-17-0112-1_S41,0,0.038
CIP,random,RF,onehot,3,RBT-17-0118-1_S45,0,0.366
CIP,random,RF,onehot,3,RBT-17-0150-1_S54,0,0.0
CIP,random,RF,onehot,3,RBT-17-0156-1_S56,1,0.946
CIP,random,RF,onehot,3,RBT-17-0183-1_S67,0,0.268
CIP,random,RF,onehot,3,RBT-17-0188-1_S68,0,0.278
CIP,random,RF,onehot,3,RBT-17-0228-1_S10,0,0.328
CIP,random,RF,onehot,3,RBT-17-0232-1_S58,1,0.622
CIP,random,RF,onehot,3,RBT-17-0243-1_S11,0,0.0
CIP,random,RF,onehot,3,RBT-17-0270-1_S65,1,0.994
CIP,random,RF,onehot,3,RBT-17-0279-1_S12,0,0.128
CIP,random,RF,onehot,3,RBT-17-0339-1_S20,1,0.998
CIP,random,RF,onehot,3,RBT-18-0017-1_S67,0,0.0
CIP,random,RF,onehot,3,RBT-18-0045-1_S70,1,0.312
CIP,random,RF,onehot,3,RBT-18-0066-1_S40,0,0.002
CIP,random,RF,onehot,3,RBT-18-0095-1_S19,0,0.002
CIP,random,RF,onehot,3,RBT-18-0101-1_S22,0,0.384
CIP,random,RF,onehot,3,RBT-18-0115-1_S45,0,0.02
CIP,random,RF,onehot,3,RBT-18-0122-1_S63,1,0.57
CIP,random,RF,onehot,3,RBT-18-0197-1_S40,0,0.002
CIP,random,RF,onehot,3,RBT-18-0236-1_S48,1,0.994
CIP,random,RF,onehot,3,RBT-18-0246-1_S52,0,0.066
CIP,random,RF,onehot,3,RBT-18-0251-1_S7,0,0.21
CIP,random,RF,onehot,3,RBT-18-0252-1_S53,1,0.838
CIP,random,RF,onehot,3,RBT-18-0269-1_S61,0,0.008
CIP,random,RF,onehot,3,RBT-18-0288-1_S68,1,0.996
CIP,random,RF,onehot,3,RBT-18-0324-1_S57,1,1.0
CIP,random,RF,onehot,3,RBT-18-0335-1_S41,1,0.994
CIP,random,RF,onehot,3,RBT-18-0337-1_S46,0,0.992
CIP,random,RF,onehot,3,RBT-18-0357-1_S27,0,0.0
CIP,random,RF,onehot,3,RBT-18-0365-1_S30,0,0.124
CIP,random,RF,onehot,3,RBT-18-0377-1_S1,0,0.694
CIP,random,RF,onehot,3,RBT-18-0391-1_S35,1,1.0
CIP,random,RF,onehot,3,ResetH152_S4_L001,1,0.992
CIP,random,RF,onehot,3,ResetH16_S2_L001,1,0.862
CIP,random,RF,onehot,3,ResetH49b_S6_L001,0,0.014
CIP,random,RF,onehot,3,ResetH63_S7_L001,1,1.0
CIP,random,RF,onehot,3,ResetH8_S2_L001,0,0.38
CIP,random,RF,onehot,3,ResetV161_S3_L001,1,0.536
CIP,random,RF,onehot,3,ResetV260_S5_L001,1,1.0
CIP,random,RF,onehot,3,ResetV63_S5_L001,1,0.938
CIP,random,RF,onehot,3,Survcare0114_S37,1,0.978
CIP,random,RF,onehot,3,Survcare104_S16_L001,1,0.38
CIP,random,RF,onehot,3,Survcare125_S25,0,0.094
CIP,random,RF,onehot,3,Survcare130_S2,0,0.0
CIP,random,RF,onehot,3,Survcare184_S19,0,0.06
CIP,random,RF,onehot,3,Survcare244_S9_L001,0,0.404
CIP,random,RF,onehot,3,Survcare262_S23_L001,1,0.378
CIP,random,RF,onehot,3,Survcare265_S20,0,0.062
CIP,random,RF,onehot,3,Survcare275_S38,0,0.052
CIP,random,RF,onehot,3,Survcare319_S16,0,0.28
CIP,random,RF,onehot,3,Survcare321_S18,1,0.984
CIP,random,RF,onehot,3,Survcare341_S25,1,0.998
CIP,random,RF,onehot,3,Survcare350_S44,1,0.266
CIP,random,RF,onehot,3,V139_S7_L001,1,0.996
CIP,random,RF,onehot,3,V173_S6_L001,0,0.498
CIP,random,RF,onehot,3,V195_S1_L001,1,0.292
CIP,random,RF,onehot,3,V201_S4_L001,1,0.928
CIP,random,RF,onehot,3,V215_S2_L001,0,0.26
CIP,random,RF,onehot,3,V291_S5_L001,1,1.0
CIP,random,RF,onehot,3,V79_S6_L001,1,0.572
CIP,random,RF,onehot,3,V8_S7_L001,0,0.424
CIP,random,RF,onehot,3,V9_S1_L001,1,0.986
CIP,random,RF,onehot,3,W2RBF-17-090-1_S26,0,0.386
CIP,random,RF,onehot,3,W2RBK-17-168-1_S33,1,0.996
CIP,random,RF,onehot,3,W2RBK-17-169-1_S34,0,0.986
CIP,random,RF,onehot,3,wdh-RBL-17-0431-1_S46,0,0.116
CIP,random,RF,onehot,3,wdh2NRZ-29911a_S31,1,0.288
CIP,random,RF,onehot,3,wdhRBF-17-0558-1_S121,0,0.718
CIP,random,RF,onehot,3,wdhRBF-17-0564-1_S230,1,0.994
CIP,random,RF,onehot,3,WDHRBG-17-001-1_S82,1,0.994
CIP,random,RF,onehot,3,WDHRBG-17-005-2_S61,0,0.004
CIP,random,RF,onehot,3,WDHRBG-17-0256-1_S17,1,0.836
CIP,random,RF,onehot,3,wdhRBL-17-0370-1_S232,1,0.992
CIP,random,RF,onehot,3,wNRZ-32446_S79,1,0.62
CIP,random,RF,onehot,3,wRBF-17-0146-1_S35,1,1.0
CIP,random,RF,onehot,3,wRBG-16-026-1_S163,0,0.034
CIP,random,RF,onehot,3,wRBG-16-032-1_S142,0,0.002
CIP,random,RF,onehot,3,wRBG-17-014-1_S167,0,0.112
CIP,random,RF,onehot,3,wRBG-17-023-1_S155,0,0.046
CIP,random,RF,onehot,3,wRBG-17-028-1_S100,0,0.014
CIP,random,RF,onehot,3,wRBG-17-072-1_S129,0,0.008
CIP,random,RF,onehot,3,wRBG-17-112-1_S146,0,0.07
CIP,random,RF,onehot,3,wwRBB-16-112-1_S1,1,1.0
CIP,random,RF,onehot,3,wwRBF-16-094-1_S13,0,0.008
CIP,random,RF,onehot,3,wwRBF-17-189-1_S32,1,0.986
CIP,random,RF,onehot,3,wwRBF-17-209-1_S34,1,1.0
CIP,random,RF,onehot,3,wwRBK-17-0298-1_S42,1,0.996
CIP,random,RF,onehot,3,wwRBL-16-111-1_S16,1,0.924
CIP,random,RF,onehot,4,H113_S6_L001,1,0.722
CIP,random,RF,onehot,4,H130_S2_L001,0,0.008
CIP,random,RF,onehot,4,H148_S4_L001,1,0.966
CIP,random,RF,onehot,4,H176_S5_L001,1,0.276
CIP,random,RF,onehot,4,H28_S10_L001,0,0.312
CIP,random,RF,onehot,4,H37_S3_L001,1,1.0
CIP,random,RF,onehot,4,NNRBG-17-0191-1_S1,0,0.158
CIP,random,RF,onehot,4,NNRBG-17-0193-1_S2,0,0.002
CIP,random,RF,onehot,4,NNRBG-17-0198-1_S4,0,0.954
CIP,random,RF,onehot,4,NNRBG-17-0201-1_S6,0,0.56
CIP,random,RF,onehot,4,NNRBG-17-0227-1_S8,0,0.0
CIP,random,RF,onehot,4,NNRBG-17-0234-1_S9,0,0.036
CIP,random,RF,onehot,4,NNRBG-17-0239-1_S10,0,0.0
CIP,random,RF,onehot,4,NNRBG-17-0249-1_S13,0,0.034
CIP,random,RF,onehot,4,NNRBG-17-0298-1_S19,0,0.004
CIP,random,RF,onehot,4,NNRBG-17-0382-1_S38,0,0.454
CIP,random,RF,onehot,4,NNSurvcare045_S41,1,0.978
CIP,random,RF,onehot,4,RBB-17-011-1_S40,1,1.0
CIP,random,RF,onehot,4,RBB-18-0129-1_S179,1,0.946
CIP,random,RF,onehot,4,RBB-18-0668-1_S188,1,1.0
CIP,random,RF,onehot,4,RBB-18-1086-1_S189_2,0,0.388
CIP,random,RF,onehot,4,RBBK18-0189-1_S24_L001,1,0.994
CIP,random,RF,onehot,4,RBF-17-0178-1_S139,1,0.998
CIP,random,RF,onehot,4,RBF-17-0195-1_S141,0,0.592
CIP,random,RF,onehot,4,RBF-17-0508-1_S73,0,0.002
CIP,random,RF,onehot,4,RBF-17-0632-1_S97,0,0.0
CIP,random,RF,onehot,4,RBF-17-0647-1_S99,0,0.086
CIP,random,RF,onehot,4,RBF-17-318-1_S77,1,0.974
CIP,random,RF,onehot,4,RBF-18-0013-1_S25_L001,0,0.0
CIP,random,RF,onehot,4,RBF-18-0036-1_S7,0,0.028
CIP,random,RF,onehot,4,RBF-18-0055-1_S11,0,0.286
CIP,random,RF,onehot,4,RBF-18-0085-1_S21,0,0.018
CIP,random,RF,onehot,4,RBF-18-0086-1_S22,0,0.052
CIP,random,RF,onehot,4,RBF-18-0132-1_S26,0,0.142
CIP,random,RF,onehot,4,RBF-18-0174-1_S28,1,0.98
CIP,random,RF,onehot,4,RBF-18-0184-1_S30,1,0.93
CIP,random,RF,onehot,4,RBF-18-0187-1_S31,1,0.99
CIP,random,RF,onehot,4,RBF-18-0194-1_S86,1,0.978
CIP,random,RF,onehot,4,RBF-18-0196-1_S46,1,0.998
CIP,random,RF,onehot,4,RBF-18-0253-1_S13_L001,1,0.612
CIP,random,RF,onehot,4,RBF-18-0333-1_S70,0,0.128
CIP,random,RF,onehot,4,RBF-18-0664-1_S190,0,0.048
CIP,random,RF,onehot,4,RBG-17-0269-1_S41,0,0.27
CIP,random,RF,onehot,4,RBg-17-123-2_S12,0,0.444
CIP,random,RF,onehot,4,RBG-18-0108-1_S16,0,0.0
CIP,random,RF,onehot,4,RBG-18-0113-1_S13_L001,0,0.014
CIP,random,RF,onehot,4,RBG-18-0144-1_S38,0,0.01
CIP,random,RF,onehot,4,RBG-18-0200-1_S18_L001,1,1.0
CIP,random,RF,onehot,4,RBG-18-0202-1_S13_L001,0,0.364
CIP,random,RF,onehot,4,RBG-18-0211-1_S35,1,0.398
CIP,random,RF,onehot,4,RBG-18-0279-1_S36,1,1.0
CIP,random,RF,onehot,4,RBG-18-0352-1_S21_L001,0,0.134
CIP,random,RF,onehot,4,RBG-18-0367-1_S57,1,0.668
CIP,random,RF,onehot,4,RBG-18-0381-1_S49,0,0.0
CIP,random,RF,onehot,4,RBG-18-0383-1_S37,1,0.986
CIP,random,RF,onehot,4,RBG-18-0388-1_S21_L001,1,1.0
CIP,random,RF,onehot,4,RBG-18-0402-1_S50,1,0.822
CIP,random,RF,onehot,4,RBG-18-0437-1_S54,1,0.976
CIP,random,RF,onehot,4,RBK-16-073-1_S14,0,0.046
CIP,random,RF,onehot,4,RBK-16-124-1_S16,0,0.556
CIP,random,RF,onehot,4,RBK-17-049-1_S62,1,0.994
CIP,random,RF,onehot,4,RBK-17-0655-5_S182,1,0.996
CIP,random,RF,onehot,4,RBK-18-0002-1_S38,1,0.0
CIP,random,RF,onehot,4,RBK-18-0020-1_S19,0,0.05
CIP,random,RF,onehot,4,RBK-18-0250-1_S235_2,1,0.866
CIP,random,RF,onehot,4,RBL-17-0076-1_S32,1,0.722
CIP,random,RF,onehot,4,RBL-17-0116-1_S154,0,0.0
CIP,random,RF,onehot,4,RBL-17-0133-1_S159,0,0.0
CIP,random,RF,onehot,4,RBL-17-0226-1_S41,1,1.0
CIP,random,RF,onehot,4,RBL-17-0246-1_S94,0,0.58
CIP,random,RF,onehot,4,RBL-17-0263-1_S102,0,0.002
CIP,random,RF,onehot,4,RBL-17-0264-1_S103,1,0.988
CIP,random,RF,onehot,4,RBL-17-0300-1_S112,0,0.03
CIP,random,RF,onehot,4,RBL-17-0305-1_S49,1,0.974
CIP,random,RF,onehot,4,RBL-17-0307-1_S51,1,1.0
CIP,random,RF,onehot,4,RBL-17-0368-1_S114,0,0.0
CIP,random,RF,onehot,4,RBL-17-0375-1_S117,1,0.404
CIP,random,RF,onehot,4,RBL-17-0392-1_S69,1,0.974
CIP,random,RF,onehot,4,RBL-17-0393-1_S123,0,0.004
CIP,random,RF,onehot,4,RBL-17-0402-1_S126,0,0.0
CIP,random,RF,onehot,4,RBL-17-0411-1_S128,0,0.054
CIP,random,RF,onehot,4,RBL-17-0428-1_S70,1,0.994
CIP,random,RF,onehot,4,RBL-17-0432-1_S132,1,0.998
CIP,random,RF,onehot,4,RBL-17-060-1_S17,1,1.0
CIP,random,RF,onehot,4,RBL-18-0016-1_S161,0,0.0
CIP,random,RF,onehot,4,RBL-18-0059-1_S171,1,0.932
CIP,random,RF,onehot,4,RBL-18-0500-1_S230_2,1,0.974
CIP,random,RF,onehot,4,RBT-17-0003-1_S16,0,0.024
CIP,random,RF,onehot,4,RBT-17-0019-1_S62,1,0.996
CIP,random,RF,onehot,4,RBT-17-0090-1_S32,0,0.078
CIP,random,RF,onehot,4,RBT-17-0100-1_S36,1,0.99
CIP,random,RF,onehot,4,RBT-17-0107-1_S39,0,0.022
CIP,random,RF,onehot,4,RBT-17-0109-1_S40,0,0.002
CIP,random,RF,onehot,4,RBT-17-0133-1_S6,1,0.998
CIP,random,RF,onehot,4,RBT-17-0149-1_S13,0,0.05
CIP,random,RF,onehot,4,RBT-17-0167-1_S27,0,0.0
CIP,random,RF,onehot,4,RBT-17-0174-1_S64,0,0.006
CIP,random,RF,onehot,4,RBT-17-0210-1_S55,0,0.0
CIP,random,RF,onehot,4,RBT-17-0219-1_S8,0,0.394
CIP,random,RF,onehot,4,RBT-17-0225-1_S9,0,0.0
CIP,random,RF,onehot,4,RBT-17-0256-1_S25,0,0.62
CIP,random,RF,onehot,4,RBT-17-0287-1_S10,0,0.186
CIP,random,RF,onehot,4,RBT-17-0295-1_S15,0,0.0
CIP,random,RF,onehot,4,RBT-18-0004-1_S51,1,0.998
CIP,random,RF,onehot,4,RBT-18-0021-1_S56,1,1.0
CIP,random,RF,onehot,4,RBT-18-0064-1_S15,0,0.716
CIP,random,RF,onehot,4,RBT-18-0079-1_S16,0,0.05
CIP,random,RF,onehot,4,RBT-18-0103-1_S24,0,0.332
CIP,random,RF,onehot,4,RBT-18-0164-1_S34,1,0.986
CIP,random,RF,onehot,4,RBT-18-0184-1_S38,1,0.99
CIP,random,RF,onehot,4,RBT-18-0224-1_S43,0,0.0
CIP,random,RF,onehot,4,RBT-18-0263-1_S58,0,0.094
CIP,random,RF,onehot,4,RBT-18-0275-1_S63,0,0.0
CIP,random,RF,onehot,4,RBT-18-0293-1_S71,0,0.0
CIP,random,RF,onehot,4,RBT-18-0303-1_S20,1,0.87
CIP,random,RF,onehot,4,RBT-18-0317-1_S27,0,0.0
CIP,random,RF,onehot,4,RBT-18-0341-1_S24,1,0.856
CIP,random,RF,onehot,4,RBT-18-0360-1_S39,1,0.874
CIP,random,RF,onehot,4,RBT-18-0361-1_S38,0,0.008
CIP,random,RF,onehot,4,RBT-18-0385-1_S34,0,0.0
CIP,random,RF,onehot,4,ResetH129_S7_L001,1,0.996
CIP,random,RF,onehot,4,ResetH75_S2_L001,1,1.0
CIP,random,RF,onehot,4,ResetH92_S4_L001,1,0.998
CIP,random,RF,onehot,4,ResetV105_S1_L001,1,0.54
CIP,random,RF,onehot,4,ResetV210_S4_L001,1,0.976
CIP,random,RF,onehot,4,ResetV288_S6_L001,1,0.988
CIP,random,RF,onehot,4,ResetV76_S7_L001,0,0.178
CIP,random,RF,onehot,4,RPG-18-0435-1_S32,0,0.0
CIP,random,RF,onehot,4,Survcare129_S1,0,0.016
CIP,random,RF,onehot,4,Survcare176_S17_L001,1,0.822
CIP,random,RF,onehot,4,Survcare190_S35,0,0.102
CIP,random,RF,onehot,4,Survcare234_S3_L001,0,0.032
CIP,random,RF,onehot,4,Survcare236_S5_L001,0,0.082
CIP,random,RF,onehot,4,Survcare253_S35,1,0.758
CIP,random,RF,onehot,4,Survcare292_S39,1,0.702
CIP,random,RF,onehot,4,Survcare293_S40,1,0.972
CIP,random,RF,onehot,4,Survcare327_S1,1,0.998
CIP,random,RF,onehot,4,V111_S3_L001,0,0.536
CIP,random,RF,onehot,4,V130_S5_L001,1,0.986
CIP,random,RF,onehot,4,V163_S6_L001,0,0.706
CIP,random,RF,onehot,4,V205_S3_L001,1,1.0
CIP,random,RF,onehot,4,V271_S13_L001,1,0.984
CIP,random,RF,onehot,4,V86_S1_L001,1,0.978
CIP,random,RF,onehot,4,V89_S1_L001,0,0.576
CIP,random,RF,onehot,4,w2RBG-16-037-1_S34,1,0.984
CIP,random,RF,onehot,4,wdh-RBB-17-170-1_S16,1,1.0
CIP,random,RF,onehot,4,wdh-RBF-17-0572-1_S43,0,0.19
CIP,random,RF,onehot,4,wdh-Survcare119_S44,0,0.108
CIP,random,RF,onehot,4,wdhRBF-18-0048-1_S12_L001,0,0.404
CIP,random,RF,onehot,4,wdhRBF-18-0080-1_S17_L001,0,0.984
CIP,random,RF,onehot,4,WDHRBG-16-049-1_S87,1,0.892
CIP,random,RF,onehot,4,WDHRBG-16-050-1_S40,1,0.692
CIP,random,RF,onehot,4,wRBG-16-034-1_S164,0,0.088
CIP,random,RF,onehot,4,wRBG-17-021-1_S166,0,0.0
CIP,random,RF,onehot,4,wRBG-17-047-1_S153,0,0.018
CIP,random,RF,onehot,4,wRBG-17-052-1_S120,1,0.66
CIP,random,RF,onehot,4,wRBG-17-057-1_S141,0,0.114
CIP,random,RF,onehot,4,wRBG-17-081-1_S117,0,0.192
CIP,random,RF,onehot,4,wwRBF-17-148-1_S27,0,0.0
CIP,random,RF,onehot,4,wwRBF-17-167-1_S31,1,0.99
CIP,random,RF,onehot,4,wwRBK-17-075-1_S28,1,1.0
