antibiotic,split,model,encoding,fold,isolate,y_true,prob
CIP,lineage,LR,label,0,H105_S3_L001,1,0.8363966345787048
CIP,lineage,LR,label,0,H148_S4_L001,1,0.85877525806427
CIP,lineage,LR,label,0,H157_S3_L001,0,0.9999998807907104
CIP,lineage,LR,label,0,H28_S10_L001,0,0.013527076691389084
CIP,lineage,LR,label,0,H3_S1_L001,1,0.8697879314422607
CIP,lineage,LR,label,0,H50_S7_L001,0,0.0007114516338333488
CIP,lineage,LR,label,0,H51_S5_L001,1,0.8051887154579163
CIP,lineage,LR,label,0,H53_S4_L001,1,0.7923081517219543
CIP,lineage,LR,label,0,H71_S1_L001,1,0.977699875831604
CIP,lineage,LR,label,0,H86_S1_L001,1,0.7543848156929016
CIP,lineage,LR,label,0,NNRBG-17-0191-1_S1,0,0.004034307319670916
CIP,lineage,LR,label,0,NNRBG-17-0242-1_S11,0,0.0030109675135463476
CIP,lineage,LR,label,0,NNRBG-17-0249-1_S13,0,0.0006148419342935085
CIP,lineage,LR,label,0,NNRBG-17-0378-1_S37,1,0.8107255697250366
CIP,lineage,LR,label,0,RBB-17-011-1_S40,1,0.802497386932373
CIP,lineage,LR,label,0,RBB-17-171-1_S52,1,0.013107619248330593
CIP,lineage,LR,label,0,RBB-18-0537-1_S21_L001,1,0.8944376707077026
CIP,lineage,LR,label,0,RBB-18-0668-1_S188,1,0.42499834299087524
CIP,lineage,LR,label,0,RBB-18-1309-1_S42,1,0.10845982283353806
CIP,lineage,LR,label,0,RBB-18-1460-1_S45,1,0.43051591515541077
CIP,lineage,LR,label,0,RBB-19-0014-1_S44,1,0.0003762876440305263
CIP,lineage,LR,label,0,RBF-16-004-1_S18,1,0.11009029299020767
CIP,lineage,LR,label,0,RBF-16-060-1_S22,1,0.7826652526855469
CIP,lineage,LR,label,0,RBF-17-0340-1_S81,1,0.7027571797370911
CIP,lineage,LR,label,0,RBF-17-0438-1_S9,1,0.802497386932373
CIP,lineage,LR,label,0,RBF-17-0467-1_S12,1,0.7264796495437622
CIP,lineage,LR,label,0,RBF-17-0489-1_S13,1,0.8454260230064392
CIP,lineage,LR,label,0,RBF-17-0521-1_S78,1,0.952581524848938
CIP,lineage,LR,label,0,RBF-17-0537-1_S56,1,0.7987615466117859
CIP,lineage,LR,label,0,RBF-17-0538-1_S82,0,5.544677161850586e-09
CIP,lineage,LR,label,0,RBF-17-0550-1_S84,0,0.9999862909317017
CIP,lineage,LR,label,0,RBF-17-0553-1_S85,1,0.82590651512146
CIP,lineage,LR,label,0,RBF-17-0572-2_S89,0,0.9815488457679749
CIP,lineage,LR,label,0,RBF-17-0614-3_S95,0,0.0003758883976843208
CIP,lineage,LR,label,0,RBF-17-0630-1_S59,0,1.988277472264599e-05
CIP,lineage,LR,label,0,RBF-17-0645-1_S61,0,0.00027797106304205954
CIP,lineage,LR,label,0,RBF-17-0653-1_S101,0,0.0009335459326393902
CIP,lineage,LR,label,0,RBF-17-0664-1_S63,0,0.011881010606884956
CIP,lineage,LR,label,0,RBF-17-067-1_S54,1,0.8801477551460266
CIP,lineage,LR,label,0,RBF-17-094-1_S56,1,0.7679851651191711
CIP,lineage,LR,label,0,RBF-17-170-1_S66,1,0.0944327563047409
CIP,lineage,LR,label,0,RBF-17-186-1_S69,1,0.802497386932373
CIP,lineage,LR,label,0,RBF-17-318-1_S77,1,0.1668355017900467
CIP,lineage,LR,label,0,RBF-18-0019-1_S2,1,0.8540332913398743
CIP,lineage,LR,label,0,RBF-18-0066-1_S15,0,0.007497029844671488
CIP,lineage,LR,label,0,RBF-18-0068-1_S77,1,0.13783308863639832
CIP,lineage,LR,label,0,RBF-18-0075-1_S79,1,0.15495073795318604
CIP,lineage,LR,label,0,RBF-18-0123-1_S25_L001,0,0.0018231277354061604
CIP,lineage,LR,label,0,RBF-18-0173-1_S27,0,0.000581662985496223
CIP,lineage,LR,label,0,RBF-18-0174-1_S28,1,0.03212137892842293
CIP,lineage,LR,label,0,RBF-18-0187-1_S31,1,0.11715129017829895
CIP,lineage,LR,label,0,RBF-18-0194-1_S86,1,0.00010938417835859582
CIP,lineage,LR,label,0,RBF-18-0196-1_S46,1,0.03775978460907936
CIP,lineage,LR,label,0,RBF-18-0199-1_S47,1,0.2598285675048828
CIP,lineage,LR,label,0,RBF-18-0201-1_S49,0,0.02187548205256462
CIP,lineage,LR,label,0,RBF-18-0227-1_S53,0,0.10975729674100876
CIP,lineage,LR,label,0,RBF-18-0277-1_S61,1,0.7643592953681946
CIP,lineage,LR,label,0,RBF-18-0339-1_S37,0,7.036281886030338e-07
CIP,lineage,LR,label,0,RBF-18-0585-1_S48,1,0.6384958028793335
CIP,lineage,LR,label,0,RBF-18-0714-2_S204_2,1,0.5184735655784607
CIP,lineage,LR,label,0,RBG-17-0351-1_S20_L001,1,0.050842586904764175
CIP,lineage,LR,label,0,RBG-17-0383-1_S44,1,0.22803492844104767
CIP,lineage,LR,label,0,RBG-18-0004-1_S1,1,0.802497386932373
CIP,lineage,LR,label,0,RBG-18-0072-1_S8,0,0.012648480013012886
CIP,lineage,LR,label,0,RBG-18-0099-1_S14,1,0.802497386932373
CIP,lineage,LR,label,0,RBG-18-0129-1_S15_L001,1,0.14082218706607819
CIP,lineage,LR,label,0,RBG-18-0153-1_S14,1,0.9483700394630432
CIP,lineage,LR,label,0,RBG-18-0170-1_S41,0,1.8045606339001097e-05
CIP,lineage,LR,label,0,RBG-18-0177-1_S17_L001,1,0.8095300793647766
CIP,lineage,LR,label,0,RBG-18-0200-1_S18_L001,1,0.45826616883277893
CIP,lineage,LR,label,0,RBG-18-0204-1_S23_L001,0,0.1565786749124527
CIP,lineage,LR,label,0,RBG-18-0223-1_S2,0,9.303665137849748e-05
CIP,lineage,LR,label,0,RBG-18-0224-1_S24_L001,1,0.814345121383667
CIP,lineage,LR,label,0,RBG-18-0279-1_S36,1,0.8020784258842468
CIP,lineage,LR,label,0,RBG-18-0289-1_S37,0,0.9814995527267456
CIP,lineage,LR,label,0,RBG-18-0358-1_S39,0,0.016482392325997353
CIP,lineage,LR,label,0,RBG-18-0380-1_S48,1,0.802497386932373
CIP,lineage,LR,label,0,RBG-18-0388-1_S21_L001,1,0.9845635890960693
CIP,lineage,LR,label,0,RBG-18-0391-1_S22_L001,1,0.7930296063423157
CIP,lineage,LR,label,0,RBG-18-0410-1_S12,1,0.11256872862577438
CIP,lineage,LR,label,0,RBG-18-0417-1_S52,0,4.802050898433663e-05
CIP,lineage,LR,label,0,RBG-18-0421-1_S53,1,0.988871157169342
CIP,lineage,LR,label,0,RBG-18-0437-1_S54,1,0.10239697247743607
CIP,lineage,LR,label,0,RBK-17-0457-1_S6,1,0.22508463263511658
CIP,lineage,LR,label,0,RBK-17-0492-1_S8,1,0.12341389060020447
CIP,lineage,LR,label,0,RBK-17-0588-1_S24,1,0.9493148922920227
CIP,lineage,LR,label,0,RBK-17-0601-1_S25,1,0.8024973273277283
CIP,lineage,LR,label,0,RBK-17-0612-1_S27,1,0.8048092126846313
CIP,lineage,LR,label,0,RBK-17-0655-5_S182,1,0.7058897018432617
CIP,lineage,LR,label,0,RBK-18-0037-1_S199,0,0.9471502900123596
CIP,lineage,LR,label,0,RBK-18-0062-2_S203,0,0.00010661799751687795
CIP,lineage,LR,label,0,RBK-18-0077-1_S212,1,0.8048092126846313
CIP,lineage,LR,label,0,RBk-18-0216-1_S231_2,0,4.6695876676494663e-07
CIP,lineage,LR,label,0,RBK-18-0236-2_S52_2,1,0.6650687456130981
CIP,lineage,LR,label,0,RBK-18-0644-1_S180,0,0.0014101960696280003
CIP,lineage,LR,label,0,RBKk-18-0108-1_S201,1,0.8011205196380615
CIP,lineage,LR,label,0,RBL-17-0093-1_S146,0,0.9487716555595398
CIP,lineage,LR,label,0,RBL-17-0101-1_S148,0,0.0006095018470659852
CIP,lineage,LR,label,0,RBL-17-0107-1_S150,0,0.8908905982971191
CIP,lineage,LR,label,0,RBL-17-0113-1_S153,1,0.7275052070617676
CIP,lineage,LR,label,0,RBL-17-0136-1_S161,0,1.9205668877475546e-07
CIP,lineage,LR,label,0,RBL-17-0199-1_S174,1,0.7741824984550476
CIP,lineage,LR,label,0,RBL-17-0226-1_S41,1,0.803906261920929
CIP,lineage,LR,label,0,RBL-17-0242-1_S42,1,0.7925041317939758
CIP,lineage,LR,label,0,RBL-17-0244-1_S44,1,0.706123411655426
CIP,lineage,LR,label,0,RBL-17-0264-1_S103,1,0.17250825464725494
CIP,lineage,LR,label,0,RBL-17-0267-1_S104,0,5.792316369479522e-05
CIP,lineage,LR,label,0,RBL-17-0274-2_S105,0,0.0014908803859725595
CIP,lineage,LR,label,0,RBL-17-0305-1_S49,1,0.17290757596492767
CIP,lineage,LR,label,0,RBL-17-0307-1_S51,1,0.802497386932373
CIP,lineage,LR,label,0,RBL-17-0323-1_S115,0,6.394034244294744e-07
CIP,lineage,LR,label,0,RBL-17-0350-1_S106,1,0.9554355144500732
CIP,lineage,LR,label,0,RBL-17-0359-1_S66,1,0.30735665559768677
CIP,lineage,LR,label,0,RBL-17-0392-1_S69,1,0.17290757596492767
CIP,lineage,LR,label,0,RBL-17-0432-1_S132,1,0.9298903942108154
CIP,lineage,LR,label,0,RBL-17-060-1_S17,1,0.5077901482582092
CIP,lineage,LR,label,0,RBL-18-0048-1_S44,1,0.2427264004945755
CIP,lineage,LR,label,0,RBL-18-0059-1_S171,1,0.9910067915916443
CIP,lineage,LR,label,0,RBL-18-0076-1_S47,1,0.7767536044120789
CIP,lineage,LR,label,0,RBL-18-0090-1_S48,1,0.8469691872596741
CIP,lineage,LR,label,0,RBL-18-0093-1_S49,1,0.8548014163970947
CIP,lineage,LR,label,0,RBL-18-0098-1_S178,1,0.8228705525398254
CIP,lineage,LR,label,0,RBL-18-0194-1_S195_2,1,0.14683619141578674
CIP,lineage,LR,label,0,RBL-18-0242-1_S51,0,1.784576930674575e-08
CIP,lineage,LR,label,0,RBL-18-0343-1_S6,1,0.9779306650161743
CIP,lineage,LR,label,0,RBL-18-0467-1_S228_2,1,0.02333713136613369
CIP,lineage,LR,label,0,RBL-18-0500-1_S230_2,1,0.23232266306877136
CIP,lineage,LR,label,0,RBT-16-0024-1_S10,1,0.2662717401981354
CIP,lineage,LR,label,0,RBT-16-0038-1_S11,1,0.17434658110141754
CIP,lineage,LR,label,0,RBT-17-0009-1_S21,1,0.0007501356303691864
CIP,lineage,LR,label,0,RBT-17-0039-1_S28,0,0.795128583908081
CIP,lineage,LR,label,0,RBT-17-0102-1_S37,1,0.6532443165779114
CIP,lineage,LR,label,0,RBT-17-0112-1_S41,0,2.5474466383457184e-05
CIP,lineage,LR,label,0,RBT-17-0124-1_S46,0,2.439264972053934e-05
CIP,lineage,LR,label,0,RBT-17-0174-1_S64,0,0.0007131868042051792
CIP,lineage,LR,label,0,RBT-17-0183-1_S67,0,0.7087483406066895
CIP,lineage,LR,label,0,RBT-17-0188-1_S68,0,0.9926730990409851
CIP,lineage,LR,label,0,RBT-17-0194-1_S30,0,0.42555320262908936
CIP,lineage,LR,label,0,RBT-17-0219-1_S8,0,0.929205060005188
CIP,lineage,LR,label,0,RBT-17-0238-1_S59,0,0.0281835850328207
CIP,lineage,LR,label,0,RBT-17-0239-1_S60,0,0.0009455299004912376
CIP,lineage,LR,label,0,RBT-17-0249-1_S61,1,0.7692301869392395
CIP,lineage,LR,label,0,RBT-17-0295-1_S15,0,0.0007454405422322452
CIP,lineage,LR,label,0,RBT-17-0328-1_S16,1,0.7666817903518677
CIP,lineage,LR,label,0,RBT-17-0339-1_S20,1,0.6525943279266357
CIP,lineage,LR,label,0,RBT-18-0021-1_S56,1,0.802497386932373
CIP,lineage,LR,label,0,RBT-18-0027-1_S68,0,0.0005435191560536623
CIP,lineage,LR,label,0,RBT-18-0053-1_S36,1,0.6721662282943726
CIP,lineage,LR,label,0,RBT-18-0079-1_S16,0,0.5855881571769714
CIP,lineage,LR,label,0,RBT-18-0115-1_S45,0,0.0005248506786301732
CIP,lineage,LR,label,0,RBT-18-0205-1_S6,1,0.6756932735443115
CIP,lineage,LR,label,0,RBT-18-0227-1_S46,1,0.6689443588256836
CIP,lineage,LR,label,0,RBT-18-0234-1_S15,1,0.44312697649002075
CIP,lineage,LR,label,0,RBT-18-0253-1_S54,0,0.0024126905482262373
CIP,lineage,LR,label,0,RBT-18-0278-1_S64,1,0.9771093726158142
CIP,lineage,LR,label,0,RBT-18-0284-1_S66,1,0.8246720433235168
CIP,lineage,LR,label,0,RBT-18-0296-1_S72,1,0.7434423565864563
CIP,lineage,LR,label,0,RBT-18-0308-1_S34,0,0.001946694916114211
CIP,lineage,LR,label,0,RBT-18-0324-1_S57,1,0.8607097268104553
CIP,lineage,LR,label,0,RBT-18-0335-1_S41,1,0.9766699075698853
CIP,lineage,LR,label,0,RBT-18-0337-1_S46,0,0.7755922079086304
CIP,lineage,LR,label,0,RBT-18-0338-1_S35,0,0.0013317695120349526
CIP,lineage,LR,label,0,RBT-18-0358-1_S28,0,0.002346505643799901
CIP,lineage,LR,label,0,RBT-18-0363-1_S72,1,0.7740669846534729
CIP,lineage,LR,label,0,RBT-18-0368-1_S32,0,4.9793441576184705e-05
CIP,lineage,LR,label,0,RBT-18-0372-1_S31,1,0.7119508981704712
CIP,lineage,LR,label,0,RBT-18-0391-1_S35,1,0.8170111179351807
CIP,lineage,LR,label,0,RBT-18-0392-1_S56,1,0.7301306128501892
CIP,lineage,LR,label,0,RBT-18-0401-1_S43,1,0.6058921813964844
CIP,lineage,LR,label,0,ResetH127_S6_L001,1,0.7645148038864136
CIP,lineage,LR,label,0,ResetH129_S7_L001,1,0.8452437520027161
CIP,lineage,LR,label,0,ResetH131_S7_L001,1,0.7845970988273621
CIP,lineage,LR,label,0,ResetH132_S1_L001,0,0.9492331743240356
CIP,lineage,LR,label,0,ResetH45_S5_L001,0,0.0010967362904921174
CIP,lineage,LR,label,0,ResetH49b_S6_L001,0,0.9459217190742493
CIP,lineage,LR,label,0,ResetH63_S7_L001,1,0.802497386932373
CIP,lineage,LR,label,0,ResetH75_S2_L001,1,0.8146045804023743
CIP,lineage,LR,label,0,ResetV260_S5_L001,1,0.7880285382270813
CIP,lineage,LR,label,0,Survcare125_S25,0,0.001669607823714614
CIP,lineage,LR,label,0,Survcare184_S19,0,0.04111930727958679
CIP,lineage,LR,label,0,Survcare187_S32,1,0.4877215027809143
CIP,lineage,LR,label,0,Survcare236_S5_L001,0,0.006237377412617207
CIP,lineage,LR,label,0,Survcare244_S9_L001,0,4.3281954731355654e-07
CIP,lineage,LR,label,0,Survcare265_S20,0,0.005692590959370136
CIP,lineage,LR,label,0,Survcare275_S38,0,0.1195402517914772
CIP,lineage,LR,label,0,Survcare291_S38,0,0.047274116426706314
CIP,lineage,LR,label,0,Survcare327_S1,1,0.8226324915885925
CIP,lineage,LR,label,0,Survcare334_S10,0,0.00191997189540416
CIP,lineage,LR,label,0,Survcare335_S11,0,0.5261111855506897
CIP,lineage,LR,label,0,Survcare341_S25,1,0.44833624362945557
CIP,lineage,LR,label,0,V172_S5_L001,0,0.005461426451802254
CIP,lineage,LR,label,0,V173_S6_L001,0,0.9999035596847534
CIP,lineage,LR,label,0,V215_S2_L001,0,3.330127356093726e-07
CIP,lineage,LR,label,0,V228_S8_L001,0,0.9999998807907104
CIP,lineage,LR,label,0,V229_S10_L001,0,0.9999998807907104
CIP,lineage,LR,label,0,V232_S3_L001,0,0.0024831092450767756
CIP,lineage,LR,label,0,V282_S4_L001,1,0.6025083661079407
CIP,lineage,LR,label,0,V291_S5_L001,1,0.8046183586120605
CIP,lineage,LR,label,0,V295_S7_L001,1,0.7848270535469055
CIP,lineage,LR,label,0,V89_S1_L001,0,0.0002700176846701652
CIP,lineage,LR,label,0,W2RBK-17-168-1_S33,1,0.783732533454895
CIP,lineage,LR,label,0,W2RBK-17-169-1_S34,0,0.03666791692376137
CIP,lineage,LR,label,0,W2RBL-16-018-1_S15,1,0.6110228300094604
CIP,lineage,LR,label,0,wdh-RBB-17-170-1_S16,1,0.7538963556289673
CIP,lineage,LR,label,0,wdh-RBF-17-0572-1_S43,0,0.9822615385055542
CIP,lineage,LR,label,0,wdh-RBL-17-0431-1_S46,0,4.176474277528541e-09
CIP,lineage,LR,label,0,wdhRBF-10-0002-1_S10_L001,1,0.22270576655864716
CIP,lineage,LR,label,0,wdhRBF-17-0558-1_S121,0,0.9453595280647278
CIP,lineage,LR,label,0,wdhRBF-17-0567-1_S122,0,0.0003676321357488632
CIP,lineage,LR,label,0,wdhRBF-18-0081-1_S18_L001,0,0.012506990693509579
CIP,lineage,LR,label,0,wRBF-17-0146-1_S35,1,0.7692301869392395
CIP,lineage,LR,label,0,wRBG-16-033-1_S153,0,0.7574548125267029
CIP,lineage,LR,label,0,wRBG-17-055-1_S163,1,0.013745157979428768
CIP,lineage,LR,label,0,wRBG-17-057-1_S141,0,0.00011760387860704213
CIP,lineage,LR,label,0,wRBG-17-106-1_S125,0,0.7019171118736267
CIP,lineage,LR,label,0,wwRBB-16-112-1_S1,1,0.6279982924461365
CIP,lineage,LR,label,0,wwRBF-16-007-1_S10,1,0.31745755672454834
CIP,lineage,LR,label,0,wwRBF-17-148-1_S27,0,0.0019228076562285423
CIP,lineage,LR,label,0,wwRBF-17-167-1_S31,1,0.03953327611088753
CIP,lineage,LR,label,0,wwRBF-17-189-1_S32,1,0.713677704334259
CIP,lineage,LR,label,0,wwRBF-17-209-1_S34,1,0.6104101538658142
CIP,lineage,LR,label,0,wwRBK-16-023-1_S5,1,0.005932888016104698
CIP,lineage,LR,label,0,wwRBK-17-0148-1_S37,1,0.5767439603805542
CIP,lineage,LR,label,0,wwRBK-17-0148-2_S38,1,0.8121027946472168
CIP,lineage,LR,label,0,wwRBK-17-0197-1_S39,1,0.6888328194618225
CIP,lineage,LR,label,0,wwRBK-17-075-1_S28,1,0.7554782032966614
CIP,lineage,LR,label,0,wwRBL-17-004-1_S44,1,0.8014885187149048
CIP,lineage,LR,label,1,H122_S4_L001,1,0.993206262588501
CIP,lineage,LR,label,1,H162_S4_L001,1,0.9903689026832581
CIP,lineage,LR,label,1,H17_S2_L001,1,2.8481414119596593e-05
CIP,lineage,LR,label,1,H37_S3_L001,1,2.7536898414837196e-05
CIP,lineage,LR,label,1,H83_S7_L001,0,3.391400701935332e-11
CIP,lineage,LR,label,1,NNRBG-17-0198-1_S4,0,1.0
CIP,lineage,LR,label,1,NNRBG-17-0243-1_S12,0,0.9781257510185242
CIP,lineage,LR,label,1,NNRBG-17-0287-1_S17,0,5.519056003322476e-07
CIP,lineage,LR,label,1,NNRBG-17-0308-1_S20,0,3.814231064325213e-08
CIP,lineage,LR,label,1,NNRBG-17-0316-1_S23,1,1.264251636712288e-06
CIP,lineage,LR,label,1,NNRBG-17-0382-1_S38,0,0.00022107191034592688
CIP,lineage,LR,label,1,RBB-18-0674-1_S189,1,8.303359209094197e-06
CIP,lineage,LR,label,1,RBB-18-0826-1_S193,1,0.747381865978241
CIP,lineage,LR,label,1,RBB-18-0892-1_S80_2,1,1.0
CIP,lineage,LR,label,1,RBB-18-1212-1_S67_2,1,1.0
CIP,lineage,LR,label,1,RBB-18-1406-1_S49,1,4.485694944378338e-07
CIP,lineage,LR,label,1,RBF-17-0508-1_S73,0,0.009364768862724304
CIP,lineage,LR,label,1,RBF-17-0540-1_S83,0,0.001934496802277863
CIP,lineage,LR,label,1,RBF-17-266-1_S70,0,0.916024923324585
CIP,lineage,LR,label,1,RBF-18-0036-1_S7,0,2.612822881230964e-13
CIP,lineage,LR,label,1,RBF-18-0055-1_S11,0,0.0001121283057727851
CIP,lineage,LR,label,1,RBF-18-0087-1_S23,0,3.6270424885742614e-08
CIP,lineage,LR,label,1,RBF-18-0126-1_S31,0,0.0012047459604218602
CIP,lineage,LR,label,1,RBF-18-0151-1_S83,1,2.983313152071787e-08
CIP,lineage,LR,label,1,RBF-18-0160-1_S37,0,0.999934196472168
CIP,lineage,LR,label,1,RBF-18-0163-2_S39,0,0.0077437045983970165
CIP,lineage,LR,label,1,RBF-18-0253-1_S13_L001,1,0.9991186261177063
CIP,lineage,LR,label,1,RBF-18-0282-1_S63,0,5.6375835555400045e-08
CIP,lineage,LR,label,1,RBF-18-0321-1_S69,0,1.1495670548811177e-07
CIP,lineage,LR,label,1,RBF-18-0338-1_S72,0,1.2637004775939431e-09
CIP,lineage,LR,label,1,RBG-18-0023-1_S2,1,1.2888814637790347e-07
CIP,lineage,LR,label,1,RBG-18-0054-1_S42,0,1.24720187955063e-07
CIP,lineage,LR,label,1,RBG-18-0083-1_S12,0,0.879759669303894
CIP,lineage,LR,label,1,RBG-18-0085-1_S11,0,0.33529481291770935
CIP,lineage,LR,label,1,RBG-18-0193-1_S8,0,2.1127749278093688e-05
CIP,lineage,LR,label,1,RBG-18-0194-1_S45,0,0.9106130003929138
CIP,lineage,LR,label,1,RBG-18-0206-2_S46,1,4.1508091186415186e-08
CIP,lineage,LR,label,1,RBG-18-0209-2_S46,0,1.2729663545485437e-08
CIP,lineage,LR,label,1,RBG-18-0211-1_S35,1,5.935561944170331e-07
CIP,lineage,LR,label,1,RBG-18-0280-1_S51,1,0.0002107037726091221
CIP,lineage,LR,label,1,RBG-18-0308-1_S54,1,0.9999955892562866
CIP,lineage,LR,label,1,RBK-16-079-1_S15,0,0.003077617846429348
CIP,lineage,LR,label,1,RBK-16-124-1_S16,0,5.907235589575066e-08
CIP,lineage,LR,label,1,RBK-18-0020-1_S19,0,8.82368203747319e-06
CIP,lineage,LR,label,1,RBK-18-0022-1_S197,0,3.4373534574250186e-10
CIP,lineage,LR,label,1,RBK-18-0060-1_S22,0,2.686938751139678e-05
CIP,lineage,LR,label,1,RBK-18-0080-1_S205,1,0.9999998807907104
CIP,lineage,LR,label,1,RBK-18-0414-1_S59,0,4.575779514547362e-18
CIP,lineage,LR,label,1,RBL-17-0095-1_S147,0,1.5717168366791157e-07
CIP,lineage,LR,label,1,RBL-17-0123-1_S157,1,0.9999874830245972
CIP,lineage,LR,label,1,RBL-17-0159-1_S166,0,0.00029370756237767637
CIP,lineage,LR,label,1,RBL-17-0165-1_S167,0,0.6624857783317566
CIP,lineage,LR,label,1,RBL-17-0232-1_S91,0,0.8902848362922668
CIP,lineage,LR,label,1,RBL-17-0246-1_S94,0,2.2381107100954978e-06
CIP,lineage,LR,label,1,RBL-17-0263-1_S102,0,1.570778951354157e-09
CIP,lineage,LR,label,1,RBL-17-0283-1_S27,0,0.01227788906544447
CIP,lineage,LR,label,1,RBL-17-0328-1_S117,0,3.7619403769895143e-07
CIP,lineage,LR,label,1,RBL-17-0349-1_S105,0,4.108809292802107e-08
CIP,lineage,LR,label,1,RBL-17-0374-1_S116,0,0.004452505614608526
CIP,lineage,LR,label,1,RBL-17-0375-1_S117,1,0.9406027793884277
CIP,lineage,LR,label,1,RBL-17-0383-1_S119,0,4.19534126194776e-06
CIP,lineage,LR,label,1,RBL-17-0391-1_S122,0,0.9997087121009827
CIP,lineage,LR,label,1,RBL-17-0397-1_S125,0,2.3797388948310072e-08
CIP,lineage,LR,label,1,RBL-18-0131-1_S188_2,1,0.9999997615814209
CIP,lineage,LR,label,1,RBT-17-0008-1_S18,0,2.491862858278182e-07
CIP,lineage,LR,label,1,RBT-17-0019-1_S62,1,1.0
CIP,lineage,LR,label,1,RBT-17-0079-1_S29,0,3.071942956012208e-06
CIP,lineage,LR,label,1,RBT-17-0084-1_S31,0,3.176495866341611e-08
CIP,lineage,LR,label,1,RBT-17-0113-1_S42,0,0.00028288099565543234
CIP,lineage,LR,label,1,RBT-17-0118-1_S45,0,6.291031604632735e-05
CIP,lineage,LR,label,1,RBT-17-0163-1_S59,0,0.015606728382408619
CIP,lineage,LR,label,1,RBT-17-0167-1_S27,0,0.0034236391074955463
CIP,lineage,LR,label,1,RBT-17-0168-1_S61,0,0.9972631931304932
CIP,lineage,LR,label,1,RBT-17-0173-1_S63,0,0.01701132394373417
CIP,lineage,LR,label,1,RBT-17-0225-1_S9,0,6.660459206386804e-08
CIP,lineage,LR,label,1,RBT-17-0232-1_S58,1,0.9787814021110535
CIP,lineage,LR,label,1,RBT-17-0251-1_S62,1,4.4412272472982295e-06
CIP,lineage,LR,label,1,RBT-17-0270-1_S65,1,0.0006215181201696396
CIP,lineage,LR,label,1,RBT-17-0279-1_S12,0,1.0714023801483563e-06
CIP,lineage,LR,label,1,RBT-18-0050-1_S34,0,5.836708449891148e-09
CIP,lineage,LR,label,1,RBT-18-0052-1_S35,0,2.601093001430854e-06
CIP,lineage,LR,label,1,RBT-18-0101-1_S22,0,0.9786431193351746
CIP,lineage,LR,label,1,RBT-18-0103-1_S24,0,0.011630460619926453
CIP,lineage,LR,label,1,RBT-18-0116-1_S46,1,2.0533130737021565e-05
CIP,lineage,LR,label,1,RBT-18-0122-1_S63,1,0.9999998807907104
CIP,lineage,LR,label,1,RBT-18-0125-1_S50,0,7.108871795935556e-05
CIP,lineage,LR,label,1,RBT-18-0127-1_S51,0,2.7675605451804586e-07
CIP,lineage,LR,label,1,RBT-18-0146-1_S55,1,0.9999665021896362
CIP,lineage,LR,label,1,RBT-18-0197-1_S40,0,0.0024857704993337393
CIP,lineage,LR,label,1,RBT-18-0224-1_S43,0,3.878075176544371e-07
CIP,lineage,LR,label,1,RBT-18-0231-1_S14,0,0.00012480857549235225
CIP,lineage,LR,label,1,RBT-18-0232-1_S47,0,0.4783012568950653
CIP,lineage,LR,label,1,RBT-18-0246-1_S52,0,1.5081814963568974e-10
CIP,lineage,LR,label,1,RBT-18-0269-1_S61,0,6.912076514709042e-06
CIP,lineage,LR,label,1,RBT-18-0271-1_S62,0,3.1266409905583714e-07
CIP,lineage,LR,label,1,RBT-18-0288-1_S68,1,4.223295036354102e-05
CIP,lineage,LR,label,1,RBT-18-0293-1_S71,0,3.828918337944742e-08
CIP,lineage,LR,label,1,RBT-18-0303-1_S20,1,0.0015784874558448792
CIP,lineage,LR,label,1,RBT-18-0339-1_S47,0,1.926705226651393e-05
CIP,lineage,LR,label,1,RBT-18-0360-1_S39,1,0.0013609002344310284
CIP,lineage,LR,label,1,RBT-18-0361-1_S38,0,5.95108939904776e-09
CIP,lineage,LR,label,1,RBT-18-0364-1_S29,0,0.9978979825973511
CIP,lineage,LR,label,1,RBT-18-0370-1_S33,0,3.411644502193667e-05
CIP,lineage,LR,label,1,ResetH1_S1_L001,1,3.4706006317719584e-06
CIP,lineage,LR,label,1,ResetV143_S2_L001,1,0.18053433299064636
CIP,lineage,LR,label,1,ResetV161_S3_L001,1,0.9987701773643494
CIP,lineage,LR,label,1,Survcare0111_S29,0,0.0008237746078521013
CIP,lineage,LR,label,1,Survcare0114_S37,1,8.873069600667804e-05
CIP,lineage,LR,label,1,Survcare176_S17_L001,1,0.997409999370575
CIP,lineage,LR,label,1,Survcare190_S35,0,4.920913738715171e-07
CIP,lineage,LR,label,1,Survcare221_S7_L001,0,0.009394977241754532
CIP,lineage,LR,label,1,Survcare254_S36,1,4.613852433976717e-05
CIP,lineage,LR,label,1,Survcare295_S8_L001,1,0.05358254536986351
CIP,lineage,LR,label,1,Survcare313_S24_L001,0,2.4097191726468736e-06
CIP,lineage,LR,label,1,V1_S6_L001,1,0.9999946355819702
CIP,lineage,LR,label,1,V116_S6_L001,1,0.988223671913147
CIP,lineage,LR,label,1,V123_S1_L001,1,4.158452782121458e-07
CIP,lineage,LR,label,1,V183_S7_L001,0,0.009745538234710693
CIP,lineage,LR,label,1,V238_S11_L001,1,0.9998263716697693
CIP,lineage,LR,label,1,V279_S8_L001,1,0.9987226128578186
CIP,lineage,LR,label,1,V283_S5_L001,1,0.9978680610656738
CIP,lineage,LR,label,1,V292_S6_L001,1,1.0
CIP,lineage,LR,label,1,V41_S2_L001,1,0.9793006181716919
CIP,lineage,LR,label,1,V73_S5_L001,1,1.0
CIP,lineage,LR,label,1,V79_S6_L001,1,0.9997139573097229
CIP,lineage,LR,label,1,V80_S7_L001,0,0.9945881366729736
CIP,lineage,LR,label,1,V86_S1_L001,1,1.0
CIP,lineage,LR,label,1,V96_S2_L001,1,1.0
CIP,lineage,LR,label,1,W2RBF-17-090-1_S26,0,0.9705378413200378
CIP,lineage,LR,label,1,wdh2NRZ-29911a_S31,1,2.059089638350997e-06
CIP,lineage,LR,label,1,wdhRBF-18-0048-1_S12_L001,0,4.3488500978128286e-07
CIP,lineage,LR,label,1,wdhRBF-18-0049-1_S13_L001,0,7.928688461333877e-08
CIP,lineage,LR,label,1,WDHRBG-16-060-1_S27,0,8.840020200295839e-07
CIP,lineage,LR,label,1,WDHRBG-17-0093-1_S1,1,0.30782246589660645
CIP,lineage,LR,label,1,WDHRBG-17-0256-1_S17,1,0.9999970197677612
CIP,lineage,LR,label,1,wRBG-16-024-1_S152,1,0.9999091625213623
CIP,lineage,LR,label,1,wRBG-17-014-1_S167,0,3.363369360798174e-09
CIP,lineage,LR,label,1,wRBG-17-034-1_S121,0,1.3638228892887128e-06
CIP,lineage,LR,label,1,wRBG-17-049-1_S142,0,0.991675078868866
CIP,lineage,LR,label,1,wRBG-17-052-1_S120,1,3.4794394032644504e-09
CIP,lineage,LR,label,1,wRBG-17-082-1_S106,0,5.869339680941721e-09
CIP,lineage,LR,label,1,wRBG-17-100-1_S104,1,0.011915038339793682
CIP,lineage,LR,label,1,wRBG-17-110-1_S168,0,0.15024448931217194
CIP,lineage,LR,label,1,wRBG-17-112-1_S146,0,6.661978204647312e-06
CIP,lineage,LR,label,1,wwRBF-16-094-1_S13,0,5.5238677305169404e-05
CIP,lineage,LR,label,1,wwRBL-16-111-1_S16,1,1.0
CIP,lineage,LR,label,2,H113_S6_L001,1,0.0030882146675139666
CIP,lineage,LR,label,2,H141_S6_L001,0,0.007874083705246449
CIP,lineage,LR,label,2,H153_S1_L001,1,0.006163153797388077
CIP,lineage,LR,label,2,H154_S2_L001,1,0.007236900739371777
CIP,lineage,LR,label,2,H160_S3_L001,1,0.0071113379672169685
CIP,lineage,LR,label,2,H164_S3_L001,1,0.004015353042632341
CIP,lineage,LR,label,2,H176_S5_L001,1,0.09572113305330276
CIP,lineage,LR,label,2,NNRBG-17-0196-1_S3,0,0.024939099326729774
CIP,lineage,LR,label,2,NNRBG-17-0199-1_S5,1,0.08835373818874359
CIP,lineage,LR,label,2,NNRBG-17-0255-1_S14,1,1.3172205548528382e-08
CIP,lineage,LR,label,2,NNRBG-17-0319-1_S24,0,0.051011163741350174
CIP,lineage,LR,label,2,NNRBG-17-0328-1_S25,0,0.06427597254514694
CIP,lineage,LR,label,2,NNRBG-17-0329-1_S26,0,0.0094823082908988
CIP,lineage,LR,label,2,NNRBG-17-0399-1_S40,0,0.038149334490299225
CIP,lineage,LR,label,2,RBB-18-1488-1_S46,1,0.025185905396938324
CIP,lineage,LR,label,2,RBB-18-1502-1_S47,0,0.039692360907793045
CIP,lineage,LR,label,2,RBBK18-0189-1_S24_L001,1,0.777114987373352
CIP,lineage,LR,label,2,RBF-10-0240-1_S12_L001,0,0.0553845576941967
CIP,lineage,LR,label,2,RBF-16-0064-1_S136,0,0.005427362862974405
CIP,lineage,LR,label,2,RBF-16-073-1_S23,1,0.49155059456825256
CIP,lineage,LR,label,2,RBF-17-0164-1_S137,0,0.9294745326042175
CIP,lineage,LR,label,2,RBF-17-0173-1_S138,0,0.01771676167845726
CIP,lineage,LR,label,2,RBF-17-0194-1_S140,0,0.052045661956071854
CIP,lineage,LR,label,2,RBF-17-0589-1_S92,0,0.7817432284355164
CIP,lineage,LR,label,2,RBF-17-0602-1_S93,0,0.00813300907611847
CIP,lineage,LR,label,2,RBF-17-0635-1_S98,1,1.4154435348245897e-06
CIP,lineage,LR,label,2,RBF-17-0647-1_S99,0,0.06180506572127342
CIP,lineage,LR,label,2,RBF-17-0651-1_S62,1,0.9952309727668762
CIP,lineage,LR,label,2,RBF-17-277-1_S73,1,1.2582291901708231e-06
CIP,lineage,LR,label,2,RBF-18-0035-1_S6,0,0.000518124143127352
CIP,lineage,LR,label,2,RBF-18-0069-1_S78,1,0.9999998807907104
CIP,lineage,LR,label,2,RBF-18-0085-1_S21,0,0.0005318851908668876
CIP,lineage,LR,label,2,RBF-18-0086-1_S22,0,2.666423279151786e-05
CIP,lineage,LR,label,2,RBF-18-0125-1_S30,0,0.22526058554649353
CIP,lineage,LR,label,2,RBF-18-0127-1_S32,0,0.3083433508872986
CIP,lineage,LR,label,2,RBF-18-0214-1_S51,0,0.03053874336183071
CIP,lineage,LR,label,2,RBF-18-0217-1_S54,0,0.029158862307667732
CIP,lineage,LR,label,2,RBF-18-0252-1_S56,0,0.00011495770013425499
CIP,lineage,LR,label,2,RBF-18-0310-1_S36,0,0.9998314380645752
CIP,lineage,LR,label,2,RBF-18-0634-1_S183,1,0.9996864795684814
CIP,lineage,LR,label,2,RBG-17-0269-1_S41,0,0.00011269696551607922
CIP,lineage,LR,label,2,RBg-17-123-2_S12,0,0.9923979640007019
CIP,lineage,LR,label,2,RBG-18-0025-1_S9_L001,0,0.0004447278624866158
CIP,lineage,LR,label,2,RBG-18-0029-1_S40,0,0.004077555146068335
CIP,lineage,LR,label,2,RBG-18-0041-1_S6,1,0.004077163990586996
CIP,lineage,LR,label,2,RBG-18-0071-1_S44,1,0.003672543680295348
CIP,lineage,LR,label,2,RBG-18-0076-1_S10,1,0.38900166749954224
CIP,lineage,LR,label,2,RBG-18-0077-1_S9,1,0.9998960494995117
CIP,lineage,LR,label,2,RBG-18-0185-1_S40,0,0.059692833572626114
CIP,lineage,LR,label,2,RBG-18-0191-1_S11_L001,0,0.023421820253133774
CIP,lineage,LR,label,2,RBG-18-0256-1_S8_L001,0,4.8959365813061595e-05
CIP,lineage,LR,label,2,RBG-18-0265-1_S49,0,0.00022606398852076381
CIP,lineage,LR,label,2,RBG-18-0276-1_S50,1,0.9968613386154175
CIP,lineage,LR,label,2,RBG-18-0301-1_S53,0,0.05143566429615021
CIP,lineage,LR,label,2,RBG-18-0347-1_S22_L001,0,0.047478169202804565
CIP,lineage,LR,label,2,RBG-18-0367-1_S57,1,0.00010703534644562751
CIP,lineage,LR,label,2,RBG-18-0394-1_S23_L001,0,0.10858696699142456
CIP,lineage,LR,label,2,RBK-18-0019-1_S195,0,0.015536864288151264
CIP,lineage,LR,label,2,RBK-18-0038-1_S200,0,0.00013301211583893746
CIP,lineage,LR,label,2,RBL-17-0076-1_S32,1,0.005253336858004332
CIP,lineage,LR,label,2,RBL-17-0104-1_S149,0,0.016503963619470596
CIP,lineage,LR,label,2,RBL-17-0117-1_S155,0,0.02058984339237213
CIP,lineage,LR,label,2,RBL-17-0129-1_S158,0,0.022575439885258675
CIP,lineage,LR,label,2,RBL-17-0133-1_S159,0,0.00017693145491648465
CIP,lineage,LR,label,2,RBL-17-0135-1_S160,0,0.08349459618330002
CIP,lineage,LR,label,2,RBL-17-0138-1_S162,0,0.779912531375885
CIP,lineage,LR,label,2,RBL-17-0144-1_S163,1,1.9117205648372382e-13
CIP,lineage,LR,label,2,RBL-17-0155-1_S165,1,0.9997459053993225
CIP,lineage,LR,label,2,RBL-17-0197-1_S173,0,0.01796778291463852
CIP,lineage,LR,label,2,RBL-17-0235-1_S92,0,0.06952625513076782
CIP,lineage,LR,label,2,RBL-17-0300-1_S112,0,0.0014070408651605248
CIP,lineage,LR,label,2,RBL-17-0306-1_S50,1,0.9997650980949402
CIP,lineage,LR,label,2,RBL-17-0324-1_S54,0,0.9950161576271057
CIP,lineage,LR,label,2,RBL-17-0393-1_S123,0,0.049712806940078735
CIP,lineage,LR,label,2,RBL-17-0409-1_S127,0,0.05242045596241951
CIP,lineage,LR,label,2,RBL-17-0429-1_S130,0,0.7094329595565796
CIP,lineage,LR,label,2,RBL-17-0434-1_S133,0,0.8835670948028564
CIP,lineage,LR,label,2,RBL-18-0019-1_S41,0,0.0001217584649566561
CIP,lineage,LR,label,2,RBL-18-0032-1_S167,0,0.002310690702870488
CIP,lineage,LR,label,2,RBT-17-0011-1_S19,0,0.13747632503509521
CIP,lineage,LR,label,2,RBT-17-0023-1_S25,1,0.011717203073203564
CIP,lineage,LR,label,2,RBT-17-0024-1_S23,0,0.008683756925165653
CIP,lineage,LR,label,2,RBT-17-0033-1_S12,1,0.9997890591621399
CIP,lineage,LR,label,2,RBT-17-0082-1_S30,0,0.038306329399347305
CIP,lineage,LR,label,2,RBT-17-0090-1_S32,0,7.22055701771751e-05
CIP,lineage,LR,label,2,RBT-17-0109-1_S40,0,0.0342114195227623
CIP,lineage,LR,label,2,RBT-17-0130-1_S27,0,0.008924558758735657
CIP,lineage,LR,label,2,RBT-17-0142-1_S53,0,2.0724763089674525e-05
CIP,lineage,LR,label,2,RBT-17-0150-1_S54,0,0.009039437398314476
CIP,lineage,LR,label,2,RBT-17-0217-1_S7,1,0.9999685287475586
CIP,lineage,LR,label,2,RBT-17-0243-1_S11,0,0.05201401561498642
CIP,lineage,LR,label,2,RBT-17-0337-1_S19,0,0.006650133989751339
CIP,lineage,LR,label,2,RBT-18-0030-1_S69,0,1.6971676814137027e-05
CIP,lineage,LR,label,2,RBT-18-0046-1_S2,1,0.7584846615791321
CIP,lineage,LR,label,2,RBT-18-0057-1_S38,0,1.461227527865816e-10
CIP,lineage,LR,label,2,RBT-18-0066-1_S40,0,0.024414895102381706
CIP,lineage,LR,label,2,RBT-18-0071-1_S41,0,1.121748596233374e-06
CIP,lineage,LR,label,2,RBT-18-0100-1_S21,1,0.4380001127719879
CIP,lineage,LR,label,2,RBT-18-0113-1_S44,0,0.05755949765443802
CIP,lineage,LR,label,2,RBT-18-0120-1_S48,1,0.3941347599029541
CIP,lineage,LR,label,2,RBT-18-0129-1_S52,0,0.19204853475093842
CIP,lineage,LR,label,2,RBT-18-0134-1_S29,0,0.02370084822177887
CIP,lineage,LR,label,2,RBT-18-0230-1_S45,0,0.0009206596296280622
CIP,lineage,LR,label,2,RBT-18-0317-1_S27,0,0.22270698845386505
CIP,lineage,LR,label,2,ResetH152_S4_L001,1,0.0036830028984695673
CIP,lineage,LR,label,2,ResetH68_S1_L001,0,0.03546222299337387
CIP,lineage,LR,label,2,ResetH98_S4_L001,0,0.0004135965427849442
CIP,lineage,LR,label,2,ResetV210_S4_L001,1,0.9995691180229187
CIP,lineage,LR,label,2,ResetV76_S7_L001,0,0.011628767475485802
CIP,lineage,LR,label,2,Survcare052_S22,1,0.9999140501022339
CIP,lineage,LR,label,2,Survcare104_S16_L001,1,0.9154524803161621
CIP,lineage,LR,label,2,Survcare130_S2,0,0.09909877926111221
CIP,lineage,LR,label,2,Survcare230_S17_L001,1,0.9999992847442627
CIP,lineage,LR,label,2,Survcare234_S3_L001,0,0.0019994911272078753
CIP,lineage,LR,label,2,Survcare289_S36,1,0.005962899886071682
CIP,lineage,LR,label,2,Survcare292_S39,1,0.9999997615814209
CIP,lineage,LR,label,2,Survcare293_S40,1,0.0050420090556144714
CIP,lineage,LR,label,2,Survcare309_S20_L001,1,0.003831484355032444
CIP,lineage,LR,label,2,Survcare310_S21_L001,0,9.179016160487663e-06
CIP,lineage,LR,label,2,Survcare317_S5_L001,1,0.9652708172798157
CIP,lineage,LR,label,2,Survcare329_S3,1,0.4926993250846863
CIP,lineage,LR,label,2,V111_S3_L001,0,0.03511855751276016
CIP,lineage,LR,label,2,V114_S5_L001,1,0.9999988079071045
CIP,lineage,LR,label,2,V120_S5_L001,1,0.2773875594139099
CIP,lineage,LR,label,2,V130_S5_L001,1,0.9999926090240479
CIP,lineage,LR,label,2,V139_S7_L001,1,0.9999946355819702
CIP,lineage,LR,label,2,V168_S9_L001,1,0.2475220113992691
CIP,lineage,LR,label,2,V177_S6_L001,1,0.07244277745485306
CIP,lineage,LR,label,2,V201_S4_L001,1,0.9999972581863403
CIP,lineage,LR,label,2,V205_S3_L001,1,0.42200523614883423
CIP,lineage,LR,label,2,V268_S12_L001,1,0.9999873638153076
CIP,lineage,LR,label,2,V271_S13_L001,1,0.999976634979248
CIP,lineage,LR,label,2,V40_S2_L001,1,0.9243636131286621
CIP,lineage,LR,label,2,V9_S1_L001,1,0.916236400604248
CIP,lineage,LR,label,2,W2RBF-17-133-1_S28,0,7.682351110815944e-07
CIP,lineage,LR,label,2,wdh-RBB-16-025-1_S20,1,0.9999998807907104
CIP,lineage,LR,label,2,wdhRBF-18-0057_S14_L001,0,0.017926374450325966
CIP,lineage,LR,label,2,wRBG-16-026-1_S163,0,0.00011624399485299364
CIP,lineage,LR,label,2,wRBG-16-032-1_S142,0,0.051414456218481064
CIP,lineage,LR,label,2,wRBG-17-021-1_S166,0,0.007444689981639385
CIP,lineage,LR,label,2,wRBG-17-022-1_S43,1,0.08202316612005234
CIP,lineage,LR,label,2,wRBG-17-025-1_S133,0,0.019230080768465996
CIP,lineage,LR,label,2,wRBG-17-058-1_S130,0,0.002563211601227522
CIP,lineage,LR,label,2,wRBG-17-072-1_S129,0,7.942339834698942e-06
CIP,lineage,LR,label,2,wRBG-17-081-1_S117,0,0.002018917817622423
CIP,lineage,LR,label,2,wwRBK-17-0278-1_S41,0,0.0003793307114392519
CIP,lineage,LR,label,3,H100_S2_L001,0,1.642423654857339e-07
CIP,lineage,LR,label,3,H109_S2_L001,0,0.9984489679336548
CIP,lineage,LR,label,3,H119_S7_L001,1,1.0
CIP,lineage,LR,label,3,H123_S1_L001,1,1.0
CIP,lineage,LR,label,3,H66_S1_L001,1,0.9999865293502808
CIP,lineage,LR,label,3,NNRBG-17-0205-1_S7,1,0.0005074333748780191
CIP,lineage,LR,label,3,NNRBG-17-0227-1_S8,0,0.0002645978529471904
CIP,lineage,LR,label,3,NNRBG-17-0234-1_S9,0,1.9208687263017055e-06
CIP,lineage,LR,label,3,NNRBG-17-0239-1_S10,0,0.00418975530192256
CIP,lineage,LR,label,3,NNRBG-17-0294-1_S18,0,0.004742239601910114
CIP,lineage,LR,label,3,NNSurvcare045_S41,1,0.9999998807907104
CIP,lineage,LR,label,3,RBB-18-0129-1_S179,1,1.0
CIP,lineage,LR,label,3,RBB-18-0546-1_S22_L001,1,0.36744070053100586
CIP,lineage,LR,label,3,RBB-18-0665-1_S23_L001,1,0.9725919961929321
CIP,lineage,LR,label,3,RBB-18-1086-1_S189_2,0,1.620399962121155e-05
CIP,lineage,LR,label,3,RBB-18-1312-1_S43,1,0.9992702603340149
CIP,lineage,LR,label,3,RBB-18-1393-1_S48,1,0.9611365795135498
CIP,lineage,LR,label,3,RBF-17-0424-1_S15,1,0.9999843835830688
CIP,lineage,LR,label,3,RBF-17-0450-1_S10,1,0.9999874830245972
CIP,lineage,LR,label,3,RBF-17-0513-1_S76,0,1.0
CIP,lineage,LR,label,3,RBF-17-0520-2_S55,1,1.0
CIP,lineage,LR,label,3,RBF-17-0532-1_S80,1,0.9343726634979248
CIP,lineage,LR,label,3,RBF-17-0532-2_S31,1,0.7981590032577515
CIP,lineage,LR,label,3,RBF-17-0587-1_S91,0,0.0039370097219944
CIP,lineage,LR,label,3,RBF-17-0632-1_S97,0,1.020915988192428e-06
CIP,lineage,LR,label,3,RBF-17-0648-1_S100,0,0.06184016913175583
CIP,lineage,LR,label,3,RBF-18-0013-1_S25_L001,0,0.0008650989620946348
CIP,lineage,LR,label,3,RBF-18-0064-2_S14,0,4.543005047707993e-07
CIP,lineage,LR,label,3,RBF-18-0072-1_S16,0,5.564153070736211e-06
CIP,lineage,LR,label,3,RBF-18-0088-1_S24,1,0.6006025671958923
CIP,lineage,LR,label,3,RBF-18-0099-1_S26,0,2.845224287284509e-07
CIP,lineage,LR,label,3,RBF-18-0132-1_S26,0,0.0005036746733821929
CIP,lineage,LR,label,3,RBF-18-0135-1_S34,1,0.6479001641273499
CIP,lineage,LR,label,3,RBF-18-0179-1_S29,0,0.49757906794548035
CIP,lineage,LR,label,3,RBF-18-0294-1_S64,0,8.549583071726374e-06
CIP,lineage,LR,label,3,RBF-18-0296-1_S17,0,0.016152866184711456
CIP,lineage,LR,label,3,RBF-18-0333-1_S70,0,1.375683837068209e-06
CIP,lineage,LR,label,3,RBG-18-0017-1_S5,1,2.126784526268466e-09
CIP,lineage,LR,label,3,RBG-18-0055-1_S43,1,0.9991249442100525
CIP,lineage,LR,label,3,RBG-18-0108-1_S16,0,5.362246611184673e-07
CIP,lineage,LR,label,3,RBG-18-0113-1_S13_L001,0,1.1323957327391554e-09
CIP,lineage,LR,label,3,RBG-18-0144-1_S38,0,5.650836243376034e-08
CIP,lineage,LR,label,3,RBG-18-0166-1_S10_L001,0,3.371814898400771e-07
CIP,lineage,LR,label,3,RBG-18-0202-1_S13_L001,0,0.0006113560521043837
CIP,lineage,LR,label,3,RBG-18-0300-1_S52,0,0.0009987192461267114
CIP,lineage,LR,label,3,RBG-18-0352-1_S21_L001,0,0.00971398875117302
CIP,lineage,LR,label,3,RBG-18-0381-1_S49,0,1.6289989162032725e-06
CIP,lineage,LR,label,3,RBK-16-007-1_S13,1,1.50792034414593e-09
CIP,lineage,LR,label,3,RBK-17-049-1_S62,1,0.2941175699234009
CIP,lineage,LR,label,3,RBK-18-0002-1_S38,1,0.006703577004373074
CIP,lineage,LR,label,3,RBK-18-0005-1_S18,0,1.1259763965654201e-07
CIP,lineage,LR,label,3,RBK-18-0250-1_S235_2,1,0.9704360365867615
CIP,lineage,LR,label,3,RBL-17-0090-1_S145,0,1.4330557007724565e-07
CIP,lineage,LR,label,3,RBL-17-0108-1_S151,0,0.026707187294960022
CIP,lineage,LR,label,3,RBL-17-0116-1_S154,0,9.771997429197654e-05
CIP,lineage,LR,label,3,RBL-17-0205-1_S175,0,2.2312195142148994e-05
CIP,lineage,LR,label,3,RBL-17-0217-1_S176,0,2.4085331460810266e-05
CIP,lineage,LR,label,3,RBL-17-0259-1_S99,0,1.6237443560385145e-05
CIP,lineage,LR,label,3,RBL-17-0327-1_S116,0,1.5811696396639263e-10
CIP,lineage,LR,label,3,RBL-17-0340-1_S102,0,0.0005852500908076763
CIP,lineage,LR,label,3,RBL-17-0342-1_S103,0,0.005265870597213507
CIP,lineage,LR,label,3,RBL-17-0347-1_S104,0,3.968106466345489e-05
CIP,lineage,LR,label,3,RBL-17-0365-1_S112,0,9.982541904207665e-09
CIP,lineage,LR,label,3,RBL-17-0366-1_S113,1,2.4550036670234476e-08
CIP,lineage,LR,label,3,RBL-17-0368-1_S114,0,0.00022841410827822983
CIP,lineage,LR,label,3,RBL-17-0390-1_S121,0,5.134126581651799e-07
CIP,lineage,LR,label,3,RBL-17-0395-1_S124,0,0.00036982769961468875
CIP,lineage,LR,label,3,RBL-17-0402-1_S126,0,8.626249473309144e-05
CIP,lineage,LR,label,3,RBL-17-0435-1_S134,0,0.003200076287612319
CIP,lineage,LR,label,3,RBL-17-075-1_S18,1,0.06473423540592194
CIP,lineage,LR,label,3,RBL-18-0016-1_S161,0,0.0020727787632495165
CIP,lineage,LR,label,3,RBL-18-0021-1_S42,1,0.9999995231628418
CIP,lineage,LR,label,3,RBL-18-0037-1_S168,0,6.844995368737727e-05
CIP,lineage,LR,label,3,RBL-18-0055-1_S170,0,2.0067396633294265e-07
CIP,lineage,LR,label,3,RBL-18-0066-1_S173,0,5.774469173047692e-06
CIP,lineage,LR,label,3,RBL-18-0085-1_S176,0,1.1702202762364777e-08
CIP,lineage,LR,label,3,RBT-17-0027-1_S3,0,1.6706455426174216e-05
CIP,lineage,LR,label,3,RBT-17-0097-1_S34,1,0.012801825068891048
CIP,lineage,LR,label,3,RBT-17-0100-1_S36,1,1.995278609001616e-09
CIP,lineage,LR,label,3,RBT-17-0149-1_S13,0,0.002372951479628682
CIP,lineage,LR,label,3,RBT-17-0156-1_S56,1,1.0
CIP,lineage,LR,label,3,RBT-17-0165-1_S60,0,0.023222224786877632
CIP,lineage,LR,label,3,RBT-17-0178-1_S66,0,4.969621869577168e-08
CIP,lineage,LR,label,3,RBT-17-0210-1_S55,0,0.0011260739993304014
CIP,lineage,LR,label,3,RBT-17-0228-1_S10,0,0.42891836166381836
CIP,lineage,LR,label,3,RBT-17-0256-1_S25,0,0.9999929666519165
CIP,lineage,LR,label,3,RBT-17-0285-1_S66,1,0.6614099144935608
CIP,lineage,LR,label,3,RBT-17-0287-1_S10,0,3.219575939183983e-09
CIP,lineage,LR,label,3,RBT-17-0291-1_S14,1,0.9980682730674744
CIP,lineage,LR,label,3,RBT-18-0023-1_S14,0,1.2380631915220874e-06
CIP,lineage,LR,label,3,RBT-18-0045-1_S70,1,0.9999996423721313
CIP,lineage,LR,label,3,RBT-18-0064-1_S15,0,0.06643989682197571
CIP,lineage,LR,label,3,RBT-18-0095-1_S19,0,0.02757033333182335
CIP,lineage,LR,label,3,RBT-18-0096-1_S20,0,0.0015536878490820527
CIP,lineage,LR,label,3,RBT-18-0164-1_S34,1,9.692435742891803e-10
CIP,lineage,LR,label,3,RBT-18-0173-1_S35,1,0.023985426872968674
CIP,lineage,LR,label,3,RBT-18-0184-1_S38,1,4.853868418308593e-09
CIP,lineage,LR,label,3,RBT-18-0185-1_S39,0,0.0025016991421580315
CIP,lineage,LR,label,3,RBT-18-0236-1_S48,1,5.1257877942134655e-09
CIP,lineage,LR,label,3,RBT-18-0241-1_S50,0,9.288226188175486e-09
CIP,lineage,LR,label,3,RBT-18-0251-1_S7,0,0.9970796704292297
CIP,lineage,LR,label,3,RBT-18-0259-1_S55,0,1.6253724197667907e-06
CIP,lineage,LR,label,3,RBT-18-0263-1_S58,0,1.4702107309361168e-09
CIP,lineage,LR,label,3,RBT-18-0265-1_S59,0,1.606525074748788e-06
CIP,lineage,LR,label,3,RBT-18-0316-1_S43,0,1.9259941836935468e-05
CIP,lineage,LR,label,3,RBT-18-0377-1_S1,0,0.10242403298616409
CIP,lineage,LR,label,3,ResetH10_S1_L001,1,0.0017204971518367529
CIP,lineage,LR,label,3,ResetH134_S8_L001,0,0.9942711591720581
CIP,lineage,LR,label,3,ResetH30_S4_L001,0,0.24989204108715057
CIP,lineage,LR,label,3,ResetH93_S5_L001,1,0.5223932266235352
CIP,lineage,LR,label,3,ResetV105_S1_L001,1,0.7043371796607971
CIP,lineage,LR,label,3,ResetV288_S6_L001,1,0.9966565370559692
CIP,lineage,LR,label,3,ResetV63_S5_L001,1,0.9995989203453064
CIP,lineage,LR,label,3,ResetV74_S7_L001,1,1.0
CIP,lineage,LR,label,3,Survcare058_S26,1,0.950390100479126
CIP,lineage,LR,label,3,Survcare129_S1,0,0.0005125619354657829
CIP,lineage,LR,label,3,Survcare278_S62,1,1.0
CIP,lineage,LR,label,3,Survcare321_S18,1,0.978007972240448
CIP,lineage,LR,label,3,V153_S4_L001,0,1.6181593309738673e-05
CIP,lineage,LR,label,3,V155_S5_L001,0,9.921658602252137e-06
CIP,lineage,LR,label,3,V158_S4_L001,0,0.9981564879417419
CIP,lineage,LR,label,3,V289_S5_L001,1,0.9988654851913452
CIP,lineage,LR,label,3,V64_S3_L001,1,0.9973112344741821
CIP,lineage,LR,label,3,V71_S4_L001,1,1.0
CIP,lineage,LR,label,3,V8_S7_L001,0,0.27732935547828674
CIP,lineage,LR,label,3,wdh-RBL-17-0361-1_S44,0,0.00027387987938709557
CIP,lineage,LR,label,3,wdh-Survcare119_S44,0,0.006797888781875372
CIP,lineage,LR,label,3,wdhRBF-17-0564-1_S230,1,0.8588658571243286
CIP,lineage,LR,label,3,wdhRBF-18-0025-1_S11_L001,0,7.005241400293016e-07
CIP,lineage,LR,label,3,wdhRBF-18-0059-1_S15_L001,0,4.8300254462674275e-08
CIP,lineage,LR,label,3,WDHRBG-16-049-1_S87,1,0.9999692440032959
CIP,lineage,LR,label,3,WDHRBG-16-050-1_S40,1,0.999996542930603
CIP,lineage,LR,label,3,WDHRBG-16-062-1_S49,0,8.605063044342387e-07
CIP,lineage,LR,label,3,WDHRBG-17-001-1_S82,1,7.953475100741514e-10
CIP,lineage,LR,label,3,WDHRBG-17-121-1_S46,0,2.432103940464003e-07
CIP,lineage,LR,label,3,WDHRBG-17-122-1_S48,1,0.013626769185066223
CIP,lineage,LR,label,3,wNRZ-33910_S81,0,0.09604426473379135
CIP,lineage,LR,label,3,wRBG-16-034-1_S164,0,3.4007482554443413e-06
CIP,lineage,LR,label,3,wRBG-17-023-1_S155,0,1.508832503382962e-09
CIP,lineage,LR,label,3,wRBG-17-030-1_S165,0,0.0005673897685483098
CIP,lineage,LR,label,3,wRBG-17-075-1_S96,0,0.001062707626260817
CIP,lineage,LR,label,3,wRBG-17-102-1_S169,0,0.00018228316912427545
CIP,lineage,LR,label,3,wwRBF-17-251-1_S33,1,0.9941051006317139
CIP,lineage,LR,label,3,wwRBK-17-0298-1_S42,1,0.3693781793117523
CIP,lineage,LR,label,3,WWSurvcare043_S43,1,1.0
CIP,lineage,LR,label,4,H108_S5_L001,0,4.6935443975826274e-08
CIP,lineage,LR,label,4,H116_S8_L001,1,0.04809027910232544
CIP,lineage,LR,label,4,H130_S2_L001,0,1.3035931090144004e-07
CIP,lineage,LR,label,4,H136_S7_L001,1,1.6304817336276756e-06
CIP,lineage,LR,label,4,H38_S4_L001,1,0.9999958276748657
CIP,lineage,LR,label,4,H69_S6_L001,1,0.9999492168426514
CIP,lineage,LR,label,4,NNRBG-17-0193-1_S2,0,3.710390217293025e-07
CIP,lineage,LR,label,4,NNRBG-17-0201-1_S6,0,0.9999858140945435
CIP,lineage,LR,label,4,NNRBG-17-0278-1_S16,0,2.869146192097105e-05
CIP,lineage,LR,label,4,NNRBG-17-0298-1_S19,0,0.06338778138160706
CIP,lineage,LR,label,4,NNRBG-17-0346-1_S30,1,0.9998946189880371
CIP,lineage,LR,label,4,RBB-18-0490-1_S20_L001,1,0.9861330389976501
CIP,lineage,LR,label,4,RBB-18-0519-1_S184,1,0.0017457336653023958
CIP,lineage,LR,label,4,RBB-18-0765-1_S191,1,0.9942201375961304
CIP,lineage,LR,label,4,RBB-18-0772-1_S192,1,0.3456231951713562
CIP,lineage,LR,label,4,RBB-18-0972-1_S203_2,1,0.999893069267273
CIP,lineage,LR,label,4,RBF-17-0178-1_S139,1,0.9999184608459473
CIP,lineage,LR,label,4,RBF-17-0195-1_S141,0,0.16802775859832764
CIP,lineage,LR,label,4,RBF-17-0509-1_S74,0,0.29667574167251587
CIP,lineage,LR,label,4,RBF-17-0523-1_S30,0,0.9998204112052917
CIP,lineage,LR,label,4,RBF-17-0605-1_S94,0,2.177653470880614e-07
CIP,lineage,LR,label,4,RBF-17-0616-1_S96,0,0.00063530751504004
CIP,lineage,LR,label,4,RBF-18-0027-1_S5,1,0.6294341087341309
CIP,lineage,LR,label,4,RBF-18-0093-1_S80,1,0.9990130662918091
CIP,lineage,LR,label,4,RBF-18-0121-1_S28,1,4.363605330581777e-05
CIP,lineage,LR,label,4,RBF-18-0139-1_S35,0,0.001644438598304987
CIP,lineage,LR,label,4,RBF-18-0147-1_S36,0,3.4094543934770627e-06
CIP,lineage,LR,label,4,RBF-18-0172-1_S40,1,1.6155025150510482e-05
CIP,lineage,LR,label,4,RBF-18-0184-1_S30,1,0.9999997615814209
CIP,lineage,LR,label,4,RBF-18-0192-1_S44,0,1.7535137885715812e-05
CIP,lineage,LR,label,4,RBF-18-0200-1_S48,0,0.9999560117721558
CIP,lineage,LR,label,4,RBF-18-0208-2_S11_L001,0,2.2863813065043814e-09
CIP,lineage,LR,label,4,RBF-18-0251-1_S55,0,0.9838913083076477
CIP,lineage,LR,label,4,RBF-18-0259-1_S33,0,0.9999850988388062
CIP,lineage,LR,label,4,RBF-18-0280-1_S62,0,6.589727652439592e-10
CIP,lineage,LR,label,4,RBF-18-0405-1_S81_2,1,0.10139647871255875
CIP,lineage,LR,label,4,RBF-18-0664-1_S190,0,0.8933337926864624
CIP,lineage,LR,label,4,RBG-17-013-1_S16,1,0.9594324827194214
CIP,lineage,LR,label,4,RBG-17-0284-1_S59,0,3.697977035699296e-06
CIP,lineage,LR,label,4,RBG-18-0012-1_S3,1,0.0011351769790053368
CIP,lineage,LR,label,4,RBG-18-0140-1_S14_L001,0,6.248836115219092e-08
CIP,lineage,LR,label,4,RBG-18-0221-1_S47,1,6.895914702909067e-05
CIP,lineage,LR,label,4,RBG-18-0239-1_S4,0,0.7834545969963074
CIP,lineage,LR,label,4,RBG-18-0312-1_S55,1,0.5360435247421265
CIP,lineage,LR,label,4,RBG-18-0355-1_S19_L001,0,0.9996601343154907
CIP,lineage,LR,label,4,RBG-18-0383-1_S37,1,0.3149724304676056
CIP,lineage,LR,label,4,RBG-18-0402-1_S50,1,0.9999927282333374
CIP,lineage,LR,label,4,RBK-16-073-1_S14,0,0.9916227459907532
CIP,lineage,LR,label,4,RBK-17-0595-1_S187,0,0.9904671311378479
CIP,lineage,LR,label,4,RBK-18-0047-1_S20,0,3.305390521290974e-07
CIP,lineage,LR,label,4,RBK-18-0104-1_S206,0,3.2490587911077062e-12
CIP,lineage,LR,label,4,RBL-17-0118-1_S156,0,1.619553158249687e-09
CIP,lineage,LR,label,4,RBL-17-0172-1_S170,0,7.606040162499994e-05
CIP,lineage,LR,label,4,RBL-17-0189-1_S172,0,5.181075266591506e-07
CIP,lineage,LR,label,4,RBL-17-0256-1_S98,0,1.1798560990428086e-06
CIP,lineage,LR,label,4,RBL-17-0261-1_S100,1,5.077078080867325e-13
CIP,lineage,LR,label,4,RBL-17-0320-1_S114,1,0.9924740195274353
CIP,lineage,LR,label,4,RBL-17-0332-1_S118,0,1.192620288748003e-06
CIP,lineage,LR,label,4,RBL-17-0360-1_S108,0,0.00011974098742939532
CIP,lineage,LR,label,4,RBL-17-0411-1_S128,0,7.19009629612799e-10
CIP,lineage,LR,label,4,RBL-17-0428-1_S70,1,0.22658538818359375
CIP,lineage,LR,label,4,RBL-18-0002-1_S158,0,0.06683327257633209
CIP,lineage,LR,label,4,RBL-18-0010-1_S159,0,5.477699360767474e-08
CIP,lineage,LR,label,4,RBL-18-0022-1_S43,0,0.0013308186316862702
CIP,lineage,LR,label,4,RBT-16-0045-1_S58,1,0.9704628586769104
CIP,lineage,LR,label,4,RBT-17-0003-1_S16,0,1.845707174652489e-06
CIP,lineage,LR,label,4,RBT-17-0022-1_S24,0,0.9998255372047424
CIP,lineage,LR,label,4,RBT-17-0099-1_S35,1,0.030282482504844666
CIP,lineage,LR,label,4,RBT-17-0107-1_S39,0,0.005018278025090694
CIP,lineage,LR,label,4,RBT-17-0133-1_S6,1,0.9995245933532715
CIP,lineage,LR,label,4,RBT-17-0138-1_S52,1,0.9999595880508423
CIP,lineage,LR,label,4,RBT-17-0161-1_S57,0,9.203727699969022e-07
CIP,lineage,LR,label,4,RBT-17-0177-1_S65,1,0.8302806615829468
CIP,lineage,LR,label,4,RBT-17-0177-2_S7,1,0.8634279370307922
CIP,lineage,LR,label,4,RBT-18-0004-1_S51,1,0.9993730187416077
CIP,lineage,LR,label,4,RBT-18-0017-1_S67,0,7.532518111474928e-07
CIP,lineage,LR,label,4,RBT-18-0042-1_S60,0,0.0001035737368511036
CIP,lineage,LR,label,4,RBT-18-0056-1_S37,0,2.3313152269111015e-05
CIP,lineage,LR,label,4,RBT-18-0080-1_S49,1,0.9963794350624084
CIP,lineage,LR,label,4,RBT-18-0091-1_S42,0,0.0002648727095220238
CIP,lineage,LR,label,4,RBT-18-0102-1_S23,0,6.10485440120101e-05
CIP,lineage,LR,label,4,RBT-18-0110-1_S27,1,0.04222254455089569
CIP,lineage,LR,label,4,RBT-18-0121-1_S28,0,4.866853942075977e-06
CIP,lineage,LR,label,4,RBT-18-0133-1_S30,0,0.00039370692684315145
CIP,lineage,LR,label,4,RBT-18-0141-1_S32,0,8.49328498588875e-05
CIP,lineage,LR,label,4,RBT-18-0179-1_S37,0,0.19433455169200897
CIP,lineage,LR,label,4,RBT-18-0181-1_S61,1,0.009599097073078156
CIP,lineage,LR,label,4,RBT-18-0247-1_S16,1,0.9991468191146851
CIP,lineage,LR,label,4,RBT-18-0252-1_S53,1,0.875461220741272
CIP,lineage,LR,label,4,RBT-18-0275-1_S63,0,0.9997971653938293
CIP,lineage,LR,label,4,RBT-18-0283-1_S65,0,0.00018172712589148432
CIP,lineage,LR,label,4,RBT-18-0292-1_S70,0,0.00029569200705736876
CIP,lineage,LR,label,4,RBT-18-0325-1_S44,0,0.00036699531483463943
CIP,lineage,LR,label,4,RBT-18-0331-1_S22,0,0.0003072019317187369
CIP,lineage,LR,label,4,RBT-18-0334-1_S23,0,1.4067679330764804e-05
CIP,lineage,LR,label,4,RBT-18-0340-1_S36,0,0.00011660791642498225
CIP,lineage,LR,label,4,RBT-18-0341-1_S24,1,0.1265554577112198
CIP,lineage,LR,label,4,RBT-18-0351-1_S48,0,0.20888887345790863
CIP,lineage,LR,label,4,RBT-18-0357-1_S27,0,4.4980506572755985e-06
CIP,lineage,LR,label,4,RBT-18-0365-1_S30,0,8.415478077949956e-05
CIP,lineage,LR,label,4,RBT-18-0384-1_S40,0,0.9996060729026794
CIP,lineage,LR,label,4,RBT-18-0385-1_S34,0,7.556667242170079e-06
CIP,lineage,LR,label,4,ResetH115_S6_L001,1,0.9935451745986938
CIP,lineage,LR,label,4,ResetH139_S3_L001,0,6.079310566065033e-08
CIP,lineage,LR,label,4,ResetH16_S2_L001,1,0.9999812841415405
CIP,lineage,LR,label,4,ResetH24a_S3_2_L001,1,0.08030010014772415
CIP,lineage,LR,label,4,ResetH44_S3_L001,1,0.999920129776001
CIP,lineage,LR,label,4,ResetH8_S2_L001,0,0.004095626994967461
CIP,lineage,LR,label,4,ResetH89_S3_L001,0,0.8994963765144348
CIP,lineage,LR,label,4,ResetH92_S4_L001,1,0.9999475479125977
CIP,lineage,LR,label,4,ResetH99_S5_L001,0,0.6836187243461609
CIP,lineage,LR,label,4,ResetV70_S6_L001,1,0.08032864332199097
CIP,lineage,LR,label,4,RPG-18-0435-1_S32,0,3.843113347556937e-07
CIP,lineage,LR,label,4,Survcare133_S25,0,0.9637260437011719
CIP,lineage,LR,label,4,Survcare134_S26,0,0.888878345489502
CIP,lineage,LR,label,4,Survcare140_S4_L001,0,0.9745664596557617
CIP,lineage,LR,label,4,Survcare253_S35,1,0.999487042427063
CIP,lineage,LR,label,4,Survcare262_S23_L001,1,2.3437070950649286e-08
CIP,lineage,LR,label,4,Survcare303_S15_L001,0,0.7189710140228271
CIP,lineage,LR,label,4,Survcare318_S20_L001,0,0.002118901116773486
CIP,lineage,LR,label,4,Survcare319_S16,0,0.017294177785515785
CIP,lineage,LR,label,4,Survcare337_S12,0,2.3810183847672306e-05
CIP,lineage,LR,label,4,Survcare350_S44,1,0.7686163187026978
CIP,lineage,LR,label,4,Survcare360_S84,1,0.7618694305419922
CIP,lineage,LR,label,4,V108_S2_L001,0,2.9777289455523714e-05
CIP,lineage,LR,label,4,V113_S3_L001,0,0.00034467436489649117
CIP,lineage,LR,label,4,V131_S7_L001,1,0.001421810477040708
CIP,lineage,LR,label,4,V152_S3_L001,0,0.001092856633476913
CIP,lineage,LR,label,4,V163_S6_L001,0,0.9999960660934448
CIP,lineage,LR,label,4,V182_S6_L001,1,0.9999642372131348
CIP,lineage,LR,label,4,V195_S1_L001,1,3.224752072128467e-05
CIP,lineage,LR,label,4,V98_S3_L001,1,0.04112131893634796
CIP,lineage,LR,label,4,w2RBG-16-037-1_S34,1,0.4432883560657501
CIP,lineage,LR,label,4,wdhRBF-18-0080-1_S17_L001,0,0.999893069267273
CIP,lineage,LR,label,4,wdhRBF-18-0098-1_S19_L001,0,0.02191450446844101
CIP,lineage,LR,label,4,WDHRBG-17-005-2_S61,0,0.28385376930236816
CIP,lineage,LR,label,4,WDHRBG-17-008-1_S83,0,0.9983720183372498
CIP,lineage,LR,label,4,wdhRBL-17-0370-1_S232,1,0.9834181666374207
CIP,lineage,LR,label,4,wNRZ-32446_S79,1,0.5995503664016724
CIP,lineage,LR,label,4,wRBG-16-027-1_S174,0,0.998354434967041
CIP,lineage,LR,label,4,wRBG-17-028-1_S100,0,4.686463994652001e-10
CIP,lineage,LR,label,4,wRBG-17-031-1_S154,0,4.3983205966213745e-10
CIP,lineage,LR,label,4,wRBG-17-047-1_S153,0,4.1577578713258845e-08
CIP,lineage,LR,label,4,wRBG-17-073-1_S118,0,0.9958463311195374
CIP,lineage,LR,label,4,wwRBB-17-031-1_S25,1,0.9793456792831421
CIP,lineage,SVM,label,0,H105_S3_L001,1,0.6515632559586106
CIP,lineage,SVM,label,0,H148_S4_L001,1,0.72154914574088
CIP,lineage,SVM,label,0,H157_S3_L001,0,0.9348967348216071
CIP,lineage,SVM,label,0,H28_S10_L001,0,0.23853558323937787
CIP,lineage,SVM,label,0,H3_S1_L001,1,0.7020116142573889
CIP,lineage,SVM,label,0,H50_S7_L001,0,0.24048132215623658
CIP,lineage,SVM,label,0,H51_S5_L001,1,0.6416149954747639
CIP,lineage,SVM,label,0,H53_S4_L001,1,0.6381893150810608
CIP,lineage,SVM,label,0,H71_S1_L001,1,0.7360986813263336
CIP,lineage,SVM,label,0,H86_S1_L001,1,0.5336672425547713
CIP,lineage,SVM,label,0,NNRBG-17-0191-1_S1,0,0.323555138039485
CIP,lineage,SVM,label,0,NNRBG-17-0242-1_S11,0,0.3360303690129998
CIP,lineage,SVM,label,0,NNRBG-17-0249-1_S13,0,0.3056837811006639
CIP,lineage,SVM,label,0,NNRBG-17-0378-1_S37,1,0.6498976594799429
CIP,lineage,SVM,label,0,RBB-17-011-1_S40,1,0.6406050336559919
CIP,lineage,SVM,label,0,RBB-17-171-1_S52,1,0.3498816224750346
CIP,lineage,SVM,label,0,RBB-18-0537-1_S21_L001,1,0.6695612370316478
CIP,lineage,SVM,label,0,RBB-18-0668-1_S188,1,0.5649246723413738
CIP,lineage,SVM,label,0,RBB-18-1309-1_S42,1,0.3959850884805261
CIP,lineage,SVM,label,0,RBB-18-1460-1_S45,1,0.5836856631903095
CIP,lineage,SVM,label,0,RBB-19-0014-1_S44,1,0.2394993904052153
CIP,lineage,SVM,label,0,RBF-16-004-1_S18,1,0.42621813156296867
CIP,lineage,SVM,label,0,RBF-16-060-1_S22,1,0.6368209796284213
CIP,lineage,SVM,label,0,RBF-17-0340-1_S81,1,0.5833580486952428
CIP,lineage,SVM,label,0,RBF-17-0438-1_S9,1,0.6406050336559919
CIP,lineage,SVM,label,0,RBF-17-0467-1_S12,1,0.6271736753496415
CIP,lineage,SVM,label,0,RBF-17-0489-1_S13,1,0.6682027070459402
CIP,lineage,SVM,label,0,RBF-17-0521-1_S78,1,0.7064487756446404
CIP,lineage,SVM,label,0,RBF-17-0537-1_S56,1,0.6411735260063961
CIP,lineage,SVM,label,0,RBF-17-0538-1_S82,0,0.06815636822794743
CIP,lineage,SVM,label,0,RBF-17-0550-1_S84,0,0.9501978281118683
CIP,lineage,SVM,label,0,RBF-17-0553-1_S85,1,0.6515332906602309
CIP,lineage,SVM,label,0,RBF-17-0572-2_S89,0,0.650680583604779
CIP,lineage,SVM,label,0,RBF-17-0614-3_S95,0,0.2871891259300571
CIP,lineage,SVM,label,0,RBF-17-0630-1_S59,0,0.11718954698204333
CIP,lineage,SVM,label,0,RBF-17-0645-1_S61,0,0.20225325124131965
CIP,lineage,SVM,label,0,RBF-17-0653-1_S101,0,0.2713789824167952
CIP,lineage,SVM,label,0,RBF-17-0664-1_S63,0,0.33850388844819446
CIP,lineage,SVM,label,0,RBF-17-067-1_S54,1,0.6628751384901954
CIP,lineage,SVM,label,0,RBF-17-094-1_S56,1,0.6270492827185019
CIP,lineage,SVM,label,0,RBF-17-170-1_S66,1,0.488010237950658
CIP,lineage,SVM,label,0,RBF-17-186-1_S69,1,0.6406050336559919
CIP,lineage,SVM,label,0,RBF-17-318-1_S77,1,0.5191556835693681
CIP,lineage,SVM,label,0,RBF-18-0019-1_S2,1,0.6658915269560115
CIP,lineage,SVM,label,0,RBF-18-0066-1_S15,0,0.4686774740914896
CIP,lineage,SVM,label,0,RBF-18-0068-1_S77,1,0.37316127935650323
CIP,lineage,SVM,label,0,RBF-18-0075-1_S79,1,0.44541909313026185
CIP,lineage,SVM,label,0,RBF-18-0123-1_S25_L001,0,0.3127786524293785
CIP,lineage,SVM,label,0,RBF-18-0173-1_S27,0,0.29497795798302423
CIP,lineage,SVM,label,0,RBF-18-0174-1_S28,1,0.35056463255800224
CIP,lineage,SVM,label,0,RBF-18-0187-1_S31,1,0.49527977771953163
CIP,lineage,SVM,label,0,RBF-18-0194-1_S86,1,0.10630036493258227
CIP,lineage,SVM,label,0,RBF-18-0196-1_S46,1,0.3061166005866452
CIP,lineage,SVM,label,0,RBF-18-0199-1_S47,1,0.550543283541648
CIP,lineage,SVM,label,0,RBF-18-0201-1_S49,0,0.36607461716165124
CIP,lineage,SVM,label,0,RBF-18-0227-1_S53,0,0.2906206671673388
CIP,lineage,SVM,label,0,RBF-18-0277-1_S61,1,0.6203142939856863
CIP,lineage,SVM,label,0,RBF-18-0339-1_S37,0,0.09486496670427469
CIP,lineage,SVM,label,0,RBF-18-0585-1_S48,1,0.5611393154715991
CIP,lineage,SVM,label,0,RBF-18-0714-2_S204_2,1,0.5666493714488504
CIP,lineage,SVM,label,0,RBG-17-0351-1_S20_L001,1,0.3922524245244202
CIP,lineage,SVM,label,0,RBG-17-0383-1_S44,1,0.4679132346107333
CIP,lineage,SVM,label,0,RBG-18-0004-1_S1,1,0.6406050336559919
CIP,lineage,SVM,label,0,RBG-18-0072-1_S8,0,0.4122655846092441
CIP,lineage,SVM,label,0,RBG-18-0099-1_S14,1,0.6406050336559919
CIP,lineage,SVM,label,0,RBG-18-0129-1_S15_L001,1,0.45926297244154346
CIP,lineage,SVM,label,0,RBG-18-0153-1_S14,1,0.6978326662967439
CIP,lineage,SVM,label,0,RBG-18-0170-1_S41,0,0.23080848454313593
CIP,lineage,SVM,label,0,RBG-18-0177-1_S17_L001,1,0.6153283751963471
CIP,lineage,SVM,label,0,RBG-18-0200-1_S18_L001,1,0.5317825551281296
CIP,lineage,SVM,label,0,RBG-18-0204-1_S23_L001,0,0.4667407599246621
CIP,lineage,SVM,label,0,RBG-18-0223-1_S2,0,0.1346616782880859
CIP,lineage,SVM,label,0,RBG-18-0224-1_S24_L001,1,0.6432885700666251
CIP,lineage,SVM,label,0,RBG-18-0279-1_S36,1,0.6423614792145178
CIP,lineage,SVM,label,0,RBG-18-0289-1_S37,0,0.7138469940662276
CIP,lineage,SVM,label,0,RBG-18-0358-1_S39,0,0.4237624051581842
CIP,lineage,SVM,label,0,RBG-18-0380-1_S48,1,0.6406050336559919
CIP,lineage,SVM,label,0,RBG-18-0388-1_S21_L001,1,0.7822534064466695
CIP,lineage,SVM,label,0,RBG-18-0391-1_S22_L001,1,0.6681957707083096
CIP,lineage,SVM,label,0,RBG-18-0410-1_S12,1,0.4369481810902101
CIP,lineage,SVM,label,0,RBG-18-0417-1_S52,0,0.2556482955212087
CIP,lineage,SVM,label,0,RBG-18-0421-1_S53,1,0.7968144114373051
CIP,lineage,SVM,label,0,RBG-18-0437-1_S54,1,0.4861223829159848
CIP,lineage,SVM,label,0,RBK-17-0457-1_S6,1,0.5350640056156265
CIP,lineage,SVM,label,0,RBK-17-0492-1_S8,1,0.41831820259174307
CIP,lineage,SVM,label,0,RBK-17-0588-1_S24,1,0.6971611160190812
CIP,lineage,SVM,label,0,RBK-17-0601-1_S25,1,0.6406050336559919
CIP,lineage,SVM,label,0,RBK-17-0612-1_S27,1,0.641788232285914
CIP,lineage,SVM,label,0,RBK-17-0655-5_S182,1,0.6410248519557004
CIP,lineage,SVM,label,0,RBK-18-0037-1_S199,0,0.5118403814495376
CIP,lineage,SVM,label,0,RBK-18-0062-2_S203,0,0.20346025815719931
CIP,lineage,SVM,label,0,RBK-18-0077-1_S212,1,0.641788232285914
CIP,lineage,SVM,label,0,RBk-18-0216-1_S231_2,0,0.08980380574875849
CIP,lineage,SVM,label,0,RBK-18-0236-2_S52_2,1,0.6129749297760096
CIP,lineage,SVM,label,0,RBK-18-0644-1_S180,0,0.27376611375295695
CIP,lineage,SVM,label,0,RBKk-18-0108-1_S201,1,0.6411050758709744
CIP,lineage,SVM,label,0,RBL-17-0093-1_S146,0,0.6831545295105252
CIP,lineage,SVM,label,0,RBL-17-0101-1_S148,0,0.29571389024312666
CIP,lineage,SVM,label,0,RBL-17-0107-1_S150,0,0.6362287174397143
CIP,lineage,SVM,label,0,RBL-17-0113-1_S153,1,0.6561340607908926
CIP,lineage,SVM,label,0,RBL-17-0136-1_S161,0,0.07448629017442608
CIP,lineage,SVM,label,0,RBL-17-0199-1_S174,1,0.6282857311963241
CIP,lineage,SVM,label,0,RBL-17-0226-1_S41,1,0.6421667702296205
CIP,lineage,SVM,label,0,RBL-17-0242-1_S42,1,0.6401313514832583
CIP,lineage,SVM,label,0,RBL-17-0244-1_S44,1,0.6125856512915806
CIP,lineage,SVM,label,0,RBL-17-0264-1_S103,1,0.4562042908783666
CIP,lineage,SVM,label,0,RBL-17-0267-1_S104,0,0.2310752713706002
CIP,lineage,SVM,label,0,RBL-17-0274-2_S105,0,0.286186977747906
CIP,lineage,SVM,label,0,RBL-17-0305-1_S49,1,0.5457892353610759
CIP,lineage,SVM,label,0,RBL-17-0307-1_S51,1,0.6406050336559919
CIP,lineage,SVM,label,0,RBL-17-0323-1_S115,0,0.060501101737195834
CIP,lineage,SVM,label,0,RBL-17-0350-1_S106,1,0.721120734526086
CIP,lineage,SVM,label,0,RBL-17-0359-1_S66,1,0.5454379374420266
CIP,lineage,SVM,label,0,RBL-17-0392-1_S69,1,0.5457892353610759
CIP,lineage,SVM,label,0,RBL-17-0432-1_S132,1,0.6998149696101645
CIP,lineage,SVM,label,0,RBL-17-060-1_S17,1,0.5201915983603598
CIP,lineage,SVM,label,0,RBL-18-0048-1_S44,1,0.5429537639784433
CIP,lineage,SVM,label,0,RBL-18-0059-1_S171,1,0.7590127847662236
CIP,lineage,SVM,label,0,RBL-18-0076-1_S47,1,0.5687110908395194
CIP,lineage,SVM,label,0,RBL-18-0090-1_S48,1,0.6700650557154655
CIP,lineage,SVM,label,0,RBL-18-0093-1_S49,1,0.648072703331455
CIP,lineage,SVM,label,0,RBL-18-0098-1_S178,1,0.6482916829124492
CIP,lineage,SVM,label,0,RBL-18-0194-1_S195_2,1,0.48804355308429104
CIP,lineage,SVM,label,0,RBL-18-0242-1_S51,0,0.0196745283140643
CIP,lineage,SVM,label,0,RBL-18-0343-1_S6,1,0.723891737113714
CIP,lineage,SVM,label,0,RBL-18-0467-1_S228_2,1,0.39502345760558016
CIP,lineage,SVM,label,0,RBL-18-0500-1_S230_2,1,0.5327922798973956
CIP,lineage,SVM,label,0,RBT-16-0024-1_S10,1,0.5080762668373962
CIP,lineage,SVM,label,0,RBT-16-0038-1_S11,1,0.47186163489527383
CIP,lineage,SVM,label,0,RBT-17-0009-1_S21,1,0.29338721473443585
CIP,lineage,SVM,label,0,RBT-17-0039-1_S28,0,0.5471921745554752
CIP,lineage,SVM,label,0,RBT-17-0102-1_S37,1,0.5929546646437737
CIP,lineage,SVM,label,0,RBT-17-0112-1_S41,0,0.2087365967862795
CIP,lineage,SVM,label,0,RBT-17-0124-1_S46,0,0.17061662179701342
CIP,lineage,SVM,label,0,RBT-17-0174-1_S64,0,0.325587894386298
CIP,lineage,SVM,label,0,RBT-17-0183-1_S67,0,0.5975338351759569
CIP,lineage,SVM,label,0,RBT-17-0188-1_S68,0,0.6901187408109969
CIP,lineage,SVM,label,0,RBT-17-0194-1_S30,0,0.5096855264559482
CIP,lineage,SVM,label,0,RBT-17-0219-1_S8,0,0.5986475176406777
CIP,lineage,SVM,label,0,RBT-17-0238-1_S59,0,0.34193884262803664
CIP,lineage,SVM,label,0,RBT-17-0239-1_S60,0,0.3231756686129202
CIP,lineage,SVM,label,0,RBT-17-0249-1_S61,1,0.6330607990346315
CIP,lineage,SVM,label,0,RBT-17-0295-1_S15,0,0.2887514883195006
CIP,lineage,SVM,label,0,RBT-17-0328-1_S16,1,0.6328556899199571
CIP,lineage,SVM,label,0,RBT-17-0339-1_S20,1,0.6152034916701256
CIP,lineage,SVM,label,0,RBT-18-0021-1_S56,1,0.6406050336559919
CIP,lineage,SVM,label,0,RBT-18-0027-1_S68,0,0.2788294497125075
CIP,lineage,SVM,label,0,RBT-18-0053-1_S36,1,0.6022317088781228
CIP,lineage,SVM,label,0,RBT-18-0079-1_S16,0,0.5776149448583237
CIP,lineage,SVM,label,0,RBT-18-0115-1_S45,0,0.26313303580829833
CIP,lineage,SVM,label,0,RBT-18-0205-1_S6,1,0.6201778461487708
CIP,lineage,SVM,label,0,RBT-18-0227-1_S46,1,0.6114143168453843
CIP,lineage,SVM,label,0,RBT-18-0234-1_S15,1,0.5802158858247847
CIP,lineage,SVM,label,0,RBT-18-0253-1_S54,0,0.4108636224020226
CIP,lineage,SVM,label,0,RBT-18-0278-1_S64,1,0.7385577308023616
CIP,lineage,SVM,label,0,RBT-18-0284-1_S66,1,0.6724145870630855
CIP,lineage,SVM,label,0,RBT-18-0296-1_S72,1,0.633571378826578
CIP,lineage,SVM,label,0,RBT-18-0308-1_S34,0,0.35688652373934815
CIP,lineage,SVM,label,0,RBT-18-0324-1_S57,1,0.6837970268201534
CIP,lineage,SVM,label,0,RBT-18-0335-1_S41,1,0.7442327208498636
CIP,lineage,SVM,label,0,RBT-18-0337-1_S46,0,0.6199745716462601
CIP,lineage,SVM,label,0,RBT-18-0338-1_S35,0,0.3200051782567205
CIP,lineage,SVM,label,0,RBT-18-0358-1_S28,0,0.3476487236457433
CIP,lineage,SVM,label,0,RBT-18-0363-1_S72,1,0.6519679829184777
CIP,lineage,SVM,label,0,RBT-18-0368-1_S32,0,0.1970840352290695
CIP,lineage,SVM,label,0,RBT-18-0372-1_S31,1,0.6307716504628686
CIP,lineage,SVM,label,0,RBT-18-0391-1_S35,1,0.6501904511118227
CIP,lineage,SVM,label,0,RBT-18-0392-1_S56,1,0.6112050490164979
CIP,lineage,SVM,label,0,RBT-18-0401-1_S43,1,0.5883038772161286
CIP,lineage,SVM,label,0,ResetH127_S6_L001,1,0.6627885570427742
CIP,lineage,SVM,label,0,ResetH129_S7_L001,1,0.6550199781703626
CIP,lineage,SVM,label,0,ResetH131_S7_L001,1,0.6337368903897217
CIP,lineage,SVM,label,0,ResetH132_S1_L001,0,0.6720846908855619
CIP,lineage,SVM,label,0,ResetH45_S5_L001,0,0.2561407729541123
CIP,lineage,SVM,label,0,ResetH49b_S6_L001,0,0.6140832100205972
CIP,lineage,SVM,label,0,ResetH63_S7_L001,1,0.6406050336559919
CIP,lineage,SVM,label,0,ResetH75_S2_L001,1,0.6434359712856148
CIP,lineage,SVM,label,0,ResetV260_S5_L001,1,0.6372681261857178
CIP,lineage,SVM,label,0,Survcare125_S25,0,0.2707106915431371
CIP,lineage,SVM,label,0,Survcare184_S19,0,0.40988538280183023
CIP,lineage,SVM,label,0,Survcare187_S32,1,0.5950449177090239
CIP,lineage,SVM,label,0,Survcare236_S5_L001,0,0.3089307270184492
CIP,lineage,SVM,label,0,Survcare244_S9_L001,0,0.11797970869001134
CIP,lineage,SVM,label,0,Survcare265_S20,0,0.34307523520032346
CIP,lineage,SVM,label,0,Survcare275_S38,0,0.4328480666000169
CIP,lineage,SVM,label,0,Survcare291_S38,0,0.36629149351736284
CIP,lineage,SVM,label,0,Survcare327_S1,1,0.6453618038496721
CIP,lineage,SVM,label,0,Survcare334_S10,0,0.3142746230940073
CIP,lineage,SVM,label,0,Survcare335_S11,0,0.48914966494694295
CIP,lineage,SVM,label,0,Survcare341_S25,1,0.5664796589674517
CIP,lineage,SVM,label,0,V172_S5_L001,0,0.32043237190579343
CIP,lineage,SVM,label,0,V173_S6_L001,0,0.8213018888799194
CIP,lineage,SVM,label,0,V215_S2_L001,0,0.14369315751753176
CIP,lineage,SVM,label,0,V228_S8_L001,0,0.9354320576540417
CIP,lineage,SVM,label,0,V229_S10_L001,0,0.9364655342966544
CIP,lineage,SVM,label,0,V232_S3_L001,0,0.4143437604677165
CIP,lineage,SVM,label,0,V282_S4_L001,1,0.6107537194918085
CIP,lineage,SVM,label,0,V291_S5_L001,1,0.6408807773823233
CIP,lineage,SVM,label,0,V295_S7_L001,1,0.6323033782694147
CIP,lineage,SVM,label,0,V89_S1_L001,0,0.24451290645133728
CIP,lineage,SVM,label,0,W2RBK-17-168-1_S33,1,0.6253546406302616
CIP,lineage,SVM,label,0,W2RBK-17-169-1_S34,0,0.29287562704264647
CIP,lineage,SVM,label,0,W2RBL-16-018-1_S15,1,0.6086433664973827
CIP,lineage,SVM,label,0,wdh-RBB-17-170-1_S16,1,0.6264708499414561
CIP,lineage,SVM,label,0,wdh-RBF-17-0572-1_S43,0,0.6487018833476792
CIP,lineage,SVM,label,0,wdh-RBL-17-0431-1_S46,0,0.022637171587119722
CIP,lineage,SVM,label,0,wdhRBF-10-0002-1_S10_L001,1,0.5310685255262546
CIP,lineage,SVM,label,0,wdhRBF-17-0558-1_S121,0,0.7757373637875934
CIP,lineage,SVM,label,0,wdhRBF-17-0567-1_S122,0,0.2246810196192182
CIP,lineage,SVM,label,0,wdhRBF-18-0081-1_S18_L001,0,0.44200861945968845
CIP,lineage,SVM,label,0,wRBF-17-0146-1_S35,1,0.6330607990346315
CIP,lineage,SVM,label,0,wRBG-16-033-1_S153,0,0.5392480184763029
CIP,lineage,SVM,label,0,wRBG-17-055-1_S163,1,0.432697835080993
CIP,lineage,SVM,label,0,wRBG-17-057-1_S141,0,0.21751285500342876
CIP,lineage,SVM,label,0,wRBG-17-106-1_S125,0,0.5886930294056244
CIP,lineage,SVM,label,0,wwRBB-16-112-1_S1,1,0.5922181404633645
CIP,lineage,SVM,label,0,wwRBF-16-007-1_S10,1,0.5575180718678403
CIP,lineage,SVM,label,0,wwRBF-17-148-1_S27,0,0.3337985468382014
CIP,lineage,SVM,label,0,wwRBF-17-167-1_S31,1,0.38367334347324605
CIP,lineage,SVM,label,0,wwRBF-17-189-1_S32,1,0.614942308967995
CIP,lineage,SVM,label,0,wwRBF-17-209-1_S34,1,0.5580213703611206
CIP,lineage,SVM,label,0,wwRBK-16-023-1_S5,1,0.2702436516128899
CIP,lineage,SVM,label,0,wwRBK-17-0148-1_S37,1,0.6068790347499545
CIP,lineage,SVM,label,0,wwRBK-17-0148-2_S38,1,0.6447749120846646
CIP,lineage,SVM,label,0,wwRBK-17-0197-1_S39,1,0.6366928725871013
CIP,lineage,SVM,label,0,wwRBK-17-075-1_S28,1,0.6311610171211761
CIP,lineage,SVM,label,0,wwRBL-17-004-1_S44,1,0.6394260801599457
CIP,lineage,SVM,label,1,H122_S4_L001,1,0.7081085637159684
CIP,lineage,SVM,label,1,H162_S4_L001,1,0.6135113171006527
CIP,lineage,SVM,label,1,H17_S2_L001,1,0.16293711934598307
CIP,lineage,SVM,label,1,H37_S3_L001,1,0.14461694008704173
CIP,lineage,SVM,label,1,H83_S7_L001,0,0.018232178664482745
CIP,lineage,SVM,label,1,NNRBG-17-0198-1_S4,0,0.9869117834550212
CIP,lineage,SVM,label,1,NNRBG-17-0243-1_S12,0,0.6710186401020449
CIP,lineage,SVM,label,1,NNRBG-17-0287-1_S17,0,0.2036244488433931
CIP,lineage,SVM,label,1,NNRBG-17-0308-1_S20,0,0.09175777254913894
CIP,lineage,SVM,label,1,NNRBG-17-0316-1_S23,1,0.13574809549833464
CIP,lineage,SVM,label,1,NNRBG-17-0382-1_S38,0,0.10462322011315253
CIP,lineage,SVM,label,1,RBB-18-0674-1_S189,1,0.15925328832234498
CIP,lineage,SVM,label,1,RBB-18-0826-1_S193,1,0.612373827301795
CIP,lineage,SVM,label,1,RBB-18-0892-1_S80_2,1,0.9421400527894256
CIP,lineage,SVM,label,1,RBB-18-1212-1_S67_2,1,0.9271423253170338
CIP,lineage,SVM,label,1,RBB-18-1406-1_S49,1,0.06503799794524243
CIP,lineage,SVM,label,1,RBF-17-0508-1_S73,0,0.4286031867287031
CIP,lineage,SVM,label,1,RBF-17-0540-1_S83,0,0.25872515576449895
CIP,lineage,SVM,label,1,RBF-17-266-1_S70,0,0.5343655696546437
CIP,lineage,SVM,label,1,RBF-18-0036-1_S7,0,0.0019195690889353364
CIP,lineage,SVM,label,1,RBF-18-0055-1_S11,0,0.2605718530189607
CIP,lineage,SVM,label,1,RBF-18-0087-1_S23,0,0.09701840761970904
CIP,lineage,SVM,label,1,RBF-18-0126-1_S31,0,0.31349292518542593
CIP,lineage,SVM,label,1,RBF-18-0151-1_S83,1,0.10294738427971523
CIP,lineage,SVM,label,1,RBF-18-0160-1_S37,0,0.8914260393399771
CIP,lineage,SVM,label,1,RBF-18-0163-2_S39,0,0.4941242830399353
CIP,lineage,SVM,label,1,RBF-18-0253-1_S13_L001,1,0.7872102842803282
CIP,lineage,SVM,label,1,RBF-18-0282-1_S63,0,0.06591582917534455
CIP,lineage,SVM,label,1,RBF-18-0321-1_S69,0,0.25512648174259484
CIP,lineage,SVM,label,1,RBF-18-0338-1_S72,0,0.03525592298565621
CIP,lineage,SVM,label,1,RBG-18-0023-1_S2,1,0.10899229993423178
CIP,lineage,SVM,label,1,RBG-18-0054-1_S42,0,0.053401723482338924
CIP,lineage,SVM,label,1,RBG-18-0083-1_S12,0,0.49415507079780313
CIP,lineage,SVM,label,1,RBG-18-0085-1_S11,0,0.4604424129937467
CIP,lineage,SVM,label,1,RBG-18-0193-1_S8,0,0.14057473721463085
CIP,lineage,SVM,label,1,RBG-18-0194-1_S45,0,0.550482816833832
CIP,lineage,SVM,label,1,RBG-18-0206-2_S46,1,0.06986917416932387
CIP,lineage,SVM,label,1,RBG-18-0209-2_S46,0,0.0503817045214731
CIP,lineage,SVM,label,1,RBG-18-0211-1_S35,1,0.17162371786413877
CIP,lineage,SVM,label,1,RBG-18-0280-1_S51,1,0.1454053237713303
CIP,lineage,SVM,label,1,RBG-18-0308-1_S54,1,0.9691449994691042
CIP,lineage,SVM,label,1,RBK-16-079-1_S15,0,0.3144139341553114
CIP,lineage,SVM,label,1,RBK-16-124-1_S16,0,0.06630653509891017
CIP,lineage,SVM,label,1,RBK-18-0020-1_S19,0,0.15868553001931957
CIP,lineage,SVM,label,1,RBK-18-0022-1_S197,0,0.02687709404142422
CIP,lineage,SVM,label,1,RBK-18-0060-1_S22,0,0.298993087987166
CIP,lineage,SVM,label,1,RBK-18-0080-1_S205,1,0.9607776129150546
CIP,lineage,SVM,label,1,RBK-18-0414-1_S59,0,0.0022681770084275192
CIP,lineage,SVM,label,1,RBL-17-0095-1_S147,0,0.10860945065341347
CIP,lineage,SVM,label,1,RBL-17-0123-1_S157,1,0.920375033043065
CIP,lineage,SVM,label,1,RBL-17-0159-1_S166,0,0.31631318774507494
CIP,lineage,SVM,label,1,RBL-17-0165-1_S167,0,0.6658996048590239
CIP,lineage,SVM,label,1,RBL-17-0232-1_S91,0,0.7279240287060084
CIP,lineage,SVM,label,1,RBL-17-0246-1_S94,0,0.13807261237905497
CIP,lineage,SVM,label,1,RBL-17-0263-1_S102,0,0.042207954590560995
CIP,lineage,SVM,label,1,RBL-17-0283-1_S27,0,0.41857936117602945
CIP,lineage,SVM,label,1,RBL-17-0328-1_S117,0,0.06574382909843744
CIP,lineage,SVM,label,1,RBL-17-0349-1_S105,0,0.09708117429654886
CIP,lineage,SVM,label,1,RBL-17-0374-1_S116,0,0.3186354915137978
CIP,lineage,SVM,label,1,RBL-17-0375-1_S117,1,0.7293148412951509
CIP,lineage,SVM,label,1,RBL-17-0383-1_S119,0,0.17984931872483328
CIP,lineage,SVM,label,1,RBL-17-0391-1_S122,0,0.8179778918997217
CIP,lineage,SVM,label,1,RBL-17-0397-1_S125,0,0.06193853104310724
CIP,lineage,SVM,label,1,RBL-18-0131-1_S188_2,1,0.8792087793457287
CIP,lineage,SVM,label,1,RBT-17-0008-1_S18,0,0.12163244946699274
CIP,lineage,SVM,label,1,RBT-17-0019-1_S62,1,0.9188945982323039
CIP,lineage,SVM,label,1,RBT-17-0079-1_S29,0,0.15156923905624012
CIP,lineage,SVM,label,1,RBT-17-0084-1_S31,0,0.08679220406635763
CIP,lineage,SVM,label,1,RBT-17-0113-1_S42,0,0.28418117621261807
CIP,lineage,SVM,label,1,RBT-17-0118-1_S45,0,0.306827938860699
CIP,lineage,SVM,label,1,RBT-17-0163-1_S59,0,0.37666666696814094
CIP,lineage,SVM,label,1,RBT-17-0167-1_S27,0,0.3903897912300572
CIP,lineage,SVM,label,1,RBT-17-0168-1_S61,0,0.7491685821491147
CIP,lineage,SVM,label,1,RBT-17-0173-1_S63,0,0.48873638325456226
CIP,lineage,SVM,label,1,RBT-17-0225-1_S9,0,0.1059716404880875
CIP,lineage,SVM,label,1,RBT-17-0232-1_S58,1,0.39003416683970504
CIP,lineage,SVM,label,1,RBT-17-0251-1_S62,1,0.12027372866449229
CIP,lineage,SVM,label,1,RBT-17-0270-1_S65,1,0.20639544779164382
CIP,lineage,SVM,label,1,RBT-17-0279-1_S12,0,0.13775244589230018
CIP,lineage,SVM,label,1,RBT-18-0050-1_S34,0,0.046837528324850435
CIP,lineage,SVM,label,1,RBT-18-0052-1_S35,0,0.13875315589003978
CIP,lineage,SVM,label,1,RBT-18-0101-1_S22,0,0.7005111394476198
CIP,lineage,SVM,label,1,RBT-18-0103-1_S24,0,0.3747712984786771
CIP,lineage,SVM,label,1,RBT-18-0116-1_S46,1,0.1651806165915209
CIP,lineage,SVM,label,1,RBT-18-0122-1_S63,1,0.9731464417384931
CIP,lineage,SVM,label,1,RBT-18-0125-1_S50,0,0.24908331732135788
CIP,lineage,SVM,label,1,RBT-18-0127-1_S51,0,0.12431771878445308
CIP,lineage,SVM,label,1,RBT-18-0146-1_S55,1,0.9091667880292377
CIP,lineage,SVM,label,1,RBT-18-0197-1_S40,0,0.4186381651898139
CIP,lineage,SVM,label,1,RBT-18-0224-1_S43,0,0.12498530245327143
CIP,lineage,SVM,label,1,RBT-18-0231-1_S14,0,0.26306343974950724
CIP,lineage,SVM,label,1,RBT-18-0232-1_S47,0,0.5006263676191258
CIP,lineage,SVM,label,1,RBT-18-0246-1_S52,0,0.031968679155263496
CIP,lineage,SVM,label,1,RBT-18-0269-1_S61,0,0.18181141110019627
CIP,lineage,SVM,label,1,RBT-18-0271-1_S62,0,0.13507392931620718
CIP,lineage,SVM,label,1,RBT-18-0288-1_S68,1,0.16781299884803466
CIP,lineage,SVM,label,1,RBT-18-0293-1_S71,0,0.08505328166240347
CIP,lineage,SVM,label,1,RBT-18-0303-1_S20,1,0.180964320444996
CIP,lineage,SVM,label,1,RBT-18-0339-1_S47,0,0.1528512610737549
CIP,lineage,SVM,label,1,RBT-18-0360-1_S39,1,0.17082232401501957
CIP,lineage,SVM,label,1,RBT-18-0361-1_S38,0,0.03640654856256652
CIP,lineage,SVM,label,1,RBT-18-0364-1_S29,0,0.7290714079877882
CIP,lineage,SVM,label,1,RBT-18-0370-1_S33,0,0.15036947818716107
CIP,lineage,SVM,label,1,ResetH1_S1_L001,1,0.13169681525278015
CIP,lineage,SVM,label,1,ResetV143_S2_L001,1,0.3631335717686622
CIP,lineage,SVM,label,1,ResetV161_S3_L001,1,0.5261938257085499
CIP,lineage,SVM,label,1,Survcare0111_S29,0,0.3256526572480127
CIP,lineage,SVM,label,1,Survcare0114_S37,1,0.1679567095236236
CIP,lineage,SVM,label,1,Survcare176_S17_L001,1,0.5607635663931912
CIP,lineage,SVM,label,1,Survcare190_S35,0,0.09260506812036311
CIP,lineage,SVM,label,1,Survcare221_S7_L001,0,0.48518652126891676
CIP,lineage,SVM,label,1,Survcare254_S36,1,0.20031201011444127
CIP,lineage,SVM,label,1,Survcare295_S8_L001,1,0.45369666179569
CIP,lineage,SVM,label,1,Survcare313_S24_L001,0,0.13647764824962308
CIP,lineage,SVM,label,1,V1_S6_L001,1,0.8989974568303183
CIP,lineage,SVM,label,1,V116_S6_L001,1,0.8047098212979843
CIP,lineage,SVM,label,1,V123_S1_L001,1,0.09466509184832982
CIP,lineage,SVM,label,1,V183_S7_L001,0,0.2309292767470238
CIP,lineage,SVM,label,1,V238_S11_L001,1,0.8583906076710978
CIP,lineage,SVM,label,1,V279_S8_L001,1,0.7226966035173793
CIP,lineage,SVM,label,1,V283_S5_L001,1,0.7004860962569178
CIP,lineage,SVM,label,1,V292_S6_L001,1,0.9363433411182526
CIP,lineage,SVM,label,1,V41_S2_L001,1,0.5759895320614343
CIP,lineage,SVM,label,1,V73_S5_L001,1,0.9080022262710977
CIP,lineage,SVM,label,1,V79_S6_L001,1,0.8142696041887731
CIP,lineage,SVM,label,1,V80_S7_L001,0,0.8691251220943104
CIP,lineage,SVM,label,1,V86_S1_L001,1,0.8979077978405323
CIP,lineage,SVM,label,1,V96_S2_L001,1,0.9343245475475684
CIP,lineage,SVM,label,1,W2RBF-17-090-1_S26,0,0.6929663761621564
CIP,lineage,SVM,label,1,wdh2NRZ-29911a_S31,1,0.10681477630776923
CIP,lineage,SVM,label,1,wdhRBF-18-0048-1_S12_L001,0,0.02842687076761613
CIP,lineage,SVM,label,1,wdhRBF-18-0049-1_S13_L001,0,0.02573315834186729
CIP,lineage,SVM,label,1,WDHRBG-16-060-1_S27,0,0.09578956255439813
CIP,lineage,SVM,label,1,WDHRBG-17-0093-1_S1,1,0.41082366563728556
CIP,lineage,SVM,label,1,WDHRBG-17-0256-1_S17,1,0.9716537964698112
CIP,lineage,SVM,label,1,wRBG-16-024-1_S152,1,0.8175526103204078
CIP,lineage,SVM,label,1,wRBG-17-014-1_S167,0,0.043606871854496805
CIP,lineage,SVM,label,1,wRBG-17-034-1_S121,0,0.07915808079568235
CIP,lineage,SVM,label,1,wRBG-17-049-1_S142,0,0.6743060384159816
CIP,lineage,SVM,label,1,wRBG-17-052-1_S120,1,0.06341708179467016
CIP,lineage,SVM,label,1,wRBG-17-082-1_S106,0,0.05212276862995981
CIP,lineage,SVM,label,1,wRBG-17-100-1_S104,1,0.2661305478881566
CIP,lineage,SVM,label,1,wRBG-17-110-1_S168,0,0.3153963693398131
CIP,lineage,SVM,label,1,wRBG-17-112-1_S146,0,0.1630435516292223
CIP,lineage,SVM,label,1,wwRBF-16-094-1_S13,0,0.1912861045166956
CIP,lineage,SVM,label,1,wwRBL-16-111-1_S16,1,0.9545836110843355
CIP,lineage,SVM,label,2,H113_S6_L001,1,0.24065768597496165
CIP,lineage,SVM,label,2,H141_S6_L001,0,0.5132975620809208
CIP,lineage,SVM,label,2,H153_S1_L001,1,0.23080224336308225
CIP,lineage,SVM,label,2,H154_S2_L001,1,0.24485459804393525
CIP,lineage,SVM,label,2,H160_S3_L001,1,0.23240685547570578
CIP,lineage,SVM,label,2,H164_S3_L001,1,0.19914275230051295
CIP,lineage,SVM,label,2,H176_S5_L001,1,0.3922937869737064
CIP,lineage,SVM,label,2,NNRBG-17-0196-1_S3,0,0.2933363298383589
CIP,lineage,SVM,label,2,NNRBG-17-0199-1_S5,1,0.3788316454921806
CIP,lineage,SVM,label,2,NNRBG-17-0255-1_S14,1,0.0949464533813413
CIP,lineage,SVM,label,2,NNRBG-17-0319-1_S24,0,0.3430170339688218
CIP,lineage,SVM,label,2,NNRBG-17-0328-1_S25,0,0.351245595095094
CIP,lineage,SVM,label,2,NNRBG-17-0329-1_S26,0,0.2558783406476017
CIP,lineage,SVM,label,2,NNRBG-17-0399-1_S40,0,0.34587704372013905
CIP,lineage,SVM,label,2,RBB-18-1488-1_S46,1,0.36622306018183215
CIP,lineage,SVM,label,2,RBB-18-1502-1_S47,0,0.18604684960833748
CIP,lineage,SVM,label,2,RBBK18-0189-1_S24_L001,1,0.4891533322700056
CIP,lineage,SVM,label,2,RBF-10-0240-1_S12_L001,0,0.4158207539237382
CIP,lineage,SVM,label,2,RBF-16-0064-1_S136,0,0.2547918106321951
CIP,lineage,SVM,label,2,RBF-16-073-1_S23,1,0.3740483274465054
CIP,lineage,SVM,label,2,RBF-17-0164-1_S137,0,0.6475370883044957
CIP,lineage,SVM,label,2,RBF-17-0173-1_S138,0,0.3525116388047839
CIP,lineage,SVM,label,2,RBF-17-0194-1_S140,0,0.3503101217595383
CIP,lineage,SVM,label,2,RBF-17-0589-1_S92,0,0.552978607855654
CIP,lineage,SVM,label,2,RBF-17-0602-1_S93,0,0.3390988134544904
CIP,lineage,SVM,label,2,RBF-17-0635-1_S98,1,0.3346309251013239
CIP,lineage,SVM,label,2,RBF-17-0647-1_S99,0,0.3652222756021957
CIP,lineage,SVM,label,2,RBF-17-0651-1_S62,1,0.44729575372825053
CIP,lineage,SVM,label,2,RBF-17-277-1_S73,1,0.030645493974452608
CIP,lineage,SVM,label,2,RBF-18-0035-1_S6,0,0.14034696383946493
CIP,lineage,SVM,label,2,RBF-18-0069-1_S78,1,0.9473954091472531
CIP,lineage,SVM,label,2,RBF-18-0085-1_S21,0,0.24181596667140526
CIP,lineage,SVM,label,2,RBF-18-0086-1_S22,0,0.17485307477535578
CIP,lineage,SVM,label,2,RBF-18-0125-1_S30,0,0.5709634084367937
CIP,lineage,SVM,label,2,RBF-18-0127-1_S32,0,0.5081556287996413
CIP,lineage,SVM,label,2,RBF-18-0214-1_S51,0,0.25914534234945735
CIP,lineage,SVM,label,2,RBF-18-0217-1_S54,0,0.3850900164860295
CIP,lineage,SVM,label,2,RBF-18-0252-1_S56,0,0.14850967045996244
CIP,lineage,SVM,label,2,RBF-18-0310-1_S36,0,0.8801664797876968
CIP,lineage,SVM,label,2,RBF-18-0634-1_S183,1,0.7668473919141982
CIP,lineage,SVM,label,2,RBG-17-0269-1_S41,0,0.2645602981610266
CIP,lineage,SVM,label,2,RBg-17-123-2_S12,0,0.7041365343273903
CIP,lineage,SVM,label,2,RBG-18-0025-1_S9_L001,0,0.14755846888238003
CIP,lineage,SVM,label,2,RBG-18-0029-1_S40,0,0.2962918372765149
CIP,lineage,SVM,label,2,RBG-18-0041-1_S6,1,0.3269650435296546
CIP,lineage,SVM,label,2,RBG-18-0071-1_S44,1,0.3162964995352431
CIP,lineage,SVM,label,2,RBG-18-0076-1_S10,1,0.4695565242821354
CIP,lineage,SVM,label,2,RBG-18-0077-1_S9,1,0.897530301123492
CIP,lineage,SVM,label,2,RBG-18-0185-1_S40,0,0.34716283971699957
CIP,lineage,SVM,label,2,RBG-18-0191-1_S11_L001,0,0.36429223056344034
CIP,lineage,SVM,label,2,RBG-18-0256-1_S8_L001,0,0.18626931023396084
CIP,lineage,SVM,label,2,RBG-18-0265-1_S49,0,0.25824551898371745
CIP,lineage,SVM,label,2,RBG-18-0276-1_S50,1,0.8509864574388764
CIP,lineage,SVM,label,2,RBG-18-0301-1_S53,0,0.38290051549535553
CIP,lineage,SVM,label,2,RBG-18-0347-1_S22_L001,0,0.28060190143418384
CIP,lineage,SVM,label,2,RBG-18-0367-1_S57,1,0.178993349681351
CIP,lineage,SVM,label,2,RBG-18-0394-1_S23_L001,0,0.4190259045493573
CIP,lineage,SVM,label,2,RBK-18-0019-1_S195,0,0.33002791214167226
CIP,lineage,SVM,label,2,RBK-18-0038-1_S200,0,0.11174263058939944
CIP,lineage,SVM,label,2,RBL-17-0076-1_S32,1,0.2712937930312326
CIP,lineage,SVM,label,2,RBL-17-0104-1_S149,0,0.3018844669224555
CIP,lineage,SVM,label,2,RBL-17-0117-1_S155,0,0.3096602761669749
CIP,lineage,SVM,label,2,RBL-17-0129-1_S158,0,0.3113066116195739
CIP,lineage,SVM,label,2,RBL-17-0133-1_S159,0,0.12794363882754756
CIP,lineage,SVM,label,2,RBL-17-0135-1_S160,0,0.38071912853331874
CIP,lineage,SVM,label,2,RBL-17-0138-1_S162,0,0.4739920701245011
CIP,lineage,SVM,label,2,RBL-17-0144-1_S163,1,0.019612806079532457
CIP,lineage,SVM,label,2,RBL-17-0155-1_S165,1,0.9113909293946652
CIP,lineage,SVM,label,2,RBL-17-0197-1_S173,0,0.3953125493816189
CIP,lineage,SVM,label,2,RBL-17-0235-1_S92,0,0.40636769708116777
CIP,lineage,SVM,label,2,RBL-17-0300-1_S112,0,0.1930530461836008
CIP,lineage,SVM,label,2,RBL-17-0306-1_S50,1,0.8950688896472837
CIP,lineage,SVM,label,2,RBL-17-0324-1_S54,0,0.7610015625822365
CIP,lineage,SVM,label,2,RBL-17-0393-1_S123,0,0.382512616388392
CIP,lineage,SVM,label,2,RBL-17-0409-1_S127,0,0.3370220506829757
CIP,lineage,SVM,label,2,RBL-17-0429-1_S130,0,0.5145680294856607
CIP,lineage,SVM,label,2,RBL-17-0434-1_S133,0,0.4789154317367578
CIP,lineage,SVM,label,2,RBL-18-0019-1_S41,0,0.12951952688239163
CIP,lineage,SVM,label,2,RBL-18-0032-1_S167,0,0.3230975248645254
CIP,lineage,SVM,label,2,RBT-17-0011-1_S19,0,0.3959940165875531
CIP,lineage,SVM,label,2,RBT-17-0023-1_S25,1,0.2768675323065662
CIP,lineage,SVM,label,2,RBT-17-0024-1_S23,0,0.2228777334190338
CIP,lineage,SVM,label,2,RBT-17-0033-1_S12,1,0.8378578667116336
CIP,lineage,SVM,label,2,RBT-17-0082-1_S30,0,0.37705187973492477
CIP,lineage,SVM,label,2,RBT-17-0090-1_S32,0,0.13443185938902916
CIP,lineage,SVM,label,2,RBT-17-0109-1_S40,0,0.33190288272208374
CIP,lineage,SVM,label,2,RBT-17-0130-1_S27,0,0.22528922479308747
CIP,lineage,SVM,label,2,RBT-17-0142-1_S53,0,0.09431802565468381
CIP,lineage,SVM,label,2,RBT-17-0150-1_S54,0,0.2968886229735834
CIP,lineage,SVM,label,2,RBT-17-0217-1_S7,1,0.8212383563746068
CIP,lineage,SVM,label,2,RBT-17-0243-1_S11,0,0.34795565248191185
CIP,lineage,SVM,label,2,RBT-17-0337-1_S19,0,0.24687206209682733
CIP,lineage,SVM,label,2,RBT-18-0030-1_S69,0,0.10844920282816982
CIP,lineage,SVM,label,2,RBT-18-0046-1_S2,1,0.6059661582046636
CIP,lineage,SVM,label,2,RBT-18-0057-1_S38,0,0.05881356539648
CIP,lineage,SVM,label,2,RBT-18-0066-1_S40,0,0.3682409987893922
CIP,lineage,SVM,label,2,RBT-18-0071-1_S41,0,0.29498170300579324
CIP,lineage,SVM,label,2,RBT-18-0100-1_S21,1,0.4340609917261629
CIP,lineage,SVM,label,2,RBT-18-0113-1_S44,0,0.4038893376352446
CIP,lineage,SVM,label,2,RBT-18-0120-1_S48,1,0.4317409809577139
CIP,lineage,SVM,label,2,RBT-18-0129-1_S52,0,0.35519549780664567
CIP,lineage,SVM,label,2,RBT-18-0134-1_S29,0,0.351615714344222
CIP,lineage,SVM,label,2,RBT-18-0230-1_S45,0,0.16584237332049862
CIP,lineage,SVM,label,2,RBT-18-0317-1_S27,0,0.4635781051105891
CIP,lineage,SVM,label,2,ResetH152_S4_L001,1,0.19618130470037706
CIP,lineage,SVM,label,2,ResetH68_S1_L001,0,0.3409165554622623
CIP,lineage,SVM,label,2,ResetH98_S4_L001,0,0.22507247965823335
CIP,lineage,SVM,label,2,ResetV210_S4_L001,1,0.6688961123962488
CIP,lineage,SVM,label,2,ResetV76_S7_L001,0,0.4200472989641632
CIP,lineage,SVM,label,2,Survcare052_S22,1,0.7454369379095216
CIP,lineage,SVM,label,2,Survcare104_S16_L001,1,0.6097685717427883
CIP,lineage,SVM,label,2,Survcare130_S2,0,0.399857287236953
CIP,lineage,SVM,label,2,Survcare230_S17_L001,1,0.7964961711384541
CIP,lineage,SVM,label,2,Survcare234_S3_L001,0,0.26643356938170043
CIP,lineage,SVM,label,2,Survcare289_S36,1,0.11427274541842602
CIP,lineage,SVM,label,2,Survcare292_S39,1,0.9200002168962049
CIP,lineage,SVM,label,2,Survcare293_S40,1,0.10367316126298988
CIP,lineage,SVM,label,2,Survcare309_S20_L001,1,0.09264326407291117
CIP,lineage,SVM,label,2,Survcare310_S21_L001,0,0.28680469828890465
CIP,lineage,SVM,label,2,Survcare317_S5_L001,1,0.3699983381525345
CIP,lineage,SVM,label,2,Survcare329_S3,1,0.6446586588180381
CIP,lineage,SVM,label,2,V111_S3_L001,0,0.23123355045180294
CIP,lineage,SVM,label,2,V114_S5_L001,1,0.9709533873020462
CIP,lineage,SVM,label,2,V120_S5_L001,1,0.38305755088368515
CIP,lineage,SVM,label,2,V130_S5_L001,1,0.8852666743876371
CIP,lineage,SVM,label,2,V139_S7_L001,1,0.8940743124730229
CIP,lineage,SVM,label,2,V168_S9_L001,1,0.48904339087511833
CIP,lineage,SVM,label,2,V177_S6_L001,1,0.3692080110421541
CIP,lineage,SVM,label,2,V201_S4_L001,1,0.965700387459394
CIP,lineage,SVM,label,2,V205_S3_L001,1,0.4850222747695337
CIP,lineage,SVM,label,2,V268_S12_L001,1,0.863686727889341
CIP,lineage,SVM,label,2,V271_S13_L001,1,0.8469324913362514
CIP,lineage,SVM,label,2,V40_S2_L001,1,0.5839840481211223
CIP,lineage,SVM,label,2,V9_S1_L001,1,0.5802848415881023
CIP,lineage,SVM,label,2,W2RBF-17-133-1_S28,0,0.09342794632844537
CIP,lineage,SVM,label,2,wdh-RBB-16-025-1_S20,1,0.8984073438414812
CIP,lineage,SVM,label,2,wdhRBF-18-0057_S14_L001,0,0.3030175276576576
CIP,lineage,SVM,label,2,wRBG-16-026-1_S163,0,0.13454040700057976
CIP,lineage,SVM,label,2,wRBG-16-032-1_S142,0,0.3818812948130153
CIP,lineage,SVM,label,2,wRBG-17-021-1_S166,0,0.23894245267545483
CIP,lineage,SVM,label,2,wRBG-17-022-1_S43,1,0.4336399206232226
CIP,lineage,SVM,label,2,wRBG-17-025-1_S133,0,0.31912295087278675
CIP,lineage,SVM,label,2,wRBG-17-058-1_S130,0,0.2210530742745848
CIP,lineage,SVM,label,2,wRBG-17-072-1_S129,0,0.09502188015748661
CIP,lineage,SVM,label,2,wRBG-17-081-1_S117,0,0.197472829155941
CIP,lineage,SVM,label,2,wwRBK-17-0278-1_S41,0,0.2465709371862173
CIP,lineage,SVM,label,3,H100_S2_L001,0,0.06469471874655258
CIP,lineage,SVM,label,3,H109_S2_L001,0,0.8750125159682589
CIP,lineage,SVM,label,3,H119_S7_L001,1,0.97797606167722
CIP,lineage,SVM,label,3,H123_S1_L001,1,0.9418793552891704
CIP,lineage,SVM,label,3,H66_S1_L001,1,0.8377326020043402
CIP,lineage,SVM,label,3,NNRBG-17-0205-1_S7,1,0.3619497110170694
CIP,lineage,SVM,label,3,NNRBG-17-0227-1_S8,0,0.2703381147702727
CIP,lineage,SVM,label,3,NNRBG-17-0234-1_S9,0,0.10543673113757282
CIP,lineage,SVM,label,3,NNRBG-17-0239-1_S10,0,0.3702529232048145
CIP,lineage,SVM,label,3,NNRBG-17-0294-1_S18,0,0.40258741638066636
CIP,lineage,SVM,label,3,NNSurvcare045_S41,1,0.8853313794970532
CIP,lineage,SVM,label,3,RBB-18-0129-1_S179,1,0.9014952646252958
CIP,lineage,SVM,label,3,RBB-18-0546-1_S22_L001,1,0.3121432440976703
CIP,lineage,SVM,label,3,RBB-18-0665-1_S23_L001,1,0.7673077736414023
CIP,lineage,SVM,label,3,RBB-18-1086-1_S189_2,0,0.18749533700667034
CIP,lineage,SVM,label,3,RBB-18-1312-1_S43,1,0.39006127317000777
CIP,lineage,SVM,label,3,RBB-18-1393-1_S48,1,0.4981866252494927
CIP,lineage,SVM,label,3,RBF-17-0424-1_S15,1,0.9534853067281387
CIP,lineage,SVM,label,3,RBF-17-0450-1_S10,1,0.9567109937543631
CIP,lineage,SVM,label,3,RBF-17-0513-1_S76,0,0.9941856002538677
CIP,lineage,SVM,label,3,RBF-17-0520-2_S55,1,0.9588937165656138
CIP,lineage,SVM,label,3,RBF-17-0532-1_S80,1,0.599244131372622
CIP,lineage,SVM,label,3,RBF-17-0532-2_S31,1,0.5397549115225844
CIP,lineage,SVM,label,3,RBF-17-0587-1_S91,0,0.4205919260406598
CIP,lineage,SVM,label,3,RBF-17-0632-1_S97,0,0.1030174954640604
CIP,lineage,SVM,label,3,RBF-17-0648-1_S100,0,0.5012886816315736
CIP,lineage,SVM,label,3,RBF-18-0013-1_S25_L001,0,0.3075114516254731
CIP,lineage,SVM,label,3,RBF-18-0064-2_S14,0,0.09440053750432222
CIP,lineage,SVM,label,3,RBF-18-0072-1_S16,0,0.15680375766408994
CIP,lineage,SVM,label,3,RBF-18-0088-1_S24,1,0.4656925952615269
CIP,lineage,SVM,label,3,RBF-18-0099-1_S26,0,0.07992757060644509
CIP,lineage,SVM,label,3,RBF-18-0132-1_S26,0,0.22050117247360845
CIP,lineage,SVM,label,3,RBF-18-0135-1_S34,1,0.3467242411643665
CIP,lineage,SVM,label,3,RBF-18-0179-1_S29,0,0.3951793877710872
CIP,lineage,SVM,label,3,RBF-18-0294-1_S64,0,0.10060720537576591
CIP,lineage,SVM,label,3,RBF-18-0296-1_S17,0,0.492212236703357
CIP,lineage,SVM,label,3,RBF-18-0333-1_S70,0,0.08173553052804183
CIP,lineage,SVM,label,3,RBG-18-0017-1_S5,1,0.04590541665567027
CIP,lineage,SVM,label,3,RBG-18-0055-1_S43,1,0.6149245366526664
CIP,lineage,SVM,label,3,RBG-18-0108-1_S16,0,0.09051736694551685
CIP,lineage,SVM,label,3,RBG-18-0113-1_S13_L001,0,0.022215065652036316
CIP,lineage,SVM,label,3,RBG-18-0144-1_S38,0,0.0560529779306872
CIP,lineage,SVM,label,3,RBG-18-0166-1_S10_L001,0,0.0889219115151479
CIP,lineage,SVM,label,3,RBG-18-0202-1_S13_L001,0,0.3491444464356041
CIP,lineage,SVM,label,3,RBG-18-0300-1_S52,0,0.3194145588992715
CIP,lineage,SVM,label,3,RBG-18-0352-1_S21_L001,0,0.4942133486728674
CIP,lineage,SVM,label,3,RBG-18-0381-1_S49,0,0.11840368416764895
CIP,lineage,SVM,label,3,RBK-16-007-1_S13,1,0.04848327695685122
CIP,lineage,SVM,label,3,RBK-17-049-1_S62,1,0.42352085097783265
CIP,lineage,SVM,label,3,RBK-18-0002-1_S38,1,0.4012004682091745
CIP,lineage,SVM,label,3,RBK-18-0005-1_S18,0,0.07461848558033667
CIP,lineage,SVM,label,3,RBK-18-0250-1_S235_2,1,0.4498935281416726
CIP,lineage,SVM,label,3,RBL-17-0090-1_S145,0,0.05289358932760979
CIP,lineage,SVM,label,3,RBL-17-0108-1_S151,0,0.49746537132480045
CIP,lineage,SVM,label,3,RBL-17-0116-1_S154,0,0.12539690111083632
CIP,lineage,SVM,label,3,RBL-17-0205-1_S175,0,0.10722445013986785
CIP,lineage,SVM,label,3,RBL-17-0217-1_S176,0,0.173702316191746
CIP,lineage,SVM,label,3,RBL-17-0259-1_S99,0,0.09951605690522987
CIP,lineage,SVM,label,3,RBL-17-0327-1_S116,0,0.011430299589685368
CIP,lineage,SVM,label,3,RBL-17-0340-1_S102,0,0.33989619675452176
CIP,lineage,SVM,label,3,RBL-17-0342-1_S103,0,0.43778228706844613
CIP,lineage,SVM,label,3,RBL-17-0347-1_S104,0,0.25197972231943516
CIP,lineage,SVM,label,3,RBL-17-0365-1_S112,0,0.04686049893960106
CIP,lineage,SVM,label,3,RBL-17-0366-1_S113,1,0.0788622437975584
CIP,lineage,SVM,label,3,RBL-17-0368-1_S114,0,0.2737098236548026
CIP,lineage,SVM,label,3,RBL-17-0390-1_S121,0,0.07006149887617455
CIP,lineage,SVM,label,3,RBL-17-0395-1_S124,0,0.2922001774757197
CIP,lineage,SVM,label,3,RBL-17-0402-1_S126,0,0.22511016924379962
CIP,lineage,SVM,label,3,RBL-17-0435-1_S134,0,0.4127035706500881
CIP,lineage,SVM,label,3,RBL-17-075-1_S18,1,0.26512948181199586
CIP,lineage,SVM,label,3,RBL-18-0016-1_S161,0,0.3991497692903452
CIP,lineage,SVM,label,3,RBL-18-0021-1_S42,1,0.9469512828971138
CIP,lineage,SVM,label,3,RBL-18-0037-1_S168,0,0.10906549027835212
CIP,lineage,SVM,label,3,RBL-18-0055-1_S170,0,0.06433878616838443
CIP,lineage,SVM,label,3,RBL-18-0066-1_S173,0,0.06478453418959125
CIP,lineage,SVM,label,3,RBL-18-0085-1_S176,0,0.025744929180776775
CIP,lineage,SVM,label,3,RBT-17-0027-1_S3,0,0.21474342977427396
CIP,lineage,SVM,label,3,RBT-17-0097-1_S34,1,0.4847057862596555
CIP,lineage,SVM,label,3,RBT-17-0100-1_S36,1,0.04999291480311828
CIP,lineage,SVM,label,3,RBT-17-0149-1_S13,0,0.29688620929021087
CIP,lineage,SVM,label,3,RBT-17-0156-1_S56,1,0.9921259601974208
CIP,lineage,SVM,label,3,RBT-17-0165-1_S60,0,0.4693618771723658
CIP,lineage,SVM,label,3,RBT-17-0178-1_S66,0,0.055501557125324355
CIP,lineage,SVM,label,3,RBT-17-0210-1_S55,0,0.3737847178013817
CIP,lineage,SVM,label,3,RBT-17-0228-1_S10,0,0.5514342281730602
CIP,lineage,SVM,label,3,RBT-17-0256-1_S25,0,0.8724143201766345
CIP,lineage,SVM,label,3,RBT-17-0285-1_S66,1,0.6111410600281934
CIP,lineage,SVM,label,3,RBT-17-0287-1_S10,0,0.08039495661569396
CIP,lineage,SVM,label,3,RBT-17-0291-1_S14,1,0.7813747897394551
CIP,lineage,SVM,label,3,RBT-18-0023-1_S14,0,0.18529809304076755
CIP,lineage,SVM,label,3,RBT-18-0045-1_S70,1,0.919296969823341
CIP,lineage,SVM,label,3,RBT-18-0064-1_S15,0,0.4826703560944114
CIP,lineage,SVM,label,3,RBT-18-0095-1_S19,0,0.5091272281381715
CIP,lineage,SVM,label,3,RBT-18-0096-1_S20,0,0.3253151783198443
CIP,lineage,SVM,label,3,RBT-18-0164-1_S34,1,0.03587050049159995
CIP,lineage,SVM,label,3,RBT-18-0173-1_S35,1,0.4352152717802638
CIP,lineage,SVM,label,3,RBT-18-0184-1_S38,1,0.060039519892385436
CIP,lineage,SVM,label,3,RBT-18-0185-1_S39,0,0.27311173521439996
CIP,lineage,SVM,label,3,RBT-18-0236-1_S48,1,0.06137609068622065
CIP,lineage,SVM,label,3,RBT-18-0241-1_S50,0,0.061329721525139574
CIP,lineage,SVM,label,3,RBT-18-0251-1_S7,0,0.7969168051553205
CIP,lineage,SVM,label,3,RBT-18-0259-1_S55,0,0.16275832305452156
CIP,lineage,SVM,label,3,RBT-18-0263-1_S58,0,0.014312278749826877
CIP,lineage,SVM,label,3,RBT-18-0265-1_S59,0,0.06215154976675543
CIP,lineage,SVM,label,3,RBT-18-0316-1_S43,0,0.1995830572240641
CIP,lineage,SVM,label,3,RBT-18-0377-1_S1,0,0.4034977480606286
CIP,lineage,SVM,label,3,ResetH10_S1_L001,1,0.44159065001793
CIP,lineage,SVM,label,3,ResetH134_S8_L001,0,0.6655024907414402
CIP,lineage,SVM,label,3,ResetH30_S4_L001,0,0.3705073130802863
CIP,lineage,SVM,label,3,ResetH93_S5_L001,1,0.5919168425050525
CIP,lineage,SVM,label,3,ResetV105_S1_L001,1,0.7082764437223925
CIP,lineage,SVM,label,3,ResetV288_S6_L001,1,0.8241961017158376
CIP,lineage,SVM,label,3,ResetV63_S5_L001,1,0.7294537018297782
CIP,lineage,SVM,label,3,ResetV74_S7_L001,1,0.9822760515227273
CIP,lineage,SVM,label,3,Survcare058_S26,1,0.5334680811430073
CIP,lineage,SVM,label,3,Survcare129_S1,0,0.28330097321628883
CIP,lineage,SVM,label,3,Survcare278_S62,1,0.9938372239734666
CIP,lineage,SVM,label,3,Survcare321_S18,1,0.563125731200124
CIP,lineage,SVM,label,3,V153_S4_L001,0,0.17192533881837563
CIP,lineage,SVM,label,3,V155_S5_L001,0,0.1604597136706442
CIP,lineage,SVM,label,3,V158_S4_L001,0,0.7695018975435006
CIP,lineage,SVM,label,3,V289_S5_L001,1,0.849045136101303
CIP,lineage,SVM,label,3,V64_S3_L001,1,0.6584507778763733
CIP,lineage,SVM,label,3,V71_S4_L001,1,0.9785383652505778
CIP,lineage,SVM,label,3,V8_S7_L001,0,0.3423937085877088
CIP,lineage,SVM,label,3,wdh-RBL-17-0361-1_S44,0,0.28660835080247227
CIP,lineage,SVM,label,3,wdh-Survcare119_S44,0,0.4323965508442003
CIP,lineage,SVM,label,3,wdhRBF-17-0564-1_S230,1,0.4519412707660001
CIP,lineage,SVM,label,3,wdhRBF-18-0025-1_S11_L001,0,0.118369248955787
CIP,lineage,SVM,label,3,wdhRBF-18-0059-1_S15_L001,0,0.017974150573414168
CIP,lineage,SVM,label,3,WDHRBG-16-049-1_S87,1,0.7187205294884096
CIP,lineage,SVM,label,3,WDHRBG-16-050-1_S40,1,0.8388627331795689
CIP,lineage,SVM,label,3,WDHRBG-16-062-1_S49,0,0.09835113909911877
CIP,lineage,SVM,label,3,WDHRBG-17-001-1_S82,1,0.03546231234202439
CIP,lineage,SVM,label,3,WDHRBG-17-121-1_S46,0,0.12515752285520687
CIP,lineage,SVM,label,3,WDHRBG-17-122-1_S48,1,0.24529424335084846
CIP,lineage,SVM,label,3,wNRZ-33910_S81,0,0.10481997572654612
CIP,lineage,SVM,label,3,wRBG-16-034-1_S164,0,0.19844526566376944
CIP,lineage,SVM,label,3,wRBG-17-023-1_S155,0,0.029115750001174848
CIP,lineage,SVM,label,3,wRBG-17-030-1_S165,0,0.2457348643627849
CIP,lineage,SVM,label,3,wRBG-17-075-1_S96,0,0.2932286856260982
CIP,lineage,SVM,label,3,wRBG-17-102-1_S169,0,0.18512259725828015
CIP,lineage,SVM,label,3,wwRBF-17-251-1_S33,1,0.7449906999013698
CIP,lineage,SVM,label,3,wwRBK-17-0298-1_S42,1,0.4698515754000018
CIP,lineage,SVM,label,3,WWSurvcare043_S43,1,0.9205867615255006
CIP,lineage,SVM,label,4,H108_S5_L001,0,0.0669140954214327
CIP,lineage,SVM,label,4,H116_S8_L001,1,0.5081095977356848
CIP,lineage,SVM,label,4,H130_S2_L001,0,0.09475820104018563
CIP,lineage,SVM,label,4,H136_S7_L001,1,0.07542233729786474
CIP,lineage,SVM,label,4,H38_S4_L001,1,0.9081518006098893
CIP,lineage,SVM,label,4,H69_S6_L001,1,0.8522980477959553
CIP,lineage,SVM,label,4,NNRBG-17-0193-1_S2,0,0.0660698112199591
CIP,lineage,SVM,label,4,NNRBG-17-0201-1_S6,0,0.9383676213425778
CIP,lineage,SVM,label,4,NNRBG-17-0278-1_S16,0,0.25796843119806245
CIP,lineage,SVM,label,4,NNRBG-17-0298-1_S19,0,0.3911244315851125
CIP,lineage,SVM,label,4,NNRBG-17-0346-1_S30,1,0.750068555970112
CIP,lineage,SVM,label,4,RBB-18-0490-1_S20_L001,1,0.5064228490876096
CIP,lineage,SVM,label,4,RBB-18-0519-1_S184,1,0.4296633786318917
CIP,lineage,SVM,label,4,RBB-18-0765-1_S191,1,0.5644324775862987
CIP,lineage,SVM,label,4,RBB-18-0772-1_S192,1,0.5281586443277292
CIP,lineage,SVM,label,4,RBB-18-0972-1_S203_2,1,0.5625616172135489
CIP,lineage,SVM,label,4,RBF-17-0178-1_S139,1,0.8239667144805626
CIP,lineage,SVM,label,4,RBF-17-0195-1_S141,0,0.42328725213210855
CIP,lineage,SVM,label,4,RBF-17-0509-1_S74,0,0.45326123401890267
CIP,lineage,SVM,label,4,RBF-17-0523-1_S30,0,0.8318148373181933
CIP,lineage,SVM,label,4,RBF-17-0605-1_S94,0,0.09839484408914344
CIP,lineage,SVM,label,4,RBF-17-0616-1_S96,0,0.3539635420263672
CIP,lineage,SVM,label,4,RBF-18-0027-1_S5,1,0.3286470825806504
CIP,lineage,SVM,label,4,RBF-18-0093-1_S80,1,0.5616985635522305
CIP,lineage,SVM,label,4,RBF-18-0121-1_S28,1,0.14689689924172117
CIP,lineage,SVM,label,4,RBF-18-0139-1_S35,0,0.2738935310338928
CIP,lineage,SVM,label,4,RBF-18-0147-1_S36,0,0.08859357066873509
CIP,lineage,SVM,label,4,RBF-18-0172-1_S40,1,0.10921526441121754
CIP,lineage,SVM,label,4,RBF-18-0184-1_S30,1,0.9369048283036794
CIP,lineage,SVM,label,4,RBF-18-0192-1_S44,0,0.16909071488902044
CIP,lineage,SVM,label,4,RBF-18-0200-1_S48,0,0.8842795164342471
CIP,lineage,SVM,label,4,RBF-18-0208-2_S11_L001,0,0.030529464791121362
CIP,lineage,SVM,label,4,RBF-18-0251-1_S55,0,0.7506061182458696
CIP,lineage,SVM,label,4,RBF-18-0259-1_S33,0,0.8988015797308085
CIP,lineage,SVM,label,4,RBF-18-0280-1_S62,0,0.032789053057968996
CIP,lineage,SVM,label,4,RBF-18-0405-1_S81_2,1,0.5411728751615275
CIP,lineage,SVM,label,4,RBF-18-0664-1_S190,0,0.6367115401911098
CIP,lineage,SVM,label,4,RBG-17-013-1_S16,1,0.5787028900577778
CIP,lineage,SVM,label,4,RBG-17-0284-1_S59,0,0.1338183026190464
CIP,lineage,SVM,label,4,RBG-18-0012-1_S3,1,0.2203246902758669
CIP,lineage,SVM,label,4,RBG-18-0140-1_S14_L001,0,0.06889131393029589
CIP,lineage,SVM,label,4,RBG-18-0221-1_S47,1,0.1326440416074346
CIP,lineage,SVM,label,4,RBG-18-0239-1_S4,0,0.3212388481971652
CIP,lineage,SVM,label,4,RBG-18-0312-1_S55,1,0.37079341461819454
CIP,lineage,SVM,label,4,RBG-18-0355-1_S19_L001,0,0.8394729704142831
CIP,lineage,SVM,label,4,RBG-18-0383-1_S37,1,0.5438051699232469
CIP,lineage,SVM,label,4,RBG-18-0402-1_S50,1,0.8639741721873294
CIP,lineage,SVM,label,4,RBK-16-073-1_S14,0,0.7650980501785152
CIP,lineage,SVM,label,4,RBK-17-0595-1_S187,0,0.6917952830772559
CIP,lineage,SVM,label,4,RBK-18-0047-1_S20,0,0.11359364960606806
CIP,lineage,SVM,label,4,RBK-18-0104-1_S206,0,0.00463850770027143
CIP,lineage,SVM,label,4,RBL-17-0118-1_S156,0,0.009799468509195742
CIP,lineage,SVM,label,4,RBL-17-0172-1_S170,0,0.26159930508374546
CIP,lineage,SVM,label,4,RBL-17-0189-1_S172,0,0.03814180831222752
CIP,lineage,SVM,label,4,RBL-17-0256-1_S98,0,0.03974123174335305
CIP,lineage,SVM,label,4,RBL-17-0261-1_S100,1,0.005185189966252144
CIP,lineage,SVM,label,4,RBL-17-0320-1_S114,1,0.540136893760836
CIP,lineage,SVM,label,4,RBL-17-0332-1_S118,0,0.062138311204302174
CIP,lineage,SVM,label,4,RBL-17-0360-1_S108,0,0.20753759256129267
CIP,lineage,SVM,label,4,RBL-17-0411-1_S128,0,0.00709270621782319
CIP,lineage,SVM,label,4,RBL-17-0428-1_S70,1,0.594094953115412
CIP,lineage,SVM,label,4,RBL-18-0002-1_S158,0,0.23670295391595592
CIP,lineage,SVM,label,4,RBL-18-0010-1_S159,0,0.04944455944283186
CIP,lineage,SVM,label,4,RBL-18-0022-1_S43,0,0.28872087194099766
CIP,lineage,SVM,label,4,RBT-16-0045-1_S58,1,0.6928767481579687
CIP,lineage,SVM,label,4,RBT-17-0003-1_S16,0,0.08706423603925866
CIP,lineage,SVM,label,4,RBT-17-0022-1_S24,0,0.8452114150492085
CIP,lineage,SVM,label,4,RBT-17-0099-1_S35,1,0.1642847938696771
CIP,lineage,SVM,label,4,RBT-17-0107-1_S39,0,0.25638361502976564
CIP,lineage,SVM,label,4,RBT-17-0133-1_S6,1,0.7943742154715059
CIP,lineage,SVM,label,4,RBT-17-0138-1_S52,1,0.8230323499219405
CIP,lineage,SVM,label,4,RBT-17-0161-1_S57,0,0.11044599895434556
CIP,lineage,SVM,label,4,RBT-17-0177-1_S65,1,0.5639620671470862
CIP,lineage,SVM,label,4,RBT-17-0177-2_S7,1,0.5728524659730154
CIP,lineage,SVM,label,4,RBT-18-0004-1_S51,1,0.7866940940743307
CIP,lineage,SVM,label,4,RBT-18-0017-1_S67,0,0.08609984434472796
CIP,lineage,SVM,label,4,RBT-18-0042-1_S60,0,0.2570504469280965
CIP,lineage,SVM,label,4,RBT-18-0056-1_S37,0,0.16855030778486282
CIP,lineage,SVM,label,4,RBT-18-0080-1_S49,1,0.8849231503520975
CIP,lineage,SVM,label,4,RBT-18-0091-1_S42,0,0.3252625680988896
CIP,lineage,SVM,label,4,RBT-18-0102-1_S23,0,0.22409986766170722
CIP,lineage,SVM,label,4,RBT-18-0110-1_S27,1,0.1705398628435645
CIP,lineage,SVM,label,4,RBT-18-0121-1_S28,0,0.1205633711949838
CIP,lineage,SVM,label,4,RBT-18-0133-1_S30,0,0.26224009927048825
CIP,lineage,SVM,label,4,RBT-18-0141-1_S32,0,0.2142146558465486
CIP,lineage,SVM,label,4,RBT-18-0179-1_S37,0,0.7272339394283036
CIP,lineage,SVM,label,4,RBT-18-0181-1_S61,1,0.5950641109581786
CIP,lineage,SVM,label,4,RBT-18-0247-1_S16,1,0.7596827989517478
CIP,lineage,SVM,label,4,RBT-18-0252-1_S53,1,0.5790319943634283
CIP,lineage,SVM,label,4,RBT-18-0275-1_S63,0,0.8493848572492292
CIP,lineage,SVM,label,4,RBT-18-0283-1_S65,0,0.255844223754056
CIP,lineage,SVM,label,4,RBT-18-0292-1_S70,0,0.2343437299815641
CIP,lineage,SVM,label,4,RBT-18-0325-1_S44,0,0.2319902893167733
CIP,lineage,SVM,label,4,RBT-18-0331-1_S22,0,0.34949826364732295
CIP,lineage,SVM,label,4,RBT-18-0334-1_S23,0,0.19573427575390634
CIP,lineage,SVM,label,4,RBT-18-0340-1_S36,0,0.25983988443618383
CIP,lineage,SVM,label,4,RBT-18-0341-1_S24,1,0.3164225538805157
CIP,lineage,SVM,label,4,RBT-18-0351-1_S48,0,0.7265073708491775
CIP,lineage,SVM,label,4,RBT-18-0357-1_S27,0,0.12661992840253622
CIP,lineage,SVM,label,4,RBT-18-0365-1_S30,0,0.25598495524327525
CIP,lineage,SVM,label,4,RBT-18-0384-1_S40,0,0.7973786497655863
CIP,lineage,SVM,label,4,RBT-18-0385-1_S34,0,0.1674910983972038
CIP,lineage,SVM,label,4,ResetH115_S6_L001,1,0.4978480667945192
CIP,lineage,SVM,label,4,ResetH139_S3_L001,0,0.07181472769282422
CIP,lineage,SVM,label,4,ResetH16_S2_L001,1,0.855581616458547
CIP,lineage,SVM,label,4,ResetH24a_S3_2_L001,1,0.542948520590338
CIP,lineage,SVM,label,4,ResetH44_S3_L001,1,0.8715441687129305
CIP,lineage,SVM,label,4,ResetH8_S2_L001,0,0.25584705105770567
CIP,lineage,SVM,label,4,ResetH89_S3_L001,0,0.6936134852633618
CIP,lineage,SVM,label,4,ResetH92_S4_L001,1,0.8558675900465152
CIP,lineage,SVM,label,4,ResetH99_S5_L001,0,0.6003746694299701
CIP,lineage,SVM,label,4,ResetV70_S6_L001,1,0.5134989986811563
CIP,lineage,SVM,label,4,RPG-18-0435-1_S32,0,0.084298946703159
CIP,lineage,SVM,label,4,Survcare133_S25,0,0.7043256161890774
CIP,lineage,SVM,label,4,Survcare134_S26,0,0.5806188409831087
CIP,lineage,SVM,label,4,Survcare140_S4_L001,0,0.7363530108866314
CIP,lineage,SVM,label,4,Survcare253_S35,1,0.7735889860679235
CIP,lineage,SVM,label,4,Survcare262_S23_L001,1,0.04069373090990681
CIP,lineage,SVM,label,4,Survcare303_S15_L001,0,0.5963251653212774
CIP,lineage,SVM,label,4,Survcare318_S20_L001,0,0.28023738020832156
CIP,lineage,SVM,label,4,Survcare319_S16,0,0.3437479257366667
CIP,lineage,SVM,label,4,Survcare337_S12,0,0.14809207716229572
CIP,lineage,SVM,label,4,Survcare350_S44,1,0.5079168681073188
CIP,lineage,SVM,label,4,Survcare360_S84,1,0.6164479411819941
CIP,lineage,SVM,label,4,V108_S2_L001,0,0.06479681501652122
CIP,lineage,SVM,label,4,V113_S3_L001,0,0.2627489982418367
CIP,lineage,SVM,label,4,V131_S7_L001,1,0.31379100237531327
CIP,lineage,SVM,label,4,V152_S3_L001,0,0.293160815578128
CIP,lineage,SVM,label,4,V163_S6_L001,0,0.905121173714823
CIP,lineage,SVM,label,4,V182_S6_L001,1,0.8567601278215814
CIP,lineage,SVM,label,4,V195_S1_L001,1,0.19921518683755546
CIP,lineage,SVM,label,4,V98_S3_L001,1,0.4984382819396321
CIP,lineage,SVM,label,4,w2RBG-16-037-1_S34,1,0.3566794872585952
CIP,lineage,SVM,label,4,wdhRBF-18-0080-1_S17_L001,0,0.8048682293143912
CIP,lineage,SVM,label,4,wdhRBF-18-0098-1_S19_L001,0,0.3503290680927082
CIP,lineage,SVM,label,4,WDHRBG-17-005-2_S61,0,0.5452018170593103
CIP,lineage,SVM,label,4,WDHRBG-17-008-1_S83,0,0.8828382945837776
CIP,lineage,SVM,label,4,wdhRBL-17-0370-1_S232,1,0.5087437221412656
CIP,lineage,SVM,label,4,wNRZ-32446_S79,1,0.7206364580210634
CIP,lineage,SVM,label,4,wRBG-16-027-1_S174,0,0.6202412317913276
CIP,lineage,SVM,label,4,wRBG-17-028-1_S100,0,0.008818846974076082
CIP,lineage,SVM,label,4,wRBG-17-031-1_S154,0,0.011475755494529616
CIP,lineage,SVM,label,4,wRBG-17-047-1_S153,0,0.05383937742486858
CIP,lineage,SVM,label,4,wRBG-17-073-1_S118,0,0.5943721435067782
CIP,lineage,SVM,label,4,wwRBB-17-031-1_S25,1,0.5649050509083418
CIP,lineage,RF,label,0,H105_S3_L001,1,0.306
CIP,lineage,RF,label,0,H148_S4_L001,1,0.31
CIP,lineage,RF,label,0,H157_S3_L001,0,0.988
CIP,lineage,RF,label,0,H28_S10_L001,0,0.646
CIP,lineage,RF,label,0,H3_S1_L001,1,0.308
CIP,lineage,RF,label,0,H50_S7_L001,0,0.24
CIP,lineage,RF,label,0,H51_S5_L001,1,0.306
CIP,lineage,RF,label,0,H53_S4_L001,1,0.306
CIP,lineage,RF,label,0,H71_S1_L001,1,0.342
CIP,lineage,RF,label,0,H86_S1_L001,1,0.206
CIP,lineage,RF,label,0,NNRBG-17-0191-1_S1,0,0.232
CIP,lineage,RF,label,0,NNRBG-17-0242-1_S11,0,0.22
CIP,lineage,RF,label,0,NNRBG-17-0249-1_S13,0,0.224
CIP,lineage,RF,label,0,NNRBG-17-0378-1_S37,1,0.308
CIP,lineage,RF,label,0,RBB-17-011-1_S40,1,0.306
CIP,lineage,RF,label,0,RBB-17-171-1_S52,1,0.406
CIP,lineage,RF,label,0,RBB-18-0537-1_S21_L001,1,0.356
CIP,lineage,RF,label,0,RBB-18-0668-1_S188,1,0.306
CIP,lineage,RF,label,0,RBB-18-1309-1_S42,1,0.318
CIP,lineage,RF,label,0,RBB-18-1460-1_S45,1,0.306
CIP,lineage,RF,label,0,RBB-19-0014-1_S44,1,0.394
CIP,lineage,RF,label,0,RBF-16-004-1_S18,1,0.332
CIP,lineage,RF,label,0,RBF-16-060-1_S22,1,0.306
CIP,lineage,RF,label,0,RBF-17-0340-1_S81,1,0.424
CIP,lineage,RF,label,0,RBF-17-0438-1_S9,1,0.306
CIP,lineage,RF,label,0,RBF-17-0467-1_S12,1,0.306
CIP,lineage,RF,label,0,RBF-17-0489-1_S13,1,0.306
CIP,lineage,RF,label,0,RBF-17-0521-1_S78,1,0.306
CIP,lineage,RF,label,0,RBF-17-0537-1_S56,1,0.306
CIP,lineage,RF,label,0,RBF-17-0538-1_S82,0,0.21
CIP,lineage,RF,label,0,RBF-17-0550-1_S84,0,0.54
CIP,lineage,RF,label,0,RBF-17-0553-1_S85,1,0.316
CIP,lineage,RF,label,0,RBF-17-0572-2_S89,0,0.27
CIP,lineage,RF,label,0,RBF-17-0614-3_S95,0,0.026
CIP,lineage,RF,label,0,RBF-17-0630-1_S59,0,0.236
CIP,lineage,RF,label,0,RBF-17-0645-1_S61,0,0.468
CIP,lineage,RF,label,0,RBF-17-0653-1_S101,0,0.072
CIP,lineage,RF,label,0,RBF-17-0664-1_S63,0,0.224
CIP,lineage,RF,label,0,RBF-17-067-1_S54,1,0.31
CIP,lineage,RF,label,0,RBF-17-094-1_S56,1,0.312
CIP,lineage,RF,label,0,RBF-17-170-1_S66,1,0.322
CIP,lineage,RF,label,0,RBF-17-186-1_S69,1,0.306
CIP,lineage,RF,label,0,RBF-17-318-1_S77,1,0.314
CIP,lineage,RF,label,0,RBF-18-0019-1_S2,1,0.316
CIP,lineage,RF,label,0,RBF-18-0066-1_S15,0,0.388
CIP,lineage,RF,label,0,RBF-18-0068-1_S77,1,0.388
CIP,lineage,RF,label,0,RBF-18-0075-1_S79,1,0.318
CIP,lineage,RF,label,0,RBF-18-0123-1_S25_L001,0,0.346
CIP,lineage,RF,label,0,RBF-18-0173-1_S27,0,0.22
CIP,lineage,RF,label,0,RBF-18-0174-1_S28,1,0.302
CIP,lineage,RF,label,0,RBF-18-0187-1_S31,1,0.302
CIP,lineage,RF,label,0,RBF-18-0194-1_S86,1,0.338
CIP,lineage,RF,label,0,RBF-18-0196-1_S46,1,0.306
CIP,lineage,RF,label,0,RBF-18-0199-1_S47,1,0.304
CIP,lineage,RF,label,0,RBF-18-0201-1_S49,0,0.222
CIP,lineage,RF,label,0,RBF-18-0227-1_S53,0,0.21
CIP,lineage,RF,label,0,RBF-18-0277-1_S61,1,0.312
CIP,lineage,RF,label,0,RBF-18-0339-1_S37,0,0.45
CIP,lineage,RF,label,0,RBF-18-0585-1_S48,1,0.32
CIP,lineage,RF,label,0,RBF-18-0714-2_S204_2,1,0.318
CIP,lineage,RF,label,0,RBG-17-0351-1_S20_L001,1,0.314
CIP,lineage,RF,label,0,RBG-17-0383-1_S44,1,0.196
CIP,lineage,RF,label,0,RBG-18-0004-1_S1,1,0.306
CIP,lineage,RF,label,0,RBG-18-0072-1_S8,0,0.22
CIP,lineage,RF,label,0,RBG-18-0099-1_S14,1,0.306
CIP,lineage,RF,label,0,RBG-18-0129-1_S15_L001,1,0.31
CIP,lineage,RF,label,0,RBG-18-0153-1_S14,1,0.324
CIP,lineage,RF,label,0,RBG-18-0170-1_S41,0,0.022
CIP,lineage,RF,label,0,RBG-18-0177-1_S17_L001,1,0.31
CIP,lineage,RF,label,0,RBG-18-0200-1_S18_L001,1,0.304
CIP,lineage,RF,label,0,RBG-18-0204-1_S23_L001,0,0.582
CIP,lineage,RF,label,0,RBG-18-0223-1_S2,0,0.05
CIP,lineage,RF,label,0,RBG-18-0224-1_S24_L001,1,0.308
CIP,lineage,RF,label,0,RBG-18-0279-1_S36,1,0.306
CIP,lineage,RF,label,0,RBG-18-0289-1_S37,0,0.206
CIP,lineage,RF,label,0,RBG-18-0358-1_S39,0,0.37
CIP,lineage,RF,label,0,RBG-18-0380-1_S48,1,0.306
CIP,lineage,RF,label,0,RBG-18-0388-1_S21_L001,1,0.36
CIP,lineage,RF,label,0,RBG-18-0391-1_S22_L001,1,0.328
CIP,lineage,RF,label,0,RBG-18-0410-1_S12,1,0.304
CIP,lineage,RF,label,0,RBG-18-0417-1_S52,0,0.446
CIP,lineage,RF,label,0,RBG-18-0421-1_S53,1,0.36
CIP,lineage,RF,label,0,RBG-18-0437-1_S54,1,0.364
CIP,lineage,RF,label,0,RBK-17-0457-1_S6,1,0.314
CIP,lineage,RF,label,0,RBK-17-0492-1_S8,1,0.322
CIP,lineage,RF,label,0,RBK-17-0588-1_S24,1,0.324
CIP,lineage,RF,label,0,RBK-17-0601-1_S25,1,0.306
CIP,lineage,RF,label,0,RBK-17-0612-1_S27,1,0.308
CIP,lineage,RF,label,0,RBK-17-0655-5_S182,1,0.304
CIP,lineage,RF,label,0,RBK-18-0037-1_S199,0,0.728
CIP,lineage,RF,label,0,RBK-18-0062-2_S203,0,0.416
CIP,lineage,RF,label,0,RBK-18-0077-1_S212,1,0.308
CIP,lineage,RF,label,0,RBk-18-0216-1_S231_2,0,0.082
CIP,lineage,RF,label,0,RBK-18-0236-2_S52_2,1,0.21
CIP,lineage,RF,label,0,RBK-18-0644-1_S180,0,0.376
CIP,lineage,RF,label,0,RBKk-18-0108-1_S201,1,0.31
CIP,lineage,RF,label,0,RBL-17-0093-1_S146,0,0.208
CIP,lineage,RF,label,0,RBL-17-0101-1_S148,0,0.022
CIP,lineage,RF,label,0,RBL-17-0107-1_S150,0,0.212
CIP,lineage,RF,label,0,RBL-17-0113-1_S153,1,0.316
CIP,lineage,RF,label,0,RBL-17-0136-1_S161,0,0.058
CIP,lineage,RF,label,0,RBL-17-0199-1_S174,1,0.31
CIP,lineage,RF,label,0,RBL-17-0226-1_S41,1,0.306
CIP,lineage,RF,label,0,RBL-17-0242-1_S42,1,0.304
CIP,lineage,RF,label,0,RBL-17-0244-1_S44,1,0.306
CIP,lineage,RF,label,0,RBL-17-0264-1_S103,1,0.34
CIP,lineage,RF,label,0,RBL-17-0267-1_S104,0,0.126
CIP,lineage,RF,label,0,RBL-17-0274-2_S105,0,0.506
CIP,lineage,RF,label,0,RBL-17-0305-1_S49,1,0.318
CIP,lineage,RF,label,0,RBL-17-0307-1_S51,1,0.306
CIP,lineage,RF,label,0,RBL-17-0323-1_S115,0,0.252
CIP,lineage,RF,label,0,RBL-17-0350-1_S106,1,0.408
CIP,lineage,RF,label,0,RBL-17-0359-1_S66,1,0.316
CIP,lineage,RF,label,0,RBL-17-0392-1_S69,1,0.318
CIP,lineage,RF,label,0,RBL-17-0432-1_S132,1,0.38
CIP,lineage,RF,label,0,RBL-17-060-1_S17,1,0.316
CIP,lineage,RF,label,0,RBL-18-0048-1_S44,1,0.314
CIP,lineage,RF,label,0,RBL-18-0059-1_S171,1,0.316
CIP,lineage,RF,label,0,RBL-18-0076-1_S47,1,0.324
CIP,lineage,RF,label,0,RBL-18-0090-1_S48,1,0.324
CIP,lineage,RF,label,0,RBL-18-0093-1_S49,1,0.332
CIP,lineage,RF,label,0,RBL-18-0098-1_S178,1,0.306
CIP,lineage,RF,label,0,RBL-18-0194-1_S195_2,1,0.3
CIP,lineage,RF,label,0,RBL-18-0242-1_S51,0,0.356
CIP,lineage,RF,label,0,RBL-18-0343-1_S6,1,0.226
CIP,lineage,RF,label,0,RBL-18-0467-1_S228_2,1,0.312
CIP,lineage,RF,label,0,RBL-18-0500-1_S230_2,1,0.314
CIP,lineage,RF,label,0,RBT-16-0024-1_S10,1,0.32
CIP,lineage,RF,label,0,RBT-16-0038-1_S11,1,0.32
CIP,lineage,RF,label,0,RBT-17-0009-1_S21,1,0.226
CIP,lineage,RF,label,0,RBT-17-0039-1_S28,0,0.204
CIP,lineage,RF,label,0,RBT-17-0102-1_S37,1,0.308
CIP,lineage,RF,label,0,RBT-17-0112-1_S41,0,0.038
CIP,lineage,RF,label,0,RBT-17-0124-1_S46,0,0.278
CIP,lineage,RF,label,0,RBT-17-0174-1_S64,0,0.03
CIP,lineage,RF,label,0,RBT-17-0183-1_S67,0,0.382
CIP,lineage,RF,label,0,RBT-17-0188-1_S68,0,0.376
CIP,lineage,RF,label,0,RBT-17-0194-1_S30,0,0.518
CIP,lineage,RF,label,0,RBT-17-0219-1_S8,0,0.438
CIP,lineage,RF,label,0,RBT-17-0238-1_S59,0,0.53
CIP,lineage,RF,label,0,RBT-17-0239-1_S60,0,0.02
CIP,lineage,RF,label,0,RBT-17-0249-1_S61,1,0.306
CIP,lineage,RF,label,0,RBT-17-0295-1_S15,0,0.018
CIP,lineage,RF,label,0,RBT-17-0328-1_S16,1,0.318
CIP,lineage,RF,label,0,RBT-17-0339-1_S20,1,0.314
CIP,lineage,RF,label,0,RBT-18-0021-1_S56,1,0.306
CIP,lineage,RF,label,0,RBT-18-0027-1_S68,0,0.02
CIP,lineage,RF,label,0,RBT-18-0053-1_S36,1,0.308
CIP,lineage,RF,label,0,RBT-18-0079-1_S16,0,0.108
CIP,lineage,RF,label,0,RBT-18-0115-1_S45,0,0.052
CIP,lineage,RF,label,0,RBT-18-0205-1_S6,1,0.318
CIP,lineage,RF,label,0,RBT-18-0227-1_S46,1,0.308
CIP,lineage,RF,label,0,RBT-18-0234-1_S15,1,0.314
CIP,lineage,RF,label,0,RBT-18-0253-1_S54,0,0.468
CIP,lineage,RF,label,0,RBT-18-0278-1_S64,1,0.384
CIP,lineage,RF,label,0,RBT-18-0284-1_S66,1,0.324
CIP,lineage,RF,label,0,RBT-18-0296-1_S72,1,0.31
CIP,lineage,RF,label,0,RBT-18-0308-1_S34,0,0.224
CIP,lineage,RF,label,0,RBT-18-0324-1_S57,1,0.334
CIP,lineage,RF,label,0,RBT-18-0335-1_S41,1,0.314
CIP,lineage,RF,label,0,RBT-18-0337-1_S46,0,0.312
CIP,lineage,RF,label,0,RBT-18-0338-1_S35,0,0.02
CIP,lineage,RF,label,0,RBT-18-0358-1_S28,0,0.018
CIP,lineage,RF,label,0,RBT-18-0363-1_S72,1,0.328
CIP,lineage,RF,label,0,RBT-18-0368-1_S32,0,0.02
CIP,lineage,RF,label,0,RBT-18-0372-1_S31,1,0.32
CIP,lineage,RF,label,0,RBT-18-0391-1_S35,1,0.308
CIP,lineage,RF,label,0,RBT-18-0392-1_S56,1,0.328
CIP,lineage,RF,label,0,RBT-18-0401-1_S43,1,0.31
CIP,lineage,RF,label,0,ResetH127_S6_L001,1,0.308
CIP,lineage,RF,label,0,ResetH129_S7_L001,1,0.316
CIP,lineage,RF,label,0,ResetH131_S7_L001,1,0.306
CIP,lineage,RF,label,0,ResetH132_S1_L001,0,0.208
CIP,lineage,RF,label,0,ResetH45_S5_L001,0,0.242
CIP,lineage,RF,label,0,ResetH49b_S6_L001,0,0.238
CIP,lineage,RF,label,0,ResetH63_S7_L001,1,0.306
CIP,lineage,RF,label,0,ResetH75_S2_L001,1,0.308
CIP,lineage,RF,label,0,ResetV260_S5_L001,1,0.308
CIP,lineage,RF,label,0,Survcare125_S25,0,0.404
CIP,lineage,RF,label,0,Survcare184_S19,0,0.59
CIP,lineage,RF,label,0,Survcare187_S32,1,0.316
CIP,lineage,RF,label,0,Survcare236_S5_L001,0,0.248
CIP,lineage,RF,label,0,Survcare244_S9_L001,0,0.468
CIP,lineage,RF,label,0,Survcare265_S20,0,0.222
CIP,lineage,RF,label,0,Survcare275_S38,0,0.556
CIP,lineage,RF,label,0,Survcare291_S38,0,0.558
CIP,lineage,RF,label,0,Survcare327_S1,1,0.316
CIP,lineage,RF,label,0,Survcare334_S10,0,0.4
CIP,lineage,RF,label,0,Survcare335_S11,0,0.506
CIP,lineage,RF,label,0,Survcare341_S25,1,0.328
CIP,lineage,RF,label,0,V172_S5_L001,0,0.372
CIP,lineage,RF,label,0,V173_S6_L001,0,0.722
CIP,lineage,RF,label,0,V215_S2_L001,0,0.252
CIP,lineage,RF,label,0,V228_S8_L001,0,0.958
CIP,lineage,RF,label,0,V229_S10_L001,0,0.958
CIP,lineage,RF,label,0,V232_S3_L001,0,0.048
CIP,lineage,RF,label,0,V282_S4_L001,1,0.382
CIP,lineage,RF,label,0,V291_S5_L001,1,0.308
CIP,lineage,RF,label,0,V295_S7_L001,1,0.308
CIP,lineage,RF,label,0,V89_S1_L001,0,0.444
CIP,lineage,RF,label,0,W2RBK-17-168-1_S33,1,0.306
CIP,lineage,RF,label,0,W2RBK-17-169-1_S34,0,0.37
CIP,lineage,RF,label,0,W2RBL-16-018-1_S15,1,0.312
CIP,lineage,RF,label,0,wdh-RBB-17-170-1_S16,1,0.306
CIP,lineage,RF,label,0,wdh-RBF-17-0572-1_S43,0,0.268
CIP,lineage,RF,label,0,wdh-RBL-17-0431-1_S46,0,0.228
CIP,lineage,RF,label,0,wdhRBF-10-0002-1_S10_L001,1,0.322
CIP,lineage,RF,label,0,wdhRBF-17-0558-1_S121,0,0.668
CIP,lineage,RF,label,0,wdhRBF-17-0567-1_S122,0,0.236
CIP,lineage,RF,label,0,wdhRBF-18-0081-1_S18_L001,0,0.222
CIP,lineage,RF,label,0,wRBF-17-0146-1_S35,1,0.306
CIP,lineage,RF,label,0,wRBG-16-033-1_S153,0,0.204
CIP,lineage,RF,label,0,wRBG-17-055-1_S163,1,0.324
CIP,lineage,RF,label,0,wRBG-17-057-1_S141,0,0.25
CIP,lineage,RF,label,0,wRBG-17-106-1_S125,0,0.216
CIP,lineage,RF,label,0,wwRBB-16-112-1_S1,1,0.316
CIP,lineage,RF,label,0,wwRBF-16-007-1_S10,1,0.308
CIP,lineage,RF,label,0,wwRBF-17-148-1_S27,0,0.016
CIP,lineage,RF,label,0,wwRBF-17-167-1_S31,1,0.324
CIP,lineage,RF,label,0,wwRBF-17-189-1_S32,1,0.308
CIP,lineage,RF,label,0,wwRBF-17-209-1_S34,1,0.408
CIP,lineage,RF,label,0,wwRBK-16-023-1_S5,1,0.344
CIP,lineage,RF,label,0,wwRBK-17-0148-1_S37,1,0.306
CIP,lineage,RF,label,0,wwRBK-17-0148-2_S38,1,0.306
CIP,lineage,RF,label,0,wwRBK-17-0197-1_S39,1,0.314
CIP,lineage,RF,label,0,wwRBK-17-075-1_S28,1,0.304
CIP,lineage,RF,label,0,wwRBL-17-004-1_S44,1,0.312
CIP,lineage,RF,label,1,H122_S4_L001,1,0.974
CIP,lineage,RF,label,1,H162_S4_L001,1,0.93
CIP,lineage,RF,label,1,H17_S2_L001,1,0.186
CIP,lineage,RF,label,1,H37_S3_L001,1,0.188
CIP,lineage,RF,label,1,H83_S7_L001,0,0.094
CIP,lineage,RF,label,1,NNRBG-17-0198-1_S4,0,0.792
CIP,lineage,RF,label,1,NNRBG-17-0243-1_S12,0,0.714
CIP,lineage,RF,label,1,NNRBG-17-0287-1_S17,0,0.286
CIP,lineage,RF,label,1,NNRBG-17-0308-1_S20,0,0.032
CIP,lineage,RF,label,1,NNRBG-17-0316-1_S23,1,0.168
CIP,lineage,RF,label,1,NNRBG-17-0382-1_S38,0,0.468
CIP,lineage,RF,label,1,RBB-18-0674-1_S189,1,0.032
CIP,lineage,RF,label,1,RBB-18-0826-1_S193,1,0.6
CIP,lineage,RF,label,1,RBB-18-0892-1_S80_2,1,0.968
CIP,lineage,RF,label,1,RBB-18-1212-1_S67_2,1,0.97
CIP,lineage,RF,label,1,RBB-18-1406-1_S49,1,0.186
CIP,lineage,RF,label,1,RBF-17-0508-1_S73,0,0.032
CIP,lineage,RF,label,1,RBF-17-0540-1_S83,0,0.036
CIP,lineage,RF,label,1,RBF-17-266-1_S70,0,0.37
CIP,lineage,RF,label,1,RBF-18-0036-1_S7,0,0.046
CIP,lineage,RF,label,1,RBF-18-0055-1_S11,0,0.016
CIP,lineage,RF,label,1,RBF-18-0087-1_S23,0,0.02
CIP,lineage,RF,label,1,RBF-18-0126-1_S31,0,0.036
CIP,lineage,RF,label,1,RBF-18-0151-1_S83,1,0.004
CIP,lineage,RF,label,1,RBF-18-0160-1_S37,0,0.74
CIP,lineage,RF,label,1,RBF-18-0163-2_S39,0,0.234
CIP,lineage,RF,label,1,RBF-18-0253-1_S13_L001,1,0.476
CIP,lineage,RF,label,1,RBF-18-0282-1_S63,0,0.308
CIP,lineage,RF,label,1,RBF-18-0321-1_S69,0,0.304
CIP,lineage,RF,label,1,RBF-18-0338-1_S72,0,0.04
CIP,lineage,RF,label,1,RBG-18-0023-1_S2,1,0.006
CIP,lineage,RF,label,1,RBG-18-0054-1_S42,0,0.122
CIP,lineage,RF,label,1,RBG-18-0083-1_S12,0,0.672
CIP,lineage,RF,label,1,RBG-18-0085-1_S11,0,0.542
CIP,lineage,RF,label,1,RBG-18-0193-1_S8,0,0.168
CIP,lineage,RF,label,1,RBG-18-0194-1_S45,0,0.694
CIP,lineage,RF,label,1,RBG-18-0206-2_S46,1,0.006
CIP,lineage,RF,label,1,RBG-18-0209-2_S46,0,0.016
CIP,lineage,RF,label,1,RBG-18-0211-1_S35,1,0.334
CIP,lineage,RF,label,1,RBG-18-0280-1_S51,1,0.21
CIP,lineage,RF,label,1,RBG-18-0308-1_S54,1,0.892
CIP,lineage,RF,label,1,RBK-16-079-1_S15,0,0.03
CIP,lineage,RF,label,1,RBK-16-124-1_S16,0,0.086
CIP,lineage,RF,label,1,RBK-18-0020-1_S19,0,0.144
CIP,lineage,RF,label,1,RBK-18-0022-1_S197,0,0.282
CIP,lineage,RF,label,1,RBK-18-0060-1_S22,0,0.32
CIP,lineage,RF,label,1,RBK-18-0080-1_S205,1,0.772
CIP,lineage,RF,label,1,RBK-18-0414-1_S59,0,0.272
CIP,lineage,RF,label,1,RBL-17-0095-1_S147,0,0.03
CIP,lineage,RF,label,1,RBL-17-0123-1_S157,1,0.764
CIP,lineage,RF,label,1,RBL-17-0159-1_S166,0,0.232
CIP,lineage,RF,label,1,RBL-17-0165-1_S167,0,0.488
CIP,lineage,RF,label,1,RBL-17-0232-1_S91,0,0.384
CIP,lineage,RF,label,1,RBL-17-0246-1_S94,0,0.196
CIP,lineage,RF,label,1,RBL-17-0263-1_S102,0,0.034
CIP,lineage,RF,label,1,RBL-17-0283-1_S27,0,0.03
CIP,lineage,RF,label,1,RBL-17-0328-1_S117,0,0.222
CIP,lineage,RF,label,1,RBL-17-0349-1_S105,0,0.008
CIP,lineage,RF,label,1,RBL-17-0374-1_S116,0,0.03
CIP,lineage,RF,label,1,RBL-17-0375-1_S117,1,0.388
CIP,lineage,RF,label,1,RBL-17-0383-1_S119,0,0.038
CIP,lineage,RF,label,1,RBL-17-0391-1_S122,0,0.588
CIP,lineage,RF,label,1,RBL-17-0397-1_S125,0,0.03
CIP,lineage,RF,label,1,RBL-18-0131-1_S188_2,1,0.9
CIP,lineage,RF,label,1,RBT-17-0008-1_S18,0,0.006
CIP,lineage,RF,label,1,RBT-17-0019-1_S62,1,0.966
CIP,lineage,RF,label,1,RBT-17-0079-1_S29,0,0.038
CIP,lineage,RF,label,1,RBT-17-0084-1_S31,0,0.032
CIP,lineage,RF,label,1,RBT-17-0113-1_S42,0,0.122
CIP,lineage,RF,label,1,RBT-17-0118-1_S45,0,0.278
CIP,lineage,RF,label,1,RBT-17-0163-1_S59,0,0.03
CIP,lineage,RF,label,1,RBT-17-0167-1_S27,0,0.028
CIP,lineage,RF,label,1,RBT-17-0168-1_S61,0,0.702
CIP,lineage,RF,label,1,RBT-17-0173-1_S63,0,0.032
CIP,lineage,RF,label,1,RBT-17-0225-1_S9,0,0.03
CIP,lineage,RF,label,1,RBT-17-0232-1_S58,1,0.656
CIP,lineage,RF,label,1,RBT-17-0251-1_S62,1,0.032
CIP,lineage,RF,label,1,RBT-17-0270-1_S65,1,0.2
CIP,lineage,RF,label,1,RBT-17-0279-1_S12,0,0.118
CIP,lineage,RF,label,1,RBT-18-0050-1_S34,0,0.04
CIP,lineage,RF,label,1,RBT-18-0052-1_S35,0,0.03
CIP,lineage,RF,label,1,RBT-18-0101-1_S22,0,0.35
CIP,lineage,RF,label,1,RBT-18-0103-1_S24,0,0.07
CIP,lineage,RF,label,1,RBT-18-0116-1_S46,1,0.184
CIP,lineage,RF,label,1,RBT-18-0122-1_S63,1,0.772
CIP,lineage,RF,label,1,RBT-18-0125-1_S50,0,0.042
CIP,lineage,RF,label,1,RBT-18-0127-1_S51,0,0.03
CIP,lineage,RF,label,1,RBT-18-0146-1_S55,1,0.768
CIP,lineage,RF,label,1,RBT-18-0197-1_S40,0,0.036
CIP,lineage,RF,label,1,RBT-18-0224-1_S43,0,0.03
CIP,lineage,RF,label,1,RBT-18-0231-1_S14,0,0.14
CIP,lineage,RF,label,1,RBT-18-0232-1_S47,0,0.394
CIP,lineage,RF,label,1,RBT-18-0246-1_S52,0,0.058
CIP,lineage,RF,label,1,RBT-18-0269-1_S61,0,0.042
CIP,lineage,RF,label,1,RBT-18-0271-1_S62,0,0.03
CIP,lineage,RF,label,1,RBT-18-0288-1_S68,1,0.19
CIP,lineage,RF,label,1,RBT-18-0293-1_S71,0,0.03
CIP,lineage,RF,label,1,RBT-18-0303-1_S20,1,0.686
CIP,lineage,RF,label,1,RBT-18-0339-1_S47,0,0.044
CIP,lineage,RF,label,1,RBT-18-0360-1_S39,1,0.686
CIP,lineage,RF,label,1,RBT-18-0361-1_S38,0,0.04
CIP,lineage,RF,label,1,RBT-18-0364-1_S29,0,0.476
CIP,lineage,RF,label,1,RBT-18-0370-1_S33,0,0.43
CIP,lineage,RF,label,1,ResetH1_S1_L001,1,0.178
CIP,lineage,RF,label,1,ResetV143_S2_L001,1,0.704
CIP,lineage,RF,label,1,ResetV161_S3_L001,1,0.596
CIP,lineage,RF,label,1,Survcare0111_S29,0,0.37
CIP,lineage,RF,label,1,Survcare0114_S37,1,0.196
CIP,lineage,RF,label,1,Survcare176_S17_L001,1,0.744
CIP,lineage,RF,label,1,Survcare190_S35,0,0.146
CIP,lineage,RF,label,1,Survcare221_S7_L001,0,0.034
CIP,lineage,RF,label,1,Survcare254_S36,1,0.032
CIP,lineage,RF,label,1,Survcare295_S8_L001,1,0.21
CIP,lineage,RF,label,1,Survcare313_S24_L001,0,0.116
CIP,lineage,RF,label,1,V1_S6_L001,1,0.93
CIP,lineage,RF,label,1,V116_S6_L001,1,0.664
CIP,lineage,RF,label,1,V123_S1_L001,1,0.162
CIP,lineage,RF,label,1,V183_S7_L001,0,0.434
CIP,lineage,RF,label,1,V238_S11_L001,1,0.722
CIP,lineage,RF,label,1,V279_S8_L001,1,0.398
CIP,lineage,RF,label,1,V283_S5_L001,1,0.39
CIP,lineage,RF,label,1,V292_S6_L001,1,0.97
CIP,lineage,RF,label,1,V41_S2_L001,1,0.924
CIP,lineage,RF,label,1,V73_S5_L001,1,0.832
CIP,lineage,RF,label,1,V79_S6_L001,1,0.566
CIP,lineage,RF,label,1,V80_S7_L001,0,0.354
CIP,lineage,RF,label,1,V86_S1_L001,1,0.832
CIP,lineage,RF,label,1,V96_S2_L001,1,0.834
CIP,lineage,RF,label,1,W2RBF-17-090-1_S26,0,0.35
CIP,lineage,RF,label,1,wdh2NRZ-29911a_S31,1,0.18
CIP,lineage,RF,label,1,wdhRBF-18-0048-1_S12_L001,0,0.424
CIP,lineage,RF,label,1,wdhRBF-18-0049-1_S13_L001,0,0.312
CIP,lineage,RF,label,1,WDHRBG-16-060-1_S27,0,0.186
CIP,lineage,RF,label,1,WDHRBG-17-0093-1_S1,1,0.746
CIP,lineage,RF,label,1,WDHRBG-17-0256-1_S17,1,0.854
CIP,lineage,RF,label,1,wRBG-16-024-1_S152,1,0.686
CIP,lineage,RF,label,1,wRBG-17-014-1_S167,0,0.156
CIP,lineage,RF,label,1,wRBG-17-034-1_S121,0,0.132
CIP,lineage,RF,label,1,wRBG-17-049-1_S142,0,0.698
CIP,lineage,RF,label,1,wRBG-17-052-1_S120,1,0.004
CIP,lineage,RF,label,1,wRBG-17-082-1_S106,0,0.022
CIP,lineage,RF,label,1,wRBG-17-100-1_S104,1,0.686
CIP,lineage,RF,label,1,wRBG-17-110-1_S168,0,0.702
CIP,lineage,RF,label,1,wRBG-17-112-1_S146,0,0.06
CIP,lineage,RF,label,1,wwRBF-16-094-1_S13,0,0.036
CIP,lineage,RF,label,1,wwRBL-16-111-1_S16,1,0.832
CIP,lineage,RF,label,2,H113_S6_L001,1,0.262
CIP,lineage,RF,label,2,H141_S6_L001,0,0.468
CIP,lineage,RF,label,2,H153_S1_L001,1,0.494
CIP,lineage,RF,label,2,H154_S2_L001,1,0.5
CIP,lineage,RF,label,2,H160_S3_L001,1,0.494
CIP,lineage,RF,label,2,H164_S3_L001,1,0.494
CIP,lineage,RF,label,2,H176_S5_L001,1,0.222
CIP,lineage,RF,label,2,NNRBG-17-0196-1_S3,0,0.03
CIP,lineage,RF,label,2,NNRBG-17-0199-1_S5,1,0.03
CIP,lineage,RF,label,2,NNRBG-17-0255-1_S14,1,0.272
CIP,lineage,RF,label,2,NNRBG-17-0319-1_S24,0,0.066
CIP,lineage,RF,label,2,NNRBG-17-0328-1_S25,0,0.068
CIP,lineage,RF,label,2,NNRBG-17-0329-1_S26,0,0.034
CIP,lineage,RF,label,2,NNRBG-17-0399-1_S40,0,0.068
CIP,lineage,RF,label,2,RBB-18-1488-1_S46,1,0.042
CIP,lineage,RF,label,2,RBB-18-1502-1_S47,0,0.466
CIP,lineage,RF,label,2,RBBK18-0189-1_S24_L001,1,0.828
CIP,lineage,RF,label,2,RBF-10-0240-1_S12_L001,0,0.036
CIP,lineage,RF,label,2,RBF-16-0064-1_S136,0,0.066
CIP,lineage,RF,label,2,RBF-16-073-1_S23,1,0.708
CIP,lineage,RF,label,2,RBF-17-0164-1_S137,0,0.12
CIP,lineage,RF,label,2,RBF-17-0173-1_S138,0,0.04
CIP,lineage,RF,label,2,RBF-17-0194-1_S140,0,0.066
CIP,lineage,RF,label,2,RBF-17-0589-1_S92,0,0.126
CIP,lineage,RF,label,2,RBF-17-0602-1_S93,0,0.032
CIP,lineage,RF,label,2,RBF-17-0635-1_S98,1,0.298
CIP,lineage,RF,label,2,RBF-17-0647-1_S99,0,0.052
CIP,lineage,RF,label,2,RBF-17-0651-1_S62,1,0.794
CIP,lineage,RF,label,2,RBF-17-277-1_S73,1,0.278
CIP,lineage,RF,label,2,RBF-18-0035-1_S6,0,0.464
CIP,lineage,RF,label,2,RBF-18-0069-1_S78,1,0.598
CIP,lineage,RF,label,2,RBF-18-0085-1_S21,0,0.026
CIP,lineage,RF,label,2,RBF-18-0086-1_S22,0,0.028
CIP,lineage,RF,label,2,RBF-18-0125-1_S30,0,0.226
CIP,lineage,RF,label,2,RBF-18-0127-1_S32,0,0.086
CIP,lineage,RF,label,2,RBF-18-0214-1_S51,0,0.068
CIP,lineage,RF,label,2,RBF-18-0217-1_S54,0,0.086
CIP,lineage,RF,label,2,RBF-18-0252-1_S56,0,0.306
CIP,lineage,RF,label,2,RBF-18-0310-1_S36,0,0.442
CIP,lineage,RF,label,2,RBF-18-0634-1_S183,1,0.726
CIP,lineage,RF,label,2,RBG-17-0269-1_S41,0,0.202
CIP,lineage,RF,label,2,RBg-17-123-2_S12,0,0.382
CIP,lineage,RF,label,2,RBG-18-0025-1_S9_L001,0,0.034
CIP,lineage,RF,label,2,RBG-18-0029-1_S40,0,0.034
CIP,lineage,RF,label,2,RBG-18-0041-1_S6,1,0.33
CIP,lineage,RF,label,2,RBG-18-0071-1_S44,1,0.332
CIP,lineage,RF,label,2,RBG-18-0076-1_S10,1,0.508
CIP,lineage,RF,label,2,RBG-18-0077-1_S9,1,0.554
CIP,lineage,RF,label,2,RBG-18-0185-1_S40,0,0.068
CIP,lineage,RF,label,2,RBG-18-0191-1_S11_L001,0,0.032
CIP,lineage,RF,label,2,RBG-18-0256-1_S8_L001,0,0.05
CIP,lineage,RF,label,2,RBG-18-0265-1_S49,0,0.05
CIP,lineage,RF,label,2,RBG-18-0276-1_S50,1,0.484
CIP,lineage,RF,label,2,RBG-18-0301-1_S53,0,0.038
CIP,lineage,RF,label,2,RBG-18-0347-1_S22_L001,0,0.488
CIP,lineage,RF,label,2,RBG-18-0367-1_S57,1,0.246
CIP,lineage,RF,label,2,RBG-18-0394-1_S23_L001,0,0.028
CIP,lineage,RF,label,2,RBK-18-0019-1_S195,0,0.034
CIP,lineage,RF,label,2,RBK-18-0038-1_S200,0,0.046
CIP,lineage,RF,label,2,RBL-17-0076-1_S32,1,0.262
CIP,lineage,RF,label,2,RBL-17-0104-1_S149,0,0.068
CIP,lineage,RF,label,2,RBL-17-0117-1_S155,0,0.032
CIP,lineage,RF,label,2,RBL-17-0129-1_S158,0,0.07
CIP,lineage,RF,label,2,RBL-17-0133-1_S159,0,0.062
CIP,lineage,RF,label,2,RBL-17-0135-1_S160,0,0.068
CIP,lineage,RF,label,2,RBL-17-0138-1_S162,0,0.114
CIP,lineage,RF,label,2,RBL-17-0144-1_S163,1,0.268
CIP,lineage,RF,label,2,RBL-17-0155-1_S165,1,0.45
CIP,lineage,RF,label,2,RBL-17-0197-1_S173,0,0.044
CIP,lineage,RF,label,2,RBL-17-0235-1_S92,0,0.086
CIP,lineage,RF,label,2,RBL-17-0300-1_S112,0,0.05
CIP,lineage,RF,label,2,RBL-17-0306-1_S50,1,0.582
CIP,lineage,RF,label,2,RBL-17-0324-1_S54,0,0.39
CIP,lineage,RF,label,2,RBL-17-0393-1_S123,0,0.034
CIP,lineage,RF,label,2,RBL-17-0409-1_S127,0,0.028
CIP,lineage,RF,label,2,RBL-17-0429-1_S130,0,0.076
CIP,lineage,RF,label,2,RBL-17-0434-1_S133,0,0.476
CIP,lineage,RF,label,2,RBL-18-0019-1_S41,0,0.03
CIP,lineage,RF,label,2,RBL-18-0032-1_S167,0,0.066
CIP,lineage,RF,label,2,RBT-17-0011-1_S19,0,0.074
CIP,lineage,RF,label,2,RBT-17-0023-1_S25,1,0.82
CIP,lineage,RF,label,2,RBT-17-0024-1_S23,0,0.072
CIP,lineage,RF,label,2,RBT-17-0033-1_S12,1,0.98
CIP,lineage,RF,label,2,RBT-17-0082-1_S30,0,0.044
CIP,lineage,RF,label,2,RBT-17-0090-1_S32,0,0.028
CIP,lineage,RF,label,2,RBT-17-0109-1_S40,0,0.066
CIP,lineage,RF,label,2,RBT-17-0130-1_S27,0,0.318
CIP,lineage,RF,label,2,RBT-17-0142-1_S53,0,0.03
CIP,lineage,RF,label,2,RBT-17-0150-1_S54,0,0.03
CIP,lineage,RF,label,2,RBT-17-0217-1_S7,1,0.818
CIP,lineage,RF,label,2,RBT-17-0243-1_S11,0,0.066
CIP,lineage,RF,label,2,RBT-17-0337-1_S19,0,0.034
CIP,lineage,RF,label,2,RBT-18-0030-1_S69,0,0.026
CIP,lineage,RF,label,2,RBT-18-0046-1_S2,1,0.566
CIP,lineage,RF,label,2,RBT-18-0057-1_S38,0,0.222
CIP,lineage,RF,label,2,RBT-18-0066-1_S40,0,0.032
CIP,lineage,RF,label,2,RBT-18-0071-1_S41,0,0.244
CIP,lineage,RF,label,2,RBT-18-0100-1_S21,1,0.508
CIP,lineage,RF,label,2,RBT-18-0113-1_S44,0,0.034
CIP,lineage,RF,label,2,RBT-18-0120-1_S48,1,0.508
CIP,lineage,RF,label,2,RBT-18-0129-1_S52,0,0.522
CIP,lineage,RF,label,2,RBT-18-0134-1_S29,0,0.032
CIP,lineage,RF,label,2,RBT-18-0230-1_S45,0,0.032
CIP,lineage,RF,label,2,RBT-18-0317-1_S27,0,0.07
CIP,lineage,RF,label,2,ResetH152_S4_L001,1,0.494
CIP,lineage,RF,label,2,ResetH68_S1_L001,0,0.032
CIP,lineage,RF,label,2,ResetH98_S4_L001,0,0.064
CIP,lineage,RF,label,2,ResetV210_S4_L001,1,0.584
CIP,lineage,RF,label,2,ResetV76_S7_L001,0,0.172
CIP,lineage,RF,label,2,Survcare052_S22,1,0.914
CIP,lineage,RF,label,2,Survcare104_S16_L001,1,0.386
CIP,lineage,RF,label,2,Survcare130_S2,0,0.074
CIP,lineage,RF,label,2,Survcare230_S17_L001,1,0.746
CIP,lineage,RF,label,2,Survcare234_S3_L001,0,0.044
CIP,lineage,RF,label,2,Survcare289_S36,1,0.656
CIP,lineage,RF,label,2,Survcare292_S39,1,0.696
CIP,lineage,RF,label,2,Survcare293_S40,1,0.656
CIP,lineage,RF,label,2,Survcare309_S20_L001,1,0.648
CIP,lineage,RF,label,2,Survcare310_S21_L001,0,0.212
CIP,lineage,RF,label,2,Survcare317_S5_L001,1,0.792
CIP,lineage,RF,label,2,Survcare329_S3,1,0.406
CIP,lineage,RF,label,2,V111_S3_L001,0,0.468
CIP,lineage,RF,label,2,V114_S5_L001,1,0.508
CIP,lineage,RF,label,2,V120_S5_L001,1,0.508
CIP,lineage,RF,label,2,V130_S5_L001,1,0.57
CIP,lineage,RF,label,2,V139_S7_L001,1,0.574
CIP,lineage,RF,label,2,V168_S9_L001,1,0.676
CIP,lineage,RF,label,2,V177_S6_L001,1,0.368
CIP,lineage,RF,label,2,V201_S4_L001,1,0.508
CIP,lineage,RF,label,2,V205_S3_L001,1,0.516
CIP,lineage,RF,label,2,V268_S12_L001,1,0.574
CIP,lineage,RF,label,2,V271_S13_L001,1,0.57
CIP,lineage,RF,label,2,V40_S2_L001,1,0.838
CIP,lineage,RF,label,2,V9_S1_L001,1,0.838
CIP,lineage,RF,label,2,W2RBF-17-133-1_S28,0,0.442
CIP,lineage,RF,label,2,wdh-RBB-16-025-1_S20,1,0.866
CIP,lineage,RF,label,2,wdhRBF-18-0057_S14_L001,0,0.054
CIP,lineage,RF,label,2,wRBG-16-026-1_S163,0,0.028
CIP,lineage,RF,label,2,wRBG-16-032-1_S142,0,0.034
CIP,lineage,RF,label,2,wRBG-17-021-1_S166,0,0.036
CIP,lineage,RF,label,2,wRBG-17-022-1_S43,1,0.67
CIP,lineage,RF,label,2,wRBG-17-025-1_S133,0,0.048
CIP,lineage,RF,label,2,wRBG-17-058-1_S130,0,0.034
CIP,lineage,RF,label,2,wRBG-17-072-1_S129,0,0.03
CIP,lineage,RF,label,2,wRBG-17-081-1_S117,0,0.058
CIP,lineage,RF,label,2,wwRBK-17-0278-1_S41,0,0.236
CIP,lineage,RF,label,3,H100_S2_L001,0,0.102
CIP,lineage,RF,label,3,H109_S2_L001,0,0.382
CIP,lineage,RF,label,3,H119_S7_L001,1,0.956
CIP,lineage,RF,label,3,H123_S1_L001,1,0.812
CIP,lineage,RF,label,3,H66_S1_L001,1,0.762
CIP,lineage,RF,label,3,NNRBG-17-0205-1_S7,1,0.374
CIP,lineage,RF,label,3,NNRBG-17-0227-1_S8,0,0.03
CIP,lineage,RF,label,3,NNRBG-17-0234-1_S9,0,0.03
CIP,lineage,RF,label,3,NNRBG-17-0239-1_S10,0,0.076
CIP,lineage,RF,label,3,NNRBG-17-0294-1_S18,0,0.352
CIP,lineage,RF,label,3,NNSurvcare045_S41,1,0.928
CIP,lineage,RF,label,3,RBB-18-0129-1_S179,1,0.824
CIP,lineage,RF,label,3,RBB-18-0546-1_S22_L001,1,0.71
CIP,lineage,RF,label,3,RBB-18-0665-1_S23_L001,1,0.778
CIP,lineage,RF,label,3,RBB-18-1086-1_S189_2,0,0.314
CIP,lineage,RF,label,3,RBB-18-1312-1_S43,1,0.688
CIP,lineage,RF,label,3,RBB-18-1393-1_S48,1,0.726
CIP,lineage,RF,label,3,RBF-17-0424-1_S15,1,0.5
CIP,lineage,RF,label,3,RBF-17-0450-1_S10,1,0.5
CIP,lineage,RF,label,3,RBF-17-0513-1_S76,0,0.976
CIP,lineage,RF,label,3,RBF-17-0520-2_S55,1,0.808
CIP,lineage,RF,label,3,RBF-17-0532-1_S80,1,0.554
CIP,lineage,RF,label,3,RBF-17-0532-2_S31,1,0.542
CIP,lineage,RF,label,3,RBF-17-0587-1_S91,0,0.062
CIP,lineage,RF,label,3,RBF-17-0632-1_S97,0,0.048
CIP,lineage,RF,label,3,RBF-17-0648-1_S100,0,0.272
CIP,lineage,RF,label,3,RBF-18-0013-1_S25_L001,0,0.062
CIP,lineage,RF,label,3,RBF-18-0064-2_S14,0,0.07
CIP,lineage,RF,label,3,RBF-18-0072-1_S16,0,0.034
CIP,lineage,RF,label,3,RBF-18-0088-1_S24,1,0.554
CIP,lineage,RF,label,3,RBF-18-0099-1_S26,0,0.05
CIP,lineage,RF,label,3,RBF-18-0132-1_S26,0,0.176
CIP,lineage,RF,label,3,RBF-18-0135-1_S34,1,0.56
CIP,lineage,RF,label,3,RBF-18-0179-1_S29,0,0.458
CIP,lineage,RF,label,3,RBF-18-0294-1_S64,0,0.06
CIP,lineage,RF,label,3,RBF-18-0296-1_S17,0,0.072
CIP,lineage,RF,label,3,RBF-18-0333-1_S70,0,0.146
CIP,lineage,RF,label,3,RBG-18-0017-1_S5,1,0.084
CIP,lineage,RF,label,3,RBG-18-0055-1_S43,1,0.788
CIP,lineage,RF,label,3,RBG-18-0108-1_S16,0,0.048
CIP,lineage,RF,label,3,RBG-18-0113-1_S13_L001,0,0.098
CIP,lineage,RF,label,3,RBG-18-0144-1_S38,0,0.196
CIP,lineage,RF,label,3,RBG-18-0166-1_S10_L001,0,0.056
CIP,lineage,RF,label,3,RBG-18-0202-1_S13_L001,0,0.29
CIP,lineage,RF,label,3,RBG-18-0300-1_S52,0,0.06
CIP,lineage,RF,label,3,RBG-18-0352-1_S21_L001,0,0.206
CIP,lineage,RF,label,3,RBG-18-0381-1_S49,0,0.056
CIP,lineage,RF,label,3,RBK-16-007-1_S13,1,0.064
CIP,lineage,RF,label,3,RBK-17-049-1_S62,1,0.69
CIP,lineage,RF,label,3,RBK-18-0002-1_S38,1,0.072
CIP,lineage,RF,label,3,RBK-18-0005-1_S18,0,0.19
CIP,lineage,RF,label,3,RBK-18-0250-1_S235_2,1,0.768
CIP,lineage,RF,label,3,RBL-17-0090-1_S145,0,0.024
CIP,lineage,RF,label,3,RBL-17-0108-1_S151,0,0.06
CIP,lineage,RF,label,3,RBL-17-0116-1_S154,0,0.072
CIP,lineage,RF,label,3,RBL-17-0205-1_S175,0,0.06
CIP,lineage,RF,label,3,RBL-17-0217-1_S176,0,0.248
CIP,lineage,RF,label,3,RBL-17-0259-1_S99,0,0.072
CIP,lineage,RF,label,3,RBL-17-0327-1_S116,0,0.052
CIP,lineage,RF,label,3,RBL-17-0340-1_S102,0,0.012
CIP,lineage,RF,label,3,RBL-17-0342-1_S103,0,0.072
CIP,lineage,RF,label,3,RBL-17-0347-1_S104,0,0.01
CIP,lineage,RF,label,3,RBL-17-0365-1_S112,0,0.066
CIP,lineage,RF,label,3,RBL-17-0366-1_S113,1,0.08
CIP,lineage,RF,label,3,RBL-17-0368-1_S114,0,0.032
CIP,lineage,RF,label,3,RBL-17-0390-1_S121,0,0.05
CIP,lineage,RF,label,3,RBL-17-0395-1_S124,0,0.03
CIP,lineage,RF,label,3,RBL-17-0402-1_S126,0,0.034
CIP,lineage,RF,label,3,RBL-17-0435-1_S134,0,0.062
CIP,lineage,RF,label,3,RBL-17-075-1_S18,1,0.71
CIP,lineage,RF,label,3,RBL-18-0016-1_S161,0,0.06
CIP,lineage,RF,label,3,RBL-18-0021-1_S42,1,0.65
CIP,lineage,RF,label,3,RBL-18-0037-1_S168,0,0.17
CIP,lineage,RF,label,3,RBL-18-0055-1_S170,0,0.104
CIP,lineage,RF,label,3,RBL-18-0066-1_S173,0,0.072
CIP,lineage,RF,label,3,RBL-18-0085-1_S176,0,0.048
CIP,lineage,RF,label,3,RBT-17-0027-1_S3,0,0.058
CIP,lineage,RF,label,3,RBT-17-0097-1_S34,1,0.168
CIP,lineage,RF,label,3,RBT-17-0100-1_S36,1,0.064
CIP,lineage,RF,label,3,RBT-17-0149-1_S13,0,0.112
CIP,lineage,RF,label,3,RBT-17-0156-1_S56,1,0.976
CIP,lineage,RF,label,3,RBT-17-0165-1_S60,0,0.24
CIP,lineage,RF,label,3,RBT-17-0178-1_S66,0,0.052
CIP,lineage,RF,label,3,RBT-17-0210-1_S55,0,0.064
CIP,lineage,RF,label,3,RBT-17-0228-1_S10,0,0.41
CIP,lineage,RF,label,3,RBT-17-0256-1_S25,0,0.634
CIP,lineage,RF,label,3,RBT-17-0285-1_S66,1,0.778
CIP,lineage,RF,label,3,RBT-17-0287-1_S10,0,0.182
CIP,lineage,RF,label,3,RBT-17-0291-1_S14,1,0.504
CIP,lineage,RF,label,3,RBT-18-0023-1_S14,0,0.196
CIP,lineage,RF,label,3,RBT-18-0045-1_S70,1,0.386
CIP,lineage,RF,label,3,RBT-18-0064-1_S15,0,0.37
CIP,lineage,RF,label,3,RBT-18-0095-1_S19,0,0.072
CIP,lineage,RF,label,3,RBT-18-0096-1_S20,0,0.066
CIP,lineage,RF,label,3,RBT-18-0164-1_S34,1,0.064
CIP,lineage,RF,label,3,RBT-18-0173-1_S35,1,0.256
CIP,lineage,RF,label,3,RBT-18-0184-1_S38,1,0.064
CIP,lineage,RF,label,3,RBT-18-0185-1_S39,0,0.066
CIP,lineage,RF,label,3,RBT-18-0236-1_S48,1,0.064
CIP,lineage,RF,label,3,RBT-18-0241-1_S50,0,0.104
CIP,lineage,RF,label,3,RBT-18-0251-1_S7,0,0.148
CIP,lineage,RF,label,3,RBT-18-0259-1_S55,0,0.236
CIP,lineage,RF,label,3,RBT-18-0263-1_S58,0,0.116
CIP,lineage,RF,label,3,RBT-18-0265-1_S59,0,0.266
CIP,lineage,RF,label,3,RBT-18-0316-1_S43,0,0.058
CIP,lineage,RF,label,3,RBT-18-0377-1_S1,0,0.474
CIP,lineage,RF,label,3,ResetH10_S1_L001,1,0.374
CIP,lineage,RF,label,3,ResetH134_S8_L001,0,0.284
CIP,lineage,RF,label,3,ResetH30_S4_L001,0,0.224
CIP,lineage,RF,label,3,ResetH93_S5_L001,1,0.386
CIP,lineage,RF,label,3,ResetV105_S1_L001,1,0.32
CIP,lineage,RF,label,3,ResetV288_S6_L001,1,0.782
CIP,lineage,RF,label,3,ResetV63_S5_L001,1,0.786
CIP,lineage,RF,label,3,ResetV74_S7_L001,1,0.824
CIP,lineage,RF,label,3,Survcare058_S26,1,0.734
CIP,lineage,RF,label,3,Survcare129_S1,0,0.04
CIP,lineage,RF,label,3,Survcare278_S62,1,0.774
CIP,lineage,RF,label,3,Survcare321_S18,1,0.736
CIP,lineage,RF,label,3,V153_S4_L001,0,0.394
CIP,lineage,RF,label,3,V155_S5_L001,0,0.394
CIP,lineage,RF,label,3,V158_S4_L001,0,0.474
CIP,lineage,RF,label,3,V289_S5_L001,1,0.782
CIP,lineage,RF,label,3,V64_S3_L001,1,0.776
CIP,lineage,RF,label,3,V71_S4_L001,1,0.96
CIP,lineage,RF,label,3,V8_S7_L001,0,0.35
CIP,lineage,RF,label,3,wdh-RBL-17-0361-1_S44,0,0.032
CIP,lineage,RF,label,3,wdh-Survcare119_S44,0,0.126
CIP,lineage,RF,label,3,wdhRBF-17-0564-1_S230,1,0.728
CIP,lineage,RF,label,3,wdhRBF-18-0025-1_S11_L001,0,0.218
CIP,lineage,RF,label,3,wdhRBF-18-0059-1_S15_L001,0,0.128
CIP,lineage,RF,label,3,WDHRBG-16-049-1_S87,1,0.872
CIP,lineage,RF,label,3,WDHRBG-16-050-1_S40,1,0.664
CIP,lineage,RF,label,3,WDHRBG-16-062-1_S49,0,0.048
CIP,lineage,RF,label,3,WDHRBG-17-001-1_S82,1,0.064
CIP,lineage,RF,label,3,WDHRBG-17-121-1_S46,0,0.12
CIP,lineage,RF,label,3,WDHRBG-17-122-1_S48,1,0.478
CIP,lineage,RF,label,3,wNRZ-33910_S81,0,0.368
CIP,lineage,RF,label,3,wRBG-16-034-1_S164,0,0.206
CIP,lineage,RF,label,3,wRBG-17-023-1_S155,0,0.194
CIP,lineage,RF,label,3,wRBG-17-030-1_S165,0,0.222
CIP,lineage,RF,label,3,wRBG-17-075-1_S96,0,0.078
CIP,lineage,RF,label,3,wRBG-17-102-1_S169,0,0.416
CIP,lineage,RF,label,3,wwRBF-17-251-1_S33,1,0.708
CIP,lineage,RF,label,3,wwRBK-17-0298-1_S42,1,0.69
CIP,lineage,RF,label,3,WWSurvcare043_S43,1,0.926
CIP,lineage,RF,label,4,H108_S5_L001,0,0.24
CIP,lineage,RF,label,4,H116_S8_L001,1,0.348
CIP,lineage,RF,label,4,H130_S2_L001,0,0.242
CIP,lineage,RF,label,4,H136_S7_L001,1,0.388
CIP,lineage,RF,label,4,H38_S4_L001,1,0.822
CIP,lineage,RF,label,4,H69_S6_L001,1,0.914
CIP,lineage,RF,label,4,NNRBG-17-0193-1_S2,0,0.034
CIP,lineage,RF,label,4,NNRBG-17-0201-1_S6,0,0.668
CIP,lineage,RF,label,4,NNRBG-17-0278-1_S16,0,0.176
CIP,lineage,RF,label,4,NNRBG-17-0298-1_S19,0,0.168
CIP,lineage,RF,label,4,NNRBG-17-0346-1_S30,1,0.742
CIP,lineage,RF,label,4,RBB-18-0490-1_S20_L001,1,0.77
CIP,lineage,RF,label,4,RBB-18-0519-1_S184,1,0.348
CIP,lineage,RF,label,4,RBB-18-0765-1_S191,1,0.72
CIP,lineage,RF,label,4,RBB-18-0772-1_S192,1,0.414
CIP,lineage,RF,label,4,RBB-18-0972-1_S203_2,1,0.82
CIP,lineage,RF,label,4,RBF-17-0178-1_S139,1,0.912
CIP,lineage,RF,label,4,RBF-17-0195-1_S141,0,0.434
CIP,lineage,RF,label,4,RBF-17-0509-1_S74,0,0.158
CIP,lineage,RF,label,4,RBF-17-0523-1_S30,0,0.5
CIP,lineage,RF,label,4,RBF-17-0605-1_S94,0,0.254
CIP,lineage,RF,label,4,RBF-17-0616-1_S96,0,0.368
CIP,lineage,RF,label,4,RBF-18-0027-1_S5,1,0.734
CIP,lineage,RF,label,4,RBF-18-0093-1_S80,1,0.86
CIP,lineage,RF,label,4,RBF-18-0121-1_S28,1,0.4
CIP,lineage,RF,label,4,RBF-18-0139-1_S35,0,0.332
CIP,lineage,RF,label,4,RBF-18-0147-1_S36,0,0.294
CIP,lineage,RF,label,4,RBF-18-0172-1_S40,1,0.392
CIP,lineage,RF,label,4,RBF-18-0184-1_S30,1,0.93
CIP,lineage,RF,label,4,RBF-18-0192-1_S44,0,0.182
CIP,lineage,RF,label,4,RBF-18-0200-1_S48,0,0.512
CIP,lineage,RF,label,4,RBF-18-0208-2_S11_L001,0,0.08
CIP,lineage,RF,label,4,RBF-18-0251-1_S55,0,0.476
CIP,lineage,RF,label,4,RBF-18-0259-1_S33,0,0.518
CIP,lineage,RF,label,4,RBF-18-0280-1_S62,0,0.268
CIP,lineage,RF,label,4,RBF-18-0405-1_S81_2,1,0.352
CIP,lineage,RF,label,4,RBF-18-0664-1_S190,0,0.45
CIP,lineage,RF,label,4,RBG-17-013-1_S16,1,0.888
CIP,lineage,RF,label,4,RBG-17-0284-1_S59,0,0.228
CIP,lineage,RF,label,4,RBG-18-0012-1_S3,1,0.302
CIP,lineage,RF,label,4,RBG-18-0140-1_S14_L001,0,0.242
CIP,lineage,RF,label,4,RBG-18-0221-1_S47,1,0.326
CIP,lineage,RF,label,4,RBG-18-0239-1_S4,0,0.444
CIP,lineage,RF,label,4,RBG-18-0312-1_S55,1,0.762
CIP,lineage,RF,label,4,RBG-18-0355-1_S19_L001,0,0.5
CIP,lineage,RF,label,4,RBG-18-0383-1_S37,1,0.356
CIP,lineage,RF,label,4,RBG-18-0402-1_S50,1,0.78
CIP,lineage,RF,label,4,RBK-16-073-1_S14,0,0.48
CIP,lineage,RF,label,4,RBK-17-0595-1_S187,0,0.556
CIP,lineage,RF,label,4,RBK-18-0047-1_S20,0,0.242
CIP,lineage,RF,label,4,RBK-18-0104-1_S206,0,0.066
CIP,lineage,RF,label,4,RBL-17-0118-1_S156,0,0.08
CIP,lineage,RF,label,4,RBL-17-0172-1_S170,0,0.056
CIP,lineage,RF,label,4,RBL-17-0189-1_S172,0,0.074
CIP,lineage,RF,label,4,RBL-17-0256-1_S98,0,0.35
CIP,lineage,RF,label,4,RBL-17-0261-1_S100,1,0.19
CIP,lineage,RF,label,4,RBL-17-0320-1_S114,1,0.748
CIP,lineage,RF,label,4,RBL-17-0332-1_S118,0,0.314
CIP,lineage,RF,label,4,RBL-17-0360-1_S108,0,0.35
CIP,lineage,RF,label,4,RBL-17-0411-1_S128,0,0.06
CIP,lineage,RF,label,4,RBL-17-0428-1_S70,1,0.35
CIP,lineage,RF,label,4,RBL-18-0002-1_S158,0,0.45
CIP,lineage,RF,label,4,RBL-18-0010-1_S159,0,0.288
CIP,lineage,RF,label,4,RBL-18-0022-1_S43,0,0.094
CIP,lineage,RF,label,4,RBT-16-0045-1_S58,1,0.45
CIP,lineage,RF,label,4,RBT-17-0003-1_S16,0,0.044
CIP,lineage,RF,label,4,RBT-17-0022-1_S24,0,0.518
CIP,lineage,RF,label,4,RBT-17-0099-1_S35,1,0.712
CIP,lineage,RF,label,4,RBT-17-0107-1_S39,0,0.184
CIP,lineage,RF,label,4,RBT-17-0133-1_S6,1,0.908
CIP,lineage,RF,label,4,RBT-17-0138-1_S52,1,0.79
CIP,lineage,RF,label,4,RBT-17-0161-1_S57,0,0.038
CIP,lineage,RF,label,4,RBT-17-0177-1_S65,1,0.494
CIP,lineage,RF,label,4,RBT-17-0177-2_S7,1,0.494
CIP,lineage,RF,label,4,RBT-18-0004-1_S51,1,0.908
CIP,lineage,RF,label,4,RBT-18-0017-1_S67,0,0.032
CIP,lineage,RF,label,4,RBT-18-0042-1_S60,0,0.05
CIP,lineage,RF,label,4,RBT-18-0056-1_S37,0,0.04
CIP,lineage,RF,label,4,RBT-18-0080-1_S49,1,0.744
CIP,lineage,RF,label,4,RBT-18-0091-1_S42,0,0.07
CIP,lineage,RF,label,4,RBT-18-0102-1_S23,0,0.046
CIP,lineage,RF,label,4,RBT-18-0110-1_S27,1,0.712
CIP,lineage,RF,label,4,RBT-18-0121-1_S28,0,0.044
CIP,lineage,RF,label,4,RBT-18-0133-1_S30,0,0.094
CIP,lineage,RF,label,4,RBT-18-0141-1_S32,0,0.048
CIP,lineage,RF,label,4,RBT-18-0179-1_S37,0,0.314
CIP,lineage,RF,label,4,RBT-18-0181-1_S61,1,0.356
CIP,lineage,RF,label,4,RBT-18-0247-1_S16,1,0.908
CIP,lineage,RF,label,4,RBT-18-0252-1_S53,1,0.832
CIP,lineage,RF,label,4,RBT-18-0275-1_S63,0,0.5
CIP,lineage,RF,label,4,RBT-18-0283-1_S65,0,0.048
CIP,lineage,RF,label,4,RBT-18-0292-1_S70,0,0.094
CIP,lineage,RF,label,4,RBT-18-0325-1_S44,0,0.32
CIP,lineage,RF,label,4,RBT-18-0331-1_S22,0,0.052
CIP,lineage,RF,label,4,RBT-18-0334-1_S23,0,0.064
CIP,lineage,RF,label,4,RBT-18-0340-1_S36,0,0.046
CIP,lineage,RF,label,4,RBT-18-0341-1_S24,1,0.474
CIP,lineage,RF,label,4,RBT-18-0351-1_S48,0,0.314
CIP,lineage,RF,label,4,RBT-18-0357-1_S27,0,0.042
CIP,lineage,RF,label,4,RBT-18-0365-1_S30,0,0.158
CIP,lineage,RF,label,4,RBT-18-0384-1_S40,0,0.5
CIP,lineage,RF,label,4,RBT-18-0385-1_S34,0,0.046
CIP,lineage,RF,label,4,ResetH115_S6_L001,1,0.844
CIP,lineage,RF,label,4,ResetH139_S3_L001,0,0.24
CIP,lineage,RF,label,4,ResetH16_S2_L001,1,0.856
CIP,lineage,RF,label,4,ResetH24a_S3_2_L001,1,0.346
CIP,lineage,RF,label,4,ResetH44_S3_L001,1,0.362
CIP,lineage,RF,label,4,ResetH8_S2_L001,0,0.23
CIP,lineage,RF,label,4,ResetH89_S3_L001,0,0.436
CIP,lineage,RF,label,4,ResetH92_S4_L001,1,0.91
CIP,lineage,RF,label,4,ResetH99_S5_L001,0,0.416
CIP,lineage,RF,label,4,ResetV70_S6_L001,1,0.352
CIP,lineage,RF,label,4,RPG-18-0435-1_S32,0,0.03
CIP,lineage,RF,label,4,Survcare133_S25,0,0.468
CIP,lineage,RF,label,4,Survcare134_S26,0,0.474
CIP,lineage,RF,label,4,Survcare140_S4_L001,0,0.47
CIP,lineage,RF,label,4,Survcare253_S35,1,0.746
CIP,lineage,RF,label,4,Survcare262_S23_L001,1,0.352
CIP,lineage,RF,label,4,Survcare303_S15_L001,0,0.468
CIP,lineage,RF,label,4,Survcare318_S20_L001,0,0.448
CIP,lineage,RF,label,4,Survcare319_S16,0,0.442
CIP,lineage,RF,label,4,Survcare337_S12,0,0.358
CIP,lineage,RF,label,4,Survcare350_S44,1,0.288
CIP,lineage,RF,label,4,Survcare360_S84,1,0.72
CIP,lineage,RF,label,4,V108_S2_L001,0,0.406
CIP,lineage,RF,label,4,V113_S3_L001,0,0.368
CIP,lineage,RF,label,4,V131_S7_L001,1,0.288
CIP,lineage,RF,label,4,V152_S3_L001,0,0.088
CIP,lineage,RF,label,4,V163_S6_L001,0,0.354
CIP,lineage,RF,label,4,V182_S6_L001,1,0.912
CIP,lineage,RF,label,4,V195_S1_L001,1,0.246
CIP,lineage,RF,label,4,V98_S3_L001,1,0.346
CIP,lineage,RF,label,4,w2RBG-16-037-1_S34,1,0.746
CIP,lineage,RF,label,4,wdhRBF-18-0080-1_S17_L001,0,0.88
CIP,lineage,RF,label,4,wdhRBF-18-0098-1_S19_L001,0,0.272
CIP,lineage,RF,label,4,WDHRBG-17-005-2_S61,0,0.164
CIP,lineage,RF,label,4,WDHRBG-17-008-1_S83,0,0.488
CIP,lineage,RF,label,4,wdhRBL-17-0370-1_S232,1,0.736
CIP,lineage,RF,label,4,wNRZ-32446_S79,1,0.652
CIP,lineage,RF,label,4,wRBG-16-027-1_S174,0,0.482
CIP,lineage,RF,label,4,wRBG-17-028-1_S100,0,0.1
CIP,lineage,RF,label,4,wRBG-17-031-1_S154,0,0.114
CIP,lineage,RF,label,4,wRBG-17-047-1_S153,0,0.04
CIP,lineage,RF,label,4,wRBG-17-073-1_S118,0,0.478
CIP,lineage,RF,label,4,wwRBB-17-031-1_S25,1,0.794
CIP,lineage,LR,onehot,0,H105_S3_L001,1,0.9896285533905029
CIP,lineage,LR,onehot,0,H148_S4_L001,1,0.9924742579460144
CIP,lineage,LR,onehot,0,H157_S3_L001,0,0.9999977350234985
CIP,lineage,LR,onehot,0,H28_S10_L001,0,0.19097138941287994
CIP,lineage,LR,onehot,0,H3_S1_L001,1,0.9904595613479614
CIP,lineage,LR,onehot,0,H50_S7_L001,0,0.006224541924893856
CIP,lineage,LR,onehot,0,H51_S5_L001,1,0.987160325050354
CIP,lineage,LR,onehot,0,H53_S4_L001,1,0.986530601978302
CIP,lineage,LR,onehot,0,H71_S1_L001,1,0.9958469271659851
CIP,lineage,LR,onehot,0,H86_S1_L001,1,0.9829896092414856
CIP,lineage,LR,onehot,0,NNRBG-17-0191-1_S1,0,0.4032002091407776
CIP,lineage,LR,onehot,0,NNRBG-17-0242-1_S11,0,0.2260117530822754
CIP,lineage,LR,onehot,0,NNRBG-17-0249-1_S13,0,0.29364120960235596
CIP,lineage,LR,onehot,0,NNRBG-17-0378-1_S37,1,0.9828171730041504
CIP,lineage,LR,onehot,0,RBB-17-011-1_S40,1,0.9873660802841187
CIP,lineage,LR,onehot,0,RBB-17-171-1_S52,1,0.8022398352622986
CIP,lineage,LR,onehot,0,RBB-18-0537-1_S21_L001,1,0.9910343289375305
CIP,lineage,LR,onehot,0,RBB-18-0668-1_S188,1,0.9803409576416016
CIP,lineage,LR,onehot,0,RBB-18-1309-1_S42,1,0.9348225593566895
CIP,lineage,LR,onehot,0,RBB-18-1460-1_S45,1,0.9770983457565308
CIP,lineage,LR,onehot,0,RBB-19-0014-1_S44,1,0.0024352658074349165
CIP,lineage,LR,onehot,0,RBF-16-004-1_S18,1,0.9091418385505676
CIP,lineage,LR,onehot,0,RBF-16-060-1_S22,1,0.984826922416687
CIP,lineage,LR,onehot,0,RBF-17-0340-1_S81,1,0.9740083813667297
CIP,lineage,LR,onehot,0,RBF-17-0438-1_S9,1,0.9873660802841187
CIP,lineage,LR,onehot,0,RBF-17-0467-1_S12,1,0.9841630458831787
CIP,lineage,LR,onehot,0,RBF-17-0489-1_S13,1,0.9903814196586609
CIP,lineage,LR,onehot,0,RBF-17-0521-1_S78,1,0.9921841025352478
CIP,lineage,LR,onehot,0,RBF-17-0537-1_S56,1,0.9861717820167542
CIP,lineage,LR,onehot,0,RBF-17-0538-1_S82,0,7.38341725536884e-07
CIP,lineage,LR,onehot,0,RBF-17-0550-1_S84,0,0.9999574422836304
CIP,lineage,LR,onehot,0,RBF-17-0553-1_S85,1,0.988679826259613
CIP,lineage,LR,onehot,0,RBF-17-0572-2_S89,0,0.9962694644927979
CIP,lineage,LR,onehot,0,RBF-17-0614-3_S95,0,0.0003767610469367355
CIP,lineage,LR,onehot,0,RBF-17-0630-1_S59,0,8.305119263241068e-05
CIP,lineage,LR,onehot,0,RBF-17-0645-1_S61,0,0.0006738773663528264
CIP,lineage,LR,onehot,0,RBF-17-0653-1_S101,0,0.0008146309992298484
CIP,lineage,LR,onehot,0,RBF-17-0664-1_S63,0,0.04041741043329239
CIP,lineage,LR,onehot,0,RBF-17-067-1_S54,1,0.9932977557182312
CIP,lineage,LR,onehot,0,RBF-17-094-1_S56,1,0.9848704934120178
CIP,lineage,LR,onehot,0,RBF-17-170-1_S66,1,0.8622732162475586
CIP,lineage,LR,onehot,0,RBF-17-186-1_S69,1,0.9873660802841187
CIP,lineage,LR,onehot,0,RBF-17-318-1_S77,1,0.9239004850387573
CIP,lineage,LR,onehot,0,RBF-18-0019-1_S2,1,0.9937658309936523
CIP,lineage,LR,onehot,0,RBF-18-0066-1_S15,0,0.002097619930282235
CIP,lineage,LR,onehot,0,RBF-18-0068-1_S77,1,0.9779341816902161
CIP,lineage,LR,onehot,0,RBF-18-0075-1_S79,1,0.8997731804847717
CIP,lineage,LR,onehot,0,RBF-18-0123-1_S25_L001,0,0.00264360336586833
CIP,lineage,LR,onehot,0,RBF-18-0173-1_S27,0,0.1493634283542633
CIP,lineage,LR,onehot,0,RBF-18-0174-1_S28,1,0.6965453028678894
CIP,lineage,LR,onehot,0,RBF-18-0187-1_S31,1,0.8981922268867493
CIP,lineage,LR,onehot,0,RBF-18-0194-1_S86,1,0.140458881855011
CIP,lineage,LR,onehot,0,RBF-18-0196-1_S46,1,0.8925791382789612
CIP,lineage,LR,onehot,0,RBF-18-0199-1_S47,1,0.8795886635780334
CIP,lineage,LR,onehot,0,RBF-18-0201-1_S49,0,0.05331365764141083
CIP,lineage,LR,onehot,0,RBF-18-0227-1_S53,0,0.9338264465332031
CIP,lineage,LR,onehot,0,RBF-18-0277-1_S61,1,0.9851213693618774
CIP,lineage,LR,onehot,0,RBF-18-0339-1_S37,0,0.0007017505704425275
CIP,lineage,LR,onehot,0,RBF-18-0585-1_S48,1,0.9796256422996521
CIP,lineage,LR,onehot,0,RBF-18-0714-2_S204_2,1,0.971459150314331
CIP,lineage,LR,onehot,0,RBG-17-0351-1_S20_L001,1,0.8303694128990173
CIP,lineage,LR,onehot,0,RBG-17-0383-1_S44,1,0.8534273505210876
CIP,lineage,LR,onehot,0,RBG-18-0004-1_S1,1,0.9873660802841187
CIP,lineage,LR,onehot,0,RBG-18-0072-1_S8,0,0.7117140889167786
CIP,lineage,LR,onehot,0,RBG-18-0099-1_S14,1,0.9873660802841187
CIP,lineage,LR,onehot,0,RBG-18-0129-1_S15_L001,1,0.9495136141777039
CIP,lineage,LR,onehot,0,RBG-18-0153-1_S14,1,0.9945201277732849
CIP,lineage,LR,onehot,0,RBG-18-0170-1_S41,0,3.2079922675620764e-05
CIP,lineage,LR,onehot,0,RBG-18-0177-1_S17_L001,1,0.9889339804649353
CIP,lineage,LR,onehot,0,RBG-18-0200-1_S18_L001,1,0.9818062782287598
CIP,lineage,LR,onehot,0,RBG-18-0204-1_S23_L001,0,0.09539756178855896
CIP,lineage,LR,onehot,0,RBG-18-0223-1_S2,0,0.000268660020083189
CIP,lineage,LR,onehot,0,RBG-18-0224-1_S24_L001,1,0.9882152080535889
CIP,lineage,LR,onehot,0,RBG-18-0279-1_S36,1,0.9862838983535767
CIP,lineage,LR,onehot,0,RBG-18-0289-1_S37,0,0.9932332634925842
CIP,lineage,LR,onehot,0,RBG-18-0358-1_S39,0,0.0025954945012927055
CIP,lineage,LR,onehot,0,RBG-18-0380-1_S48,1,0.9873660802841187
CIP,lineage,LR,onehot,0,RBG-18-0388-1_S21_L001,1,0.9955543875694275
CIP,lineage,LR,onehot,0,RBG-18-0391-1_S22_L001,1,0.9804657697677612
CIP,lineage,LR,onehot,0,RBG-18-0410-1_S12,1,0.860566258430481
CIP,lineage,LR,onehot,0,RBG-18-0417-1_S52,0,0.0032797360327094793
CIP,lineage,LR,onehot,0,RBG-18-0421-1_S53,1,0.9956320524215698
CIP,lineage,LR,onehot,0,RBG-18-0437-1_S54,1,0.701459527015686
CIP,lineage,LR,onehot,0,RBK-17-0457-1_S6,1,0.9163681268692017
CIP,lineage,LR,onehot,0,RBK-17-0492-1_S8,1,0.9225091338157654
CIP,lineage,LR,onehot,0,RBK-17-0588-1_S24,1,0.9930899739265442
CIP,lineage,LR,onehot,0,RBK-17-0601-1_S25,1,0.9873660802841187
CIP,lineage,LR,onehot,0,RBK-17-0612-1_S27,1,0.9875418543815613
CIP,lineage,LR,onehot,0,RBK-17-0655-5_S182,1,0.9783146381378174
CIP,lineage,LR,onehot,0,RBK-18-0037-1_S199,0,0.9984046816825867
CIP,lineage,LR,onehot,0,RBK-18-0062-2_S203,0,0.00016967166448011994
CIP,lineage,LR,onehot,0,RBK-18-0077-1_S212,1,0.9875418543815613
CIP,lineage,LR,onehot,0,RBk-18-0216-1_S231_2,0,9.272824172512628e-06
CIP,lineage,LR,onehot,0,RBK-18-0236-2_S52_2,1,0.9776842594146729
CIP,lineage,LR,onehot,0,RBK-18-0644-1_S180,0,0.0008845616830512881
CIP,lineage,LR,onehot,0,RBKk-18-0108-1_S201,1,0.98661208152771
CIP,lineage,LR,onehot,0,RBL-17-0093-1_S146,0,0.9909566044807434
CIP,lineage,LR,onehot,0,RBL-17-0101-1_S148,0,0.0003477619611658156
CIP,lineage,LR,onehot,0,RBL-17-0107-1_S150,0,0.9902482628822327
CIP,lineage,LR,onehot,0,RBL-17-0113-1_S153,1,0.9897212386131287
CIP,lineage,LR,onehot,0,RBL-17-0136-1_S161,0,1.551131936139427e-05
CIP,lineage,LR,onehot,0,RBL-17-0199-1_S174,1,0.9801244735717773
CIP,lineage,LR,onehot,0,RBL-17-0226-1_S41,1,0.9873632788658142
CIP,lineage,LR,onehot,0,RBL-17-0242-1_S42,1,0.9847047328948975
CIP,lineage,LR,onehot,0,RBL-17-0244-1_S44,1,0.9846863746643066
CIP,lineage,LR,onehot,0,RBL-17-0264-1_S103,1,0.9248356223106384
CIP,lineage,LR,onehot,0,RBL-17-0267-1_S104,0,5.9462829085532576e-05
CIP,lineage,LR,onehot,0,RBL-17-0274-2_S105,0,0.007420504931360483
CIP,lineage,LR,onehot,0,RBL-17-0305-1_S49,1,0.9160572290420532
CIP,lineage,LR,onehot,0,RBL-17-0307-1_S51,1,0.9873660802841187
CIP,lineage,LR,onehot,0,RBL-17-0323-1_S115,0,0.0021728116553276777
CIP,lineage,LR,onehot,0,RBL-17-0350-1_S106,1,0.9966168999671936
CIP,lineage,LR,onehot,0,RBL-17-0359-1_S66,1,0.9124572277069092
CIP,lineage,LR,onehot,0,RBL-17-0392-1_S69,1,0.9160572290420532
CIP,lineage,LR,onehot,0,RBL-17-0432-1_S132,1,0.9953160285949707
CIP,lineage,LR,onehot,0,RBL-17-060-1_S17,1,0.9784123301506042
CIP,lineage,LR,onehot,0,RBL-18-0048-1_S44,1,0.9481251239776611
CIP,lineage,LR,onehot,0,RBL-18-0059-1_S171,1,0.9976697564125061
CIP,lineage,LR,onehot,0,RBL-18-0076-1_S47,1,0.9919012188911438
CIP,lineage,LR,onehot,0,RBL-18-0090-1_S48,1,0.9848142266273499
CIP,lineage,LR,onehot,0,RBL-18-0093-1_S49,1,0.9877436757087708
CIP,lineage,LR,onehot,0,RBL-18-0098-1_S178,1,0.9882031083106995
CIP,lineage,LR,onehot,0,RBL-18-0194-1_S195_2,1,0.9285104274749756
CIP,lineage,LR,onehot,0,RBL-18-0242-1_S51,0,3.8603597204200923e-05
CIP,lineage,LR,onehot,0,RBL-18-0343-1_S6,1,0.9955567717552185
CIP,lineage,LR,onehot,0,RBL-18-0467-1_S228_2,1,0.6828745007514954
CIP,lineage,LR,onehot,0,RBL-18-0500-1_S230_2,1,0.943505585193634
CIP,lineage,LR,onehot,0,RBT-16-0024-1_S10,1,0.9547502994537354
CIP,lineage,LR,onehot,0,RBT-16-0038-1_S11,1,0.9473299980163574
CIP,lineage,LR,onehot,0,RBT-17-0009-1_S21,1,0.0765032172203064
CIP,lineage,LR,onehot,0,RBT-17-0039-1_S28,0,0.9875242710113525
CIP,lineage,LR,onehot,0,RBT-17-0102-1_S37,1,0.9779441356658936
CIP,lineage,LR,onehot,0,RBT-17-0112-1_S41,0,0.00010338614811189473
CIP,lineage,LR,onehot,0,RBT-17-0124-1_S46,0,0.0006919103325344622
CIP,lineage,LR,onehot,0,RBT-17-0174-1_S64,0,0.0003803228319156915
CIP,lineage,LR,onehot,0,RBT-17-0183-1_S67,0,0.5426207184791565
CIP,lineage,LR,onehot,0,RBT-17-0188-1_S68,0,0.4207308888435364
CIP,lineage,LR,onehot,0,RBT-17-0194-1_S30,0,0.4674973487854004
CIP,lineage,LR,onehot,0,RBT-17-0219-1_S8,0,0.9744643568992615
CIP,lineage,LR,onehot,0,RBT-17-0238-1_S59,0,0.036511410027742386
CIP,lineage,LR,onehot,0,RBT-17-0239-1_S60,0,0.0003008029889315367
CIP,lineage,LR,onehot,0,RBT-17-0249-1_S61,1,0.9864636659622192
CIP,lineage,LR,onehot,0,RBT-17-0295-1_S15,0,0.000501240196172148
CIP,lineage,LR,onehot,0,RBT-17-0328-1_S16,1,0.9835073947906494
CIP,lineage,LR,onehot,0,RBT-17-0339-1_S20,1,0.9739922881126404
CIP,lineage,LR,onehot,0,RBT-18-0021-1_S56,1,0.9873660802841187
CIP,lineage,LR,onehot,0,RBT-18-0027-1_S68,0,0.0004733218520414084
CIP,lineage,LR,onehot,0,RBT-18-0053-1_S36,1,0.9828343391418457
CIP,lineage,LR,onehot,0,RBT-18-0079-1_S16,0,0.0861116424202919
CIP,lineage,LR,onehot,0,RBT-18-0115-1_S45,0,0.00038715105620212853
CIP,lineage,LR,onehot,0,RBT-18-0205-1_S6,1,0.9794667959213257
CIP,lineage,LR,onehot,0,RBT-18-0227-1_S46,1,0.9817740321159363
CIP,lineage,LR,onehot,0,RBT-18-0234-1_S15,1,0.9566673040390015
CIP,lineage,LR,onehot,0,RBT-18-0253-1_S54,0,0.024951782077550888
CIP,lineage,LR,onehot,0,RBT-18-0278-1_S64,1,0.9971569776535034
CIP,lineage,LR,onehot,0,RBT-18-0284-1_S66,1,0.9802358150482178
CIP,lineage,LR,onehot,0,RBT-18-0296-1_S72,1,0.9854139089584351
CIP,lineage,LR,onehot,0,RBT-18-0308-1_S34,0,0.46066203713417053
CIP,lineage,LR,onehot,0,RBT-18-0324-1_S57,1,0.9863631129264832
CIP,lineage,LR,onehot,0,RBT-18-0335-1_S41,1,0.9952750205993652
CIP,lineage,LR,onehot,0,RBT-18-0337-1_S46,0,0.9829919934272766
CIP,lineage,LR,onehot,0,RBT-18-0338-1_S35,0,0.0007585525745525956
CIP,lineage,LR,onehot,0,RBT-18-0358-1_S28,0,0.0009670656872913241
CIP,lineage,LR,onehot,0,RBT-18-0363-1_S72,1,0.9825063943862915
CIP,lineage,LR,onehot,0,RBT-18-0368-1_S32,0,0.00011771541176130995
CIP,lineage,LR,onehot,0,RBT-18-0372-1_S31,1,0.9793981909751892
CIP,lineage,LR,onehot,0,RBT-18-0391-1_S35,1,0.9870681762695312
CIP,lineage,LR,onehot,0,RBT-18-0392-1_S56,1,0.9857810139656067
CIP,lineage,LR,onehot,0,RBT-18-0401-1_S43,1,0.9673717021942139
CIP,lineage,LR,onehot,0,ResetH127_S6_L001,1,0.9906049370765686
CIP,lineage,LR,onehot,0,ResetH129_S7_L001,1,0.9875712394714355
CIP,lineage,LR,onehot,0,ResetH131_S7_L001,1,0.9858302474021912
CIP,lineage,LR,onehot,0,ResetH132_S1_L001,0,0.9918199777603149
CIP,lineage,LR,onehot,0,ResetH45_S5_L001,0,0.008731369860470295
CIP,lineage,LR,onehot,0,ResetH49b_S6_L001,0,0.9929545521736145
CIP,lineage,LR,onehot,0,ResetH63_S7_L001,1,0.9873660802841187
CIP,lineage,LR,onehot,0,ResetH75_S2_L001,1,0.9882307052612305
CIP,lineage,LR,onehot,0,ResetV260_S5_L001,1,0.986270010471344
CIP,lineage,LR,onehot,0,Survcare125_S25,0,0.02976079471409321
CIP,lineage,LR,onehot,0,Survcare184_S19,0,0.05922015383839607
CIP,lineage,LR,onehot,0,Survcare187_S32,1,0.9603484272956848
CIP,lineage,LR,onehot,0,Survcare236_S5_L001,0,0.6701489686965942
CIP,lineage,LR,onehot,0,Survcare244_S9_L001,0,0.00026759045431390405
CIP,lineage,LR,onehot,0,Survcare265_S20,0,0.7276620864868164
CIP,lineage,LR,onehot,0,Survcare275_S38,0,0.08109703660011292
CIP,lineage,LR,onehot,0,Survcare291_S38,0,0.06871264427900314
CIP,lineage,LR,onehot,0,Survcare327_S1,1,0.9849746823310852
CIP,lineage,LR,onehot,0,Survcare334_S10,0,0.041746824979782104
CIP,lineage,LR,onehot,0,Survcare335_S11,0,0.8285207748413086
CIP,lineage,LR,onehot,0,Survcare341_S25,1,0.9383716583251953
CIP,lineage,LR,onehot,0,V172_S5_L001,0,0.022115293890237808
CIP,lineage,LR,onehot,0,V173_S6_L001,0,0.9910592436790466
CIP,lineage,LR,onehot,0,V215_S2_L001,0,0.00018378737149760127
CIP,lineage,LR,onehot,0,V228_S8_L001,0,0.9999983310699463
CIP,lineage,LR,onehot,0,V229_S10_L001,0,0.9999983310699463
CIP,lineage,LR,onehot,0,V232_S3_L001,0,0.0037004363257437944
CIP,lineage,LR,onehot,0,V282_S4_L001,1,0.9471057057380676
CIP,lineage,LR,onehot,0,V291_S5_L001,1,0.9874353408813477
CIP,lineage,LR,onehot,0,V295_S7_L001,1,0.9872058629989624
CIP,lineage,LR,onehot,0,V89_S1_L001,0,0.08072515577077866
CIP,lineage,LR,onehot,0,W2RBK-17-168-1_S33,1,0.9929283261299133
CIP,lineage,LR,onehot,0,W2RBK-17-169-1_S34,0,0.6012537479400635
CIP,lineage,LR,onehot,0,W2RBL-16-018-1_S15,1,0.9776730537414551
CIP,lineage,LR,onehot,0,wdh-RBB-17-170-1_S16,1,0.9822784662246704
CIP,lineage,LR,onehot,0,wdh-RBF-17-0572-1_S43,0,0.995817244052887
CIP,lineage,LR,onehot,0,wdh-RBL-17-0431-1_S46,0,2.726992534007877e-05
CIP,lineage,LR,onehot,0,wdhRBF-10-0002-1_S10_L001,1,0.9190422892570496
CIP,lineage,LR,onehot,0,wdhRBF-17-0558-1_S121,0,0.960975170135498
CIP,lineage,LR,onehot,0,wdhRBF-17-0567-1_S122,0,0.1384938806295395
CIP,lineage,LR,onehot,0,wdhRBF-18-0081-1_S18_L001,0,0.3693232834339142
CIP,lineage,LR,onehot,0,wRBF-17-0146-1_S35,1,0.9864636659622192
CIP,lineage,LR,onehot,0,wRBG-16-033-1_S153,0,0.9824428558349609
CIP,lineage,LR,onehot,0,wRBG-17-055-1_S163,1,0.6113744974136353
CIP,lineage,LR,onehot,0,wRBG-17-057-1_S141,0,0.04190055653452873
CIP,lineage,LR,onehot,0,wRBG-17-106-1_S125,0,0.9454162120819092
CIP,lineage,LR,onehot,0,wwRBB-16-112-1_S1,1,0.9845649003982544
CIP,lineage,LR,onehot,0,wwRBF-16-007-1_S10,1,0.9672080278396606
CIP,lineage,LR,onehot,0,wwRBF-17-148-1_S27,0,0.0007324803154915571
CIP,lineage,LR,onehot,0,wwRBF-17-167-1_S31,1,0.9513730406761169
CIP,lineage,LR,onehot,0,wwRBF-17-189-1_S32,1,0.9858295321464539
CIP,lineage,LR,onehot,0,wwRBF-17-209-1_S34,1,0.9743604063987732
CIP,lineage,LR,onehot,0,wwRBK-16-023-1_S5,1,0.7156630754470825
CIP,lineage,LR,onehot,0,wwRBK-17-0148-1_S37,1,0.9832806587219238
CIP,lineage,LR,onehot,0,wwRBK-17-0148-2_S38,1,0.9879938364028931
CIP,lineage,LR,onehot,0,wwRBK-17-0197-1_S39,1,0.9794552326202393
CIP,lineage,LR,onehot,0,wwRBK-17-075-1_S28,1,0.9795975089073181
CIP,lineage,LR,onehot,0,wwRBL-17-004-1_S44,1,0.9866436123847961
CIP,lineage,LR,onehot,1,H122_S4_L001,1,0.9753751754760742
CIP,lineage,LR,onehot,1,H162_S4_L001,1,0.9910213351249695
CIP,lineage,LR,onehot,1,H17_S2_L001,1,0.008652464486658573
CIP,lineage,LR,onehot,1,H37_S3_L001,1,0.01610986515879631
CIP,lineage,LR,onehot,1,H83_S7_L001,0,4.709902441391023e-07
CIP,lineage,LR,onehot,1,NNRBG-17-0198-1_S4,0,0.9999979734420776
CIP,lineage,LR,onehot,1,NNRBG-17-0243-1_S12,0,0.9831722974777222
CIP,lineage,LR,onehot,1,NNRBG-17-0287-1_S17,0,0.00033830711618065834
CIP,lineage,LR,onehot,1,NNRBG-17-0308-1_S20,0,1.0553096217336133e-05
CIP,lineage,LR,onehot,1,NNRBG-17-0316-1_S23,1,0.00022816793352831155
CIP,lineage,LR,onehot,1,NNRBG-17-0382-1_S38,0,0.0056887599639594555
CIP,lineage,LR,onehot,1,RBB-18-0674-1_S189,1,3.968632154283114e-05
CIP,lineage,LR,onehot,1,RBB-18-0826-1_S193,1,0.8847487568855286
CIP,lineage,LR,onehot,1,RBB-18-0892-1_S80_2,1,0.9999920129776001
CIP,lineage,LR,onehot,1,RBB-18-1212-1_S67_2,1,0.9999924898147583
CIP,lineage,LR,onehot,1,RBB-18-1406-1_S49,1,0.0006462319288402796
CIP,lineage,LR,onehot,1,RBF-17-0508-1_S73,0,0.011485540308058262
CIP,lineage,LR,onehot,1,RBF-17-0540-1_S83,0,0.01938234642148018
CIP,lineage,LR,onehot,1,RBF-17-266-1_S70,0,0.7526136040687561
CIP,lineage,LR,onehot,1,RBF-18-0036-1_S7,0,3.03582368132993e-08
CIP,lineage,LR,onehot,1,RBF-18-0055-1_S11,0,0.0038719282019883394
CIP,lineage,LR,onehot,1,RBF-18-0087-1_S23,0,6.734448106726632e-05
CIP,lineage,LR,onehot,1,RBF-18-0126-1_S31,0,0.0022499796468764544
CIP,lineage,LR,onehot,1,RBF-18-0151-1_S83,1,3.824769464699784e-06
CIP,lineage,LR,onehot,1,RBF-18-0160-1_S37,0,0.9993181228637695
CIP,lineage,LR,onehot,1,RBF-18-0163-2_S39,0,0.024181852117180824
CIP,lineage,LR,onehot,1,RBF-18-0253-1_S13_L001,1,0.9848611354827881
CIP,lineage,LR,onehot,1,RBF-18-0282-1_S63,0,0.00031132501317188144
CIP,lineage,LR,onehot,1,RBF-18-0321-1_S69,0,3.6852947232546285e-05
CIP,lineage,LR,onehot,1,RBF-18-0338-1_S72,0,1.1045545988963568e-06
CIP,lineage,LR,onehot,1,RBG-18-0023-1_S2,1,0.00022824452025815845
CIP,lineage,LR,onehot,1,RBG-18-0054-1_S42,0,1.8126353324987576e-06
CIP,lineage,LR,onehot,1,RBG-18-0083-1_S12,0,0.9741551876068115
CIP,lineage,LR,onehot,1,RBG-18-0085-1_S11,0,0.6214587688446045
CIP,lineage,LR,onehot,1,RBG-18-0193-1_S8,0,5.0576516514411196e-05
CIP,lineage,LR,onehot,1,RBG-18-0194-1_S45,0,0.6783871054649353
CIP,lineage,LR,onehot,1,RBG-18-0206-2_S46,1,0.0001639262482058257
CIP,lineage,LR,onehot,1,RBG-18-0209-2_S46,0,3.4804845654434757e-06
CIP,lineage,LR,onehot,1,RBG-18-0211-1_S35,1,0.0003770325274672359
CIP,lineage,LR,onehot,1,RBG-18-0280-1_S51,1,0.04752188175916672
CIP,lineage,LR,onehot,1,RBG-18-0308-1_S54,1,0.9926389455795288
CIP,lineage,LR,onehot,1,RBK-16-079-1_S15,0,0.009843436069786549
CIP,lineage,LR,onehot,1,RBK-16-124-1_S16,0,5.915955625823699e-05
CIP,lineage,LR,onehot,1,RBK-18-0020-1_S19,0,1.8668775737751275e-05
CIP,lineage,LR,onehot,1,RBK-18-0022-1_S197,0,1.5171248151091277e-06
CIP,lineage,LR,onehot,1,RBK-18-0060-1_S22,0,0.0035384877119213343
CIP,lineage,LR,onehot,1,RBK-18-0080-1_S205,1,0.9999862909317017
CIP,lineage,LR,onehot,1,RBK-18-0414-1_S59,0,8.313245092317345e-10
CIP,lineage,LR,onehot,1,RBL-17-0095-1_S147,0,2.418808435322717e-05
CIP,lineage,LR,onehot,1,RBL-17-0123-1_S157,1,0.9987760186195374
CIP,lineage,LR,onehot,1,RBL-17-0159-1_S166,0,0.005568910855799913
CIP,lineage,LR,onehot,1,RBL-17-0165-1_S167,0,0.8121142983436584
CIP,lineage,LR,onehot,1,RBL-17-0232-1_S91,0,0.2770417034626007
CIP,lineage,LR,onehot,1,RBL-17-0246-1_S94,0,0.00011484847345855087
CIP,lineage,LR,onehot,1,RBL-17-0263-1_S102,0,2.953272996819578e-06
CIP,lineage,LR,onehot,1,RBL-17-0283-1_S27,0,0.018544446676969528
CIP,lineage,LR,onehot,1,RBL-17-0328-1_S117,0,1.3633854905492626e-05
CIP,lineage,LR,onehot,1,RBL-17-0349-1_S105,0,4.766682468471117e-05
CIP,lineage,LR,onehot,1,RBL-17-0374-1_S116,0,0.012376508675515652
CIP,lineage,LR,onehot,1,RBL-17-0375-1_S117,1,0.32226231694221497
CIP,lineage,LR,onehot,1,RBL-17-0383-1_S119,0,0.0007591466419398785
CIP,lineage,LR,onehot,1,RBL-17-0391-1_S122,0,0.9983375072479248
CIP,lineage,LR,onehot,1,RBL-17-0397-1_S125,0,1.8388764146948233e-05
CIP,lineage,LR,onehot,1,RBL-18-0131-1_S188_2,1,0.9999957084655762
CIP,lineage,LR,onehot,1,RBT-17-0008-1_S18,0,2.6337993404013105e-05
CIP,lineage,LR,onehot,1,RBT-17-0019-1_S62,1,0.9999803304672241
CIP,lineage,LR,onehot,1,RBT-17-0079-1_S29,0,0.0011824956163764
CIP,lineage,LR,onehot,1,RBT-17-0084-1_S31,0,1.4710685718455352e-05
CIP,lineage,LR,onehot,1,RBT-17-0113-1_S42,0,0.03256956860423088
CIP,lineage,LR,onehot,1,RBT-17-0118-1_S45,0,0.0003322157426737249
CIP,lineage,LR,onehot,1,RBT-17-0163-1_S59,0,0.022974491119384766
CIP,lineage,LR,onehot,1,RBT-17-0167-1_S27,0,0.0027421608101576567
CIP,lineage,LR,onehot,1,RBT-17-0168-1_S61,0,0.9976992011070251
CIP,lineage,LR,onehot,1,RBT-17-0173-1_S63,0,0.00596273597329855
CIP,lineage,LR,onehot,1,RBT-17-0225-1_S9,0,2.1479352653841488e-05
CIP,lineage,LR,onehot,1,RBT-17-0232-1_S58,1,0.8094909191131592
CIP,lineage,LR,onehot,1,RBT-17-0251-1_S62,1,4.301084845792502e-05
CIP,lineage,LR,onehot,1,RBT-17-0270-1_S65,1,0.06297892332077026
CIP,lineage,LR,onehot,1,RBT-17-0279-1_S12,0,9.313281225331593e-06
CIP,lineage,LR,onehot,1,RBT-18-0050-1_S34,0,1.0457969437993597e-05
CIP,lineage,LR,onehot,1,RBT-18-0052-1_S35,0,0.00014635005209129304
CIP,lineage,LR,onehot,1,RBT-18-0101-1_S22,0,0.6401209235191345
CIP,lineage,LR,onehot,1,RBT-18-0103-1_S24,0,0.02657669596374035
CIP,lineage,LR,onehot,1,RBT-18-0116-1_S46,1,0.009064292535185814
CIP,lineage,LR,onehot,1,RBT-18-0122-1_S63,1,0.9998736381530762
CIP,lineage,LR,onehot,1,RBT-18-0125-1_S50,0,0.0007678113761357963
CIP,lineage,LR,onehot,1,RBT-18-0127-1_S51,0,4.784667180501856e-05
CIP,lineage,LR,onehot,1,RBT-18-0146-1_S55,1,0.9993288516998291
CIP,lineage,LR,onehot,1,RBT-18-0197-1_S40,0,0.0017253909027203918
CIP,lineage,LR,onehot,1,RBT-18-0224-1_S43,0,6.14424207014963e-05
CIP,lineage,LR,onehot,1,RBT-18-0231-1_S14,0,7.733606616966426e-05
CIP,lineage,LR,onehot,1,RBT-18-0232-1_S47,0,0.5424624085426331
CIP,lineage,LR,onehot,1,RBT-18-0246-1_S52,0,5.157672831046511e-07
CIP,lineage,LR,onehot,1,RBT-18-0269-1_S61,0,0.0007524326792918146
CIP,lineage,LR,onehot,1,RBT-18-0271-1_S62,0,4.762852404383011e-05
CIP,lineage,LR,onehot,1,RBT-18-0288-1_S68,1,0.014593387953937054
CIP,lineage,LR,onehot,1,RBT-18-0293-1_S71,0,1.8879882190958597e-05
CIP,lineage,LR,onehot,1,RBT-18-0303-1_S20,1,0.09022800624370575
CIP,lineage,LR,onehot,1,RBT-18-0339-1_S47,0,0.00014309235848486423
CIP,lineage,LR,onehot,1,RBT-18-0360-1_S39,1,0.08181269466876984
CIP,lineage,LR,onehot,1,RBT-18-0361-1_S38,0,2.346903238503728e-05
CIP,lineage,LR,onehot,1,RBT-18-0364-1_S29,0,0.9546073079109192
CIP,lineage,LR,onehot,1,RBT-18-0370-1_S33,0,0.002464301884174347
CIP,lineage,LR,onehot,1,ResetH1_S1_L001,1,0.0020111841149628162
CIP,lineage,LR,onehot,1,ResetV143_S2_L001,1,0.23521077632904053
CIP,lineage,LR,onehot,1,ResetV161_S3_L001,1,0.925773024559021
CIP,lineage,LR,onehot,1,Survcare0111_S29,0,0.11306922137737274
CIP,lineage,LR,onehot,1,Survcare0114_S37,1,0.0241787638515234
CIP,lineage,LR,onehot,1,Survcare176_S17_L001,1,0.9991158843040466
CIP,lineage,LR,onehot,1,Survcare190_S35,0,1.0597137588774785e-05
CIP,lineage,LR,onehot,1,Survcare221_S7_L001,0,0.004281746223568916
CIP,lineage,LR,onehot,1,Survcare254_S36,1,0.00011040979734389111
CIP,lineage,LR,onehot,1,Survcare295_S8_L001,1,0.007028957828879356
CIP,lineage,LR,onehot,1,Survcare313_S24_L001,0,6.504143675556406e-05
CIP,lineage,LR,onehot,1,V1_S6_L001,1,0.9999330043792725
CIP,lineage,LR,onehot,1,V116_S6_L001,1,0.8482260704040527
CIP,lineage,LR,onehot,1,V123_S1_L001,1,0.0001481475046603009
CIP,lineage,LR,onehot,1,V183_S7_L001,0,0.01159279327839613
CIP,lineage,LR,onehot,1,V238_S11_L001,1,0.9967138767242432
CIP,lineage,LR,onehot,1,V279_S8_L001,1,0.9516202807426453
CIP,lineage,LR,onehot,1,V283_S5_L001,1,0.9119887351989746
CIP,lineage,LR,onehot,1,V292_S6_L001,1,0.9999954700469971
CIP,lineage,LR,onehot,1,V41_S2_L001,1,0.9808094501495361
CIP,lineage,LR,onehot,1,V73_S5_L001,1,0.9999978542327881
CIP,lineage,LR,onehot,1,V79_S6_L001,1,0.9919833540916443
CIP,lineage,LR,onehot,1,V80_S7_L001,0,0.9800341129302979
CIP,lineage,LR,onehot,1,V86_S1_L001,1,0.9999983310699463
CIP,lineage,LR,onehot,1,V96_S2_L001,1,0.9999986886978149
CIP,lineage,LR,onehot,1,W2RBF-17-090-1_S26,0,0.49318939447402954
CIP,lineage,LR,onehot,1,wdh2NRZ-29911a_S31,1,2.6124087526113726e-05
CIP,lineage,LR,onehot,1,wdhRBF-18-0048-1_S12_L001,0,7.941710464365315e-06
CIP,lineage,LR,onehot,1,wdhRBF-18-0049-1_S13_L001,0,2.3419064746121876e-05
CIP,lineage,LR,onehot,1,WDHRBG-16-060-1_S27,0,2.07312659767922e-05
CIP,lineage,LR,onehot,1,WDHRBG-17-0093-1_S1,1,0.7685267925262451
CIP,lineage,LR,onehot,1,WDHRBG-17-0256-1_S17,1,0.9997242093086243
CIP,lineage,LR,onehot,1,wRBG-16-024-1_S152,1,0.9978963136672974
CIP,lineage,LR,onehot,1,wRBG-17-014-1_S167,0,3.1012947943054314e-07
CIP,lineage,LR,onehot,1,wRBG-17-034-1_S121,0,8.350139978574589e-06
CIP,lineage,LR,onehot,1,wRBG-17-049-1_S142,0,0.9966433048248291
CIP,lineage,LR,onehot,1,wRBG-17-052-1_S120,1,1.8641327415025444e-06
CIP,lineage,LR,onehot,1,wRBG-17-082-1_S106,0,5.791715466330061e-06
CIP,lineage,LR,onehot,1,wRBG-17-100-1_S104,1,0.12923657894134521
CIP,lineage,LR,onehot,1,wRBG-17-110-1_S168,0,0.7202262878417969
CIP,lineage,LR,onehot,1,wRBG-17-112-1_S146,0,0.0004016747698187828
CIP,lineage,LR,onehot,1,wwRBF-16-094-1_S13,0,0.0010888013057410717
CIP,lineage,LR,onehot,1,wwRBL-16-111-1_S16,1,0.9999985694885254
CIP,lineage,LR,onehot,2,H113_S6_L001,1,0.0009639453492127359
CIP,lineage,LR,onehot,2,H141_S6_L001,0,0.05244450271129608
CIP,lineage,LR,onehot,2,H153_S1_L001,1,0.13033980131149292
CIP,lineage,LR,onehot,2,H154_S2_L001,1,0.17038984596729279
CIP,lineage,LR,onehot,2,H160_S3_L001,1,0.14905494451522827
CIP,lineage,LR,onehot,2,H164_S3_L001,1,0.12185090035200119
CIP,lineage,LR,onehot,2,H176_S5_L001,1,0.030216297134757042
CIP,lineage,LR,onehot,2,NNRBG-17-0196-1_S3,0,0.00046859020949341357
CIP,lineage,LR,onehot,2,NNRBG-17-0199-1_S5,1,0.0006542116752825677
CIP,lineage,LR,onehot,2,NNRBG-17-0255-1_S14,1,0.00022064863878767937
CIP,lineage,LR,onehot,2,NNRBG-17-0319-1_S24,0,0.00041096939821727574
CIP,lineage,LR,onehot,2,NNRBG-17-0328-1_S25,0,0.0006441848236136138
CIP,lineage,LR,onehot,2,NNRBG-17-0329-1_S26,0,0.00033242831705138087
CIP,lineage,LR,onehot,2,NNRBG-17-0399-1_S40,0,0.0003622923977673054
CIP,lineage,LR,onehot,2,RBB-18-1488-1_S46,1,0.00028736566309817135
CIP,lineage,LR,onehot,2,RBB-18-1502-1_S47,0,0.04470861703157425
CIP,lineage,LR,onehot,2,RBBK18-0189-1_S24_L001,1,0.4570697247982025
CIP,lineage,LR,onehot,2,RBF-10-0240-1_S12_L001,0,0.00045492459321394563
CIP,lineage,LR,onehot,2,RBF-16-0064-1_S136,0,0.0008763130754232407
CIP,lineage,LR,onehot,2,RBF-16-073-1_S23,1,0.3080187737941742
CIP,lineage,LR,onehot,2,RBF-17-0164-1_S137,0,0.034875061362981796
CIP,lineage,LR,onehot,2,RBF-17-0173-1_S138,0,0.0006194155430421233
CIP,lineage,LR,onehot,2,RBF-17-0194-1_S140,0,0.00041933776810765266
CIP,lineage,LR,onehot,2,RBF-17-0589-1_S92,0,0.021509742364287376
CIP,lineage,LR,onehot,2,RBF-17-0602-1_S93,0,0.00017553087673150003
CIP,lineage,LR,onehot,2,RBF-17-0635-1_S98,1,8.905471986508928e-06
CIP,lineage,LR,onehot,2,RBF-17-0647-1_S99,0,0.0010958570055663586
CIP,lineage,LR,onehot,2,RBF-17-0651-1_S62,1,0.9907149076461792
CIP,lineage,LR,onehot,2,RBF-17-277-1_S73,1,0.00014354195445775986
CIP,lineage,LR,onehot,2,RBF-18-0035-1_S6,0,0.0004853428981732577
CIP,lineage,LR,onehot,2,RBF-18-0069-1_S78,1,0.9999909400939941
CIP,lineage,LR,onehot,2,RBF-18-0085-1_S21,0,1.1456534593889955e-05
CIP,lineage,LR,onehot,2,RBF-18-0086-1_S22,0,8.26060841063736e-07
CIP,lineage,LR,onehot,2,RBF-18-0125-1_S30,0,0.2362768054008484
CIP,lineage,LR,onehot,2,RBF-18-0127-1_S32,0,0.0006871078512631357
CIP,lineage,LR,onehot,2,RBF-18-0214-1_S51,0,0.0005218028672970831
CIP,lineage,LR,onehot,2,RBF-18-0217-1_S54,0,0.001221165177412331
CIP,lineage,LR,onehot,2,RBF-18-0252-1_S56,0,0.005414901301264763
CIP,lineage,LR,onehot,2,RBF-18-0310-1_S36,0,0.9580406546592712
CIP,lineage,LR,onehot,2,RBF-18-0634-1_S183,1,0.9964361190795898
CIP,lineage,LR,onehot,2,RBG-17-0269-1_S41,0,0.0005671970429830253
CIP,lineage,LR,onehot,2,RBg-17-123-2_S12,0,0.9824336767196655
CIP,lineage,LR,onehot,2,RBG-18-0025-1_S9_L001,0,5.4722077038604766e-05
CIP,lineage,LR,onehot,2,RBG-18-0029-1_S40,0,9.61030600592494e-05
CIP,lineage,LR,onehot,2,RBG-18-0041-1_S6,1,0.10142527520656586
CIP,lineage,LR,onehot,2,RBG-18-0071-1_S44,1,0.0967593714594841
CIP,lineage,LR,onehot,2,RBG-18-0076-1_S10,1,0.8234796524047852
CIP,lineage,LR,onehot,2,RBG-18-0077-1_S9,1,0.9913265109062195
CIP,lineage,LR,onehot,2,RBG-18-0185-1_S40,0,0.0005486086593009531
CIP,lineage,LR,onehot,2,RBG-18-0191-1_S11_L001,0,0.00047400861512869596
CIP,lineage,LR,onehot,2,RBG-18-0256-1_S8_L001,0,5.242116094450466e-05
CIP,lineage,LR,onehot,2,RBG-18-0265-1_S49,0,6.873441452626139e-05
CIP,lineage,LR,onehot,2,RBG-18-0276-1_S50,1,0.9893932342529297
CIP,lineage,LR,onehot,2,RBG-18-0301-1_S53,0,0.0007709691999480128
CIP,lineage,LR,onehot,2,RBG-18-0347-1_S22_L001,0,0.03309399634599686
CIP,lineage,LR,onehot,2,RBG-18-0367-1_S57,1,0.00019748607883229852
CIP,lineage,LR,onehot,2,RBG-18-0394-1_S23_L001,0,0.0004992503672838211
CIP,lineage,LR,onehot,2,RBK-18-0019-1_S195,0,0.0005210355157032609
CIP,lineage,LR,onehot,2,RBK-18-0038-1_S200,0,0.00013066634710412472
CIP,lineage,LR,onehot,2,RBL-17-0076-1_S32,1,0.004201593343168497
CIP,lineage,LR,onehot,2,RBL-17-0104-1_S149,0,0.00047992219333536923
CIP,lineage,LR,onehot,2,RBL-17-0117-1_S155,0,0.00037685121060349047
CIP,lineage,LR,onehot,2,RBL-17-0129-1_S158,0,0.0027730483561754227
CIP,lineage,LR,onehot,2,RBL-17-0133-1_S159,0,3.1981777283363044e-05
CIP,lineage,LR,onehot,2,RBL-17-0135-1_S160,0,0.0007339197327382863
CIP,lineage,LR,onehot,2,RBL-17-0138-1_S162,0,0.05701940506696701
CIP,lineage,LR,onehot,2,RBL-17-0144-1_S163,1,6.479611847076683e-10
CIP,lineage,LR,onehot,2,RBL-17-0155-1_S165,1,0.9974959492683411
CIP,lineage,LR,onehot,2,RBL-17-0197-1_S173,0,0.00017501445836387575
CIP,lineage,LR,onehot,2,RBL-17-0235-1_S92,0,0.00209415634162724
CIP,lineage,LR,onehot,2,RBL-17-0300-1_S112,0,5.896181028219871e-05
CIP,lineage,LR,onehot,2,RBL-17-0306-1_S50,1,0.9917755126953125
CIP,lineage,LR,onehot,2,RBL-17-0324-1_S54,0,0.9926642179489136
CIP,lineage,LR,onehot,2,RBL-17-0393-1_S123,0,0.0007018853793852031
CIP,lineage,LR,onehot,2,RBL-17-0409-1_S127,0,0.00047638488467782736
CIP,lineage,LR,onehot,2,RBL-17-0429-1_S130,0,0.006642304826527834
CIP,lineage,LR,onehot,2,RBL-17-0434-1_S133,0,0.2892841398715973
CIP,lineage,LR,onehot,2,RBL-18-0019-1_S41,0,3.65384912583977e-05
CIP,lineage,LR,onehot,2,RBL-18-0032-1_S167,0,4.0850689401850104e-05
CIP,lineage,LR,onehot,2,RBT-17-0011-1_S19,0,0.0005060953553766012
CIP,lineage,LR,onehot,2,RBT-17-0023-1_S25,1,0.019910691305994987
CIP,lineage,LR,onehot,2,RBT-17-0024-1_S23,0,0.00022875236754771322
CIP,lineage,LR,onehot,2,RBT-17-0033-1_S12,1,0.9919437170028687
CIP,lineage,LR,onehot,2,RBT-17-0082-1_S30,0,0.0003462075546849519
CIP,lineage,LR,onehot,2,RBT-17-0090-1_S32,0,8.401004379265942e-06
CIP,lineage,LR,onehot,2,RBT-17-0109-1_S40,0,0.0003429926582612097
CIP,lineage,LR,onehot,2,RBT-17-0130-1_S27,0,0.002484809374436736
CIP,lineage,LR,onehot,2,RBT-17-0142-1_S53,0,2.8931846827617846e-05
CIP,lineage,LR,onehot,2,RBT-17-0150-1_S54,0,0.00022019069001544267
CIP,lineage,LR,onehot,2,RBT-17-0217-1_S7,1,0.998111367225647
CIP,lineage,LR,onehot,2,RBT-17-0243-1_S11,0,0.0005210235831327736
CIP,lineage,LR,onehot,2,RBT-17-0337-1_S19,0,0.00033071095822378993
CIP,lineage,LR,onehot,2,RBT-18-0030-1_S69,0,1.3132979802321643e-05
CIP,lineage,LR,onehot,2,RBT-18-0046-1_S2,1,0.8445590138435364
CIP,lineage,LR,onehot,2,RBT-18-0057-1_S38,0,1.1524254659889266e-05
CIP,lineage,LR,onehot,2,RBT-18-0066-1_S40,0,0.0005531483329832554
CIP,lineage,LR,onehot,2,RBT-18-0071-1_S41,0,0.010844714008271694
CIP,lineage,LR,onehot,2,RBT-18-0100-1_S21,1,0.7776718735694885
CIP,lineage,LR,onehot,2,RBT-18-0113-1_S44,0,0.0007597998483106494
CIP,lineage,LR,onehot,2,RBT-18-0120-1_S48,1,0.7679783701896667
CIP,lineage,LR,onehot,2,RBT-18-0129-1_S52,0,0.6065389513969421
CIP,lineage,LR,onehot,2,RBT-18-0134-1_S29,0,0.0005502031999640167
CIP,lineage,LR,onehot,2,RBT-18-0230-1_S45,0,1.6155579942278564e-05
CIP,lineage,LR,onehot,2,RBT-18-0317-1_S27,0,0.004954248666763306
CIP,lineage,LR,onehot,2,ResetH152_S4_L001,1,0.11132916063070297
CIP,lineage,LR,onehot,2,ResetH68_S1_L001,0,0.0003984065551776439
CIP,lineage,LR,onehot,2,ResetH98_S4_L001,0,0.0003541446931194514
CIP,lineage,LR,onehot,2,ResetV210_S4_L001,1,0.9982306361198425
CIP,lineage,LR,onehot,2,ResetV76_S7_L001,0,0.0360262468457222
CIP,lineage,LR,onehot,2,Survcare052_S22,1,0.9991607666015625
CIP,lineage,LR,onehot,2,Survcare104_S16_L001,1,0.7942215800285339
CIP,lineage,LR,onehot,2,Survcare130_S2,0,0.0007791421958245337
CIP,lineage,LR,onehot,2,Survcare230_S17_L001,1,0.999588668346405
CIP,lineage,LR,onehot,2,Survcare234_S3_L001,0,0.00010956321057165042
CIP,lineage,LR,onehot,2,Survcare289_S36,1,0.053987905383110046
CIP,lineage,LR,onehot,2,Survcare292_S39,1,0.999958872795105
CIP,lineage,LR,onehot,2,Survcare293_S40,1,0.052981458604335785
CIP,lineage,LR,onehot,2,Survcare309_S20_L001,1,0.03719012066721916
CIP,lineage,LR,onehot,2,Survcare310_S21_L001,0,0.009114713408052921
CIP,lineage,LR,onehot,2,Survcare317_S5_L001,1,0.9609119892120361
CIP,lineage,LR,onehot,2,Survcare329_S3,1,0.08398261666297913
CIP,lineage,LR,onehot,2,V111_S3_L001,0,0.5871444344520569
CIP,lineage,LR,onehot,2,V114_S5_L001,1,0.9970281720161438
CIP,lineage,LR,onehot,2,V120_S5_L001,1,0.7866879105567932
CIP,lineage,LR,onehot,2,V130_S5_L001,1,0.9998669624328613
CIP,lineage,LR,onehot,2,V139_S7_L001,1,0.9997796416282654
CIP,lineage,LR,onehot,2,V168_S9_L001,1,0.09954436868429184
CIP,lineage,LR,onehot,2,V177_S6_L001,1,0.2601446211338043
CIP,lineage,LR,onehot,2,V201_S4_L001,1,0.995550274848938
CIP,lineage,LR,onehot,2,V205_S3_L001,1,0.7715576887130737
CIP,lineage,LR,onehot,2,V268_S12_L001,1,0.999828577041626
CIP,lineage,LR,onehot,2,V271_S13_L001,1,0.999731719493866
CIP,lineage,LR,onehot,2,V40_S2_L001,1,0.8253029584884644
CIP,lineage,LR,onehot,2,V9_S1_L001,1,0.7868126630783081
CIP,lineage,LR,onehot,2,W2RBF-17-133-1_S28,0,0.008985797874629498
CIP,lineage,LR,onehot,2,wdh-RBB-16-025-1_S20,1,0.999997615814209
CIP,lineage,LR,onehot,2,wdhRBF-18-0057_S14_L001,0,0.00025296671083197
CIP,lineage,LR,onehot,2,wRBG-16-026-1_S163,0,3.876576738548465e-05
CIP,lineage,LR,onehot,2,wRBG-16-032-1_S142,0,0.0007207318558357656
CIP,lineage,LR,onehot,2,wRBG-17-021-1_S166,0,0.0002256513835163787
CIP,lineage,LR,onehot,2,wRBG-17-022-1_S43,1,0.04122520238161087
CIP,lineage,LR,onehot,2,wRBG-17-025-1_S133,0,0.00026038222131319344
CIP,lineage,LR,onehot,2,wRBG-17-058-1_S130,0,0.00015541804896201938
CIP,lineage,LR,onehot,2,wRBG-17-072-1_S129,0,3.955452484660782e-06
CIP,lineage,LR,onehot,2,wRBG-17-081-1_S117,0,0.00010755459516076371
CIP,lineage,LR,onehot,2,wwRBK-17-0278-1_S41,0,0.006573725026100874
CIP,lineage,LR,onehot,3,H100_S2_L001,0,7.677175017306581e-05
CIP,lineage,LR,onehot,3,H109_S2_L001,0,0.9816465973854065
CIP,lineage,LR,onehot,3,H119_S7_L001,1,0.9999998807907104
CIP,lineage,LR,onehot,3,H123_S1_L001,1,0.9999595880508423
CIP,lineage,LR,onehot,3,H66_S1_L001,1,0.9988136291503906
CIP,lineage,LR,onehot,3,NNRBG-17-0205-1_S7,1,0.002346210880205035
CIP,lineage,LR,onehot,3,NNRBG-17-0227-1_S8,0,6.605523230973631e-05
CIP,lineage,LR,onehot,3,NNRBG-17-0234-1_S9,0,2.7886659154319204e-05
CIP,lineage,LR,onehot,3,NNRBG-17-0239-1_S10,0,0.0013456828892230988
CIP,lineage,LR,onehot,3,NNRBG-17-0294-1_S18,0,0.07128644734621048
CIP,lineage,LR,onehot,3,NNSurvcare045_S41,1,0.9999973773956299
CIP,lineage,LR,onehot,3,RBB-18-0129-1_S179,1,0.9999748468399048
CIP,lineage,LR,onehot,3,RBB-18-0546-1_S22_L001,1,0.36262887716293335
CIP,lineage,LR,onehot,3,RBB-18-0665-1_S23_L001,1,0.939662754535675
CIP,lineage,LR,onehot,3,RBB-18-1086-1_S189_2,0,4.990510569768958e-05
CIP,lineage,LR,onehot,3,RBB-18-1312-1_S43,1,0.9990124702453613
CIP,lineage,LR,onehot,3,RBB-18-1393-1_S48,1,0.8617034554481506
CIP,lineage,LR,onehot,3,RBF-17-0424-1_S15,1,0.9947205781936646
CIP,lineage,LR,onehot,3,RBF-17-0450-1_S10,1,0.9965006113052368
CIP,lineage,LR,onehot,3,RBF-17-0513-1_S76,0,1.0
CIP,lineage,LR,onehot,3,RBF-17-0520-2_S55,1,0.9999997615814209
CIP,lineage,LR,onehot,3,RBF-17-0532-1_S80,1,0.8427492380142212
CIP,lineage,LR,onehot,3,RBF-17-0532-2_S31,1,0.6889455914497375
CIP,lineage,LR,onehot,3,RBF-17-0587-1_S91,0,0.0004699218552559614
CIP,lineage,LR,onehot,3,RBF-17-0632-1_S97,0,4.831066326005384e-05
CIP,lineage,LR,onehot,3,RBF-17-0648-1_S100,0,0.0036397059448063374
CIP,lineage,LR,onehot,3,RBF-18-0013-1_S25_L001,0,0.00028703437419608235
CIP,lineage,LR,onehot,3,RBF-18-0064-2_S14,0,7.019306212896481e-05
CIP,lineage,LR,onehot,3,RBF-18-0072-1_S16,0,1.2607474673131946e-05
CIP,lineage,LR,onehot,3,RBF-18-0088-1_S24,1,0.5666639804840088
CIP,lineage,LR,onehot,3,RBF-18-0099-1_S26,0,2.0419811335159466e-05
CIP,lineage,LR,onehot,3,RBF-18-0132-1_S26,0,0.0020629181526601315
CIP,lineage,LR,onehot,3,RBF-18-0135-1_S34,1,0.5889077186584473
CIP,lineage,LR,onehot,3,RBF-18-0179-1_S29,0,0.8478866219520569
CIP,lineage,LR,onehot,3,RBF-18-0294-1_S64,0,8.70614530867897e-05
CIP,lineage,LR,onehot,3,RBF-18-0296-1_S17,0,0.0036792028695344925
CIP,lineage,LR,onehot,3,RBF-18-0333-1_S70,0,0.0003767339512705803
CIP,lineage,LR,onehot,3,RBG-18-0017-1_S5,1,2.3143654743762454e-06
CIP,lineage,LR,onehot,3,RBG-18-0055-1_S43,1,0.9986644983291626
CIP,lineage,LR,onehot,3,RBG-18-0108-1_S16,0,3.1120103813009337e-05
CIP,lineage,LR,onehot,3,RBG-18-0113-1_S13_L001,0,5.736689217883395e-06
CIP,lineage,LR,onehot,3,RBG-18-0144-1_S38,0,9.474877879256383e-05
CIP,lineage,LR,onehot,3,RBG-18-0166-1_S10_L001,0,5.4440024541690946e-05
CIP,lineage,LR,onehot,3,RBG-18-0202-1_S13_L001,0,0.000995605019852519
CIP,lineage,LR,onehot,3,RBG-18-0300-1_S52,0,0.0002938487159553915
CIP,lineage,LR,onehot,3,RBG-18-0352-1_S21_L001,0,0.011088603176176548
CIP,lineage,LR,onehot,3,RBG-18-0381-1_S49,0,6.0651924286503345e-05
CIP,lineage,LR,onehot,3,RBK-16-007-1_S13,1,8.877285040398419e-07
CIP,lineage,LR,onehot,3,RBK-17-049-1_S62,1,0.19626767933368683
CIP,lineage,LR,onehot,3,RBK-18-0002-1_S38,1,0.002664493629708886
CIP,lineage,LR,onehot,3,RBK-18-0005-1_S18,0,7.293685484910384e-05
CIP,lineage,LR,onehot,3,RBK-18-0250-1_S235_2,1,0.9293227195739746
CIP,lineage,LR,onehot,3,RBL-17-0090-1_S145,0,5.321194748830749e-06
CIP,lineage,LR,onehot,3,RBL-17-0108-1_S151,0,0.001801460050046444
CIP,lineage,LR,onehot,3,RBL-17-0116-1_S154,0,0.0006632410804741085
CIP,lineage,LR,onehot,3,RBL-17-0205-1_S175,0,0.00011947240273002535
CIP,lineage,LR,onehot,3,RBL-17-0217-1_S176,0,0.0038095777854323387
CIP,lineage,LR,onehot,3,RBL-17-0259-1_S99,0,0.0006227161502465606
CIP,lineage,LR,onehot,3,RBL-17-0327-1_S116,0,2.4739028958720155e-07
CIP,lineage,LR,onehot,3,RBL-17-0340-1_S102,0,0.00013616935757454485
CIP,lineage,LR,onehot,3,RBL-17-0342-1_S103,0,0.0016603968106210232
CIP,lineage,LR,onehot,3,RBL-17-0347-1_S104,0,4.9892398237716407e-05
CIP,lineage,LR,onehot,3,RBL-17-0365-1_S112,0,2.8256808946025558e-05
CIP,lineage,LR,onehot,3,RBL-17-0366-1_S113,1,3.4635086194612086e-06
CIP,lineage,LR,onehot,3,RBL-17-0368-1_S114,0,8.290883852168918e-05
CIP,lineage,LR,onehot,3,RBL-17-0390-1_S121,0,2.9891491067246534e-05
CIP,lineage,LR,onehot,3,RBL-17-0395-1_S124,0,8.688372327014804e-05
CIP,lineage,LR,onehot,3,RBL-17-0402-1_S126,0,5.896552465856075e-05
CIP,lineage,LR,onehot,3,RBL-17-0435-1_S134,0,0.0004669466579798609
CIP,lineage,LR,onehot,3,RBL-17-075-1_S18,1,0.04079386219382286
CIP,lineage,LR,onehot,3,RBL-18-0016-1_S161,0,0.0003276439674664289
CIP,lineage,LR,onehot,3,RBL-18-0021-1_S42,1,0.9998717308044434
CIP,lineage,LR,onehot,3,RBL-18-0037-1_S168,0,0.0015989443054422736
CIP,lineage,LR,onehot,3,RBL-18-0055-1_S170,0,3.2275022476824233e-06
CIP,lineage,LR,onehot,3,RBL-18-0066-1_S173,0,0.0005389048019424081
CIP,lineage,LR,onehot,3,RBL-18-0085-1_S176,0,4.838457698497223e-06
CIP,lineage,LR,onehot,3,RBT-17-0027-1_S3,0,0.00023105087166186422
CIP,lineage,LR,onehot,3,RBT-17-0097-1_S34,1,0.08726783096790314
CIP,lineage,LR,onehot,3,RBT-17-0100-1_S36,1,1.105282649405126e-06
CIP,lineage,LR,onehot,3,RBT-17-0149-1_S13,0,0.0025940851774066687
CIP,lineage,LR,onehot,3,RBT-17-0156-1_S56,1,1.0
CIP,lineage,LR,onehot,3,RBT-17-0165-1_S60,0,0.04601128026843071
CIP,lineage,LR,onehot,3,RBT-17-0178-1_S66,0,1.7080024917959236e-05
CIP,lineage,LR,onehot,3,RBT-17-0210-1_S55,0,0.00018587912200018764
CIP,lineage,LR,onehot,3,RBT-17-0228-1_S10,0,0.804257333278656
CIP,lineage,LR,onehot,3,RBT-17-0256-1_S25,0,0.9992671608924866
CIP,lineage,LR,onehot,3,RBT-17-0285-1_S66,1,0.8530855178833008
CIP,lineage,LR,onehot,3,RBT-17-0287-1_S10,0,2.238879233118496e-06
CIP,lineage,LR,onehot,3,RBT-17-0291-1_S14,1,0.9897940158843994
CIP,lineage,LR,onehot,3,RBT-18-0023-1_S14,0,0.00016584116383455694
CIP,lineage,LR,onehot,3,RBT-18-0045-1_S70,1,0.9838190674781799
CIP,lineage,LR,onehot,3,RBT-18-0064-1_S15,0,0.024744607508182526
CIP,lineage,LR,onehot,3,RBT-18-0095-1_S19,0,0.001611177111044526
CIP,lineage,LR,onehot,3,RBT-18-0096-1_S20,0,0.0003934960695914924
CIP,lineage,LR,onehot,3,RBT-18-0164-1_S34,1,9.697813538878108e-07
CIP,lineage,LR,onehot,3,RBT-18-0173-1_S35,1,0.0563441663980484
CIP,lineage,LR,onehot,3,RBT-18-0184-1_S38,1,2.044648454102571e-06
CIP,lineage,LR,onehot,3,RBT-18-0185-1_S39,0,0.00040131897549144924
CIP,lineage,LR,onehot,3,RBT-18-0236-1_S48,1,2.274654661960085e-06
CIP,lineage,LR,onehot,3,RBT-18-0241-1_S50,0,2.5886829462251626e-05
CIP,lineage,LR,onehot,3,RBT-18-0251-1_S7,0,0.3682543933391571
CIP,lineage,LR,onehot,3,RBT-18-0259-1_S55,0,5.011637767893262e-05
CIP,lineage,LR,onehot,3,RBT-18-0263-1_S58,0,3.4664684790186584e-05
CIP,lineage,LR,onehot,3,RBT-18-0265-1_S59,0,0.00692248810082674
CIP,lineage,LR,onehot,3,RBT-18-0316-1_S43,0,0.00016352738020941615
CIP,lineage,LR,onehot,3,RBT-18-0377-1_S1,0,0.2809070944786072
CIP,lineage,LR,onehot,3,ResetH10_S1_L001,1,0.004344848450273275
CIP,lineage,LR,onehot,3,ResetH134_S8_L001,0,0.9754018187522888
CIP,lineage,LR,onehot,3,ResetH30_S4_L001,0,0.08455587178468704
CIP,lineage,LR,onehot,3,ResetH93_S5_L001,1,0.07967853546142578
CIP,lineage,LR,onehot,3,ResetV105_S1_L001,1,0.2017267793416977
CIP,lineage,LR,onehot,3,ResetV288_S6_L001,1,0.9785007834434509
CIP,lineage,LR,onehot,3,ResetV63_S5_L001,1,0.9989641904830933
CIP,lineage,LR,onehot,3,ResetV74_S7_L001,1,0.9999998807907104
CIP,lineage,LR,onehot,3,Survcare058_S26,1,0.8768262267112732
CIP,lineage,LR,onehot,3,Survcare129_S1,0,0.00010021440539276227
CIP,lineage,LR,onehot,3,Survcare278_S62,1,0.9999990463256836
CIP,lineage,LR,onehot,3,Survcare321_S18,1,0.9034819602966309
CIP,lineage,LR,onehot,3,V153_S4_L001,0,0.0020325263030827045
CIP,lineage,LR,onehot,3,V155_S5_L001,0,0.001718352665193379
CIP,lineage,LR,onehot,3,V158_S4_L001,0,0.9495968818664551
CIP,lineage,LR,onehot,3,V289_S5_L001,1,0.9872719645500183
CIP,lineage,LR,onehot,3,V64_S3_L001,1,0.9969727993011475
CIP,lineage,LR,onehot,3,V71_S4_L001,1,0.9999998807907104
CIP,lineage,LR,onehot,3,V8_S7_L001,0,0.5163493752479553
CIP,lineage,LR,onehot,3,wdh-RBL-17-0361-1_S44,0,9.629211126593873e-05
CIP,lineage,LR,onehot,3,wdh-Survcare119_S44,0,0.057178813964128494
CIP,lineage,LR,onehot,3,wdhRBF-17-0564-1_S230,1,0.816436767578125
CIP,lineage,LR,onehot,3,wdhRBF-18-0025-1_S11_L001,0,4.596650251187384e-05
CIP,lineage,LR,onehot,3,wdhRBF-18-0059-1_S15_L001,0,8.981492101156618e-06
CIP,lineage,LR,onehot,3,WDHRBG-16-049-1_S87,1,0.9996165037155151
CIP,lineage,LR,onehot,3,WDHRBG-16-050-1_S40,1,0.9999748468399048
CIP,lineage,LR,onehot,3,WDHRBG-16-062-1_S49,0,2.2690412151860073e-05
CIP,lineage,LR,onehot,3,WDHRBG-17-001-1_S82,1,5.584309974437929e-07
CIP,lineage,LR,onehot,3,WDHRBG-17-121-1_S46,0,7.005484076216817e-05
CIP,lineage,LR,onehot,3,WDHRBG-17-122-1_S48,1,0.023351803421974182
CIP,lineage,LR,onehot,3,wNRZ-33910_S81,0,0.030023761093616486
CIP,lineage,LR,onehot,3,wRBG-16-034-1_S164,0,0.0001327080826740712
CIP,lineage,LR,onehot,3,wRBG-17-023-1_S155,0,1.6643880371702835e-05
CIP,lineage,LR,onehot,3,wRBG-17-030-1_S165,0,0.0004905379028059542
CIP,lineage,LR,onehot,3,wRBG-17-075-1_S96,0,0.000904595828615129
CIP,lineage,LR,onehot,3,wRBG-17-102-1_S169,0,0.0006479022558778524
CIP,lineage,LR,onehot,3,wwRBF-17-251-1_S33,1,0.8865614533424377
CIP,lineage,LR,onehot,3,wwRBK-17-0298-1_S42,1,0.2439362108707428
CIP,lineage,LR,onehot,3,WWSurvcare043_S43,1,0.9999991655349731
CIP,lineage,LR,onehot,4,H108_S5_L001,0,4.988338787370594e-06
CIP,lineage,LR,onehot,4,H116_S8_L001,1,0.0794641450047493
CIP,lineage,LR,onehot,4,H130_S2_L001,0,8.247587174992077e-06
CIP,lineage,LR,onehot,4,H136_S7_L001,1,0.000324266089592129
CIP,lineage,LR,onehot,4,H38_S4_L001,1,0.9980424642562866
CIP,lineage,LR,onehot,4,H69_S6_L001,1,0.9978189468383789
CIP,lineage,LR,onehot,4,NNRBG-17-0193-1_S2,0,4.3203359382459894e-05
CIP,lineage,LR,onehot,4,NNRBG-17-0201-1_S6,0,0.9983862638473511
CIP,lineage,LR,onehot,4,NNRBG-17-0278-1_S16,0,0.0006224390235729516
CIP,lineage,LR,onehot,4,NNRBG-17-0298-1_S19,0,0.4436989724636078
CIP,lineage,LR,onehot,4,NNRBG-17-0346-1_S30,1,0.9076799154281616
CIP,lineage,LR,onehot,4,RBB-18-0490-1_S20_L001,1,0.4774341583251953
CIP,lineage,LR,onehot,4,RBB-18-0519-1_S184,1,0.008301720954477787
CIP,lineage,LR,onehot,4,RBB-18-0765-1_S191,1,0.813990592956543
CIP,lineage,LR,onehot,4,RBB-18-0772-1_S192,1,0.3874552547931671
CIP,lineage,LR,onehot,4,RBB-18-0972-1_S203_2,1,0.9990276098251343
CIP,lineage,LR,onehot,4,RBF-17-0178-1_S139,1,0.9960249662399292
CIP,lineage,LR,onehot,4,RBF-17-0195-1_S141,0,0.2714449465274811
CIP,lineage,LR,onehot,4,RBF-17-0509-1_S74,0,0.42620640993118286
CIP,lineage,LR,onehot,4,RBF-17-0523-1_S30,0,0.9969536066055298
CIP,lineage,LR,onehot,4,RBF-17-0605-1_S94,0,2.018184204644058e-05
CIP,lineage,LR,onehot,4,RBF-17-0616-1_S96,0,0.000950802059378475
CIP,lineage,LR,onehot,4,RBF-18-0027-1_S5,1,0.07369620352983475
CIP,lineage,LR,onehot,4,RBF-18-0093-1_S80,1,0.8808019757270813
CIP,lineage,LR,onehot,4,RBF-18-0121-1_S28,1,0.001525909174233675
CIP,lineage,LR,onehot,4,RBF-18-0139-1_S35,0,0.00034304038854315877
CIP,lineage,LR,onehot,4,RBF-18-0147-1_S36,0,0.00014629213546868414
CIP,lineage,LR,onehot,4,RBF-18-0172-1_S40,1,0.001027950900606811
CIP,lineage,LR,onehot,4,RBF-18-0184-1_S30,1,0.999969482421875
CIP,lineage,LR,onehot,4,RBF-18-0192-1_S44,0,0.00048481582780368626
CIP,lineage,LR,onehot,4,RBF-18-0200-1_S48,0,0.9971060156822205
CIP,lineage,LR,onehot,4,RBF-18-0208-2_S11_L001,0,5.053323548054323e-06
CIP,lineage,LR,onehot,4,RBF-18-0251-1_S55,0,0.6395182609558105
CIP,lineage,LR,onehot,4,RBF-18-0259-1_S33,0,0.9991104006767273
CIP,lineage,LR,onehot,4,RBF-18-0280-1_S62,0,5.846019917044032e-07
CIP,lineage,LR,onehot,4,RBF-18-0405-1_S81_2,1,0.08222725987434387
CIP,lineage,LR,onehot,4,RBF-18-0664-1_S190,0,0.3923638164997101
CIP,lineage,LR,onehot,4,RBG-17-013-1_S16,1,0.9826827049255371
CIP,lineage,LR,onehot,4,RBG-17-0284-1_S59,0,1.7437250789953396e-05
CIP,lineage,LR,onehot,4,RBG-18-0012-1_S3,1,0.0005126330652274191
CIP,lineage,LR,onehot,4,RBG-18-0140-1_S14_L001,0,4.094136784260627e-06
CIP,lineage,LR,onehot,4,RBG-18-0221-1_S47,1,0.007291476242244244
CIP,lineage,LR,onehot,4,RBG-18-0239-1_S4,0,0.8892081379890442
CIP,lineage,LR,onehot,4,RBG-18-0312-1_S55,1,0.028487032279372215
CIP,lineage,LR,onehot,4,RBG-18-0355-1_S19_L001,0,0.9963550567626953
CIP,lineage,LR,onehot,4,RBG-18-0383-1_S37,1,0.20932067930698395
CIP,lineage,LR,onehot,4,RBG-18-0402-1_S50,1,0.9998078942298889
CIP,lineage,LR,onehot,4,RBK-16-073-1_S14,0,0.8893428444862366
CIP,lineage,LR,onehot,4,RBK-17-0595-1_S187,0,0.6560761332511902
CIP,lineage,LR,onehot,4,RBK-18-0047-1_S20,0,6.226466666703345e-06
CIP,lineage,LR,onehot,4,RBK-18-0104-1_S206,0,6.44717133013728e-08
CIP,lineage,LR,onehot,4,RBL-17-0118-1_S156,0,9.776030310604256e-06
CIP,lineage,LR,onehot,4,RBL-17-0172-1_S170,0,0.0002602660970296711
CIP,lineage,LR,onehot,4,RBL-17-0189-1_S172,0,0.0003138048923574388
CIP,lineage,LR,onehot,4,RBL-17-0256-1_S98,0,0.0003924080228898674
CIP,lineage,LR,onehot,4,RBL-17-0261-1_S100,1,1.235230029372758e-09
CIP,lineage,LR,onehot,4,RBL-17-0320-1_S114,1,0.38487932085990906
CIP,lineage,LR,onehot,4,RBL-17-0332-1_S118,0,6.528416270157322e-05
CIP,lineage,LR,onehot,4,RBL-17-0360-1_S108,0,0.0008280037436634302
CIP,lineage,LR,onehot,4,RBL-17-0411-1_S128,0,2.829880259014317e-06
CIP,lineage,LR,onehot,4,RBL-17-0428-1_S70,1,0.18576958775520325
CIP,lineage,LR,onehot,4,RBL-18-0002-1_S158,0,0.533021092414856
CIP,lineage,LR,onehot,4,RBL-18-0010-1_S159,0,5.337259608495515e-06
CIP,lineage,LR,onehot,4,RBL-18-0022-1_S43,0,0.0026350743137300014
CIP,lineage,LR,onehot,4,RBT-16-0045-1_S58,1,0.9505321979522705
CIP,lineage,LR,onehot,4,RBT-17-0003-1_S16,0,0.0002230090176453814
CIP,lineage,LR,onehot,4,RBT-17-0022-1_S24,0,0.99730384349823
CIP,lineage,LR,onehot,4,RBT-17-0099-1_S35,1,0.009676300920546055
CIP,lineage,LR,onehot,4,RBT-17-0107-1_S39,0,0.029825108125805855
CIP,lineage,LR,onehot,4,RBT-17-0133-1_S6,1,0.9838383197784424
CIP,lineage,LR,onehot,4,RBT-17-0138-1_S52,1,0.9752923846244812
CIP,lineage,LR,onehot,4,RBT-17-0161-1_S57,0,7.155303319450468e-05
CIP,lineage,LR,onehot,4,RBT-17-0177-1_S65,1,0.7474822998046875
CIP,lineage,LR,onehot,4,RBT-17-0177-2_S7,1,0.7755722999572754
CIP,lineage,LR,onehot,4,RBT-18-0004-1_S51,1,0.9821648597717285
CIP,lineage,LR,onehot,4,RBT-18-0017-1_S67,0,1.9962286387453787e-05
CIP,lineage,LR,onehot,4,RBT-18-0042-1_S60,0,0.00023492159380111843
CIP,lineage,LR,onehot,4,RBT-18-0056-1_S37,0,0.00016826212231535465
CIP,lineage,LR,onehot,4,RBT-18-0080-1_S49,1,0.8673086762428284
CIP,lineage,LR,onehot,4,RBT-18-0091-1_S42,0,0.0022966735996305943
CIP,lineage,LR,onehot,4,RBT-18-0102-1_S23,0,0.00024088115605991334
CIP,lineage,LR,onehot,4,RBT-18-0110-1_S27,1,0.011822246946394444
CIP,lineage,LR,onehot,4,RBT-18-0121-1_S28,0,0.0003878189017996192
CIP,lineage,LR,onehot,4,RBT-18-0133-1_S30,0,0.0004952892195433378
CIP,lineage,LR,onehot,4,RBT-18-0141-1_S32,0,0.0007315619732253253
CIP,lineage,LR,onehot,4,RBT-18-0179-1_S37,0,0.6235916018486023
CIP,lineage,LR,onehot,4,RBT-18-0181-1_S61,1,0.027855584397912025
CIP,lineage,LR,onehot,4,RBT-18-0247-1_S16,1,0.9780307412147522
CIP,lineage,LR,onehot,4,RBT-18-0252-1_S53,1,0.8454062938690186
CIP,lineage,LR,onehot,4,RBT-18-0275-1_S63,0,0.9957846999168396
CIP,lineage,LR,onehot,4,RBT-18-0283-1_S65,0,0.0012346914736554027
CIP,lineage,LR,onehot,4,RBT-18-0292-1_S70,0,0.000665190804284066
CIP,lineage,LR,onehot,4,RBT-18-0325-1_S44,0,0.0021162349730730057
CIP,lineage,LR,onehot,4,RBT-18-0331-1_S22,0,0.0006817809771746397
CIP,lineage,LR,onehot,4,RBT-18-0334-1_S23,0,0.0001228987966896966
CIP,lineage,LR,onehot,4,RBT-18-0340-1_S36,0,0.00042810782906599343
CIP,lineage,LR,onehot,4,RBT-18-0341-1_S24,1,0.11453105509281158
CIP,lineage,LR,onehot,4,RBT-18-0351-1_S48,0,0.6642284989356995
CIP,lineage,LR,onehot,4,RBT-18-0357-1_S27,0,2.247569864266552e-05
CIP,lineage,LR,onehot,4,RBT-18-0365-1_S30,0,0.0002065955486614257
CIP,lineage,LR,onehot,4,RBT-18-0384-1_S40,0,0.9959297776222229
CIP,lineage,LR,onehot,4,RBT-18-0385-1_S34,0,4.058134072693065e-05
CIP,lineage,LR,onehot,4,ResetH115_S6_L001,1,0.8078315258026123
CIP,lineage,LR,onehot,4,ResetH139_S3_L001,0,5.748814601247432e-06
CIP,lineage,LR,onehot,4,ResetH16_S2_L001,1,0.9998123049736023
CIP,lineage,LR,onehot,4,ResetH24a_S3_2_L001,1,0.1070110946893692
CIP,lineage,LR,onehot,4,ResetH44_S3_L001,1,0.9679545760154724
CIP,lineage,LR,onehot,4,ResetH8_S2_L001,0,0.0088219428434968
CIP,lineage,LR,onehot,4,ResetH89_S3_L001,0,0.4178079664707184
CIP,lineage,LR,onehot,4,ResetH92_S4_L001,1,0.9979667663574219
CIP,lineage,LR,onehot,4,ResetH99_S5_L001,0,0.051587507128715515
CIP,lineage,LR,onehot,4,ResetV70_S6_L001,1,0.09117451310157776
CIP,lineage,LR,onehot,4,RPG-18-0435-1_S32,0,1.1605306099227164e-05
CIP,lineage,LR,onehot,4,Survcare133_S25,0,0.79763263463974
CIP,lineage,LR,onehot,4,Survcare134_S26,0,0.7533662915229797
CIP,lineage,LR,onehot,4,Survcare140_S4_L001,0,0.7433627247810364
CIP,lineage,LR,onehot,4,Survcare253_S35,1,0.9897017478942871
CIP,lineage,LR,onehot,4,Survcare262_S23_L001,1,7.861870017222827e-07
CIP,lineage,LR,onehot,4,Survcare303_S15_L001,0,0.31763720512390137
CIP,lineage,LR,onehot,4,Survcare318_S20_L001,0,0.17657984793186188
CIP,lineage,LR,onehot,4,Survcare319_S16,0,0.018954094499349594
CIP,lineage,LR,onehot,4,Survcare337_S12,0,0.0023754623252898455
CIP,lineage,LR,onehot,4,Survcare350_S44,1,0.09712997078895569
CIP,lineage,LR,onehot,4,Survcare360_S84,1,0.6053518652915955
CIP,lineage,LR,onehot,4,V108_S2_L001,0,7.636855298187584e-05
CIP,lineage,LR,onehot,4,V113_S3_L001,0,0.014191965572535992
CIP,lineage,LR,onehot,4,V131_S7_L001,1,0.0038208700716495514
CIP,lineage,LR,onehot,4,V152_S3_L001,0,0.0012833805521950126
CIP,lineage,LR,onehot,4,V163_S6_L001,0,0.9890750050544739
CIP,lineage,LR,onehot,4,V182_S6_L001,1,0.997461199760437
CIP,lineage,LR,onehot,4,V195_S1_L001,1,0.0011164241004735231
CIP,lineage,LR,onehot,4,V98_S3_L001,1,0.05959293246269226
CIP,lineage,LR,onehot,4,w2RBG-16-037-1_S34,1,0.07154997438192368
CIP,lineage,LR,onehot,4,wdhRBF-18-0080-1_S17_L001,0,0.9956686496734619
CIP,lineage,LR,onehot,4,wdhRBF-18-0098-1_S19_L001,0,0.3844606876373291
CIP,lineage,LR,onehot,4,WDHRBG-17-005-2_S61,0,0.5532838702201843
CIP,lineage,LR,onehot,4,WDHRBG-17-008-1_S83,0,0.38844752311706543
CIP,lineage,LR,onehot,4,wdhRBL-17-0370-1_S232,1,0.3999274671077728
CIP,lineage,LR,onehot,4,wNRZ-32446_S79,1,0.3562750816345215
CIP,lineage,LR,onehot,4,wRBG-16-027-1_S174,0,0.9926553964614868
CIP,lineage,LR,onehot,4,wRBG-17-028-1_S100,0,2.674977849892457e-06
CIP,lineage,LR,onehot,4,wRBG-17-031-1_S154,0,1.0691508123272797e-06
CIP,lineage,LR,onehot,4,wRBG-17-047-1_S153,0,1.175185025203973e-05
CIP,lineage,LR,onehot,4,wRBG-17-073-1_S118,0,0.9847991466522217
CIP,lineage,LR,onehot,4,wwRBB-17-031-1_S25,1,0.5611428618431091
CIP,lineage,SVM,onehot,0,H105_S3_L001,1,0.8233132270853892
CIP,lineage,SVM,onehot,0,H148_S4_L001,1,0.8655489062252972
CIP,lineage,SVM,onehot,0,H157_S3_L001,0,0.9332549184919506
CIP,lineage,SVM,onehot,0,H28_S10_L001,0,0.33562456936649293
CIP,lineage,SVM,onehot,0,H3_S1_L001,1,0.8437440568613951
CIP,lineage,SVM,onehot,0,H50_S7_L001,0,0.29856867441762286
CIP,lineage,SVM,onehot,0,H51_S5_L001,1,0.8144352610236205
CIP,lineage,SVM,onehot,0,H53_S4_L001,1,0.8134631327336884
CIP,lineage,SVM,onehot,0,H71_S1_L001,1,0.8615667071154463
CIP,lineage,SVM,onehot,0,H86_S1_L001,1,0.7149645921262511
CIP,lineage,SVM,onehot,0,NNRBG-17-0191-1_S1,0,0.5712347635786047
CIP,lineage,SVM,onehot,0,NNRBG-17-0242-1_S11,0,0.5617022140941121
CIP,lineage,SVM,onehot,0,NNRBG-17-0249-1_S13,0,0.6068220811778706
CIP,lineage,SVM,onehot,0,NNRBG-17-0378-1_S37,1,0.8006041917831944
CIP,lineage,SVM,onehot,0,RBB-17-011-1_S40,1,0.8145887221295149
CIP,lineage,SVM,onehot,0,RBB-17-171-1_S52,1,0.660951341907332
CIP,lineage,SVM,onehot,0,RBB-18-0537-1_S21_L001,1,0.8238120581105625
CIP,lineage,SVM,onehot,0,RBB-18-0668-1_S188,1,0.8032583394882759
CIP,lineage,SVM,onehot,0,RBB-18-1309-1_S42,1,0.7028296689904798
CIP,lineage,SVM,onehot,0,RBB-18-1460-1_S45,1,0.8023964460641094
CIP,lineage,SVM,onehot,0,RBB-19-0014-1_S44,1,0.2857354728101751
CIP,lineage,SVM,onehot,0,RBF-16-004-1_S18,1,0.6579637911251535
CIP,lineage,SVM,onehot,0,RBF-16-060-1_S22,1,0.808680074585523
CIP,lineage,SVM,onehot,0,RBF-17-0340-1_S81,1,0.7779365517448736
CIP,lineage,SVM,onehot,0,RBF-17-0438-1_S9,1,0.8145887221295149
CIP,lineage,SVM,onehot,0,RBF-17-0467-1_S12,1,0.808785038260397
CIP,lineage,SVM,onehot,0,RBF-17-0489-1_S13,1,0.8329618247929358
CIP,lineage,SVM,onehot,0,RBF-17-0521-1_S78,1,0.8295203618443836
CIP,lineage,SVM,onehot,0,RBF-17-0537-1_S56,1,0.8149679063580194
CIP,lineage,SVM,onehot,0,RBF-17-0538-1_S82,0,0.06524288984476018
CIP,lineage,SVM,onehot,0,RBF-17-0550-1_S84,0,0.935343632625187
CIP,lineage,SVM,onehot,0,RBF-17-0553-1_S85,1,0.8240222919547208
CIP,lineage,SVM,onehot,0,RBF-17-0572-2_S89,0,0.7797741656822826
CIP,lineage,SVM,onehot,0,RBF-17-0614-3_S95,0,0.2637789557692509
CIP,lineage,SVM,onehot,0,RBF-17-0630-1_S59,0,0.07968460836727531
CIP,lineage,SVM,onehot,0,RBF-17-0645-1_S61,0,0.1739800502634261
CIP,lineage,SVM,onehot,0,RBF-17-0653-1_S101,0,0.247123475228193
CIP,lineage,SVM,onehot,0,RBF-17-0664-1_S63,0,0.3568145172494702
CIP,lineage,SVM,onehot,0,RBF-17-067-1_S54,1,0.8339037039899648
CIP,lineage,SVM,onehot,0,RBF-17-094-1_S56,1,0.8098505797180807
CIP,lineage,SVM,onehot,0,RBF-17-170-1_S66,1,0.7335766103895863
CIP,lineage,SVM,onehot,0,RBF-17-186-1_S69,1,0.8145887221295149
CIP,lineage,SVM,onehot,0,RBF-17-318-1_S77,1,0.7491917610416733
CIP,lineage,SVM,onehot,0,RBF-18-0019-1_S2,1,0.8529699308024259
CIP,lineage,SVM,onehot,0,RBF-18-0066-1_S15,0,0.29843159398958397
CIP,lineage,SVM,onehot,0,RBF-18-0068-1_S77,1,0.6451383643543356
CIP,lineage,SVM,onehot,0,RBF-18-0075-1_S79,1,0.6565964930206043
CIP,lineage,SVM,onehot,0,RBF-18-0123-1_S25_L001,0,0.26310574565843475
CIP,lineage,SVM,onehot,0,RBF-18-0173-1_S27,0,0.5555076198688834
CIP,lineage,SVM,onehot,0,RBF-18-0174-1_S28,1,0.553300463524847
CIP,lineage,SVM,onehot,0,RBF-18-0187-1_S31,1,0.7260141305481222
CIP,lineage,SVM,onehot,0,RBF-18-0194-1_S86,1,0.3090033993070303
CIP,lineage,SVM,onehot,0,RBF-18-0196-1_S46,1,0.591784325062053
CIP,lineage,SVM,onehot,0,RBF-18-0199-1_S47,1,0.751096064875523
CIP,lineage,SVM,onehot,0,RBF-18-0201-1_S49,0,0.37558045859067835
CIP,lineage,SVM,onehot,0,RBF-18-0227-1_S53,0,0.5085131817139058
CIP,lineage,SVM,onehot,0,RBF-18-0277-1_S61,1,0.8196263005038767
CIP,lineage,SVM,onehot,0,RBF-18-0339-1_S37,0,0.20182197922784362
CIP,lineage,SVM,onehot,0,RBF-18-0585-1_S48,1,0.753833460489623
CIP,lineage,SVM,onehot,0,RBF-18-0714-2_S204_2,1,0.7755919403536793
CIP,lineage,SVM,onehot,0,RBG-17-0351-1_S20_L001,1,0.6445434755559077
CIP,lineage,SVM,onehot,0,RBG-17-0383-1_S44,1,0.6814241247770456
CIP,lineage,SVM,onehot,0,RBG-18-0004-1_S1,1,0.8145887221295149
CIP,lineage,SVM,onehot,0,RBG-18-0072-1_S8,0,0.6932790810740362
CIP,lineage,SVM,onehot,0,RBG-18-0099-1_S14,1,0.8145887221295149
CIP,lineage,SVM,onehot,0,RBG-18-0129-1_S15_L001,1,0.7313224279731493
CIP,lineage,SVM,onehot,0,RBG-18-0153-1_S14,1,0.8372355996146588
CIP,lineage,SVM,onehot,0,RBG-18-0170-1_S41,0,0.2104037653595901
CIP,lineage,SVM,onehot,0,RBG-18-0177-1_S17_L001,1,0.8073429628117927
CIP,lineage,SVM,onehot,0,RBG-18-0200-1_S18_L001,1,0.7869639665952315
CIP,lineage,SVM,onehot,0,RBG-18-0204-1_S23_L001,0,0.3964844594827055
CIP,lineage,SVM,onehot,0,RBG-18-0223-1_S2,0,0.12450493919674646
CIP,lineage,SVM,onehot,0,RBG-18-0224-1_S24_L001,1,0.8164093630625099
CIP,lineage,SVM,onehot,0,RBG-18-0279-1_S36,1,0.8157646931616631
CIP,lineage,SVM,onehot,0,RBG-18-0289-1_S37,0,0.8206651296409144
CIP,lineage,SVM,onehot,0,RBG-18-0358-1_S39,0,0.30108065917659915
CIP,lineage,SVM,onehot,0,RBG-18-0380-1_S48,1,0.8145887221295149
CIP,lineage,SVM,onehot,0,RBG-18-0388-1_S21_L001,1,0.871652469371043
CIP,lineage,SVM,onehot,0,RBG-18-0391-1_S22_L001,1,0.8204279639960685
CIP,lineage,SVM,onehot,0,RBG-18-0410-1_S12,1,0.6424025697511044
CIP,lineage,SVM,onehot,0,RBG-18-0417-1_S52,0,0.31896564398686406
CIP,lineage,SVM,onehot,0,RBG-18-0421-1_S53,1,0.8729554870003394
CIP,lineage,SVM,onehot,0,RBG-18-0437-1_S54,1,0.6387718718466296
CIP,lineage,SVM,onehot,0,RBK-17-0457-1_S6,1,0.7533666647955223
CIP,lineage,SVM,onehot,0,RBK-17-0492-1_S8,1,0.652238414741643
CIP,lineage,SVM,onehot,0,RBK-17-0588-1_S24,1,0.8327732276897971
CIP,lineage,SVM,onehot,0,RBK-17-0601-1_S25,1,0.8145887221295149
CIP,lineage,SVM,onehot,0,RBK-17-0612-1_S27,1,0.8148854817615206
CIP,lineage,SVM,onehot,0,RBK-17-0655-5_S182,1,0.8095227252742316
CIP,lineage,SVM,onehot,0,RBK-18-0037-1_S199,0,0.7523190596824206
CIP,lineage,SVM,onehot,0,RBK-18-0062-2_S203,0,0.15666317503946392
CIP,lineage,SVM,onehot,0,RBK-18-0077-1_S212,1,0.8148854817615206
CIP,lineage,SVM,onehot,0,RBk-18-0216-1_S231_2,0,0.07642036902386422
CIP,lineage,SVM,onehot,0,RBK-18-0236-2_S52_2,1,0.805270908615511
CIP,lineage,SVM,onehot,0,RBK-18-0644-1_S180,0,0.2180633224272431
CIP,lineage,SVM,onehot,0,RBKk-18-0108-1_S201,1,0.8145523083196113
CIP,lineage,SVM,onehot,0,RBL-17-0093-1_S146,0,0.8261732016507158
CIP,lineage,SVM,onehot,0,RBL-17-0101-1_S148,0,0.27408148924479886
CIP,lineage,SVM,onehot,0,RBL-17-0107-1_S150,0,0.814398450854565
CIP,lineage,SVM,onehot,0,RBL-17-0113-1_S153,1,0.8433003369980482
CIP,lineage,SVM,onehot,0,RBL-17-0136-1_S161,0,0.08069270038147235
CIP,lineage,SVM,onehot,0,RBL-17-0199-1_S174,1,0.7938554325314235
CIP,lineage,SVM,onehot,0,RBL-17-0226-1_S41,1,0.8184338022322393
CIP,lineage,SVM,onehot,0,RBL-17-0242-1_S42,1,0.814114137966454
CIP,lineage,SVM,onehot,0,RBL-17-0244-1_S44,1,0.8075086756352327
CIP,lineage,SVM,onehot,0,RBL-17-0264-1_S103,1,0.7005298923282914
CIP,lineage,SVM,onehot,0,RBL-17-0267-1_S104,0,0.13920469878010483
CIP,lineage,SVM,onehot,0,RBL-17-0274-2_S105,0,0.2558624494506264
CIP,lineage,SVM,onehot,0,RBL-17-0305-1_S49,1,0.7661628841398753
CIP,lineage,SVM,onehot,0,RBL-17-0307-1_S51,1,0.8145887221295149
CIP,lineage,SVM,onehot,0,RBL-17-0323-1_S115,0,0.14964630712278076
CIP,lineage,SVM,onehot,0,RBL-17-0350-1_S106,1,0.8639613808061885
CIP,lineage,SVM,onehot,0,RBL-17-0359-1_S66,1,0.7249774175700029
CIP,lineage,SVM,onehot,0,RBL-17-0392-1_S69,1,0.7661628841398753
CIP,lineage,SVM,onehot,0,RBL-17-0432-1_S132,1,0.8506471542145168
CIP,lineage,SVM,onehot,0,RBL-17-060-1_S17,1,0.7203600604959308
CIP,lineage,SVM,onehot,0,RBL-18-0048-1_S44,1,0.7681864118824415
CIP,lineage,SVM,onehot,0,RBL-18-0059-1_S171,1,0.8943145108946351
CIP,lineage,SVM,onehot,0,RBL-18-0076-1_S47,1,0.8031821565257425
CIP,lineage,SVM,onehot,0,RBL-18-0090-1_S48,1,0.8247658575169241
CIP,lineage,SVM,onehot,0,RBL-18-0093-1_S49,1,0.8126292586405987
CIP,lineage,SVM,onehot,0,RBL-18-0098-1_S178,1,0.816978775598614
CIP,lineage,SVM,onehot,0,RBL-18-0194-1_S195_2,1,0.732911092954971
CIP,lineage,SVM,onehot,0,RBL-18-0242-1_S51,0,0.03914672734290569
CIP,lineage,SVM,onehot,0,RBL-18-0343-1_S6,1,0.8588104285975442
CIP,lineage,SVM,onehot,0,RBL-18-0467-1_S228_2,1,0.5914201168056924
CIP,lineage,SVM,onehot,0,RBL-18-0500-1_S230_2,1,0.7447357764963942
CIP,lineage,SVM,onehot,0,RBT-16-0024-1_S10,1,0.7543580818641646
CIP,lineage,SVM,onehot,0,RBT-16-0038-1_S11,1,0.7482764882790368
CIP,lineage,SVM,onehot,0,RBT-17-0009-1_S21,1,0.46387961449546516
CIP,lineage,SVM,onehot,0,RBT-17-0039-1_S28,0,0.7326901541837104
CIP,lineage,SVM,onehot,0,RBT-17-0102-1_S37,1,0.7802793288549902
CIP,lineage,SVM,onehot,0,RBT-17-0112-1_S41,0,0.25386391932865204
CIP,lineage,SVM,onehot,0,RBT-17-0124-1_S46,0,0.21418930377901294
CIP,lineage,SVM,onehot,0,RBT-17-0174-1_S64,0,0.2861012585012499
CIP,lineage,SVM,onehot,0,RBT-17-0183-1_S67,0,0.5933551377383873
CIP,lineage,SVM,onehot,0,RBT-17-0188-1_S68,0,0.4404810413360493
CIP,lineage,SVM,onehot,0,RBT-17-0194-1_S30,0,0.49578165937170626
CIP,lineage,SVM,onehot,0,RBT-17-0219-1_S8,0,0.6853106578659979
CIP,lineage,SVM,onehot,0,RBT-17-0238-1_S59,0,0.292085231786438
CIP,lineage,SVM,onehot,0,RBT-17-0239-1_S60,0,0.26527470145919646
CIP,lineage,SVM,onehot,0,RBT-17-0249-1_S61,1,0.8117704821524724
CIP,lineage,SVM,onehot,0,RBT-17-0295-1_S15,0,0.2660325061430021
CIP,lineage,SVM,onehot,0,RBT-17-0328-1_S16,1,0.80429856425143
CIP,lineage,SVM,onehot,0,RBT-17-0339-1_S20,1,0.7970030486819931
CIP,lineage,SVM,onehot,0,RBT-18-0021-1_S56,1,0.8145887221295149
CIP,lineage,SVM,onehot,0,RBT-18-0027-1_S68,0,0.2610675176094923
CIP,lineage,SVM,onehot,0,RBT-18-0053-1_S36,1,0.7975951244785227
CIP,lineage,SVM,onehot,0,RBT-18-0079-1_S16,0,0.49432869269247104
CIP,lineage,SVM,onehot,0,RBT-18-0115-1_S45,0,0.2378720205611624
CIP,lineage,SVM,onehot,0,RBT-18-0205-1_S6,1,0.8074601985274912
CIP,lineage,SVM,onehot,0,RBT-18-0227-1_S46,1,0.7983031120804922
CIP,lineage,SVM,onehot,0,RBT-18-0234-1_S15,1,0.7907511824748774
CIP,lineage,SVM,onehot,0,RBT-18-0253-1_S54,0,0.48212832846073816
CIP,lineage,SVM,onehot,0,RBT-18-0278-1_S64,1,0.8615920792149461
CIP,lineage,SVM,onehot,0,RBT-18-0284-1_S66,1,0.8114625031452636
CIP,lineage,SVM,onehot,0,RBT-18-0296-1_S72,1,0.8158346804732229
CIP,lineage,SVM,onehot,0,RBT-18-0308-1_S34,0,0.6598860181671798
CIP,lineage,SVM,onehot,0,RBT-18-0324-1_S57,1,0.8354024462225935
CIP,lineage,SVM,onehot,0,RBT-18-0335-1_S41,1,0.8581234856353354
CIP,lineage,SVM,onehot,0,RBT-18-0337-1_S46,0,0.7950189110626882
CIP,lineage,SVM,onehot,0,RBT-18-0338-1_S35,0,0.2921063528138582
CIP,lineage,SVM,onehot,0,RBT-18-0358-1_S28,0,0.30815629658779115
CIP,lineage,SVM,onehot,0,RBT-18-0363-1_S72,1,0.823161695346793
CIP,lineage,SVM,onehot,0,RBT-18-0368-1_S32,0,0.21421711967888216
CIP,lineage,SVM,onehot,0,RBT-18-0372-1_S31,1,0.8044309813418375
CIP,lineage,SVM,onehot,0,RBT-18-0391-1_S35,1,0.8170736814677554
CIP,lineage,SVM,onehot,0,RBT-18-0392-1_S56,1,0.8022373726965748
CIP,lineage,SVM,onehot,0,RBT-18-0401-1_S43,1,0.7647467672275218
CIP,lineage,SVM,onehot,0,ResetH127_S6_L001,1,0.8463226987711243
CIP,lineage,SVM,onehot,0,ResetH129_S7_L001,1,0.820792004687106
CIP,lineage,SVM,onehot,0,ResetH131_S7_L001,1,0.8090200961736908
CIP,lineage,SVM,onehot,0,ResetH132_S1_L001,0,0.8204292237546261
CIP,lineage,SVM,onehot,0,ResetH45_S5_L001,0,0.3217378550607174
CIP,lineage,SVM,onehot,0,ResetH49b_S6_L001,0,0.7615243730718334
CIP,lineage,SVM,onehot,0,ResetH63_S7_L001,1,0.8145887221295149
CIP,lineage,SVM,onehot,0,ResetH75_S2_L001,1,0.8167682836116612
CIP,lineage,SVM,onehot,0,ResetV260_S5_L001,1,0.8093972361786267
CIP,lineage,SVM,onehot,0,Survcare125_S25,0,0.3438669256520215
CIP,lineage,SVM,onehot,0,Survcare184_S19,0,0.3837416479127706
CIP,lineage,SVM,onehot,0,Survcare187_S32,1,0.783678142056769
CIP,lineage,SVM,onehot,0,Survcare236_S5_L001,0,0.617010011456044
CIP,lineage,SVM,onehot,0,Survcare244_S9_L001,0,0.15942556610833108
CIP,lineage,SVM,onehot,0,Survcare265_S20,0,0.6696584317989763
CIP,lineage,SVM,onehot,0,Survcare275_S38,0,0.36293357631294043
CIP,lineage,SVM,onehot,0,Survcare291_S38,0,0.30502291108464846
CIP,lineage,SVM,onehot,0,Survcare327_S1,1,0.8096540072905847
CIP,lineage,SVM,onehot,0,Survcare334_S10,0,0.4009545321824847
CIP,lineage,SVM,onehot,0,Survcare335_S11,0,0.5676756131463159
CIP,lineage,SVM,onehot,0,Survcare341_S25,1,0.7226771228288615
CIP,lineage,SVM,onehot,0,V172_S5_L001,0,0.33286890185056156
CIP,lineage,SVM,onehot,0,V173_S6_L001,0,0.7180623504385095
CIP,lineage,SVM,onehot,0,V215_S2_L001,0,0.1681680630033217
CIP,lineage,SVM,onehot,0,V228_S8_L001,0,0.9373016180565258
CIP,lineage,SVM,onehot,0,V229_S10_L001,0,0.9378392638817673
CIP,lineage,SVM,onehot,0,V232_S3_L001,0,0.4529281166434538
CIP,lineage,SVM,onehot,0,V282_S4_L001,1,0.7488599237796951
CIP,lineage,SVM,onehot,0,V291_S5_L001,1,0.8152923201630766
CIP,lineage,SVM,onehot,0,V295_S7_L001,1,0.8104051008478087
CIP,lineage,SVM,onehot,0,V89_S1_L001,0,0.47973579488516965
CIP,lineage,SVM,onehot,0,W2RBK-17-168-1_S33,1,0.8342315740463075
CIP,lineage,SVM,onehot,0,W2RBK-17-169-1_S34,0,0.437427078376781
CIP,lineage,SVM,onehot,0,W2RBL-16-018-1_S15,1,0.7843681125625088
CIP,lineage,SVM,onehot,0,wdh-RBB-17-170-1_S16,1,0.7870031204603865
CIP,lineage,SVM,onehot,0,wdh-RBF-17-0572-1_S43,0,0.7630692678190935
CIP,lineage,SVM,onehot,0,wdh-RBL-17-0431-1_S46,0,0.04234139901802783
CIP,lineage,SVM,onehot,0,wdhRBF-10-0002-1_S10_L001,1,0.7521207761018331
CIP,lineage,SVM,onehot,0,wdhRBF-17-0558-1_S121,0,0.6866398339968516
CIP,lineage,SVM,onehot,0,wdhRBF-17-0567-1_S122,0,0.4622069969277367
CIP,lineage,SVM,onehot,0,wdhRBF-18-0081-1_S18_L001,0,0.6952937302924928
CIP,lineage,SVM,onehot,0,wRBF-17-0146-1_S35,1,0.8117704821524724
CIP,lineage,SVM,onehot,0,wRBG-16-033-1_S153,0,0.7181133428557173
CIP,lineage,SVM,onehot,0,wRBG-17-055-1_S163,1,0.6686008038192464
CIP,lineage,SVM,onehot,0,wRBG-17-057-1_S141,0,0.40652340041738627
CIP,lineage,SVM,onehot,0,wRBG-17-106-1_S125,0,0.7606132775286755
CIP,lineage,SVM,onehot,0,wwRBB-16-112-1_S1,1,0.8112015965564483
CIP,lineage,SVM,onehot,0,wwRBF-16-007-1_S10,1,0.7902869580912436
CIP,lineage,SVM,onehot,0,wwRBF-17-148-1_S27,0,0.29234473216162027
CIP,lineage,SVM,onehot,0,wwRBF-17-167-1_S31,1,0.7613481561117358
CIP,lineage,SVM,onehot,0,wwRBF-17-189-1_S32,1,0.8012663117547604
CIP,lineage,SVM,onehot,0,wwRBF-17-209-1_S34,1,0.7593644747439473
CIP,lineage,SVM,onehot,0,wwRBK-16-023-1_S5,1,0.5470226119066253
CIP,lineage,SVM,onehot,0,wwRBK-17-0148-1_S37,1,0.8198993221435931
CIP,lineage,SVM,onehot,0,wwRBK-17-0148-2_S38,1,0.8177212579992571
CIP,lineage,SVM,onehot,0,wwRBK-17-0197-1_S39,1,0.8100401442272356
CIP,lineage,SVM,onehot,0,wwRBK-17-075-1_S28,1,0.7919361676713382
CIP,lineage,SVM,onehot,0,wwRBL-17-004-1_S44,1,0.8124058417726672
CIP,lineage,SVM,onehot,1,H122_S4_L001,1,0.7318592098035966
CIP,lineage,SVM,onehot,1,H162_S4_L001,1,0.6079347993360745
CIP,lineage,SVM,onehot,1,H17_S2_L001,1,0.3619815436531787
CIP,lineage,SVM,onehot,1,H37_S3_L001,1,0.3750535078649928
CIP,lineage,SVM,onehot,1,H83_S7_L001,0,0.03812561453423077
CIP,lineage,SVM,onehot,1,NNRBG-17-0198-1_S4,0,0.96912033981516
CIP,lineage,SVM,onehot,1,NNRBG-17-0243-1_S12,0,0.6661292575465757
CIP,lineage,SVM,onehot,1,NNRBG-17-0287-1_S17,0,0.24017621029413683
CIP,lineage,SVM,onehot,1,NNRBG-17-0308-1_S20,0,0.10269186781077422
CIP,lineage,SVM,onehot,1,NNRBG-17-0316-1_S23,1,0.2627810483070226
CIP,lineage,SVM,onehot,1,NNRBG-17-0382-1_S38,0,0.15039762550817706
CIP,lineage,SVM,onehot,1,RBB-18-0674-1_S189,1,0.14053880121437207
CIP,lineage,SVM,onehot,1,RBB-18-0826-1_S193,1,0.6693481681070028
CIP,lineage,SVM,onehot,1,RBB-18-0892-1_S80_2,1,0.9626377034942379
CIP,lineage,SVM,onehot,1,RBB-18-1212-1_S67_2,1,0.9489891728294799
CIP,lineage,SVM,onehot,1,RBB-18-1406-1_S49,1,0.1577896408822965
CIP,lineage,SVM,onehot,1,RBF-17-0508-1_S73,0,0.39611361658478395
CIP,lineage,SVM,onehot,1,RBF-17-0540-1_S83,0,0.3542522253644241
CIP,lineage,SVM,onehot,1,RBF-17-266-1_S70,0,0.6465375275367178
CIP,lineage,SVM,onehot,1,RBF-18-0036-1_S7,0,0.004294937012226121
CIP,lineage,SVM,onehot,1,RBF-18-0055-1_S11,0,0.36589548585894427
CIP,lineage,SVM,onehot,1,RBF-18-0087-1_S23,0,0.1136812838542198
CIP,lineage,SVM,onehot,1,RBF-18-0126-1_S31,0,0.29588461943778627
CIP,lineage,SVM,onehot,1,RBF-18-0151-1_S83,1,0.08423272828025376
CIP,lineage,SVM,onehot,1,RBF-18-0160-1_S37,0,0.9154618916673515
CIP,lineage,SVM,onehot,1,RBF-18-0163-2_S39,0,0.4554825555266898
CIP,lineage,SVM,onehot,1,RBF-18-0253-1_S13_L001,1,0.8275678850929721
CIP,lineage,SVM,onehot,1,RBF-18-0282-1_S63,0,0.11215931235837527
CIP,lineage,SVM,onehot,1,RBF-18-0321-1_S69,0,0.291579261086066
CIP,lineage,SVM,onehot,1,RBF-18-0338-1_S72,0,0.05761175094132384
CIP,lineage,SVM,onehot,1,RBG-18-0023-1_S2,1,0.21584207608242612
CIP,lineage,SVM,onehot,1,RBG-18-0054-1_S42,0,0.04345465194675702
CIP,lineage,SVM,onehot,1,RBG-18-0083-1_S12,0,0.551110786834015
CIP,lineage,SVM,onehot,1,RBG-18-0085-1_S11,0,0.47639463755893974
CIP,lineage,SVM,onehot,1,RBG-18-0193-1_S8,0,0.11268884662525756
CIP,lineage,SVM,onehot,1,RBG-18-0194-1_S45,0,0.511738245968423
CIP,lineage,SVM,onehot,1,RBG-18-0206-2_S46,1,0.17075052518535155
CIP,lineage,SVM,onehot,1,RBG-18-0209-2_S46,0,0.06761217839712681
CIP,lineage,SVM,onehot,1,RBG-18-0211-1_S35,1,0.1803353156980606
CIP,lineage,SVM,onehot,1,RBG-18-0280-1_S51,1,0.31839487141899436
CIP,lineage,SVM,onehot,1,RBG-18-0308-1_S54,1,0.9054335762546406
CIP,lineage,SVM,onehot,1,RBK-16-079-1_S15,0,0.3547394128878524
CIP,lineage,SVM,onehot,1,RBK-16-124-1_S16,0,0.11238187870320461
CIP,lineage,SVM,onehot,1,RBK-18-0020-1_S19,0,0.11858709901025132
CIP,lineage,SVM,onehot,1,RBK-18-0022-1_S197,0,0.04537606768145491
CIP,lineage,SVM,onehot,1,RBK-18-0060-1_S22,0,0.2553206946140934
CIP,lineage,SVM,onehot,1,RBK-18-0080-1_S205,1,0.9244898300500692
CIP,lineage,SVM,onehot,1,RBK-18-0414-1_S59,0,0.0068251683388284145
CIP,lineage,SVM,onehot,1,RBL-17-0095-1_S147,0,0.1307974687739438
CIP,lineage,SVM,onehot,1,RBL-17-0123-1_S157,1,0.8629295008194778
CIP,lineage,SVM,onehot,1,RBL-17-0159-1_S166,0,0.3370938718478607
CIP,lineage,SVM,onehot,1,RBL-17-0165-1_S167,0,0.7689277716078836
CIP,lineage,SVM,onehot,1,RBL-17-0232-1_S91,0,0.6144726652644545
CIP,lineage,SVM,onehot,1,RBL-17-0246-1_S94,0,0.16925093162078741
CIP,lineage,SVM,onehot,1,RBL-17-0263-1_S102,0,0.05815446752923612
CIP,lineage,SVM,onehot,1,RBL-17-0283-1_S27,0,0.40845445329150415
CIP,lineage,SVM,onehot,1,RBL-17-0328-1_S117,0,0.08015539244517358
CIP,lineage,SVM,onehot,1,RBL-17-0349-1_S105,0,0.13819469032201206
CIP,lineage,SVM,onehot,1,RBL-17-0374-1_S116,0,0.3675661798717379
CIP,lineage,SVM,onehot,1,RBL-17-0375-1_S117,1,0.558234936631141
CIP,lineage,SVM,onehot,1,RBL-17-0383-1_S119,0,0.2664606771046504
CIP,lineage,SVM,onehot,1,RBL-17-0391-1_S122,0,0.8798285001893761
CIP,lineage,SVM,onehot,1,RBL-17-0397-1_S125,0,0.09109557425977977
CIP,lineage,SVM,onehot,1,RBL-18-0131-1_S188_2,1,0.9197026090209119
CIP,lineage,SVM,onehot,1,RBT-17-0008-1_S18,0,0.10970266017688031
CIP,lineage,SVM,onehot,1,RBT-17-0019-1_S62,1,0.9568740189166699
CIP,lineage,SVM,onehot,1,RBT-17-0079-1_S29,0,0.2866767702465548
CIP,lineage,SVM,onehot,1,RBT-17-0084-1_S31,0,0.12393092014192081
CIP,lineage,SVM,onehot,1,RBT-17-0113-1_S42,0,0.44749204259114583
CIP,lineage,SVM,onehot,1,RBT-17-0118-1_S45,0,0.2537135532241265
CIP,lineage,SVM,onehot,1,RBT-17-0163-1_S59,0,0.3553117700480781
CIP,lineage,SVM,onehot,1,RBT-17-0167-1_S27,0,0.32380357997198567
CIP,lineage,SVM,onehot,1,RBT-17-0168-1_S61,0,0.7787817774786244
CIP,lineage,SVM,onehot,1,RBT-17-0173-1_S63,0,0.3352041374125863
CIP,lineage,SVM,onehot,1,RBT-17-0225-1_S9,0,0.12472186229865131
CIP,lineage,SVM,onehot,1,RBT-17-0232-1_S58,1,0.24732178586980874
CIP,lineage,SVM,onehot,1,RBT-17-0251-1_S62,1,0.11555321830454074
CIP,lineage,SVM,onehot,1,RBT-17-0270-1_S65,1,0.4377865848567365
CIP,lineage,SVM,onehot,1,RBT-17-0279-1_S12,0,0.1345998886985706
CIP,lineage,SVM,onehot,1,RBT-18-0050-1_S34,0,0.08854425375481359
CIP,lineage,SVM,onehot,1,RBT-18-0052-1_S35,0,0.1671587955725455
CIP,lineage,SVM,onehot,1,RBT-18-0101-1_S22,0,0.5423292621495409
CIP,lineage,SVM,onehot,1,RBT-18-0103-1_S24,0,0.42012760855968123
CIP,lineage,SVM,onehot,1,RBT-18-0116-1_S46,1,0.37627846375755636
CIP,lineage,SVM,onehot,1,RBT-18-0122-1_S63,1,0.9266617365993739
CIP,lineage,SVM,onehot,1,RBT-18-0125-1_S50,0,0.31866102198587754
CIP,lineage,SVM,onehot,1,RBT-18-0127-1_S51,0,0.14269737483436157
CIP,lineage,SVM,onehot,1,RBT-18-0146-1_S55,1,0.8809180035754487
CIP,lineage,SVM,onehot,1,RBT-18-0197-1_S40,0,0.36156294919928705
CIP,lineage,SVM,onehot,1,RBT-18-0224-1_S43,0,0.14479031325099426
CIP,lineage,SVM,onehot,1,RBT-18-0231-1_S14,0,0.17300352878074737
CIP,lineage,SVM,onehot,1,RBT-18-0232-1_S47,0,0.6053113377048637
CIP,lineage,SVM,onehot,1,RBT-18-0246-1_S52,0,0.054312204532767604
CIP,lineage,SVM,onehot,1,RBT-18-0269-1_S61,0,0.2564677501672711
CIP,lineage,SVM,onehot,1,RBT-18-0271-1_S62,0,0.15181031706870526
CIP,lineage,SVM,onehot,1,RBT-18-0288-1_S68,1,0.39619800407191225
CIP,lineage,SVM,onehot,1,RBT-18-0293-1_S71,0,0.11879263409757594
CIP,lineage,SVM,onehot,1,RBT-18-0303-1_S20,1,0.3125187575986715
CIP,lineage,SVM,onehot,1,RBT-18-0339-1_S47,0,0.13898402269440818
CIP,lineage,SVM,onehot,1,RBT-18-0360-1_S39,1,0.30517022520218373
CIP,lineage,SVM,onehot,1,RBT-18-0361-1_S38,0,0.06419640255308262
CIP,lineage,SVM,onehot,1,RBT-18-0364-1_S29,0,0.746146363665599
CIP,lineage,SVM,onehot,1,RBT-18-0370-1_S33,0,0.19781796257161868
CIP,lineage,SVM,onehot,1,ResetH1_S1_L001,1,0.2859120134140489
CIP,lineage,SVM,onehot,1,ResetV143_S2_L001,1,0.3213205862984934
CIP,lineage,SVM,onehot,1,ResetV161_S3_L001,1,0.4772107737621288
CIP,lineage,SVM,onehot,1,Survcare0111_S29,0,0.46631537439667436
CIP,lineage,SVM,onehot,1,Survcare0114_S37,1,0.4037778359575939
CIP,lineage,SVM,onehot,1,Survcare176_S17_L001,1,0.5635141299095817
CIP,lineage,SVM,onehot,1,Survcare190_S35,0,0.12476900664461874
CIP,lineage,SVM,onehot,1,Survcare221_S7_L001,0,0.42759717374757167
CIP,lineage,SVM,onehot,1,Survcare254_S36,1,0.1619104565094948
CIP,lineage,SVM,onehot,1,Survcare295_S8_L001,1,0.4302802033065849
CIP,lineage,SVM,onehot,1,Survcare313_S24_L001,0,0.11751225034429932
CIP,lineage,SVM,onehot,1,V1_S6_L001,1,0.8972104773437004
CIP,lineage,SVM,onehot,1,V116_S6_L001,1,0.693600590763878
CIP,lineage,SVM,onehot,1,V123_S1_L001,1,0.21807926665159183
CIP,lineage,SVM,onehot,1,V183_S7_L001,0,0.16148067725452278
CIP,lineage,SVM,onehot,1,V238_S11_L001,1,0.8325680784570952
CIP,lineage,SVM,onehot,1,V279_S8_L001,1,0.723728750622852
CIP,lineage,SVM,onehot,1,V283_S5_L001,1,0.6889548440814186
CIP,lineage,SVM,onehot,1,V292_S6_L001,1,0.9631776602151173
CIP,lineage,SVM,onehot,1,V41_S2_L001,1,0.5522910806756873
CIP,lineage,SVM,onehot,1,V73_S5_L001,1,0.9418650339353587
CIP,lineage,SVM,onehot,1,V79_S6_L001,1,0.8045154454840356
CIP,lineage,SVM,onehot,1,V80_S7_L001,0,0.9146028958512885
CIP,lineage,SVM,onehot,1,V86_S1_L001,1,0.9455888090362776
CIP,lineage,SVM,onehot,1,V96_S2_L001,1,0.9633540442965165
CIP,lineage,SVM,onehot,1,W2RBF-17-090-1_S26,0,0.5005815806879476
CIP,lineage,SVM,onehot,1,wdh2NRZ-29911a_S31,1,0.12289283722965566
CIP,lineage,SVM,onehot,1,wdhRBF-18-0048-1_S12_L001,0,0.05395899375766183
CIP,lineage,SVM,onehot,1,wdhRBF-18-0049-1_S13_L001,0,0.017684140913407434
CIP,lineage,SVM,onehot,1,WDHRBG-16-060-1_S27,0,0.11486276953968431
CIP,lineage,SVM,onehot,1,WDHRBG-17-0093-1_S1,1,0.3336486666032859
CIP,lineage,SVM,onehot,1,WDHRBG-17-0256-1_S17,1,0.9233371416140732
CIP,lineage,SVM,onehot,1,wRBG-16-024-1_S152,1,0.791136737587843
CIP,lineage,SVM,onehot,1,wRBG-17-014-1_S167,0,0.039782655320562806
CIP,lineage,SVM,onehot,1,wRBG-17-034-1_S121,0,0.0511023453972066
CIP,lineage,SVM,onehot,1,wRBG-17-049-1_S142,0,0.7288660807346029
CIP,lineage,SVM,onehot,1,wRBG-17-052-1_S120,1,0.05520325970020633
CIP,lineage,SVM,onehot,1,wRBG-17-082-1_S106,0,0.05065841089757092
CIP,lineage,SVM,onehot,1,wRBG-17-100-1_S104,1,0.3664382094741554
CIP,lineage,SVM,onehot,1,wRBG-17-110-1_S168,0,0.31987525711910003
CIP,lineage,SVM,onehot,1,wRBG-17-112-1_S146,0,0.1472644371995879
CIP,lineage,SVM,onehot,1,wwRBF-16-094-1_S13,0,0.19226225771890906
CIP,lineage,SVM,onehot,1,wwRBL-16-111-1_S16,1,0.9655328024074877
CIP,lineage,SVM,onehot,2,H113_S6_L001,1,0.16425871407461767
CIP,lineage,SVM,onehot,2,H141_S6_L001,0,0.7205679872029986
CIP,lineage,SVM,onehot,2,H153_S1_L001,1,0.3048810355575259
CIP,lineage,SVM,onehot,2,H154_S2_L001,1,0.33918504875726097
CIP,lineage,SVM,onehot,2,H160_S3_L001,1,0.3087369923188488
CIP,lineage,SVM,onehot,2,H164_S3_L001,1,0.280564749577992
CIP,lineage,SVM,onehot,2,H176_S5_L001,1,0.2943867187535658
CIP,lineage,SVM,onehot,2,NNRBG-17-0196-1_S3,0,0.1273941521325732
CIP,lineage,SVM,onehot,2,NNRBG-17-0199-1_S5,1,0.14686036164288951
CIP,lineage,SVM,onehot,2,NNRBG-17-0255-1_S14,1,0.14512277675304683
CIP,lineage,SVM,onehot,2,NNRBG-17-0319-1_S24,0,0.13551074231868174
CIP,lineage,SVM,onehot,2,NNRBG-17-0328-1_S25,0,0.14785292562846206
CIP,lineage,SVM,onehot,2,NNRBG-17-0329-1_S26,0,0.11730058644493337
CIP,lineage,SVM,onehot,2,NNRBG-17-0399-1_S40,0,0.1563881865250347
CIP,lineage,SVM,onehot,2,RBB-18-1488-1_S46,1,0.14403969228439142
CIP,lineage,SVM,onehot,2,RBB-18-1502-1_S47,0,0.19788452098686157
CIP,lineage,SVM,onehot,2,RBBK18-0189-1_S24_L001,1,0.39560577569938415
CIP,lineage,SVM,onehot,2,RBF-10-0240-1_S12_L001,0,0.1482694599733657
CIP,lineage,SVM,onehot,2,RBF-16-0064-1_S136,0,0.1600900530128932
CIP,lineage,SVM,onehot,2,RBF-16-073-1_S23,1,0.3435021924204667
CIP,lineage,SVM,onehot,2,RBF-17-0164-1_S137,0,0.3012320386608955
CIP,lineage,SVM,onehot,2,RBF-17-0173-1_S138,0,0.18353302816713826
CIP,lineage,SVM,onehot,2,RBF-17-0194-1_S140,0,0.13869969249576025
CIP,lineage,SVM,onehot,2,RBF-17-0589-1_S92,0,0.26762197158417583
CIP,lineage,SVM,onehot,2,RBF-17-0602-1_S93,0,0.12838628357721252
CIP,lineage,SVM,onehot,2,RBF-17-0635-1_S98,1,0.1486660160661806
CIP,lineage,SVM,onehot,2,RBF-17-0647-1_S99,0,0.16363813460173662
CIP,lineage,SVM,onehot,2,RBF-17-0651-1_S62,1,0.4376215474491039
CIP,lineage,SVM,onehot,2,RBF-17-277-1_S73,1,0.04930206062149162
CIP,lineage,SVM,onehot,2,RBF-18-0035-1_S6,0,0.09659007437593672
CIP,lineage,SVM,onehot,2,RBF-18-0069-1_S78,1,0.9186527760739344
CIP,lineage,SVM,onehot,2,RBF-18-0085-1_S21,0,0.07777894893216607
CIP,lineage,SVM,onehot,2,RBF-18-0086-1_S22,0,0.045229231931259606
CIP,lineage,SVM,onehot,2,RBF-18-0125-1_S30,0,0.5524311900930117
CIP,lineage,SVM,onehot,2,RBF-18-0127-1_S32,0,0.24123798048689488
CIP,lineage,SVM,onehot,2,RBF-18-0214-1_S51,0,0.12314558816302598
CIP,lineage,SVM,onehot,2,RBF-18-0217-1_S54,0,0.19616785847250834
CIP,lineage,SVM,onehot,2,RBF-18-0252-1_S56,0,0.2671143316129486
CIP,lineage,SVM,onehot,2,RBF-18-0310-1_S36,0,0.6957396384339776
CIP,lineage,SVM,onehot,2,RBF-18-0634-1_S183,1,0.7666727093926644
CIP,lineage,SVM,onehot,2,RBG-17-0269-1_S41,0,0.16202749495542174
CIP,lineage,SVM,onehot,2,RBg-17-123-2_S12,0,0.6988297943838327
CIP,lineage,SVM,onehot,2,RBG-18-0025-1_S9_L001,0,0.05947624308447231
CIP,lineage,SVM,onehot,2,RBG-18-0029-1_S40,0,0.11866300042212234
CIP,lineage,SVM,onehot,2,RBG-18-0041-1_S6,1,0.39312415648243887
CIP,lineage,SVM,onehot,2,RBG-18-0071-1_S44,1,0.3816339400970544
CIP,lineage,SVM,onehot,2,RBG-18-0076-1_S10,1,0.6203230003374712
CIP,lineage,SVM,onehot,2,RBG-18-0077-1_S9,1,0.8209357177737864
CIP,lineage,SVM,onehot,2,RBG-18-0185-1_S40,0,0.1424324816848829
CIP,lineage,SVM,onehot,2,RBG-18-0191-1_S11_L001,0,0.1451008447925893
CIP,lineage,SVM,onehot,2,RBG-18-0256-1_S8_L001,0,0.10491021776972648
CIP,lineage,SVM,onehot,2,RBG-18-0265-1_S49,0,0.1207154999421846
CIP,lineage,SVM,onehot,2,RBG-18-0276-1_S50,1,0.8303819295911562
CIP,lineage,SVM,onehot,2,RBG-18-0301-1_S53,0,0.15472396137947572
CIP,lineage,SVM,onehot,2,RBG-18-0347-1_S22_L001,0,0.22636434005303155
CIP,lineage,SVM,onehot,2,RBG-18-0367-1_S57,1,0.12471285932807792
CIP,lineage,SVM,onehot,2,RBG-18-0394-1_S23_L001,0,0.145944310413367
CIP,lineage,SVM,onehot,2,RBK-18-0019-1_S195,0,0.1646217621835504
CIP,lineage,SVM,onehot,2,RBK-18-0038-1_S200,0,0.09098240879286174
CIP,lineage,SVM,onehot,2,RBL-17-0076-1_S32,1,0.21480763654804352
CIP,lineage,SVM,onehot,2,RBL-17-0104-1_S149,0,0.1461600920113002
CIP,lineage,SVM,onehot,2,RBL-17-0117-1_S155,0,0.12383910234208365
CIP,lineage,SVM,onehot,2,RBL-17-0129-1_S158,0,0.18987655614537194
CIP,lineage,SVM,onehot,2,RBL-17-0133-1_S159,0,0.06108015286174329
CIP,lineage,SVM,onehot,2,RBL-17-0135-1_S160,0,0.15747643685679918
CIP,lineage,SVM,onehot,2,RBL-17-0138-1_S162,0,0.2992205962425606
CIP,lineage,SVM,onehot,2,RBL-17-0144-1_S163,1,0.010444820902531597
CIP,lineage,SVM,onehot,2,RBL-17-0155-1_S165,1,0.8948302741742636
CIP,lineage,SVM,onehot,2,RBL-17-0197-1_S173,0,0.17302689195066298
CIP,lineage,SVM,onehot,2,RBL-17-0235-1_S92,0,0.24663794857346072
CIP,lineage,SVM,onehot,2,RBL-17-0300-1_S112,0,0.0601173392706573
CIP,lineage,SVM,onehot,2,RBL-17-0306-1_S50,1,0.8333571550826506
CIP,lineage,SVM,onehot,2,RBL-17-0324-1_S54,0,0.9065205828438632
CIP,lineage,SVM,onehot,2,RBL-17-0393-1_S123,0,0.15298471677578093
CIP,lineage,SVM,onehot,2,RBL-17-0409-1_S127,0,0.13348798855187313
CIP,lineage,SVM,onehot,2,RBL-17-0429-1_S130,0,0.20707919862143473
CIP,lineage,SVM,onehot,2,RBL-17-0434-1_S133,0,0.3712317754419081
CIP,lineage,SVM,onehot,2,RBL-18-0019-1_S41,0,0.05660815187390595
CIP,lineage,SVM,onehot,2,RBL-18-0032-1_S167,0,0.123936370857677
CIP,lineage,SVM,onehot,2,RBT-17-0011-1_S19,0,0.15760702436895832
CIP,lineage,SVM,onehot,2,RBT-17-0023-1_S25,1,0.24611129835792384
CIP,lineage,SVM,onehot,2,RBT-17-0024-1_S23,0,0.11061437415118451
CIP,lineage,SVM,onehot,2,RBT-17-0033-1_S12,1,0.7834694379998676
CIP,lineage,SVM,onehot,2,RBT-17-0082-1_S30,0,0.15606838237701512
CIP,lineage,SVM,onehot,2,RBT-17-0090-1_S32,0,0.05149088603502141
CIP,lineage,SVM,onehot,2,RBT-17-0109-1_S40,0,0.12901501785544098
CIP,lineage,SVM,onehot,2,RBT-17-0130-1_S27,0,0.1374810481432384
CIP,lineage,SVM,onehot,2,RBT-17-0142-1_S53,0,0.05657998386166086
CIP,lineage,SVM,onehot,2,RBT-17-0150-1_S54,0,0.11806820036342398
CIP,lineage,SVM,onehot,2,RBT-17-0217-1_S7,1,0.7659358582751373
CIP,lineage,SVM,onehot,2,RBT-17-0243-1_S11,0,0.1447423761043298
CIP,lineage,SVM,onehot,2,RBT-17-0337-1_S19,0,0.11489114953077555
CIP,lineage,SVM,onehot,2,RBT-18-0030-1_S69,0,0.05526001280045712
CIP,lineage,SVM,onehot,2,RBT-18-0046-1_S2,1,0.6009510549896917
CIP,lineage,SVM,onehot,2,RBT-18-0057-1_S38,0,0.10203445295063251
CIP,lineage,SVM,onehot,2,RBT-18-0066-1_S40,0,0.15100153319797652
CIP,lineage,SVM,onehot,2,RBT-18-0071-1_S41,0,0.4383150987821284
CIP,lineage,SVM,onehot,2,RBT-18-0100-1_S21,1,0.49510001324194747
CIP,lineage,SVM,onehot,2,RBT-18-0113-1_S44,0,0.1613304305697784
CIP,lineage,SVM,onehot,2,RBT-18-0120-1_S48,1,0.49696849434030205
CIP,lineage,SVM,onehot,2,RBT-18-0129-1_S52,0,0.4524837867019954
CIP,lineage,SVM,onehot,2,RBT-18-0134-1_S29,0,0.1470223461605331
CIP,lineage,SVM,onehot,2,RBT-18-0230-1_S45,0,0.0535277808761712
CIP,lineage,SVM,onehot,2,RBT-18-0317-1_S27,0,0.254363339518141
CIP,lineage,SVM,onehot,2,ResetH152_S4_L001,1,0.2737654665082908
CIP,lineage,SVM,onehot,2,ResetH68_S1_L001,0,0.12862336356481302
CIP,lineage,SVM,onehot,2,ResetH98_S4_L001,0,0.21252687464236847
CIP,lineage,SVM,onehot,2,ResetV210_S4_L001,1,0.6083229705563882
CIP,lineage,SVM,onehot,2,ResetV76_S7_L001,0,0.4739915366038076
CIP,lineage,SVM,onehot,2,Survcare052_S22,1,0.7420402148052407
CIP,lineage,SVM,onehot,2,Survcare104_S16_L001,1,0.6519242400997107
CIP,lineage,SVM,onehot,2,Survcare130_S2,0,0.16817902728004971
CIP,lineage,SVM,onehot,2,Survcare230_S17_L001,1,0.6782375866559136
CIP,lineage,SVM,onehot,2,Survcare234_S3_L001,0,0.12585514845662976
CIP,lineage,SVM,onehot,2,Survcare289_S36,1,0.16309855207099308
CIP,lineage,SVM,onehot,2,Survcare292_S39,1,0.9502049944838697
CIP,lineage,SVM,onehot,2,Survcare293_S40,1,0.14015473389865657
CIP,lineage,SVM,onehot,2,Survcare309_S20_L001,1,0.1254100692957706
CIP,lineage,SVM,onehot,2,Survcare310_S21_L001,0,0.45976918618860524
CIP,lineage,SVM,onehot,2,Survcare317_S5_L001,1,0.3443015967195858
CIP,lineage,SVM,onehot,2,Survcare329_S3,1,0.40174901578579375
CIP,lineage,SVM,onehot,2,V111_S3_L001,0,0.402304702487904
CIP,lineage,SVM,onehot,2,V114_S5_L001,1,0.9208833375374846
CIP,lineage,SVM,onehot,2,V120_S5_L001,1,0.4715899512226577
CIP,lineage,SVM,onehot,2,V130_S5_L001,1,0.8493488658927797
CIP,lineage,SVM,onehot,2,V139_S7_L001,1,0.8250556825512388
CIP,lineage,SVM,onehot,2,V168_S9_L001,1,0.472389610012391
CIP,lineage,SVM,onehot,2,V177_S6_L001,1,0.34257992480489274
CIP,lineage,SVM,onehot,2,V201_S4_L001,1,0.9124270078494772
CIP,lineage,SVM,onehot,2,V205_S3_L001,1,0.5670503689648716
CIP,lineage,SVM,onehot,2,V268_S12_L001,1,0.8301181446684018
CIP,lineage,SVM,onehot,2,V271_S13_L001,1,0.8039820515605132
CIP,lineage,SVM,onehot,2,V40_S2_L001,1,0.5637328977203502
CIP,lineage,SVM,onehot,2,V9_S1_L001,1,0.5548459557906793
CIP,lineage,SVM,onehot,2,W2RBF-17-133-1_S28,0,0.38703411592355624
CIP,lineage,SVM,onehot,2,wdh-RBB-16-025-1_S20,1,0.9241982665012975
CIP,lineage,SVM,onehot,2,wdhRBF-18-0057_S14_L001,0,0.1344804155253348
CIP,lineage,SVM,onehot,2,wRBG-16-026-1_S163,0,0.06062233976973753
CIP,lineage,SVM,onehot,2,wRBG-16-032-1_S142,0,0.15424268293962257
CIP,lineage,SVM,onehot,2,wRBG-17-021-1_S166,0,0.10149412100390796
CIP,lineage,SVM,onehot,2,wRBG-17-022-1_S43,1,0.4114931451122185
CIP,lineage,SVM,onehot,2,wRBG-17-025-1_S133,0,0.12641253915362055
CIP,lineage,SVM,onehot,2,wRBG-17-058-1_S130,0,0.09848835777933033
CIP,lineage,SVM,onehot,2,wRBG-17-072-1_S129,0,0.039713672626701474
CIP,lineage,SVM,onehot,2,wRBG-17-081-1_S117,0,0.11572357508090564
CIP,lineage,SVM,onehot,2,wwRBK-17-0278-1_S41,0,0.2520719970513702
CIP,lineage,SVM,onehot,3,H100_S2_L001,0,0.09751323144608934
CIP,lineage,SVM,onehot,3,H109_S2_L001,0,0.8700977226544879
CIP,lineage,SVM,onehot,3,H119_S7_L001,1,0.967284435601937
CIP,lineage,SVM,onehot,3,H123_S1_L001,1,0.9304619697786446
CIP,lineage,SVM,onehot,3,H66_S1_L001,1,0.8605202531430677
CIP,lineage,SVM,onehot,3,NNRBG-17-0205-1_S7,1,0.2707038784399303
CIP,lineage,SVM,onehot,3,NNRBG-17-0227-1_S8,0,0.15202555086917416
CIP,lineage,SVM,onehot,3,NNRBG-17-0234-1_S9,0,0.1129652719137402
CIP,lineage,SVM,onehot,3,NNRBG-17-0239-1_S10,0,0.2662708583054107
CIP,lineage,SVM,onehot,3,NNRBG-17-0294-1_S18,0,0.4102789032308279
CIP,lineage,SVM,onehot,3,NNSurvcare045_S41,1,0.9102588646128248
CIP,lineage,SVM,onehot,3,RBB-18-0129-1_S179,1,0.8644677875473343
CIP,lineage,SVM,onehot,3,RBB-18-0546-1_S22_L001,1,0.4236137019494373
CIP,lineage,SVM,onehot,3,RBB-18-0665-1_S23_L001,1,0.6818997037279245
CIP,lineage,SVM,onehot,3,RBB-18-1086-1_S189_2,0,0.07264435202247024
CIP,lineage,SVM,onehot,3,RBB-18-1312-1_S43,1,0.5265847822712845
CIP,lineage,SVM,onehot,3,RBB-18-1393-1_S48,1,0.5945758804716783
CIP,lineage,SVM,onehot,3,RBF-17-0424-1_S15,1,0.8872509996940219
CIP,lineage,SVM,onehot,3,RBF-17-0450-1_S10,1,0.9113615561856585
CIP,lineage,SVM,onehot,3,RBF-17-0513-1_S76,0,0.9862085406196117
CIP,lineage,SVM,onehot,3,RBF-17-0520-2_S55,1,0.9500159711120009
CIP,lineage,SVM,onehot,3,RBF-17-0532-1_S80,1,0.5662156452039397
CIP,lineage,SVM,onehot,3,RBF-17-0532-2_S31,1,0.5225892344541385
CIP,lineage,SVM,onehot,3,RBF-17-0587-1_S91,0,0.2516092724646306
CIP,lineage,SVM,onehot,3,RBF-17-0632-1_S97,0,0.11661897724645377
CIP,lineage,SVM,onehot,3,RBF-17-0648-1_S100,0,0.2532307273439608
CIP,lineage,SVM,onehot,3,RBF-18-0013-1_S25_L001,0,0.2007589288193705
CIP,lineage,SVM,onehot,3,RBF-18-0064-2_S14,0,0.12953478044959166
CIP,lineage,SVM,onehot,3,RBF-18-0072-1_S16,0,0.09111881718112376
CIP,lineage,SVM,onehot,3,RBF-18-0088-1_S24,1,0.4184849018999406
CIP,lineage,SVM,onehot,3,RBF-18-0099-1_S26,0,0.09221704048838665
CIP,lineage,SVM,onehot,3,RBF-18-0132-1_S26,0,0.17114373994659213
CIP,lineage,SVM,onehot,3,RBF-18-0135-1_S34,1,0.35781740241662846
CIP,lineage,SVM,onehot,3,RBF-18-0179-1_S29,0,0.5141446045702299
CIP,lineage,SVM,onehot,3,RBF-18-0294-1_S64,0,0.0939909773544098
CIP,lineage,SVM,onehot,3,RBF-18-0296-1_S17,0,0.3549426767874121
CIP,lineage,SVM,onehot,3,RBF-18-0333-1_S70,0,0.12110348878279822
CIP,lineage,SVM,onehot,3,RBG-18-0017-1_S5,1,0.08595392469432711
CIP,lineage,SVM,onehot,3,RBG-18-0055-1_S43,1,0.7252891723046198
CIP,lineage,SVM,onehot,3,RBG-18-0108-1_S16,0,0.1020814118648805
CIP,lineage,SVM,onehot,3,RBG-18-0113-1_S13_L001,0,0.0434941109115949
CIP,lineage,SVM,onehot,3,RBG-18-0144-1_S38,0,0.09744135910278924
CIP,lineage,SVM,onehot,3,RBG-18-0166-1_S10_L001,0,0.13088020529252195
CIP,lineage,SVM,onehot,3,RBG-18-0202-1_S13_L001,0,0.17142372329938113
CIP,lineage,SVM,onehot,3,RBG-18-0300-1_S52,0,0.20009629330118878
CIP,lineage,SVM,onehot,3,RBG-18-0352-1_S21_L001,0,0.41470565158745065
CIP,lineage,SVM,onehot,3,RBG-18-0381-1_S49,0,0.13711165690238294
CIP,lineage,SVM,onehot,3,RBK-16-007-1_S13,1,0.0735770928993447
CIP,lineage,SVM,onehot,3,RBK-17-049-1_S62,1,0.47554164389197684
CIP,lineage,SVM,onehot,3,RBK-18-0002-1_S38,1,0.2976680747574819
CIP,lineage,SVM,onehot,3,RBK-18-0005-1_S18,0,0.10606246471344213
CIP,lineage,SVM,onehot,3,RBK-18-0250-1_S235_2,1,0.5157054998498608
CIP,lineage,SVM,onehot,3,RBL-17-0090-1_S145,0,0.04389497936828275
CIP,lineage,SVM,onehot,3,RBL-17-0108-1_S151,0,0.2963923425937906
CIP,lineage,SVM,onehot,3,RBL-17-0116-1_S154,0,0.12117191553170728
CIP,lineage,SVM,onehot,3,RBL-17-0205-1_S175,0,0.1019748398841689
CIP,lineage,SVM,onehot,3,RBL-17-0217-1_S176,0,0.2648408299928403
CIP,lineage,SVM,onehot,3,RBL-17-0259-1_S99,0,0.1325066848594842
CIP,lineage,SVM,onehot,3,RBL-17-0327-1_S116,0,0.01661355835085089
CIP,lineage,SVM,onehot,3,RBL-17-0340-1_S102,0,0.19250750079811524
CIP,lineage,SVM,onehot,3,RBL-17-0342-1_S103,0,0.3093477141257153
CIP,lineage,SVM,onehot,3,RBL-17-0347-1_S104,0,0.15575985164131928
CIP,lineage,SVM,onehot,3,RBL-17-0365-1_S112,0,0.08731116276399385
CIP,lineage,SVM,onehot,3,RBL-17-0366-1_S113,1,0.10543051783610195
CIP,lineage,SVM,onehot,3,RBL-17-0368-1_S114,0,0.16905416624038785
CIP,lineage,SVM,onehot,3,RBL-17-0390-1_S121,0,0.07839143545865845
CIP,lineage,SVM,onehot,3,RBL-17-0395-1_S124,0,0.18486186808751187
CIP,lineage,SVM,onehot,3,RBL-17-0402-1_S126,0,0.1470978771127187
CIP,lineage,SVM,onehot,3,RBL-17-0435-1_S134,0,0.25226749516850894
CIP,lineage,SVM,onehot,3,RBL-17-075-1_S18,1,0.31791115845083306
CIP,lineage,SVM,onehot,3,RBL-18-0016-1_S161,0,0.2377698960958148
CIP,lineage,SVM,onehot,3,RBL-18-0021-1_S42,1,0.9256760297581891
CIP,lineage,SVM,onehot,3,RBL-18-0037-1_S168,0,0.1575049623052618
CIP,lineage,SVM,onehot,3,RBL-18-0055-1_S170,0,0.04934272131577693
CIP,lineage,SVM,onehot,3,RBL-18-0066-1_S173,0,0.11815781918220152
CIP,lineage,SVM,onehot,3,RBL-18-0085-1_S176,0,0.03555873035670879
CIP,lineage,SVM,onehot,3,RBT-17-0027-1_S3,0,0.20953989161112713
CIP,lineage,SVM,onehot,3,RBT-17-0097-1_S34,1,0.5700786595652828
CIP,lineage,SVM,onehot,3,RBT-17-0100-1_S36,1,0.08566621980794592
CIP,lineage,SVM,onehot,3,RBT-17-0149-1_S13,0,0.2794229594539978
CIP,lineage,SVM,onehot,3,RBT-17-0156-1_S56,1,0.979366889640056
CIP,lineage,SVM,onehot,3,RBT-17-0165-1_S60,0,0.49248392954100634
CIP,lineage,SVM,onehot,3,RBT-17-0178-1_S66,0,0.09106136238944842
CIP,lineage,SVM,onehot,3,RBT-17-0210-1_S55,0,0.22265001411290547
CIP,lineage,SVM,onehot,3,RBT-17-0228-1_S10,0,0.6322833861683793
CIP,lineage,SVM,onehot,3,RBT-17-0256-1_S25,0,0.8638459446245452
CIP,lineage,SVM,onehot,3,RBT-17-0285-1_S66,1,0.5986217798507006
CIP,lineage,SVM,onehot,3,RBT-17-0287-1_S10,0,0.1039324759425717
CIP,lineage,SVM,onehot,3,RBT-17-0291-1_S14,1,0.7919044006524851
CIP,lineage,SVM,onehot,3,RBT-18-0023-1_S14,0,0.19745800661330043
CIP,lineage,SVM,onehot,3,RBT-18-0045-1_S70,1,0.7098448410178579
CIP,lineage,SVM,onehot,3,RBT-18-0064-1_S15,0,0.3609940806855588
CIP,lineage,SVM,onehot,3,RBT-18-0095-1_S19,0,0.34291440676317214
CIP,lineage,SVM,onehot,3,RBT-18-0096-1_S20,0,0.20387396574739103
CIP,lineage,SVM,onehot,3,RBT-18-0164-1_S34,1,0.0698832732865541
CIP,lineage,SVM,onehot,3,RBT-18-0173-1_S35,1,0.4252735216948587
CIP,lineage,SVM,onehot,3,RBT-18-0184-1_S38,1,0.0969298050288659
CIP,lineage,SVM,onehot,3,RBT-18-0185-1_S39,0,0.15532915089328336
CIP,lineage,SVM,onehot,3,RBT-18-0236-1_S48,1,0.100251037275125
CIP,lineage,SVM,onehot,3,RBT-18-0241-1_S50,0,0.1407169231091467
CIP,lineage,SVM,onehot,3,RBT-18-0251-1_S7,0,0.6413403650987931
CIP,lineage,SVM,onehot,3,RBT-18-0259-1_S55,0,0.11868143027065639
CIP,lineage,SVM,onehot,3,RBT-18-0263-1_S58,0,0.0533363109458029
CIP,lineage,SVM,onehot,3,RBT-18-0265-1_S59,0,0.14400595550971268
CIP,lineage,SVM,onehot,3,RBT-18-0316-1_S43,0,0.1812961176481462
CIP,lineage,SVM,onehot,3,RBT-18-0377-1_S1,0,0.5339059628078855
CIP,lineage,SVM,onehot,3,ResetH10_S1_L001,1,0.32317197573477835
CIP,lineage,SVM,onehot,3,ResetH134_S8_L001,0,0.6227093331954083
CIP,lineage,SVM,onehot,3,ResetH30_S4_L001,0,0.34929612136423466
CIP,lineage,SVM,onehot,3,ResetH93_S5_L001,1,0.41140600707007674
CIP,lineage,SVM,onehot,3,ResetV105_S1_L001,1,0.5639512196336337
CIP,lineage,SVM,onehot,3,ResetV288_S6_L001,1,0.7465084329385208
CIP,lineage,SVM,onehot,3,ResetV63_S5_L001,1,0.7950220743094247
CIP,lineage,SVM,onehot,3,ResetV74_S7_L001,1,0.9643093753289242
CIP,lineage,SVM,onehot,3,Survcare058_S26,1,0.6808130932559613
CIP,lineage,SVM,onehot,3,Survcare129_S1,0,0.1470502556584799
CIP,lineage,SVM,onehot,3,Survcare278_S62,1,0.9790690532169575
CIP,lineage,SVM,onehot,3,Survcare321_S18,1,0.6807552309889912
CIP,lineage,SVM,onehot,3,V153_S4_L001,0,0.2683549356168582
CIP,lineage,SVM,onehot,3,V155_S5_L001,0,0.2561025810432608
CIP,lineage,SVM,onehot,3,V158_S4_L001,0,0.7130728638494596
CIP,lineage,SVM,onehot,3,V289_S5_L001,1,0.7729836745925889
CIP,lineage,SVM,onehot,3,V64_S3_L001,1,0.7512951452104787
CIP,lineage,SVM,onehot,3,V71_S4_L001,1,0.9654091484528982
CIP,lineage,SVM,onehot,3,V8_S7_L001,0,0.33242877457899495
CIP,lineage,SVM,onehot,3,wdh-RBL-17-0361-1_S44,0,0.1780762103381051
CIP,lineage,SVM,onehot,3,wdh-Survcare119_S44,0,0.4845262321241652
CIP,lineage,SVM,onehot,3,wdhRBF-17-0564-1_S230,1,0.5936912993674297
CIP,lineage,SVM,onehot,3,wdhRBF-18-0025-1_S11_L001,0,0.08970982929803094
CIP,lineage,SVM,onehot,3,wdhRBF-18-0059-1_S15_L001,0,0.03264408513873206
CIP,lineage,SVM,onehot,3,WDHRBG-16-049-1_S87,1,0.7354264384411385
CIP,lineage,SVM,onehot,3,WDHRBG-16-050-1_S40,1,0.9280869343211074
CIP,lineage,SVM,onehot,3,WDHRBG-16-062-1_S49,0,0.08713658603785406
CIP,lineage,SVM,onehot,3,WDHRBG-17-001-1_S82,1,0.0516684003090547
CIP,lineage,SVM,onehot,3,WDHRBG-17-121-1_S46,0,0.20870934080296263
CIP,lineage,SVM,onehot,3,WDHRBG-17-122-1_S48,1,0.26195788565905453
CIP,lineage,SVM,onehot,3,wNRZ-33910_S81,0,0.14861116364382032
CIP,lineage,SVM,onehot,3,wRBG-16-034-1_S164,0,0.22222425660173786
CIP,lineage,SVM,onehot,3,wRBG-17-023-1_S155,0,0.05720165625793405
CIP,lineage,SVM,onehot,3,wRBG-17-030-1_S165,0,0.15817813777176326
CIP,lineage,SVM,onehot,3,wRBG-17-075-1_S96,0,0.21591434508729326
CIP,lineage,SVM,onehot,3,wRBG-17-102-1_S169,0,0.10429135078445585
CIP,lineage,SVM,onehot,3,wwRBF-17-251-1_S33,1,0.748388901753976
CIP,lineage,SVM,onehot,3,wwRBK-17-0298-1_S42,1,0.5414912817944024
CIP,lineage,SVM,onehot,3,WWSurvcare043_S43,1,0.919741447138796
CIP,lineage,SVM,onehot,4,H108_S5_L001,0,0.041769270917446116
CIP,lineage,SVM,onehot,4,H116_S8_L001,1,0.5937137446487647
CIP,lineage,SVM,onehot,4,H130_S2_L001,0,0.053761788377333544
CIP,lineage,SVM,onehot,4,H136_S7_L001,1,0.08830444706252741
CIP,lineage,SVM,onehot,4,H38_S4_L001,1,0.8592129451566833
CIP,lineage,SVM,onehot,4,H69_S6_L001,1,0.8676657615803429
CIP,lineage,SVM,onehot,4,NNRBG-17-0193-1_S2,0,0.07047995637635447
CIP,lineage,SVM,onehot,4,NNRBG-17-0201-1_S6,0,0.8821411961205149
CIP,lineage,SVM,onehot,4,NNRBG-17-0278-1_S16,0,0.2759224199929748
CIP,lineage,SVM,onehot,4,NNRBG-17-0298-1_S19,0,0.476517012010158
CIP,lineage,SVM,onehot,4,NNRBG-17-0346-1_S30,1,0.6090508015157807
CIP,lineage,SVM,onehot,4,RBB-18-0490-1_S20_L001,1,0.39501357561934175
CIP,lineage,SVM,onehot,4,RBB-18-0519-1_S184,1,0.3086989692580038
CIP,lineage,SVM,onehot,4,RBB-18-0765-1_S191,1,0.46390988529190896
CIP,lineage,SVM,onehot,4,RBB-18-0772-1_S192,1,0.4629988048546048
CIP,lineage,SVM,onehot,4,RBB-18-0972-1_S203_2,1,0.7194485594922607
CIP,lineage,SVM,onehot,4,RBF-17-0178-1_S139,1,0.8144180465631459
CIP,lineage,SVM,onehot,4,RBF-17-0195-1_S141,0,0.34668939796273085
CIP,lineage,SVM,onehot,4,RBF-17-0509-1_S74,0,0.6135840200650159
CIP,lineage,SVM,onehot,4,RBF-17-0523-1_S30,0,0.7755373277916399
CIP,lineage,SVM,onehot,4,RBF-17-0605-1_S94,0,0.06966600518762313
CIP,lineage,SVM,onehot,4,RBF-17-0616-1_S96,0,0.18492007830899548
CIP,lineage,SVM,onehot,4,RBF-18-0027-1_S5,1,0.2797049300619887
CIP,lineage,SVM,onehot,4,RBF-18-0093-1_S80,1,0.4851690041128027
CIP,lineage,SVM,onehot,4,RBF-18-0121-1_S28,1,0.1440522922817371
CIP,lineage,SVM,onehot,4,RBF-18-0139-1_S35,0,0.1257688113568429
CIP,lineage,SVM,onehot,4,RBF-18-0147-1_S36,0,0.09415926194553441
CIP,lineage,SVM,onehot,4,RBF-18-0172-1_S40,1,0.12852631506646206
CIP,lineage,SVM,onehot,4,RBF-18-0184-1_S30,1,0.9011235132945502
CIP,lineage,SVM,onehot,4,RBF-18-0192-1_S44,0,0.2001611505796757
CIP,lineage,SVM,onehot,4,RBF-18-0200-1_S48,0,0.8117150599510131
CIP,lineage,SVM,onehot,4,RBF-18-0208-2_S11_L001,0,0.03447706212363835
CIP,lineage,SVM,onehot,4,RBF-18-0251-1_S55,0,0.596513743504853
CIP,lineage,SVM,onehot,4,RBF-18-0259-1_S33,0,0.8546422517703361
CIP,lineage,SVM,onehot,4,RBF-18-0280-1_S62,0,0.031534042222626485
CIP,lineage,SVM,onehot,4,RBF-18-0405-1_S81_2,1,0.5986633346058214
CIP,lineage,SVM,onehot,4,RBF-18-0664-1_S190,0,0.4975587667791605
CIP,lineage,SVM,onehot,4,RBG-17-013-1_S16,1,0.48624002481510886
CIP,lineage,SVM,onehot,4,RBG-17-0284-1_S59,0,0.07068413938303039
CIP,lineage,SVM,onehot,4,RBG-18-0012-1_S3,1,0.12307401993046281
CIP,lineage,SVM,onehot,4,RBG-18-0140-1_S14_L001,0,0.03878527965127046
CIP,lineage,SVM,onehot,4,RBG-18-0221-1_S47,1,0.24165834947899426
CIP,lineage,SVM,onehot,4,RBG-18-0239-1_S4,0,0.27103953622484833
CIP,lineage,SVM,onehot,4,RBG-18-0312-1_S55,1,0.27045448629509544
CIP,lineage,SVM,onehot,4,RBG-18-0355-1_S19_L001,0,0.8178530461965166
CIP,lineage,SVM,onehot,4,RBG-18-0383-1_S37,1,0.621450605526599
CIP,lineage,SVM,onehot,4,RBG-18-0402-1_S50,1,0.8185868788737691
CIP,lineage,SVM,onehot,4,RBK-16-073-1_S14,0,0.6834518447755428
CIP,lineage,SVM,onehot,4,RBK-17-0595-1_S187,0,0.46434277320920775
CIP,lineage,SVM,onehot,4,RBK-18-0047-1_S20,0,0.05283348902485317
CIP,lineage,SVM,onehot,4,RBK-18-0104-1_S206,0,0.006791697342077681
CIP,lineage,SVM,onehot,4,RBL-17-0118-1_S156,0,0.014880752303108261
CIP,lineage,SVM,onehot,4,RBL-17-0172-1_S170,0,0.17378444386467515
CIP,lineage,SVM,onehot,4,RBL-17-0189-1_S172,0,0.04870223863528035
CIP,lineage,SVM,onehot,4,RBL-17-0256-1_S98,0,0.10614142644120975
CIP,lineage,SVM,onehot,4,RBL-17-0261-1_S100,1,0.004217718225803124
CIP,lineage,SVM,onehot,4,RBL-17-0320-1_S114,1,0.41355264876796516
CIP,lineage,SVM,onehot,4,RBL-17-0332-1_S118,0,0.06587926672444916
CIP,lineage,SVM,onehot,4,RBL-17-0360-1_S108,0,0.12419832818882474
CIP,lineage,SVM,onehot,4,RBL-17-0411-1_S128,0,0.01851166093550379
CIP,lineage,SVM,onehot,4,RBL-17-0428-1_S70,1,0.6554890554792516
CIP,lineage,SVM,onehot,4,RBL-18-0002-1_S158,0,0.31397204059902584
CIP,lineage,SVM,onehot,4,RBL-18-0010-1_S159,0,0.030202357013188557
CIP,lineage,SVM,onehot,4,RBL-18-0022-1_S43,0,0.26180252229754813
CIP,lineage,SVM,onehot,4,RBT-16-0045-1_S58,1,0.7009554627745183
CIP,lineage,SVM,onehot,4,RBT-17-0003-1_S16,0,0.07462161873681608
CIP,lineage,SVM,onehot,4,RBT-17-0022-1_S24,0,0.8009995743814499
CIP,lineage,SVM,onehot,4,RBT-17-0099-1_S35,1,0.16027201346006967
CIP,lineage,SVM,onehot,4,RBT-17-0107-1_S39,0,0.22822842864098963
CIP,lineage,SVM,onehot,4,RBT-17-0133-1_S6,1,0.8035608015756903
CIP,lineage,SVM,onehot,4,RBT-17-0138-1_S52,1,0.7587990303891881
CIP,lineage,SVM,onehot,4,RBT-17-0161-1_S57,0,0.1353573602375319
CIP,lineage,SVM,onehot,4,RBT-17-0177-1_S65,1,0.4625838768690067
CIP,lineage,SVM,onehot,4,RBT-17-0177-2_S7,1,0.47147469775787065
CIP,lineage,SVM,onehot,4,RBT-18-0004-1_S51,1,0.7999564733293464
CIP,lineage,SVM,onehot,4,RBT-18-0017-1_S67,0,0.08787767872810001
CIP,lineage,SVM,onehot,4,RBT-18-0042-1_S60,0,0.1551564423983348
CIP,lineage,SVM,onehot,4,RBT-18-0056-1_S37,0,0.13701708147587385
CIP,lineage,SVM,onehot,4,RBT-18-0080-1_S49,1,0.794791084882631
CIP,lineage,SVM,onehot,4,RBT-18-0091-1_S42,0,0.29443950056687657
CIP,lineage,SVM,onehot,4,RBT-18-0102-1_S23,0,0.15832855031218349
CIP,lineage,SVM,onehot,4,RBT-18-0110-1_S27,1,0.1686018460006439
CIP,lineage,SVM,onehot,4,RBT-18-0121-1_S28,0,0.09467350153915989
CIP,lineage,SVM,onehot,4,RBT-18-0133-1_S30,0,0.17325125270440594
CIP,lineage,SVM,onehot,4,RBT-18-0141-1_S32,0,0.19632597016780334
CIP,lineage,SVM,onehot,4,RBT-18-0179-1_S37,0,0.8351927570323034
CIP,lineage,SVM,onehot,4,RBT-18-0181-1_S61,1,0.47899932230432474
CIP,lineage,SVM,onehot,4,RBT-18-0247-1_S16,1,0.7726607089165625
CIP,lineage,SVM,onehot,4,RBT-18-0252-1_S53,1,0.5010331347410476
CIP,lineage,SVM,onehot,4,RBT-18-0275-1_S63,0,0.8052515828882717
CIP,lineage,SVM,onehot,4,RBT-18-0283-1_S65,0,0.20380978125537352
CIP,lineage,SVM,onehot,4,RBT-18-0292-1_S70,0,0.18749008036628204
CIP,lineage,SVM,onehot,4,RBT-18-0325-1_S44,0,0.17920086966591117
CIP,lineage,SVM,onehot,4,RBT-18-0331-1_S22,0,0.25625418197443545
CIP,lineage,SVM,onehot,4,RBT-18-0334-1_S23,0,0.12787119721277077
CIP,lineage,SVM,onehot,4,RBT-18-0340-1_S36,0,0.19899720313437474
CIP,lineage,SVM,onehot,4,RBT-18-0341-1_S24,1,0.24603611917551624
CIP,lineage,SVM,onehot,4,RBT-18-0351-1_S48,0,0.8390110495383556
CIP,lineage,SVM,onehot,4,RBT-18-0357-1_S27,0,0.07907598157886091
CIP,lineage,SVM,onehot,4,RBT-18-0365-1_S30,0,0.2018132547324946
CIP,lineage,SVM,onehot,4,RBT-18-0384-1_S40,0,0.7873885982826502
CIP,lineage,SVM,onehot,4,RBT-18-0385-1_S34,0,0.13417083003735353
CIP,lineage,SVM,onehot,4,ResetH115_S6_L001,1,0.4869261784140556
CIP,lineage,SVM,onehot,4,ResetH139_S3_L001,0,0.044576391174354586
CIP,lineage,SVM,onehot,4,ResetH16_S2_L001,1,0.8906873340269897
CIP,lineage,SVM,onehot,4,ResetH24a_S3_2_L001,1,0.6175926971280349
CIP,lineage,SVM,onehot,4,ResetH44_S3_L001,1,0.8272646398790732
CIP,lineage,SVM,onehot,4,ResetH8_S2_L001,0,0.3236956238030386
CIP,lineage,SVM,onehot,4,ResetH89_S3_L001,0,0.5399504570366908
CIP,lineage,SVM,onehot,4,ResetH92_S4_L001,1,0.872169895693087
CIP,lineage,SVM,onehot,4,ResetH99_S5_L001,0,0.34060272872160957
CIP,lineage,SVM,onehot,4,ResetV70_S6_L001,1,0.5914575123126655
CIP,lineage,SVM,onehot,4,RPG-18-0435-1_S32,0,0.06640311496715501
CIP,lineage,SVM,onehot,4,Survcare133_S25,0,0.6139807311389084
CIP,lineage,SVM,onehot,4,Survcare134_S26,0,0.5415729547892119
CIP,lineage,SVM,onehot,4,Survcare140_S4_L001,0,0.614813850050251
CIP,lineage,SVM,onehot,4,Survcare253_S35,1,0.7161898638683276
CIP,lineage,SVM,onehot,4,Survcare262_S23_L001,1,0.034775461883541234
CIP,lineage,SVM,onehot,4,Survcare303_S15_L001,0,0.4243638422149035
CIP,lineage,SVM,onehot,4,Survcare318_S20_L001,0,0.3894283585848309
CIP,lineage,SVM,onehot,4,Survcare319_S16,0,0.22976087459258682
CIP,lineage,SVM,onehot,4,Survcare337_S12,0,0.2328750405611952
CIP,lineage,SVM,onehot,4,Survcare350_S44,1,0.3684179297726078
CIP,lineage,SVM,onehot,4,Survcare360_S84,1,0.5402634756152813
CIP,lineage,SVM,onehot,4,V108_S2_L001,0,0.029636656175682678
CIP,lineage,SVM,onehot,4,V113_S3_L001,0,0.23753445927607894
CIP,lineage,SVM,onehot,4,V131_S7_L001,1,0.2709441906996661
CIP,lineage,SVM,onehot,4,V152_S3_L001,0,0.24783904249526018
CIP,lineage,SVM,onehot,4,V163_S6_L001,0,0.8206545803836662
CIP,lineage,SVM,onehot,4,V182_S6_L001,1,0.8620193776412363
CIP,lineage,SVM,onehot,4,V195_S1_L001,1,0.19967077086496904
CIP,lineage,SVM,onehot,4,V98_S3_L001,1,0.5660862155398627
CIP,lineage,SVM,onehot,4,w2RBG-16-037-1_S34,1,0.2789421895334189
CIP,lineage,SVM,onehot,4,wdhRBF-18-0080-1_S17_L001,0,0.8117351510300503
CIP,lineage,SVM,onehot,4,wdhRBF-18-0098-1_S19_L001,0,0.4087994299418253
CIP,lineage,SVM,onehot,4,WDHRBG-17-005-2_S61,0,0.550252784764564
CIP,lineage,SVM,onehot,4,WDHRBG-17-008-1_S83,0,0.4908452037126233
CIP,lineage,SVM,onehot,4,wdhRBL-17-0370-1_S232,1,0.4319039146660419
CIP,lineage,SVM,onehot,4,wNRZ-32446_S79,1,0.559670968748842
CIP,lineage,SVM,onehot,4,wRBG-16-027-1_S174,0,0.5079813404316726
CIP,lineage,SVM,onehot,4,wRBG-17-028-1_S100,0,0.010110288189136054
CIP,lineage,SVM,onehot,4,wRBG-17-031-1_S154,0,0.012474125729558663
CIP,lineage,SVM,onehot,4,wRBG-17-047-1_S153,0,0.07795726157398228
CIP,lineage,SVM,onehot,4,wRBG-17-073-1_S118,0,0.5620494020807538
CIP,lineage,SVM,onehot,4,wwRBB-17-031-1_S25,1,0.4610108595485302
CIP,lineage,RF,onehot,0,H105_S3_L001,1,0.42
CIP,lineage,RF,onehot,0,H148_S4_L001,1,0.422
CIP,lineage,RF,onehot,0,H157_S3_L001,0,0.986
CIP,lineage,RF,onehot,0,H28_S10_L001,0,0.654
CIP,lineage,RF,onehot,0,H3_S1_L001,1,0.422
CIP,lineage,RF,onehot,0,H50_S7_L001,0,0.27
CIP,lineage,RF,onehot,0,H51_S5_L001,1,0.42
CIP,lineage,RF,onehot,0,H53_S4_L001,1,0.42
CIP,lineage,RF,onehot,0,H71_S1_L001,1,0.446
CIP,lineage,RF,onehot,0,H86_S1_L001,1,0.236
CIP,lineage,RF,onehot,0,NNRBG-17-0191-1_S1,0,0.292
CIP,lineage,RF,onehot,0,NNRBG-17-0242-1_S11,0,0.288
CIP,lineage,RF,onehot,0,NNRBG-17-0249-1_S13,0,0.282
CIP,lineage,RF,onehot,0,NNRBG-17-0378-1_S37,1,0.42
CIP,lineage,RF,onehot,0,RBB-17-011-1_S40,1,0.42
CIP,lineage,RF,onehot,0,RBB-17-171-1_S52,1,0.456
CIP,lineage,RF,onehot,0,RBB-18-0537-1_S21_L001,1,0.438
CIP,lineage,RF,onehot,0,RBB-18-0668-1_S188,1,0.42
CIP,lineage,RF,onehot,0,RBB-18-1309-1_S42,1,0.422
CIP,lineage,RF,onehot,0,RBB-18-1460-1_S45,1,0.42
CIP,lineage,RF,onehot,0,RBB-19-0014-1_S44,1,0.35
CIP,lineage,RF,onehot,0,RBF-16-004-1_S18,1,0.422
CIP,lineage,RF,onehot,0,RBF-16-060-1_S22,1,0.422
CIP,lineage,RF,onehot,0,RBF-17-0340-1_S81,1,0.492
CIP,lineage,RF,onehot,0,RBF-17-0438-1_S9,1,0.42
CIP,lineage,RF,onehot,0,RBF-17-0467-1_S12,1,0.418
CIP,lineage,RF,onehot,0,RBF-17-0489-1_S13,1,0.424
CIP,lineage,RF,onehot,0,RBF-17-0521-1_S78,1,0.422
CIP,lineage,RF,onehot,0,RBF-17-0537-1_S56,1,0.42
CIP,lineage,RF,onehot,0,RBF-17-0538-1_S82,0,0.18
CIP,lineage,RF,onehot,0,RBF-17-0550-1_S84,0,0.556
CIP,lineage,RF,onehot,0,RBF-17-0553-1_S85,1,0.422
CIP,lineage,RF,onehot,0,RBF-17-0572-2_S89,0,0.308
CIP,lineage,RF,onehot,0,RBF-17-0614-3_S95,0,0.03
CIP,lineage,RF,onehot,0,RBF-17-0630-1_S59,0,0.188
CIP,lineage,RF,onehot,0,RBF-17-0645-1_S61,0,0.404
CIP,lineage,RF,onehot,0,RBF-17-0653-1_S101,0,0.058
CIP,lineage,RF,onehot,0,RBF-17-0664-1_S63,0,0.224
CIP,lineage,RF,onehot,0,RBF-17-067-1_S54,1,0.422
CIP,lineage,RF,onehot,0,RBF-17-094-1_S56,1,0.432
CIP,lineage,RF,onehot,0,RBF-17-170-1_S66,1,0.422
CIP,lineage,RF,onehot,0,RBF-17-186-1_S69,1,0.42
CIP,lineage,RF,onehot,0,RBF-17-318-1_S77,1,0.416
CIP,lineage,RF,onehot,0,RBF-18-0019-1_S2,1,0.426
CIP,lineage,RF,onehot,0,RBF-18-0066-1_S15,0,0.372
CIP,lineage,RF,onehot,0,RBF-18-0068-1_S77,1,0.464
CIP,lineage,RF,onehot,0,RBF-18-0075-1_S79,1,0.412
CIP,lineage,RF,onehot,0,RBF-18-0123-1_S25_L001,0,0.318
CIP,lineage,RF,onehot,0,RBF-18-0173-1_S27,0,0.286
CIP,lineage,RF,onehot,0,RBF-18-0174-1_S28,1,0.408
CIP,lineage,RF,onehot,0,RBF-18-0187-1_S31,1,0.42
CIP,lineage,RF,onehot,0,RBF-18-0194-1_S86,1,0.414
CIP,lineage,RF,onehot,0,RBF-18-0196-1_S46,1,0.42
CIP,lineage,RF,onehot,0,RBF-18-0199-1_S47,1,0.414
CIP,lineage,RF,onehot,0,RBF-18-0201-1_S49,0,0.222
CIP,lineage,RF,onehot,0,RBF-18-0227-1_S53,0,0.234
CIP,lineage,RF,onehot,0,RBF-18-0277-1_S61,1,0.422
CIP,lineage,RF,onehot,0,RBF-18-0339-1_S37,0,0.416
CIP,lineage,RF,onehot,0,RBF-18-0585-1_S48,1,0.412
CIP,lineage,RF,onehot,0,RBF-18-0714-2_S204_2,1,0.42
CIP,lineage,RF,onehot,0,RBG-17-0351-1_S20_L001,1,0.416
CIP,lineage,RF,onehot,0,RBG-17-0383-1_S44,1,0.264
CIP,lineage,RF,onehot,0,RBG-18-0004-1_S1,1,0.42
CIP,lineage,RF,onehot,0,RBG-18-0072-1_S8,0,0.29
CIP,lineage,RF,onehot,0,RBG-18-0099-1_S14,1,0.42
CIP,lineage,RF,onehot,0,RBG-18-0129-1_S15_L001,1,0.414
CIP,lineage,RF,onehot,0,RBG-18-0153-1_S14,1,0.434
CIP,lineage,RF,onehot,0,RBG-18-0170-1_S41,0,0.026
CIP,lineage,RF,onehot,0,RBG-18-0177-1_S17_L001,1,0.422
CIP,lineage,RF,onehot,0,RBG-18-0200-1_S18_L001,1,0.418
CIP,lineage,RF,onehot,0,RBG-18-0204-1_S23_L001,0,0.504
CIP,lineage,RF,onehot,0,RBG-18-0223-1_S2,0,0.04
CIP,lineage,RF,onehot,0,RBG-18-0224-1_S24_L001,1,0.42
CIP,lineage,RF,onehot,0,RBG-18-0279-1_S36,1,0.42
CIP,lineage,RF,onehot,0,RBG-18-0289-1_S37,0,0.242
CIP,lineage,RF,onehot,0,RBG-18-0358-1_S39,0,0.356
CIP,lineage,RF,onehot,0,RBG-18-0380-1_S48,1,0.42
CIP,lineage,RF,onehot,0,RBG-18-0388-1_S21_L001,1,0.446
CIP,lineage,RF,onehot,0,RBG-18-0391-1_S22_L001,1,0.426
CIP,lineage,RF,onehot,0,RBG-18-0410-1_S12,1,0.404
CIP,lineage,RF,onehot,0,RBG-18-0417-1_S52,0,0.412
CIP,lineage,RF,onehot,0,RBG-18-0421-1_S53,1,0.446
CIP,lineage,RF,onehot,0,RBG-18-0437-1_S54,1,0.432
CIP,lineage,RF,onehot,0,RBK-17-0457-1_S6,1,0.414
CIP,lineage,RF,onehot,0,RBK-17-0492-1_S8,1,0.406
CIP,lineage,RF,onehot,0,RBK-17-0588-1_S24,1,0.434
CIP,lineage,RF,onehot,0,RBK-17-0601-1_S25,1,0.42
CIP,lineage,RF,onehot,0,RBK-17-0612-1_S27,1,0.42
CIP,lineage,RF,onehot,0,RBK-17-0655-5_S182,1,0.416
CIP,lineage,RF,onehot,0,RBK-18-0037-1_S199,0,0.734
CIP,lineage,RF,onehot,0,RBK-18-0062-2_S203,0,0.38
CIP,lineage,RF,onehot,0,RBK-18-0077-1_S212,1,0.42
CIP,lineage,RF,onehot,0,RBk-18-0216-1_S231_2,0,0.066
CIP,lineage,RF,onehot,0,RBK-18-0236-2_S52_2,1,0.244
CIP,lineage,RF,onehot,0,RBK-18-0644-1_S180,0,0.352
CIP,lineage,RF,onehot,0,RBKk-18-0108-1_S201,1,0.422
CIP,lineage,RF,onehot,0,RBL-17-0093-1_S146,0,0.242
CIP,lineage,RF,onehot,0,RBL-17-0101-1_S148,0,0.016
CIP,lineage,RF,onehot,0,RBL-17-0107-1_S150,0,0.244
CIP,lineage,RF,onehot,0,RBL-17-0113-1_S153,1,0.424
CIP,lineage,RF,onehot,0,RBL-17-0136-1_S161,0,0.064
CIP,lineage,RF,onehot,0,RBL-17-0199-1_S174,1,0.424
CIP,lineage,RF,onehot,0,RBL-17-0226-1_S41,1,0.42
CIP,lineage,RF,onehot,0,RBL-17-0242-1_S42,1,0.422
CIP,lineage,RF,onehot,0,RBL-17-0244-1_S44,1,0.42
CIP,lineage,RF,onehot,0,RBL-17-0264-1_S103,1,0.422
CIP,lineage,RF,onehot,0,RBL-17-0267-1_S104,0,0.104
CIP,lineage,RF,onehot,0,RBL-17-0274-2_S105,0,0.502
CIP,lineage,RF,onehot,0,RBL-17-0305-1_S49,1,0.412
CIP,lineage,RF,onehot,0,RBL-17-0307-1_S51,1,0.42
CIP,lineage,RF,onehot,0,RBL-17-0323-1_S115,0,0.294
CIP,lineage,RF,onehot,0,RBL-17-0350-1_S106,1,0.478
CIP,lineage,RF,onehot,0,RBL-17-0359-1_S66,1,0.416
CIP,lineage,RF,onehot,0,RBL-17-0392-1_S69,1,0.412
CIP,lineage,RF,onehot,0,RBL-17-0432-1_S132,1,0.484
CIP,lineage,RF,onehot,0,RBL-17-060-1_S17,1,0.412
CIP,lineage,RF,onehot,0,RBL-18-0048-1_S44,1,0.414
CIP,lineage,RF,onehot,0,RBL-18-0059-1_S171,1,0.432
CIP,lineage,RF,onehot,0,RBL-18-0076-1_S47,1,0.422
CIP,lineage,RF,onehot,0,RBL-18-0090-1_S48,1,0.426
CIP,lineage,RF,onehot,0,RBL-18-0093-1_S49,1,0.432
CIP,lineage,RF,onehot,0,RBL-18-0098-1_S178,1,0.424
CIP,lineage,RF,onehot,0,RBL-18-0194-1_S195_2,1,0.414
CIP,lineage,RF,onehot,0,RBL-18-0242-1_S51,0,0.326
CIP,lineage,RF,onehot,0,RBL-18-0343-1_S6,1,0.254
CIP,lineage,RF,onehot,0,RBL-18-0467-1_S228_2,1,0.42
CIP,lineage,RF,onehot,0,RBL-18-0500-1_S230_2,1,0.41
CIP,lineage,RF,onehot,0,RBT-16-0024-1_S10,1,0.42
CIP,lineage,RF,onehot,0,RBT-16-0038-1_S11,1,0.422
CIP,lineage,RF,onehot,0,RBT-17-0009-1_S21,1,0.292
CIP,lineage,RF,onehot,0,RBT-17-0039-1_S28,0,0.236
CIP,lineage,RF,onehot,0,RBT-17-0102-1_S37,1,0.418
CIP,lineage,RF,onehot,0,RBT-17-0112-1_S41,0,0.038
CIP,lineage,RF,onehot,0,RBT-17-0124-1_S46,0,0.308
CIP,lineage,RF,onehot,0,RBT-17-0174-1_S64,0,0.026
CIP,lineage,RF,onehot,0,RBT-17-0183-1_S67,0,0.372
CIP,lineage,RF,onehot,0,RBT-17-0188-1_S68,0,0.398
CIP,lineage,RF,onehot,0,RBT-17-0194-1_S30,0,0.5
CIP,lineage,RF,onehot,0,RBT-17-0219-1_S8,0,0.464
CIP,lineage,RF,onehot,0,RBT-17-0238-1_S59,0,0.458
CIP,lineage,RF,onehot,0,RBT-17-0239-1_S60,0,0.026
CIP,lineage,RF,onehot,0,RBT-17-0249-1_S61,1,0.42
CIP,lineage,RF,onehot,0,RBT-17-0295-1_S15,0,0.026
CIP,lineage,RF,onehot,0,RBT-17-0328-1_S16,1,0.422
CIP,lineage,RF,onehot,0,RBT-17-0339-1_S20,1,0.428
CIP,lineage,RF,onehot,0,RBT-18-0021-1_S56,1,0.42
CIP,lineage,RF,onehot,0,RBT-18-0027-1_S68,0,0.022
CIP,lineage,RF,onehot,0,RBT-18-0053-1_S36,1,0.42
CIP,lineage,RF,onehot,0,RBT-18-0079-1_S16,0,0.128
CIP,lineage,RF,onehot,0,RBT-18-0115-1_S45,0,0.054
CIP,lineage,RF,onehot,0,RBT-18-0205-1_S6,1,0.42
CIP,lineage,RF,onehot,0,RBT-18-0227-1_S46,1,0.418
CIP,lineage,RF,onehot,0,RBT-18-0234-1_S15,1,0.412
CIP,lineage,RF,onehot,0,RBT-18-0253-1_S54,0,0.458
CIP,lineage,RF,onehot,0,RBT-18-0278-1_S64,1,0.488
CIP,lineage,RF,onehot,0,RBT-18-0284-1_S66,1,0.428
CIP,lineage,RF,onehot,0,RBT-18-0296-1_S72,1,0.418
CIP,lineage,RF,onehot,0,RBT-18-0308-1_S34,0,0.284
CIP,lineage,RF,onehot,0,RBT-18-0324-1_S57,1,0.432
CIP,lineage,RF,onehot,0,RBT-18-0335-1_S41,1,0.428
CIP,lineage,RF,onehot,0,RBT-18-0337-1_S46,0,0.42
CIP,lineage,RF,onehot,0,RBT-18-0338-1_S35,0,0.026
CIP,lineage,RF,onehot,0,RBT-18-0358-1_S28,0,0.024
CIP,lineage,RF,onehot,0,RBT-18-0363-1_S72,1,0.428
CIP,lineage,RF,onehot,0,RBT-18-0368-1_S32,0,0.024
CIP,lineage,RF,onehot,0,RBT-18-0372-1_S31,1,0.422
CIP,lineage,RF,onehot,0,RBT-18-0391-1_S35,1,0.42
CIP,lineage,RF,onehot,0,RBT-18-0392-1_S56,1,0.426
CIP,lineage,RF,onehot,0,RBT-18-0401-1_S43,1,0.418
CIP,lineage,RF,onehot,0,ResetH127_S6_L001,1,0.422
CIP,lineage,RF,onehot,0,ResetH129_S7_L001,1,0.418
CIP,lineage,RF,onehot,0,ResetH131_S7_L001,1,0.42
CIP,lineage,RF,onehot,0,ResetH132_S1_L001,0,0.242
CIP,lineage,RF,onehot,0,ResetH45_S5_L001,0,0.274
CIP,lineage,RF,onehot,0,ResetH49b_S6_L001,0,0.242
CIP,lineage,RF,onehot,0,ResetH63_S7_L001,1,0.42
CIP,lineage,RF,onehot,0,ResetH75_S2_L001,1,0.42
CIP,lineage,RF,onehot,0,ResetV260_S5_L001,1,0.42
CIP,lineage,RF,onehot,0,Survcare125_S25,0,0.43
CIP,lineage,RF,onehot,0,Survcare184_S19,0,0.496
CIP,lineage,RF,onehot,0,Survcare187_S32,1,0.422
CIP,lineage,RF,onehot,0,Survcare236_S5_L001,0,0.312
CIP,lineage,RF,onehot,0,Survcare244_S9_L001,0,0.498
CIP,lineage,RF,onehot,0,Survcare265_S20,0,0.292
CIP,lineage,RF,onehot,0,Survcare275_S38,0,0.476
CIP,lineage,RF,onehot,0,Survcare291_S38,0,0.472
CIP,lineage,RF,onehot,0,Survcare327_S1,1,0.424
CIP,lineage,RF,onehot,0,Survcare334_S10,0,0.434
CIP,lineage,RF,onehot,0,Survcare335_S11,0,0.518
CIP,lineage,RF,onehot,0,Survcare341_S25,1,0.41
CIP,lineage,RF,onehot,0,V172_S5_L001,0,0.35
CIP,lineage,RF,onehot,0,V173_S6_L001,0,0.714
CIP,lineage,RF,onehot,0,V215_S2_L001,0,0.316
CIP,lineage,RF,onehot,0,V228_S8_L001,0,0.968
CIP,lineage,RF,onehot,0,V229_S10_L001,0,0.968
CIP,lineage,RF,onehot,0,V232_S3_L001,0,0.05
CIP,lineage,RF,onehot,0,V282_S4_L001,1,0.434
CIP,lineage,RF,onehot,0,V291_S5_L001,1,0.42
CIP,lineage,RF,onehot,0,V295_S7_L001,1,0.42
CIP,lineage,RF,onehot,0,V89_S1_L001,0,0.486
CIP,lineage,RF,onehot,0,W2RBK-17-168-1_S33,1,0.42
CIP,lineage,RF,onehot,0,W2RBK-17-169-1_S34,0,0.462
CIP,lineage,RF,onehot,0,W2RBL-16-018-1_S15,1,0.434
CIP,lineage,RF,onehot,0,wdh-RBB-17-170-1_S16,1,0.42
CIP,lineage,RF,onehot,0,wdh-RBF-17-0572-1_S43,0,0.306
CIP,lineage,RF,onehot,0,wdh-RBL-17-0431-1_S46,0,0.238
CIP,lineage,RF,onehot,0,wdhRBF-10-0002-1_S10_L001,1,0.424
CIP,lineage,RF,onehot,0,wdhRBF-17-0558-1_S121,0,0.678
CIP,lineage,RF,onehot,0,wdhRBF-17-0567-1_S122,0,0.298
CIP,lineage,RF,onehot,0,wdhRBF-18-0081-1_S18_L001,0,0.274
CIP,lineage,RF,onehot,0,wRBF-17-0146-1_S35,1,0.42
CIP,lineage,RF,onehot,0,wRBG-16-033-1_S153,0,0.234
CIP,lineage,RF,onehot,0,wRBG-17-055-1_S163,1,0.412
CIP,lineage,RF,onehot,0,wRBG-17-057-1_S141,0,0.304
CIP,lineage,RF,onehot,0,wRBG-17-106-1_S125,0,0.242
CIP,lineage,RF,onehot,0,wwRBB-16-112-1_S1,1,0.418
CIP,lineage,RF,onehot,0,wwRBF-16-007-1_S10,1,0.424
CIP,lineage,RF,onehot,0,wwRBF-17-148-1_S27,0,0.024
CIP,lineage,RF,onehot,0,wwRBF-17-167-1_S31,1,0.428
CIP,lineage,RF,onehot,0,wwRBF-17-189-1_S32,1,0.42
CIP,lineage,RF,onehot,0,wwRBF-17-209-1_S34,1,0.464
CIP,lineage,RF,onehot,0,wwRBK-16-023-1_S5,1,0.448
CIP,lineage,RF,onehot,0,wwRBK-17-0148-1_S37,1,0.424
CIP,lineage,RF,onehot,0,wwRBK-17-0148-2_S38,1,0.42
CIP,lineage,RF,onehot,0,wwRBK-17-0197-1_S39,1,0.42
CIP,lineage,RF,onehot,0,wwRBK-17-075-1_S28,1,0.422
CIP,lineage,RF,onehot,0,wwRBL-17-004-1_S44,1,0.43
CIP,lineage,RF,onehot,1,H122_S4_L001,1,0.964
CIP,lineage,RF,onehot,1,H162_S4_L001,1,0.922
CIP,lineage,RF,onehot,1,H17_S2_L001,1,0.21
CIP,lineage,RF,onehot,1,H37_S3_L001,1,0.208
CIP,lineage,RF,onehot,1,H83_S7_L001,0,0.118
CIP,lineage,RF,onehot,1,NNRBG-17-0198-1_S4,0,0.788
CIP,lineage,RF,onehot,1,NNRBG-17-0243-1_S12,0,0.662
CIP,lineage,RF,onehot,1,NNRBG-17-0287-1_S17,0,0.328
CIP,lineage,RF,onehot,1,NNRBG-17-0308-1_S20,0,0.026
CIP,lineage,RF,onehot,1,NNRBG-17-0316-1_S23,1,0.166
CIP,lineage,RF,onehot,1,NNRBG-17-0382-1_S38,0,0.48
CIP,lineage,RF,onehot,1,RBB-18-0674-1_S189,1,0.048
CIP,lineage,RF,onehot,1,RBB-18-0826-1_S193,1,0.588
CIP,lineage,RF,onehot,1,RBB-18-0892-1_S80_2,1,0.948
CIP,lineage,RF,onehot,1,RBB-18-1212-1_S67_2,1,0.95
CIP,lineage,RF,onehot,1,RBB-18-1406-1_S49,1,0.212
CIP,lineage,RF,onehot,1,RBF-17-0508-1_S73,0,0.016
CIP,lineage,RF,onehot,1,RBF-17-0540-1_S83,0,0.022
CIP,lineage,RF,onehot,1,RBF-17-266-1_S70,0,0.372
CIP,lineage,RF,onehot,1,RBF-18-0036-1_S7,0,0.026
CIP,lineage,RF,onehot,1,RBF-18-0055-1_S11,0,0.004
CIP,lineage,RF,onehot,1,RBF-18-0087-1_S23,0,0.042
CIP,lineage,RF,onehot,1,RBF-18-0126-1_S31,0,0.02
CIP,lineage,RF,onehot,1,RBF-18-0151-1_S83,1,0.006
CIP,lineage,RF,onehot,1,RBF-18-0160-1_S37,0,0.786
CIP,lineage,RF,onehot,1,RBF-18-0163-2_S39,0,0.234
CIP,lineage,RF,onehot,1,RBF-18-0253-1_S13_L001,1,0.464
CIP,lineage,RF,onehot,1,RBF-18-0282-1_S63,0,0.364
CIP,lineage,RF,onehot,1,RBF-18-0321-1_S69,0,0.268
CIP,lineage,RF,onehot,1,RBF-18-0338-1_S72,0,0.028
CIP,lineage,RF,onehot,1,RBG-18-0023-1_S2,1,0.006
CIP,lineage,RF,onehot,1,RBG-18-0054-1_S42,0,0.154
CIP,lineage,RF,onehot,1,RBG-18-0083-1_S12,0,0.656
CIP,lineage,RF,onehot,1,RBG-18-0085-1_S11,0,0.504
CIP,lineage,RF,onehot,1,RBG-18-0193-1_S8,0,0.15
CIP,lineage,RF,onehot,1,RBG-18-0194-1_S45,0,0.65
CIP,lineage,RF,onehot,1,RBG-18-0206-2_S46,1,0.006
CIP,lineage,RF,onehot,1,RBG-18-0209-2_S46,0,0.022
CIP,lineage,RF,onehot,1,RBG-18-0211-1_S35,1,0.308
CIP,lineage,RF,onehot,1,RBG-18-0280-1_S51,1,0.198
CIP,lineage,RF,onehot,1,RBG-18-0308-1_S54,1,0.894
CIP,lineage,RF,onehot,1,RBK-16-079-1_S15,0,0.016
CIP,lineage,RF,onehot,1,RBK-16-124-1_S16,0,0.058
CIP,lineage,RF,onehot,1,RBK-18-0020-1_S19,0,0.17
CIP,lineage,RF,onehot,1,RBK-18-0022-1_S197,0,0.26
CIP,lineage,RF,onehot,1,RBK-18-0060-1_S22,0,0.376
CIP,lineage,RF,onehot,1,RBK-18-0080-1_S205,1,0.796
CIP,lineage,RF,onehot,1,RBK-18-0414-1_S59,0,0.224
CIP,lineage,RF,onehot,1,RBL-17-0095-1_S147,0,0.024
CIP,lineage,RF,onehot,1,RBL-17-0123-1_S157,1,0.772
CIP,lineage,RF,onehot,1,RBL-17-0159-1_S166,0,0.228
CIP,lineage,RF,onehot,1,RBL-17-0165-1_S167,0,0.508
CIP,lineage,RF,onehot,1,RBL-17-0232-1_S91,0,0.376
CIP,lineage,RF,onehot,1,RBL-17-0246-1_S94,0,0.178
CIP,lineage,RF,onehot,1,RBL-17-0263-1_S102,0,0.036
CIP,lineage,RF,onehot,1,RBL-17-0283-1_S27,0,0.016
CIP,lineage,RF,onehot,1,RBL-17-0328-1_S117,0,0.214
CIP,lineage,RF,onehot,1,RBL-17-0349-1_S105,0,0.006
CIP,lineage,RF,onehot,1,RBL-17-0374-1_S116,0,0.016
CIP,lineage,RF,onehot,1,RBL-17-0375-1_S117,1,0.35
CIP,lineage,RF,onehot,1,RBL-17-0383-1_S119,0,0.026
CIP,lineage,RF,onehot,1,RBL-17-0391-1_S122,0,0.586
CIP,lineage,RF,onehot,1,RBL-17-0397-1_S125,0,0.026
CIP,lineage,RF,onehot,1,RBL-18-0131-1_S188_2,1,0.932
CIP,lineage,RF,onehot,1,RBT-17-0008-1_S18,0,0.006
CIP,lineage,RF,onehot,1,RBT-17-0019-1_S62,1,0.944
CIP,lineage,RF,onehot,1,RBT-17-0079-1_S29,0,0.024
CIP,lineage,RF,onehot,1,RBT-17-0084-1_S31,0,0.028
CIP,lineage,RF,onehot,1,RBT-17-0113-1_S42,0,0.112
CIP,lineage,RF,onehot,1,RBT-17-0118-1_S45,0,0.316
CIP,lineage,RF,onehot,1,RBT-17-0163-1_S59,0,0.016
CIP,lineage,RF,onehot,1,RBT-17-0167-1_S27,0,0.012
CIP,lineage,RF,onehot,1,RBT-17-0168-1_S61,0,0.672
CIP,lineage,RF,onehot,1,RBT-17-0173-1_S63,0,0.016
CIP,lineage,RF,onehot,1,RBT-17-0225-1_S9,0,0.028
CIP,lineage,RF,onehot,1,RBT-17-0232-1_S58,1,0.684
CIP,lineage,RF,onehot,1,RBT-17-0251-1_S62,1,0.048
CIP,lineage,RF,onehot,1,RBT-17-0270-1_S65,1,0.212
CIP,lineage,RF,onehot,1,RBT-17-0279-1_S12,0,0.114
CIP,lineage,RF,onehot,1,RBT-18-0050-1_S34,0,0.058
CIP,lineage,RF,onehot,1,RBT-18-0052-1_S35,0,0.042
CIP,lineage,RF,onehot,1,RBT-18-0101-1_S22,0,0.382
CIP,lineage,RF,onehot,1,RBT-18-0103-1_S24,0,0.056
CIP,lineage,RF,onehot,1,RBT-18-0116-1_S46,1,0.208
CIP,lineage,RF,onehot,1,RBT-18-0122-1_S63,1,0.764
CIP,lineage,RF,onehot,1,RBT-18-0125-1_S50,0,0.03
CIP,lineage,RF,onehot,1,RBT-18-0127-1_S51,0,0.026
CIP,lineage,RF,onehot,1,RBT-18-0146-1_S55,1,0.798
CIP,lineage,RF,onehot,1,RBT-18-0197-1_S40,0,0.012
CIP,lineage,RF,onehot,1,RBT-18-0224-1_S43,0,0.028
CIP,lineage,RF,onehot,1,RBT-18-0231-1_S14,0,0.154
CIP,lineage,RF,onehot,1,RBT-18-0232-1_S47,0,0.368
CIP,lineage,RF,onehot,1,RBT-18-0246-1_S52,0,0.036
CIP,lineage,RF,onehot,1,RBT-18-0269-1_S61,0,0.034
CIP,lineage,RF,onehot,1,RBT-18-0271-1_S62,0,0.028
CIP,lineage,RF,onehot,1,RBT-18-0288-1_S68,1,0.21
CIP,lineage,RF,onehot,1,RBT-18-0293-1_S71,0,0.026
CIP,lineage,RF,onehot,1,RBT-18-0303-1_S20,1,0.654
CIP,lineage,RF,onehot,1,RBT-18-0339-1_S47,0,0.032
CIP,lineage,RF,onehot,1,RBT-18-0360-1_S39,1,0.654
CIP,lineage,RF,onehot,1,RBT-18-0361-1_S38,0,0.062
CIP,lineage,RF,onehot,1,RBT-18-0364-1_S29,0,0.492
CIP,lineage,RF,onehot,1,RBT-18-0370-1_S33,0,0.418
CIP,lineage,RF,onehot,1,ResetH1_S1_L001,1,0.2
CIP,lineage,RF,onehot,1,ResetV143_S2_L001,1,0.73
CIP,lineage,RF,onehot,1,ResetV161_S3_L001,1,0.604
CIP,lineage,RF,onehot,1,Survcare0111_S29,0,0.386
CIP,lineage,RF,onehot,1,Survcare0114_S37,1,0.21
CIP,lineage,RF,onehot,1,Survcare176_S17_L001,1,0.78
CIP,lineage,RF,onehot,1,Survcare190_S35,0,0.146
CIP,lineage,RF,onehot,1,Survcare221_S7_L001,0,0.012
CIP,lineage,RF,onehot,1,Survcare254_S36,1,0.048
CIP,lineage,RF,onehot,1,Survcare295_S8_L001,1,0.21
CIP,lineage,RF,onehot,1,Survcare313_S24_L001,0,0.11
CIP,lineage,RF,onehot,1,V1_S6_L001,1,0.932
CIP,lineage,RF,onehot,1,V116_S6_L001,1,0.61
CIP,lineage,RF,onehot,1,V123_S1_L001,1,0.168
CIP,lineage,RF,onehot,1,V183_S7_L001,0,0.392
CIP,lineage,RF,onehot,1,V238_S11_L001,1,0.686
CIP,lineage,RF,onehot,1,V279_S8_L001,1,0.412
CIP,lineage,RF,onehot,1,V283_S5_L001,1,0.416
CIP,lineage,RF,onehot,1,V292_S6_L001,1,0.948
CIP,lineage,RF,onehot,1,V41_S2_L001,1,0.92
CIP,lineage,RF,onehot,1,V73_S5_L001,1,0.832
CIP,lineage,RF,onehot,1,V79_S6_L001,1,0.626
CIP,lineage,RF,onehot,1,V80_S7_L001,0,0.372
CIP,lineage,RF,onehot,1,V86_S1_L001,1,0.832
CIP,lineage,RF,onehot,1,V96_S2_L001,1,0.83
CIP,lineage,RF,onehot,1,W2RBF-17-090-1_S26,0,0.384
CIP,lineage,RF,onehot,1,wdh2NRZ-29911a_S31,1,0.176
CIP,lineage,RF,onehot,1,wdhRBF-18-0048-1_S12_L001,0,0.398
CIP,lineage,RF,onehot,1,wdhRBF-18-0049-1_S13_L001,0,0.294
CIP,lineage,RF,onehot,1,WDHRBG-16-060-1_S27,0,0.176
CIP,lineage,RF,onehot,1,WDHRBG-17-0093-1_S1,1,0.74
CIP,lineage,RF,onehot,1,WDHRBG-17-0256-1_S17,1,0.862
CIP,lineage,RF,onehot,1,wRBG-16-024-1_S152,1,0.638
CIP,lineage,RF,onehot,1,wRBG-17-014-1_S167,0,0.154
CIP,lineage,RF,onehot,1,wRBG-17-034-1_S121,0,0.16
CIP,lineage,RF,onehot,1,wRBG-17-049-1_S142,0,0.666
CIP,lineage,RF,onehot,1,wRBG-17-052-1_S120,1,0.01
CIP,lineage,RF,onehot,1,wRBG-17-082-1_S106,0,0.042
CIP,lineage,RF,onehot,1,wRBG-17-100-1_S104,1,0.652
CIP,lineage,RF,onehot,1,wRBG-17-110-1_S168,0,0.648
CIP,lineage,RF,onehot,1,wRBG-17-112-1_S146,0,0.074
CIP,lineage,RF,onehot,1,wwRBF-16-094-1_S13,0,0.018
CIP,lineage,RF,onehot,1,wwRBL-16-111-1_S16,1,0.894
CIP,lineage,RF,onehot,2,H113_S6_L001,1,0.256
CIP,lineage,RF,onehot,2,H141_S6_L001,0,0.442
CIP,lineage,RF,onehot,2,H153_S1_L001,1,0.528
CIP,lineage,RF,onehot,2,H154_S2_L001,1,0.538
CIP,lineage,RF,onehot,2,H160_S3_L001,1,0.536
CIP,lineage,RF,onehot,2,H164_S3_L001,1,0.528
CIP,lineage,RF,onehot,2,H176_S5_L001,1,0.234
CIP,lineage,RF,onehot,2,NNRBG-17-0196-1_S3,0,0.02
CIP,lineage,RF,onehot,2,NNRBG-17-0199-1_S5,1,0.02
CIP,lineage,RF,onehot,2,NNRBG-17-0255-1_S14,1,0.266
CIP,lineage,RF,onehot,2,NNRBG-17-0319-1_S24,0,0.054
CIP,lineage,RF,onehot,2,NNRBG-17-0328-1_S25,0,0.058
CIP,lineage,RF,onehot,2,NNRBG-17-0329-1_S26,0,0.024
CIP,lineage,RF,onehot,2,NNRBG-17-0399-1_S40,0,0.054
CIP,lineage,RF,onehot,2,RBB-18-1488-1_S46,1,0.024
CIP,lineage,RF,onehot,2,RBB-18-1502-1_S47,0,0.45
CIP,lineage,RF,onehot,2,RBBK18-0189-1_S24_L001,1,0.836
CIP,lineage,RF,onehot,2,RBF-10-0240-1_S12_L001,0,0.024
CIP,lineage,RF,onehot,2,RBF-16-0064-1_S136,0,0.05
CIP,lineage,RF,onehot,2,RBF-16-073-1_S23,1,0.772
CIP,lineage,RF,onehot,2,RBF-17-0164-1_S137,0,0.082
CIP,lineage,RF,onehot,2,RBF-17-0173-1_S138,0,0.034
CIP,lineage,RF,onehot,2,RBF-17-0194-1_S140,0,0.054
CIP,lineage,RF,onehot,2,RBF-17-0589-1_S92,0,0.078
CIP,lineage,RF,onehot,2,RBF-17-0602-1_S93,0,0.03
CIP,lineage,RF,onehot,2,RBF-17-0635-1_S98,1,0.27
CIP,lineage,RF,onehot,2,RBF-17-0647-1_S99,0,0.044
CIP,lineage,RF,onehot,2,RBF-17-0651-1_S62,1,0.796
CIP,lineage,RF,onehot,2,RBF-17-277-1_S73,1,0.28
CIP,lineage,RF,onehot,2,RBF-18-0035-1_S6,0,0.43
CIP,lineage,RF,onehot,2,RBF-18-0069-1_S78,1,0.574
CIP,lineage,RF,onehot,2,RBF-18-0085-1_S21,0,0.026
CIP,lineage,RF,onehot,2,RBF-18-0086-1_S22,0,0.022
CIP,lineage,RF,onehot,2,RBF-18-0125-1_S30,0,0.204
CIP,lineage,RF,onehot,2,RBF-18-0127-1_S32,0,0.054
CIP,lineage,RF,onehot,2,RBF-18-0214-1_S51,0,0.054
CIP,lineage,RF,onehot,2,RBF-18-0217-1_S54,0,0.05
CIP,lineage,RF,onehot,2,RBF-18-0252-1_S56,0,0.352
CIP,lineage,RF,onehot,2,RBF-18-0310-1_S36,0,0.418
CIP,lineage,RF,onehot,2,RBF-18-0634-1_S183,1,0.778
CIP,lineage,RF,onehot,2,RBG-17-0269-1_S41,0,0.206
CIP,lineage,RF,onehot,2,RBg-17-123-2_S12,0,0.356
CIP,lineage,RF,onehot,2,RBG-18-0025-1_S9_L001,0,0.028
CIP,lineage,RF,onehot,2,RBG-18-0029-1_S40,0,0.028
CIP,lineage,RF,onehot,2,RBG-18-0041-1_S6,1,0.28
CIP,lineage,RF,onehot,2,RBG-18-0071-1_S44,1,0.28
CIP,lineage,RF,onehot,2,RBG-18-0076-1_S10,1,0.576
CIP,lineage,RF,onehot,2,RBG-18-0077-1_S9,1,0.572
CIP,lineage,RF,onehot,2,RBG-18-0185-1_S40,0,0.056
CIP,lineage,RF,onehot,2,RBG-18-0191-1_S11_L001,0,0.026
CIP,lineage,RF,onehot,2,RBG-18-0256-1_S8_L001,0,0.044
CIP,lineage,RF,onehot,2,RBG-18-0265-1_S49,0,0.044
CIP,lineage,RF,onehot,2,RBG-18-0276-1_S50,1,0.456
CIP,lineage,RF,onehot,2,RBG-18-0301-1_S53,0,0.034
CIP,lineage,RF,onehot,2,RBG-18-0347-1_S22_L001,0,0.468
CIP,lineage,RF,onehot,2,RBG-18-0367-1_S57,1,0.234
CIP,lineage,RF,onehot,2,RBG-18-0394-1_S23_L001,0,0.026
CIP,lineage,RF,onehot,2,RBK-18-0019-1_S195,0,0.026
CIP,lineage,RF,onehot,2,RBK-18-0038-1_S200,0,0.03
CIP,lineage,RF,onehot,2,RBL-17-0076-1_S32,1,0.254
CIP,lineage,RF,onehot,2,RBL-17-0104-1_S149,0,0.034
CIP,lineage,RF,onehot,2,RBL-17-0117-1_S155,0,0.02
CIP,lineage,RF,onehot,2,RBL-17-0129-1_S158,0,0.056
CIP,lineage,RF,onehot,2,RBL-17-0133-1_S159,0,0.054
CIP,lineage,RF,onehot,2,RBL-17-0135-1_S160,0,0.054
CIP,lineage,RF,onehot,2,RBL-17-0138-1_S162,0,0.078
CIP,lineage,RF,onehot,2,RBL-17-0144-1_S163,1,0.312
CIP,lineage,RF,onehot,2,RBL-17-0155-1_S165,1,0.452
CIP,lineage,RF,onehot,2,RBL-17-0197-1_S173,0,0.026
CIP,lineage,RF,onehot,2,RBL-17-0235-1_S92,0,0.07
CIP,lineage,RF,onehot,2,RBL-17-0300-1_S112,0,0.032
CIP,lineage,RF,onehot,2,RBL-17-0306-1_S50,1,0.594
CIP,lineage,RF,onehot,2,RBL-17-0324-1_S54,0,0.41
CIP,lineage,RF,onehot,2,RBL-17-0393-1_S123,0,0.026
CIP,lineage,RF,onehot,2,RBL-17-0409-1_S127,0,0.028
CIP,lineage,RF,onehot,2,RBL-17-0429-1_S130,0,0.048
CIP,lineage,RF,onehot,2,RBL-17-0434-1_S133,0,0.486
CIP,lineage,RF,onehot,2,RBL-18-0019-1_S41,0,0.024
CIP,lineage,RF,onehot,2,RBL-18-0032-1_S167,0,0.04
CIP,lineage,RF,onehot,2,RBT-17-0011-1_S19,0,0.056
CIP,lineage,RF,onehot,2,RBT-17-0023-1_S25,1,0.834
CIP,lineage,RF,onehot,2,RBT-17-0024-1_S23,0,0.052
CIP,lineage,RF,onehot,2,RBT-17-0033-1_S12,1,0.988
CIP,lineage,RF,onehot,2,RBT-17-0082-1_S30,0,0.024
CIP,lineage,RF,onehot,2,RBT-17-0090-1_S32,0,0.018
CIP,lineage,RF,onehot,2,RBT-17-0109-1_S40,0,0.054
CIP,lineage,RF,onehot,2,RBT-17-0130-1_S27,0,0.34
CIP,lineage,RF,onehot,2,RBT-17-0142-1_S53,0,0.028
CIP,lineage,RF,onehot,2,RBT-17-0150-1_S54,0,0.026
CIP,lineage,RF,onehot,2,RBT-17-0217-1_S7,1,0.808
CIP,lineage,RF,onehot,2,RBT-17-0243-1_S11,0,0.056
CIP,lineage,RF,onehot,2,RBT-17-0337-1_S19,0,0.026
CIP,lineage,RF,onehot,2,RBT-18-0030-1_S69,0,0.032
CIP,lineage,RF,onehot,2,RBT-18-0046-1_S2,1,0.582
CIP,lineage,RF,onehot,2,RBT-18-0057-1_S38,0,0.204
CIP,lineage,RF,onehot,2,RBT-18-0066-1_S40,0,0.026
CIP,lineage,RF,onehot,2,RBT-18-0071-1_S41,0,0.234
CIP,lineage,RF,onehot,2,RBT-18-0100-1_S21,1,0.574
CIP,lineage,RF,onehot,2,RBT-18-0113-1_S44,0,0.026
CIP,lineage,RF,onehot,2,RBT-18-0120-1_S48,1,0.574
CIP,lineage,RF,onehot,2,RBT-18-0129-1_S52,0,0.494
CIP,lineage,RF,onehot,2,RBT-18-0134-1_S29,0,0.026
CIP,lineage,RF,onehot,2,RBT-18-0230-1_S45,0,0.03
CIP,lineage,RF,onehot,2,RBT-18-0317-1_S27,0,0.058
CIP,lineage,RF,onehot,2,ResetH152_S4_L001,1,0.528
CIP,lineage,RF,onehot,2,ResetH68_S1_L001,0,0.024
CIP,lineage,RF,onehot,2,ResetH98_S4_L001,0,0.084
CIP,lineage,RF,onehot,2,ResetV210_S4_L001,1,0.586
CIP,lineage,RF,onehot,2,ResetV76_S7_L001,0,0.166
CIP,lineage,RF,onehot,2,Survcare052_S22,1,0.902
CIP,lineage,RF,onehot,2,Survcare104_S16_L001,1,0.432
CIP,lineage,RF,onehot,2,Survcare130_S2,0,0.054
CIP,lineage,RF,onehot,2,Survcare230_S17_L001,1,0.738
CIP,lineage,RF,onehot,2,Survcare234_S3_L001,0,0.028
CIP,lineage,RF,onehot,2,Survcare289_S36,1,0.63
CIP,lineage,RF,onehot,2,Survcare292_S39,1,0.672
CIP,lineage,RF,onehot,2,Survcare293_S40,1,0.626
CIP,lineage,RF,onehot,2,Survcare309_S20_L001,1,0.624
CIP,lineage,RF,onehot,2,Survcare310_S21_L001,0,0.214
CIP,lineage,RF,onehot,2,Survcare317_S5_L001,1,0.808
CIP,lineage,RF,onehot,2,Survcare329_S3,1,0.422
CIP,lineage,RF,onehot,2,V111_S3_L001,0,0.48
CIP,lineage,RF,onehot,2,V114_S5_L001,1,0.49
CIP,lineage,RF,onehot,2,V120_S5_L001,1,0.576
CIP,lineage,RF,onehot,2,V130_S5_L001,1,0.566
CIP,lineage,RF,onehot,2,V139_S7_L001,1,0.572
CIP,lineage,RF,onehot,2,V168_S9_L001,1,0.636
CIP,lineage,RF,onehot,2,V177_S6_L001,1,0.386
CIP,lineage,RF,onehot,2,V201_S4_L001,1,0.49
CIP,lineage,RF,onehot,2,V205_S3_L001,1,0.574
CIP,lineage,RF,onehot,2,V268_S12_L001,1,0.57
CIP,lineage,RF,onehot,2,V271_S13_L001,1,0.572
CIP,lineage,RF,onehot,2,V40_S2_L001,1,0.842
CIP,lineage,RF,onehot,2,V9_S1_L001,1,0.842
CIP,lineage,RF,onehot,2,W2RBF-17-133-1_S28,0,0.388
CIP,lineage,RF,onehot,2,wdh-RBB-16-025-1_S20,1,0.836
CIP,lineage,RF,onehot,2,wdhRBF-18-0057_S14_L001,0,0.028
CIP,lineage,RF,onehot,2,wRBG-16-026-1_S163,0,0.024
CIP,lineage,RF,onehot,2,wRBG-16-032-1_S142,0,0.026
CIP,lineage,RF,onehot,2,wRBG-17-021-1_S166,0,0.028
CIP,lineage,RF,onehot,2,wRBG-17-022-1_S43,1,0.648
CIP,lineage,RF,onehot,2,wRBG-17-025-1_S133,0,0.028
CIP,lineage,RF,onehot,2,wRBG-17-058-1_S130,0,0.034
CIP,lineage,RF,onehot,2,wRBG-17-072-1_S129,0,0.028
CIP,lineage,RF,onehot,2,wRBG-17-081-1_S117,0,0.036
CIP,lineage,RF,onehot,2,wwRBK-17-0278-1_S41,0,0.256
CIP,lineage,RF,onehot,3,H100_S2_L001,0,0.106
CIP,lineage,RF,onehot,3,H109_S2_L001,0,0.358
CIP,lineage,RF,onehot,3,H119_S7_L001,1,0.974
CIP,lineage,RF,onehot,3,H123_S1_L001,1,0.83
CIP,lineage,RF,onehot,3,H66_S1_L001,1,0.74
CIP,lineage,RF,onehot,3,NNRBG-17-0205-1_S7,1,0.37
CIP,lineage,RF,onehot,3,NNRBG-17-0227-1_S8,0,0.028
CIP,lineage,RF,onehot,3,NNRBG-17-0234-1_S9,0,0.038
CIP,lineage,RF,onehot,3,NNRBG-17-0239-1_S10,0,0.062
CIP,lineage,RF,onehot,3,NNRBG-17-0294-1_S18,0,0.308
CIP,lineage,RF,onehot,3,NNSurvcare045_S41,1,0.926
CIP,lineage,RF,onehot,3,RBB-18-0129-1_S179,1,0.854
CIP,lineage,RF,onehot,3,RBB-18-0546-1_S22_L001,1,0.664
CIP,lineage,RF,onehot,3,RBB-18-0665-1_S23_L001,1,0.802
CIP,lineage,RF,onehot,3,RBB-18-1086-1_S189_2,0,0.294
CIP,lineage,RF,onehot,3,RBB-18-1312-1_S43,1,0.704
CIP,lineage,RF,onehot,3,RBB-18-1393-1_S48,1,0.71
CIP,lineage,RF,onehot,3,RBF-17-0424-1_S15,1,0.564
CIP,lineage,RF,onehot,3,RBF-17-0450-1_S10,1,0.558
CIP,lineage,RF,onehot,3,RBF-17-0513-1_S76,0,0.976
CIP,lineage,RF,onehot,3,RBF-17-0520-2_S55,1,0.844
CIP,lineage,RF,onehot,3,RBF-17-0532-1_S80,1,0.574
CIP,lineage,RF,onehot,3,RBF-17-0532-2_S31,1,0.554
CIP,lineage,RF,onehot,3,RBF-17-0587-1_S91,0,0.034
CIP,lineage,RF,onehot,3,RBF-17-0632-1_S97,0,0.064
CIP,lineage,RF,onehot,3,RBF-17-0648-1_S100,0,0.218
CIP,lineage,RF,onehot,3,RBF-18-0013-1_S25_L001,0,0.032
CIP,lineage,RF,onehot,3,RBF-18-0064-2_S14,0,0.066
CIP,lineage,RF,onehot,3,RBF-18-0072-1_S16,0,0.032
CIP,lineage,RF,onehot,3,RBF-18-0088-1_S24,1,0.582
CIP,lineage,RF,onehot,3,RBF-18-0099-1_S26,0,0.064
CIP,lineage,RF,onehot,3,RBF-18-0132-1_S26,0,0.164
CIP,lineage,RF,onehot,3,RBF-18-0135-1_S34,1,0.572
CIP,lineage,RF,onehot,3,RBF-18-0179-1_S29,0,0.438
CIP,lineage,RF,onehot,3,RBF-18-0294-1_S64,0,0.034
CIP,lineage,RF,onehot,3,RBF-18-0296-1_S17,0,0.064
CIP,lineage,RF,onehot,3,RBF-18-0333-1_S70,0,0.128
CIP,lineage,RF,onehot,3,RBG-18-0017-1_S5,1,0.066
CIP,lineage,RF,onehot,3,RBG-18-0055-1_S43,1,0.788
CIP,lineage,RF,onehot,3,RBG-18-0108-1_S16,0,0.056
CIP,lineage,RF,onehot,3,RBG-18-0113-1_S13_L001,0,0.106
CIP,lineage,RF,onehot,3,RBG-18-0144-1_S38,0,0.182
CIP,lineage,RF,onehot,3,RBG-18-0166-1_S10_L001,0,0.066
CIP,lineage,RF,onehot,3,RBG-18-0202-1_S13_L001,0,0.286
CIP,lineage,RF,onehot,3,RBG-18-0300-1_S52,0,0.032
CIP,lineage,RF,onehot,3,RBG-18-0352-1_S21_L001,0,0.206
CIP,lineage,RF,onehot,3,RBG-18-0381-1_S49,0,0.064
CIP,lineage,RF,onehot,3,RBK-16-007-1_S13,1,0.044
CIP,lineage,RF,onehot,3,RBK-17-049-1_S62,1,0.636
CIP,lineage,RF,onehot,3,RBK-18-0002-1_S38,1,0.064
CIP,lineage,RF,onehot,3,RBK-18-0005-1_S18,0,0.184
CIP,lineage,RF,onehot,3,RBK-18-0250-1_S235_2,1,0.78
CIP,lineage,RF,onehot,3,RBL-17-0090-1_S145,0,0.016
CIP,lineage,RF,onehot,3,RBL-17-0108-1_S151,0,0.062
CIP,lineage,RF,onehot,3,RBL-17-0116-1_S154,0,0.062
CIP,lineage,RF,onehot,3,RBL-17-0205-1_S175,0,0.032
CIP,lineage,RF,onehot,3,RBL-17-0217-1_S176,0,0.256
CIP,lineage,RF,onehot,3,RBL-17-0259-1_S99,0,0.066
CIP,lineage,RF,onehot,3,RBL-17-0327-1_S116,0,0.064
CIP,lineage,RF,onehot,3,RBL-17-0340-1_S102,0,0.016
CIP,lineage,RF,onehot,3,RBL-17-0342-1_S103,0,0.064
CIP,lineage,RF,onehot,3,RBL-17-0347-1_S104,0,0.016
CIP,lineage,RF,onehot,3,RBL-17-0365-1_S112,0,0.066
CIP,lineage,RF,onehot,3,RBL-17-0366-1_S113,1,0.056
CIP,lineage,RF,onehot,3,RBL-17-0368-1_S114,0,0.026
CIP,lineage,RF,onehot,3,RBL-17-0390-1_S121,0,0.06
CIP,lineage,RF,onehot,3,RBL-17-0395-1_S124,0,0.028
CIP,lineage,RF,onehot,3,RBL-17-0402-1_S126,0,0.028
CIP,lineage,RF,onehot,3,RBL-17-0435-1_S134,0,0.034
CIP,lineage,RF,onehot,3,RBL-17-075-1_S18,1,0.65
CIP,lineage,RF,onehot,3,RBL-18-0016-1_S161,0,0.034
CIP,lineage,RF,onehot,3,RBL-18-0021-1_S42,1,0.668
CIP,lineage,RF,onehot,3,RBL-18-0037-1_S168,0,0.108
CIP,lineage,RF,onehot,3,RBL-18-0055-1_S170,0,0.086
CIP,lineage,RF,onehot,3,RBL-18-0066-1_S173,0,0.066
CIP,lineage,RF,onehot,3,RBL-18-0085-1_S176,0,0.042
CIP,lineage,RF,onehot,3,RBT-17-0027-1_S3,0,0.064
CIP,lineage,RF,onehot,3,RBT-17-0097-1_S34,1,0.15
CIP,lineage,RF,onehot,3,RBT-17-0100-1_S36,1,0.044
CIP,lineage,RF,onehot,3,RBT-17-0149-1_S13,0,0.098
CIP,lineage,RF,onehot,3,RBT-17-0156-1_S56,1,0.986
CIP,lineage,RF,onehot,3,RBT-17-0165-1_S60,0,0.212
CIP,lineage,RF,onehot,3,RBT-17-0178-1_S66,0,0.062
CIP,lineage,RF,onehot,3,RBT-17-0210-1_S55,0,0.034
CIP,lineage,RF,onehot,3,RBT-17-0228-1_S10,0,0.35
CIP,lineage,RF,onehot,3,RBT-17-0256-1_S25,0,0.612
CIP,lineage,RF,onehot,3,RBT-17-0285-1_S66,1,0.802
CIP,lineage,RF,onehot,3,RBT-17-0287-1_S10,0,0.176
CIP,lineage,RF,onehot,3,RBT-17-0291-1_S14,1,0.554
CIP,lineage,RF,onehot,3,RBT-18-0023-1_S14,0,0.182
CIP,lineage,RF,onehot,3,RBT-18-0045-1_S70,1,0.372
CIP,lineage,RF,onehot,3,RBT-18-0064-1_S15,0,0.392
CIP,lineage,RF,onehot,3,RBT-18-0095-1_S19,0,0.036
CIP,lineage,RF,onehot,3,RBT-18-0096-1_S20,0,0.056
CIP,lineage,RF,onehot,3,RBT-18-0164-1_S34,1,0.042
CIP,lineage,RF,onehot,3,RBT-18-0173-1_S35,1,0.242
CIP,lineage,RF,onehot,3,RBT-18-0184-1_S38,1,0.044
CIP,lineage,RF,onehot,3,RBT-18-0185-1_S39,0,0.034
CIP,lineage,RF,onehot,3,RBT-18-0236-1_S48,1,0.044
CIP,lineage,RF,onehot,3,RBT-18-0241-1_S50,0,0.11
CIP,lineage,RF,onehot,3,RBT-18-0251-1_S7,0,0.122
CIP,lineage,RF,onehot,3,RBT-18-0259-1_S55,0,0.228
CIP,lineage,RF,onehot,3,RBT-18-0263-1_S58,0,0.138
CIP,lineage,RF,onehot,3,RBT-18-0265-1_S59,0,0.25
CIP,lineage,RF,onehot,3,RBT-18-0316-1_S43,0,0.064
CIP,lineage,RF,onehot,3,RBT-18-0377-1_S1,0,0.502
CIP,lineage,RF,onehot,3,ResetH10_S1_L001,1,0.376
CIP,lineage,RF,onehot,3,ResetH134_S8_L001,0,0.25
CIP,lineage,RF,onehot,3,ResetH30_S4_L001,0,0.214
CIP,lineage,RF,onehot,3,ResetH93_S5_L001,1,0.4
CIP,lineage,RF,onehot,3,ResetV105_S1_L001,1,0.342
CIP,lineage,RF,onehot,3,ResetV288_S6_L001,1,0.79
CIP,lineage,RF,onehot,3,ResetV63_S5_L001,1,0.788
CIP,lineage,RF,onehot,3,ResetV74_S7_L001,1,0.866
CIP,lineage,RF,onehot,3,Survcare058_S26,1,0.696
CIP,lineage,RF,onehot,3,Survcare129_S1,0,0.034
CIP,lineage,RF,onehot,3,Survcare278_S62,1,0.794
CIP,lineage,RF,onehot,3,Survcare321_S18,1,0.694
CIP,lineage,RF,onehot,3,V153_S4_L001,0,0.35
CIP,lineage,RF,onehot,3,V155_S5_L001,0,0.35
CIP,lineage,RF,onehot,3,V158_S4_L001,0,0.488
CIP,lineage,RF,onehot,3,V289_S5_L001,1,0.79
CIP,lineage,RF,onehot,3,V64_S3_L001,1,0.784
CIP,lineage,RF,onehot,3,V71_S4_L001,1,0.976
CIP,lineage,RF,onehot,3,V8_S7_L001,0,0.376
CIP,lineage,RF,onehot,3,wdh-RBL-17-0361-1_S44,0,0.028
CIP,lineage,RF,onehot,3,wdh-Survcare119_S44,0,0.158
CIP,lineage,RF,onehot,3,wdhRBF-17-0564-1_S230,1,0.706
CIP,lineage,RF,onehot,3,wdhRBF-18-0025-1_S11_L001,0,0.196
CIP,lineage,RF,onehot,3,wdhRBF-18-0059-1_S15_L001,0,0.096
CIP,lineage,RF,onehot,3,WDHRBG-16-049-1_S87,1,0.896
CIP,lineage,RF,onehot,3,WDHRBG-16-050-1_S40,1,0.634
CIP,lineage,RF,onehot,3,WDHRBG-16-062-1_S49,0,0.064
CIP,lineage,RF,onehot,3,WDHRBG-17-001-1_S82,1,0.044
CIP,lineage,RF,onehot,3,WDHRBG-17-121-1_S46,0,0.122
CIP,lineage,RF,onehot,3,WDHRBG-17-122-1_S48,1,0.506
CIP,lineage,RF,onehot,3,wNRZ-33910_S81,0,0.364
CIP,lineage,RF,onehot,3,wRBG-16-034-1_S164,0,0.188
CIP,lineage,RF,onehot,3,wRBG-17-023-1_S155,0,0.178
CIP,lineage,RF,onehot,3,wRBG-17-030-1_S165,0,0.232
CIP,lineage,RF,onehot,3,wRBG-17-075-1_S96,0,0.07
CIP,lineage,RF,onehot,3,wRBG-17-102-1_S169,0,0.424
CIP,lineage,RF,onehot,3,wwRBF-17-251-1_S33,1,0.666
CIP,lineage,RF,onehot,3,wwRBK-17-0298-1_S42,1,0.636
CIP,lineage,RF,onehot,3,WWSurvcare043_S43,1,0.92
CIP,lineage,RF,onehot,4,H108_S5_L001,0,0.286
CIP,lineage,RF,onehot,4,H116_S8_L001,1,0.352
CIP,lineage,RF,onehot,4,H130_S2_L001,0,0.286
CIP,lineage,RF,onehot,4,H136_S7_L001,1,0.45
CIP,lineage,RF,onehot,4,H38_S4_L001,1,0.844
CIP,lineage,RF,onehot,4,H69_S6_L001,1,0.896
CIP,lineage,RF,onehot,4,NNRBG-17-0193-1_S2,0,0.038
CIP,lineage,RF,onehot,4,NNRBG-17-0201-1_S6,0,0.698
CIP,lineage,RF,onehot,4,NNRBG-17-0278-1_S16,0,0.178
CIP,lineage,RF,onehot,4,NNRBG-17-0298-1_S19,0,0.198
CIP,lineage,RF,onehot,4,NNRBG-17-0346-1_S30,1,0.712
CIP,lineage,RF,onehot,4,RBB-18-0490-1_S20_L001,1,0.758
CIP,lineage,RF,onehot,4,RBB-18-0519-1_S184,1,0.368
CIP,lineage,RF,onehot,4,RBB-18-0765-1_S191,1,0.724
CIP,lineage,RF,onehot,4,RBB-18-0772-1_S192,1,0.382
CIP,lineage,RF,onehot,4,RBB-18-0972-1_S203_2,1,0.85
CIP,lineage,RF,onehot,4,RBF-17-0178-1_S139,1,0.89
CIP,lineage,RF,onehot,4,RBF-17-0195-1_S141,0,0.47
CIP,lineage,RF,onehot,4,RBF-17-0509-1_S74,0,0.202
CIP,lineage,RF,onehot,4,RBF-17-0523-1_S30,0,0.476
CIP,lineage,RF,onehot,4,RBF-17-0605-1_S94,0,0.284
CIP,lineage,RF,onehot,4,RBF-17-0616-1_S96,0,0.366
CIP,lineage,RF,onehot,4,RBF-18-0027-1_S5,1,0.68
CIP,lineage,RF,onehot,4,RBF-18-0093-1_S80,1,0.842
CIP,lineage,RF,onehot,4,RBF-18-0121-1_S28,1,0.452
CIP,lineage,RF,onehot,4,RBF-18-0139-1_S35,0,0.334
CIP,lineage,RF,onehot,4,RBF-18-0147-1_S36,0,0.288
CIP,lineage,RF,onehot,4,RBF-18-0172-1_S40,1,0.45
CIP,lineage,RF,onehot,4,RBF-18-0184-1_S30,1,0.898
CIP,lineage,RF,onehot,4,RBF-18-0192-1_S44,0,0.194
CIP,lineage,RF,onehot,4,RBF-18-0200-1_S48,0,0.49
CIP,lineage,RF,onehot,4,RBF-18-0208-2_S11_L001,0,0.11
CIP,lineage,RF,onehot,4,RBF-18-0251-1_S55,0,0.44
CIP,lineage,RF,onehot,4,RBF-18-0259-1_S33,0,0.494
CIP,lineage,RF,onehot,4,RBF-18-0280-1_S62,0,0.296
CIP,lineage,RF,onehot,4,RBF-18-0405-1_S81_2,1,0.36
CIP,lineage,RF,onehot,4,RBF-18-0664-1_S190,0,0.426
CIP,lineage,RF,onehot,4,RBG-17-013-1_S16,1,0.91
CIP,lineage,RF,onehot,4,RBG-17-0284-1_S59,0,0.29
CIP,lineage,RF,onehot,4,RBG-18-0012-1_S3,1,0.304
CIP,lineage,RF,onehot,4,RBG-18-0140-1_S14_L001,0,0.29
CIP,lineage,RF,onehot,4,RBG-18-0221-1_S47,1,0.352
CIP,lineage,RF,onehot,4,RBG-18-0239-1_S4,0,0.442
CIP,lineage,RF,onehot,4,RBG-18-0312-1_S55,1,0.744
CIP,lineage,RF,onehot,4,RBG-18-0355-1_S19_L001,0,0.474
CIP,lineage,RF,onehot,4,RBG-18-0383-1_S37,1,0.372
CIP,lineage,RF,onehot,4,RBG-18-0402-1_S50,1,0.802
CIP,lineage,RF,onehot,4,RBK-16-073-1_S14,0,0.444
CIP,lineage,RF,onehot,4,RBK-17-0595-1_S187,0,0.546
CIP,lineage,RF,onehot,4,RBK-18-0047-1_S20,0,0.284
CIP,lineage,RF,onehot,4,RBK-18-0104-1_S206,0,0.046
CIP,lineage,RF,onehot,4,RBL-17-0118-1_S156,0,0.086
CIP,lineage,RF,onehot,4,RBL-17-0172-1_S170,0,0.044
CIP,lineage,RF,onehot,4,RBL-17-0189-1_S172,0,0.078
CIP,lineage,RF,onehot,4,RBL-17-0256-1_S98,0,0.382
CIP,lineage,RF,onehot,4,RBL-17-0261-1_S100,1,0.148
CIP,lineage,RF,onehot,4,RBL-17-0320-1_S114,1,0.708
CIP,lineage,RF,onehot,4,RBL-17-0332-1_S118,0,0.352
CIP,lineage,RF,onehot,4,RBL-17-0360-1_S108,0,0.422
CIP,lineage,RF,onehot,4,RBL-17-0411-1_S128,0,0.05
CIP,lineage,RF,onehot,4,RBL-17-0428-1_S70,1,0.366
CIP,lineage,RF,onehot,4,RBL-18-0002-1_S158,0,0.442
CIP,lineage,RF,onehot,4,RBL-18-0010-1_S159,0,0.336
CIP,lineage,RF,onehot,4,RBL-18-0022-1_S43,0,0.084
CIP,lineage,RF,onehot,4,RBT-16-0045-1_S58,1,0.408
CIP,lineage,RF,onehot,4,RBT-17-0003-1_S16,0,0.096
CIP,lineage,RF,onehot,4,RBT-17-0022-1_S24,0,0.486
CIP,lineage,RF,onehot,4,RBT-17-0099-1_S35,1,0.68
CIP,lineage,RF,onehot,4,RBT-17-0107-1_S39,0,0.168
CIP,lineage,RF,onehot,4,RBT-17-0133-1_S6,1,0.892
CIP,lineage,RF,onehot,4,RBT-17-0138-1_S52,1,0.758
CIP,lineage,RF,onehot,4,RBT-17-0161-1_S57,0,0.028
CIP,lineage,RF,onehot,4,RBT-17-0177-1_S65,1,0.46
CIP,lineage,RF,onehot,4,RBT-17-0177-2_S7,1,0.46
CIP,lineage,RF,onehot,4,RBT-18-0004-1_S51,1,0.892
CIP,lineage,RF,onehot,4,RBT-18-0017-1_S67,0,0.038
CIP,lineage,RF,onehot,4,RBT-18-0042-1_S60,0,0.04
CIP,lineage,RF,onehot,4,RBT-18-0056-1_S37,0,0.04
CIP,lineage,RF,onehot,4,RBT-18-0080-1_S49,1,0.754
CIP,lineage,RF,onehot,4,RBT-18-0091-1_S42,0,0.1
CIP,lineage,RF,onehot,4,RBT-18-0102-1_S23,0,0.04
CIP,lineage,RF,onehot,4,RBT-18-0110-1_S27,1,0.68
CIP,lineage,RF,onehot,4,RBT-18-0121-1_S28,0,0.092
CIP,lineage,RF,onehot,4,RBT-18-0133-1_S30,0,0.08
CIP,lineage,RF,onehot,4,RBT-18-0141-1_S32,0,0.04
CIP,lineage,RF,onehot,4,RBT-18-0179-1_S37,0,0.264
CIP,lineage,RF,onehot,4,RBT-18-0181-1_S61,1,0.364
CIP,lineage,RF,onehot,4,RBT-18-0247-1_S16,1,0.888
CIP,lineage,RF,onehot,4,RBT-18-0252-1_S53,1,0.824
CIP,lineage,RF,onehot,4,RBT-18-0275-1_S63,0,0.476
CIP,lineage,RF,onehot,4,RBT-18-0283-1_S65,0,0.042
CIP,lineage,RF,onehot,4,RBT-18-0292-1_S70,0,0.08
CIP,lineage,RF,onehot,4,RBT-18-0325-1_S44,0,0.352
CIP,lineage,RF,onehot,4,RBT-18-0331-1_S22,0,0.04
CIP,lineage,RF,onehot,4,RBT-18-0334-1_S23,0,0.058
CIP,lineage,RF,onehot,4,RBT-18-0340-1_S36,0,0.042
CIP,lineage,RF,onehot,4,RBT-18-0341-1_S24,1,0.474
CIP,lineage,RF,onehot,4,RBT-18-0351-1_S48,0,0.264
CIP,lineage,RF,onehot,4,RBT-18-0357-1_S27,0,0.038
CIP,lineage,RF,onehot,4,RBT-18-0365-1_S30,0,0.162
CIP,lineage,RF,onehot,4,RBT-18-0384-1_S40,0,0.476
CIP,lineage,RF,onehot,4,RBT-18-0385-1_S34,0,0.036
CIP,lineage,RF,onehot,4,ResetH115_S6_L001,1,0.828
CIP,lineage,RF,onehot,4,ResetH139_S3_L001,0,0.286
CIP,lineage,RF,onehot,4,ResetH16_S2_L001,1,0.82
CIP,lineage,RF,onehot,4,ResetH24a_S3_2_L001,1,0.36
CIP,lineage,RF,onehot,4,ResetH44_S3_L001,1,0.33
CIP,lineage,RF,onehot,4,ResetH8_S2_L001,0,0.26
CIP,lineage,RF,onehot,4,ResetH89_S3_L001,0,0.396
CIP,lineage,RF,onehot,4,ResetH92_S4_L001,1,0.896
CIP,lineage,RF,onehot,4,ResetH99_S5_L001,0,0.42
CIP,lineage,RF,onehot,4,ResetV70_S6_L001,1,0.36
CIP,lineage,RF,onehot,4,RPG-18-0435-1_S32,0,0.038
CIP,lineage,RF,onehot,4,Survcare133_S25,0,0.43
CIP,lineage,RF,onehot,4,Survcare134_S26,0,0.426
CIP,lineage,RF,onehot,4,Survcare140_S4_L001,0,0.43
CIP,lineage,RF,onehot,4,Survcare253_S35,1,0.798
CIP,lineage,RF,onehot,4,Survcare262_S23_L001,1,0.314
CIP,lineage,RF,onehot,4,Survcare303_S15_L001,0,0.428
CIP,lineage,RF,onehot,4,Survcare318_S20_L001,0,0.474
CIP,lineage,RF,onehot,4,Survcare319_S16,0,0.474
CIP,lineage,RF,onehot,4,Survcare337_S12,0,0.312
CIP,lineage,RF,onehot,4,Survcare350_S44,1,0.294
CIP,lineage,RF,onehot,4,Survcare360_S84,1,0.74
CIP,lineage,RF,onehot,4,V108_S2_L001,0,0.412
CIP,lineage,RF,onehot,4,V113_S3_L001,0,0.396
CIP,lineage,RF,onehot,4,V131_S7_L001,1,0.262
CIP,lineage,RF,onehot,4,V152_S3_L001,0,0.088
CIP,lineage,RF,onehot,4,V163_S6_L001,0,0.316
CIP,lineage,RF,onehot,4,V182_S6_L001,1,0.898
CIP,lineage,RF,onehot,4,V195_S1_L001,1,0.302
CIP,lineage,RF,onehot,4,V98_S3_L001,1,0.358
CIP,lineage,RF,onehot,4,w2RBG-16-037-1_S34,1,0.734
CIP,lineage,RF,onehot,4,wdhRBF-18-0080-1_S17_L001,0,0.842
CIP,lineage,RF,onehot,4,wdhRBF-18-0098-1_S19_L001,0,0.234
CIP,lineage,RF,onehot,4,WDHRBG-17-005-2_S61,0,0.192
CIP,lineage,RF,onehot,4,WDHRBG-17-008-1_S83,0,0.436
CIP,lineage,RF,onehot,4,wdhRBL-17-0370-1_S232,1,0.7
CIP,lineage,RF,onehot,4,wNRZ-32446_S79,1,0.56
CIP,lineage,RF,onehot,4,wRBG-16-027-1_S174,0,0.466
CIP,lineage,RF,onehot,4,wRBG-17-028-1_S100,0,0.082
CIP,lineage,RF,onehot,4,wRBG-17-031-1_S154,0,0.094
CIP,lineage,RF,onehot,4,wRBG-17-047-1_S153,0,0.036
CIP,lineage,RF,onehot,4,wRBG-17-073-1_S118,0,0.466
CIP,lineage,RF,onehot,4,wwRBB-17-031-1_S25,1,0.762
