antibiotic,split,model,encoding,fold,isolate,y_true,prob
CTX,random,LR,label,0,H105_S3_L001,1,0.9201303720474243
CTX,random,LR,label,0,H113_S6_L001,1,0.008215278387069702
CTX,random,LR,label,0,H119_S7_L001,1,0.9995993971824646
CTX,random,LR,label,0,H122_S4_L001,1,0.672062337398529
CTX,random,LR,label,0,H37_S3_L001,1,0.8950939774513245
CTX,random,LR,label,0,H66_S1_L001,1,0.9999971389770508
CTX,random,LR,label,0,H83_S7_L001,1,0.9999961853027344
CTX,random,LR,label,0,NNRBG-17-0201-1_S6,0,1.2220078133395873e-05
CTX,random,LR,label,0,NNRBG-17-0242-1_S11,0,0.48881271481513977
CTX,random,LR,label,0,NNRBG-17-0316-1_S23,0,0.008973288349807262
CTX,random,LR,label,0,NNRBG-17-0328-1_S25,0,0.0030062603764235973
CTX,random,LR,label,0,NNRBG-17-0378-1_S37,0,0.9595721960067749
CTX,random,LR,label,0,NNRBG-17-0382-1_S38,0,2.974434798940981e-14
CTX,random,LR,label,0,RBB-17-171-1_S52,1,0.9998617172241211
CTX,random,LR,label,0,RBB-18-0129-1_S179,1,0.9922399520874023
CTX,random,LR,label,0,RBB-18-0665-1_S23_L001,1,0.6655181646347046
CTX,random,LR,label,0,RBB-18-0826-1_S193,1,0.9981188178062439
CTX,random,LR,label,0,RBB-18-0892-1_S80_2,1,1.0
CTX,random,LR,label,0,RBB-18-0972-1_S203_2,1,0.9999996423721313
CTX,random,LR,label,0,RBB-18-1488-1_S46,1,1.5663763974771427e-07
CTX,random,LR,label,0,RBF-16-0064-1_S136,0,0.002295302925631404
CTX,random,LR,label,0,RBF-16-060-1_S22,1,0.9620489478111267
CTX,random,LR,label,0,RBF-16-073-1_S23,1,0.9999998807907104
CTX,random,LR,label,0,RBF-17-0508-1_S73,0,0.95320063829422
CTX,random,LR,label,0,RBF-17-0521-1_S78,0,0.9274783730506897
CTX,random,LR,label,0,RBF-17-0532-1_S80,0,0.0012342740083113313
CTX,random,LR,label,0,RBF-17-0572-2_S89,0,4.313274928335886e-07
CTX,random,LR,label,0,RBF-17-0602-1_S93,0,0.008171449415385723
CTX,random,LR,label,0,RBF-17-0632-1_S97,0,3.611431509398244e-07
CTX,random,LR,label,0,RBF-17-0653-1_S101,0,0.0018243325175717473
CTX,random,LR,label,0,RBF-17-266-1_S70,1,0.7303314805030823
CTX,random,LR,label,0,RBF-17-277-1_S73,1,6.897570159480892e-08
CTX,random,LR,label,0,RBF-18-0068-1_S77,1,0.027048533782362938
CTX,random,LR,label,0,RBF-18-0085-1_S21,0,2.328003574803006e-06
CTX,random,LR,label,0,RBF-18-0125-1_S30,0,0.7542046308517456
CTX,random,LR,label,0,RBF-18-0126-1_S31,0,0.012003379873931408
CTX,random,LR,label,0,RBF-18-0127-1_S32,0,0.6534607410430908
CTX,random,LR,label,0,RBF-18-0173-1_S27,0,0.6431831121444702
CTX,random,LR,label,0,RBF-18-0179-1_S29,0,0.999977707862854
CTX,random,LR,label,0,RBF-18-0192-1_S44,0,0.1473037153482437
CTX,random,LR,label,0,RBF-18-0259-1_S33,0,9.004304956761189e-06
CTX,random,LR,label,0,RBF-18-0280-1_S62,0,2.0408171508279338e-07
CTX,random,LR,label,0,RBF-18-0282-1_S63,0,5.6128387768694665e-06
CTX,random,LR,label,0,RBF-18-0294-1_S64,0,1.121079762356203e-07
CTX,random,LR,label,0,RBF-18-0339-1_S37,0,0.013048388063907623
CTX,random,LR,label,0,RBF-18-0405-1_S81_2,1,0.999421238899231
CTX,random,LR,label,0,RBG-17-0351-1_S20_L001,1,0.9989333748817444
CTX,random,LR,label,0,RBG-17-0383-1_S44,0,0.018849318847060204
CTX,random,LR,label,0,RBG-18-0023-1_S2,0,0.000306479079881683
CTX,random,LR,label,0,RBG-18-0025-1_S9_L001,0,2.8270219498693905e-09
CTX,random,LR,label,0,RBG-18-0029-1_S40,0,8.209137831727276e-07
CTX,random,LR,label,0,RBG-18-0071-1_S44,0,0.0005148807540535927
CTX,random,LR,label,0,RBG-18-0077-1_S9,1,0.999210000038147
CTX,random,LR,label,0,RBG-18-0144-1_S38,0,6.822283467045054e-06
CTX,random,LR,label,0,RBG-18-0191-1_S11_L001,0,0.0009423776064068079
CTX,random,LR,label,0,RBG-18-0202-1_S13_L001,0,0.9941766262054443
CTX,random,LR,label,0,RBG-18-0204-1_S23_L001,0,0.9692906737327576
CTX,random,LR,label,0,RBG-18-0209-2_S46,0,0.008816078305244446
CTX,random,LR,label,0,RBG-18-0280-1_S51,0,0.00019675063958857208
CTX,random,LR,label,0,RBG-18-0367-1_S57,0,6.658478923782241e-06
CTX,random,LR,label,0,RBG-18-0391-1_S22_L001,1,0.9992951154708862
CTX,random,LR,label,0,RBG-18-0437-1_S54,1,0.9406576156616211
CTX,random,LR,label,0,RBK-17-0457-1_S6,1,0.41826772689819336
CTX,random,LR,label,0,RBK-17-049-1_S62,1,0.9995624423027039
CTX,random,LR,label,0,RBK-18-0002-1_S38,1,0.0011869187001138926
CTX,random,LR,label,0,RBK-18-0020-1_S19,0,0.0002640663296915591
CTX,random,LR,label,0,RBK-18-0022-1_S197,0,6.630210123148572e-07
CTX,random,LR,label,0,RBK-18-0104-1_S206,0,3.577477514227212e-08
CTX,random,LR,label,0,RBK-18-0644-1_S180,1,0.9999675750732422
CTX,random,LR,label,0,RBL-17-0116-1_S154,0,0.0002556815161369741
CTX,random,LR,label,0,RBL-17-0144-1_S163,0,1.0
CTX,random,LR,label,0,RBL-17-0242-1_S42,1,0.9694626331329346
CTX,random,LR,label,0,RBL-17-0267-1_S104,0,0.01631784811615944
CTX,random,LR,label,0,RBL-17-0300-1_S112,0,5.1867220463464037e-05
CTX,random,LR,label,0,RBL-17-0320-1_S114,0,0.00037145253736525774
CTX,random,LR,label,0,RBL-17-0342-1_S103,0,0.007400870323181152
CTX,random,LR,label,0,RBL-17-0350-1_S106,0,0.9999994039535522
CTX,random,LR,label,0,RBL-17-0368-1_S114,0,0.01651245728135109
CTX,random,LR,label,0,RBL-17-0395-1_S124,0,0.002149770502001047
CTX,random,LR,label,0,RBL-17-0411-1_S128,0,1.7472355011705076e-06
CTX,random,LR,label,0,RBL-17-0429-1_S130,0,8.570499865356851e-09
CTX,random,LR,label,0,RBL-18-0066-1_S173,0,6.675021722912788e-06
CTX,random,LR,label,0,RBL-18-0076-1_S47,1,0.9702858328819275
CTX,random,LR,label,0,RBL-18-0242-1_S51,0,6.383498111972585e-05
CTX,random,LR,label,0,RBT-16-0024-1_S10,1,0.9736528992652893
CTX,random,LR,label,0,RBT-16-0038-1_S11,1,0.0016160036902874708
CTX,random,LR,label,0,RBT-16-0045-1_S58,1,0.5743617415428162
CTX,random,LR,label,0,RBT-17-0011-1_S19,0,0.012178807519376278
CTX,random,LR,label,0,RBT-17-0027-1_S3,0,0.003299535484984517
CTX,random,LR,label,0,RBT-17-0039-1_S28,1,0.07234323769807816
CTX,random,LR,label,0,RBT-17-0109-1_S40,0,0.00014844602264929563
CTX,random,LR,label,0,RBT-17-0118-1_S45,0,0.973411500453949
CTX,random,LR,label,0,RBT-17-0124-1_S46,0,0.00040562578942626715
CTX,random,LR,label,0,RBT-17-0142-1_S53,0,1.2445688923889975e-07
CTX,random,LR,label,0,RBT-17-0161-1_S57,0,1.4926804681181238e-08
CTX,random,LR,label,0,RBT-17-0228-1_S10,0,0.9710493683815002
CTX,random,LR,label,0,RBT-17-0285-1_S66,0,0.9907563328742981
CTX,random,LR,label,0,RBT-17-0291-1_S14,0,8.797484042588621e-06
CTX,random,LR,label,0,RBT-18-0023-1_S14,0,0.0024578855372965336
CTX,random,LR,label,0,RBT-18-0030-1_S69,0,1.343253870800254e-06
CTX,random,LR,label,0,RBT-18-0042-1_S60,0,8.17497493699193e-05
CTX,random,LR,label,0,RBT-18-0046-1_S2,0,0.9999889135360718
CTX,random,LR,label,0,RBT-18-0064-1_S15,0,0.9995848536491394
CTX,random,LR,label,0,RBT-18-0101-1_S22,0,0.0035306685604155064
CTX,random,LR,label,0,RBT-18-0102-1_S23,0,1.714138875286153e-06
CTX,random,LR,label,0,RBT-18-0133-1_S30,0,0.035163745284080505
CTX,random,LR,label,0,RBT-18-0141-1_S32,0,1.2520646350822062e-06
CTX,random,LR,label,0,RBT-18-0185-1_S39,0,0.00046459242003038526
CTX,random,LR,label,0,RBT-18-0231-1_S14,1,6.021629451424815e-05
CTX,random,LR,label,0,RBT-18-0234-1_S15,1,0.8874650597572327
CTX,random,LR,label,0,RBT-18-0263-1_S58,0,0.0001622593408683315
CTX,random,LR,label,0,RBT-18-0271-1_S62,0,3.927870420739055e-05
CTX,random,LR,label,0,RBT-18-0288-1_S68,0,0.5380153656005859
CTX,random,LR,label,0,RBT-18-0317-1_S27,0,0.0006409757770597935
CTX,random,LR,label,0,RBT-18-0325-1_S44,0,0.035095103085041046
CTX,random,LR,label,0,RBT-18-0340-1_S36,0,0.0003191402938682586
CTX,random,LR,label,0,ResetH131_S7_L001,1,0.5221478939056396
CTX,random,LR,label,0,ResetH68_S1_L001,1,6.653380114585161e-05
CTX,random,LR,label,0,ResetV143_S2_L001,1,0.00010684924200177193
CTX,random,LR,label,0,ResetV210_S4_L001,1,0.9999995231628418
CTX,random,LR,label,0,ResetV70_S6_L001,1,0.9998393058776855
CTX,random,LR,label,0,ResetV76_S7_L001,1,0.022113732993602753
CTX,random,LR,label,0,Survcare0111_S29,1,0.5567845106124878
CTX,random,LR,label,0,Survcare0114_S37,1,0.9961540102958679
CTX,random,LR,label,0,Survcare134_S26,1,0.9714084267616272
CTX,random,LR,label,0,Survcare230_S17_L001,1,1.0
CTX,random,LR,label,0,Survcare254_S36,1,0.9999990463256836
CTX,random,LR,label,0,Survcare289_S36,1,0.9989911913871765
CTX,random,LR,label,0,Survcare291_S38,1,0.9986315369606018
CTX,random,LR,label,0,Survcare321_S18,1,0.9999995231628418
CTX,random,LR,label,0,Survcare327_S1,1,0.990658164024353
CTX,random,LR,label,0,Survcare329_S3,1,0.6596726179122925
CTX,random,LR,label,0,Survcare337_S12,1,0.9520214200019836
CTX,random,LR,label,0,V113_S3_L001,1,0.981450080871582
CTX,random,LR,label,0,V120_S5_L001,1,0.23381872475147247
CTX,random,LR,label,0,V123_S1_L001,1,0.0633949488401413
CTX,random,LR,label,0,V130_S5_L001,1,0.9999997615814209
CTX,random,LR,label,0,V139_S7_L001,1,0.9999984502792358
CTX,random,LR,label,0,V228_S8_L001,1,0.9980509281158447
CTX,random,LR,label,0,V271_S13_L001,1,0.9999314546585083
CTX,random,LR,label,0,V279_S8_L001,1,0.8831797242164612
CTX,random,LR,label,0,V282_S4_L001,1,0.13058491051197052
CTX,random,LR,label,0,V291_S5_L001,1,0.990726113319397
CTX,random,LR,label,0,V40_S2_L001,1,0.9770088791847229
CTX,random,LR,label,0,V71_S4_L001,1,0.9993504881858826
CTX,random,LR,label,0,W2RBF-17-090-1_S26,1,0.0021865498274564743
CTX,random,LR,label,0,W2RBF-17-133-1_S28,1,0.9989577531814575
CTX,random,LR,label,0,wdh-Survcare119_S44,1,0.0019660869147628546
CTX,random,LR,label,0,wdh2NRZ-29911a_S31,1,0.0064625926315784454
CTX,random,LR,label,0,wdhRBF-18-0080-1_S17_L001,0,0.9896740913391113
CTX,random,LR,label,0,WDHRBG-16-050-1_S40,1,1.0
CTX,random,LR,label,0,WDHRBG-17-005-2_S61,0,0.0018848537001758814
CTX,random,LR,label,0,WDHRBG-17-0256-1_S17,0,1.9735641387796932e-07
CTX,random,LR,label,0,WDHRBG-17-121-1_S46,0,0.9907081127166748
CTX,random,LR,label,0,wRBG-16-024-1_S152,0,0.9882476925849915
CTX,random,LR,label,0,wRBG-17-021-1_S166,0,7.169780502636058e-08
CTX,random,LR,label,0,wRBG-17-031-1_S154,0,0.00383623200468719
CTX,random,LR,label,0,wRBG-17-049-1_S142,0,1.554564732941799e-05
CTX,random,LR,label,0,wRBG-17-110-1_S168,0,0.00012011401850031689
CTX,random,LR,label,0,wwRBF-17-209-1_S34,0,0.9999117851257324
CTX,random,LR,label,0,wwRBK-17-0197-1_S39,1,0.999601423740387
CTX,random,LR,label,0,wwRBK-17-0298-1_S42,1,0.9977226853370667
CTX,random,LR,label,1,H130_S2_L001,1,0.9832578301429749
CTX,random,LR,label,1,H136_S7_L001,1,2.3903702128791338e-08
CTX,random,LR,label,1,H154_S2_L001,1,0.9627570509910583
CTX,random,LR,label,1,H157_S3_L001,1,0.9998401403427124
CTX,random,LR,label,1,H164_S3_L001,1,0.9978886246681213
CTX,random,LR,label,1,H176_S5_L001,1,0.9876272678375244
CTX,random,LR,label,1,H69_S6_L001,1,0.9994357228279114
CTX,random,LR,label,1,NNRBG-17-0199-1_S5,0,0.003799417521804571
CTX,random,LR,label,1,NNRBG-17-0255-1_S14,0,1.0
CTX,random,LR,label,1,NNRBG-17-0298-1_S19,0,0.00026719836750999093
CTX,random,LR,label,1,NNRBG-17-0319-1_S24,0,0.0009060402517206967
CTX,random,LR,label,1,RBB-17-011-1_S40,1,0.9266430139541626
CTX,random,LR,label,1,RBB-18-0519-1_S184,1,0.9775751829147339
CTX,random,LR,label,1,RBB-18-0537-1_S21_L001,1,0.9400779604911804
CTX,random,LR,label,1,RBB-18-0674-1_S189,1,1.0
CTX,random,LR,label,1,RBB-18-1393-1_S48,1,1.0
CTX,random,LR,label,1,RBB-18-1502-1_S47,1,0.9990324974060059
CTX,random,LR,label,1,RBB-19-0014-1_S44,1,0.9997463822364807
CTX,random,LR,label,1,RBF-17-0195-1_S141,0,0.9890212416648865
CTX,random,LR,label,1,RBF-17-0424-1_S15,1,0.9999970197677612
CTX,random,LR,label,1,RBF-17-0438-1_S9,1,0.9266431927680969
CTX,random,LR,label,1,RBF-17-0450-1_S10,1,0.9999997615814209
CTX,random,LR,label,1,RBF-17-0532-2_S31,0,2.0326779122115113e-06
CTX,random,LR,label,1,RBF-17-0537-1_S56,1,0.9347878098487854
CTX,random,LR,label,1,RBF-17-0540-1_S83,0,0.04407566040754318
CTX,random,LR,label,1,RBF-17-094-1_S56,1,0.7574870586395264
CTX,random,LR,label,1,RBF-17-318-1_S77,1,0.20150089263916016
CTX,random,LR,label,1,RBF-18-0019-1_S2,0,0.9968305230140686
CTX,random,LR,label,1,RBF-18-0035-1_S6,0,0.9951960444450378
CTX,random,LR,label,1,RBF-18-0036-1_S7,0,5.084610847916338e-07
CTX,random,LR,label,1,RBF-18-0055-1_S11,0,0.018539097160100937
CTX,random,LR,label,1,RBF-18-0066-1_S15,0,1.0832288843687365e-08
CTX,random,LR,label,1,RBF-18-0086-1_S22,0,7.896177045552122e-09
CTX,random,LR,label,1,RBF-18-0087-1_S23,0,0.6118878722190857
CTX,random,LR,label,1,RBF-18-0099-1_S26,0,1.741464984661434e-05
CTX,random,LR,label,1,RBF-18-0132-1_S26,0,0.5674656629562378
CTX,random,LR,label,1,RBF-18-0172-1_S40,0,2.1418436801923235e-08
CTX,random,LR,label,1,RBF-18-0187-1_S31,1,0.9970927238464355
CTX,random,LR,label,1,RBF-18-0251-1_S55,0,1.0
CTX,random,LR,label,1,RBF-18-0333-1_S70,0,5.6063257943606004e-05
CTX,random,LR,label,1,RBF-18-0585-1_S48,1,0.999461829662323
CTX,random,LR,label,1,RBF-18-0664-1_S190,1,0.999998927116394
CTX,random,LR,label,1,RBG-18-0041-1_S6,0,0.0001445393863832578
CTX,random,LR,label,1,RBG-18-0054-1_S42,0,0.9813195466995239
CTX,random,LR,label,1,RBG-18-0076-1_S10,0,0.9219845533370972
CTX,random,LR,label,1,RBG-18-0099-1_S14,1,0.9266430139541626
CTX,random,LR,label,1,RBG-18-0108-1_S16,0,8.339165106008295e-06
CTX,random,LR,label,1,RBG-18-0211-1_S35,1,0.9912358522415161
CTX,random,LR,label,1,RBG-18-0300-1_S52,0,2.150922045984771e-05
CTX,random,LR,label,1,RBG-18-0301-1_S53,0,0.12425196170806885
CTX,random,LR,label,1,RBG-18-0410-1_S12,1,0.9916958212852478
CTX,random,LR,label,1,RBK-16-073-1_S14,1,1.0
CTX,random,LR,label,1,RBK-16-124-1_S16,1,5.794399112346582e-05
CTX,random,LR,label,1,RBK-18-0037-1_S199,0,3.141804256756586e-07
CTX,random,LR,label,1,RBK-18-0077-1_S212,1,0.9743256568908691
CTX,random,LR,label,1,RBk-18-0216-1_S231_2,0,0.9364956021308899
CTX,random,LR,label,1,RBL-17-0076-1_S32,0,0.9978832602500916
CTX,random,LR,label,1,RBL-17-0104-1_S149,0,0.8307105302810669
CTX,random,LR,label,1,RBL-17-0113-1_S153,0,0.9990662932395935
CTX,random,LR,label,1,RBL-17-0118-1_S156,0,6.401011341949925e-05
CTX,random,LR,label,1,RBL-17-0129-1_S158,0,3.289449887233786e-05
CTX,random,LR,label,1,RBL-17-0155-1_S165,0,0.00015892492956481874
CTX,random,LR,label,1,RBL-17-0235-1_S92,0,1.1574263680813601e-06
CTX,random,LR,label,1,RBL-17-0264-1_S103,0,0.3509881794452667
CTX,random,LR,label,1,RBL-17-0283-1_S27,0,0.23006923496723175
CTX,random,LR,label,1,RBL-17-0305-1_S49,1,0.9936595559120178
CTX,random,LR,label,1,RBL-17-0306-1_S50,1,0.0032149360049515963
CTX,random,LR,label,1,RBL-17-0340-1_S102,0,0.0010069241980090737
CTX,random,LR,label,1,RBL-17-0347-1_S104,0,2.071852662766105e-07
CTX,random,LR,label,1,RBL-17-0349-1_S105,0,0.09394434839487076
CTX,random,LR,label,1,RBL-17-0375-1_S117,0,1.0
CTX,random,LR,label,1,RBL-17-0391-1_S122,0,1.8288972569280304e-05
CTX,random,LR,label,1,RBL-17-0393-1_S123,0,0.04409262165427208
CTX,random,LR,label,1,RBL-17-0435-1_S134,0,2.6009094654000364e-05
CTX,random,LR,label,1,RBL-17-075-1_S18,1,1.0
CTX,random,LR,label,1,RBL-18-0022-1_S43,0,0.002553500235080719
CTX,random,LR,label,1,RBL-18-0055-1_S170,0,0.36954349279403687
CTX,random,LR,label,1,RBL-18-0093-1_S49,0,0.9885441660881042
CTX,random,LR,label,1,RBL-18-0131-1_S188_2,1,0.350179523229599
CTX,random,LR,label,1,RBL-18-0194-1_S195_2,1,0.7348263263702393
CTX,random,LR,label,1,RBL-18-0467-1_S228_2,1,0.9999943971633911
CTX,random,LR,label,1,RBT-17-0033-1_S12,1,0.11386331170797348
CTX,random,LR,label,1,RBT-17-0167-1_S27,0,0.0017002674285322428
CTX,random,LR,label,1,RBT-17-0177-1_S65,0,0.0008588818018324673
CTX,random,LR,label,1,RBT-17-0177-2_S7,0,0.000567499315366149
CTX,random,LR,label,1,RBT-17-0188-1_S68,1,1.7303040294791572e-05
CTX,random,LR,label,1,RBT-17-0194-1_S30,0,0.0003878886054735631
CTX,random,LR,label,1,RBT-17-0232-1_S58,0,1.0
CTX,random,LR,label,1,RBT-17-0239-1_S60,0,0.0003305123536847532
CTX,random,LR,label,1,RBT-17-0243-1_S11,0,0.001441266038455069
CTX,random,LR,label,1,RBT-17-0251-1_S62,1,1.0
CTX,random,LR,label,1,RBT-17-0270-1_S65,0,0.012211957015097141
CTX,random,LR,label,1,RBT-18-0017-1_S67,0,1.2592916986964298e-10
CTX,random,LR,label,1,RBT-18-0045-1_S70,0,1.4472413489841074e-08
CTX,random,LR,label,1,RBT-18-0057-1_S38,0,0.9999995231628418
CTX,random,LR,label,1,RBT-18-0066-1_S40,0,0.01912509649991989
CTX,random,LR,label,1,RBT-18-0071-1_S41,0,1.0
CTX,random,LR,label,1,RBT-18-0079-1_S16,0,0.9980623126029968
CTX,random,LR,label,1,RBT-18-0091-1_S42,0,0.2034570276737213
CTX,random,LR,label,1,RBT-18-0179-1_S37,0,0.00570281594991684
CTX,random,LR,label,1,RBT-18-0227-1_S46,1,0.7930173873901367
CTX,random,LR,label,1,RBT-18-0241-1_S50,0,0.04959486424922943
CTX,random,LR,label,1,RBT-18-0269-1_S61,0,8.499411023876746e-07
CTX,random,LR,label,1,RBT-18-0284-1_S66,1,0.9918962121009827
CTX,random,LR,label,1,RBT-18-0331-1_S22,0,1.1988715868938016e-06
CTX,random,LR,label,1,RBT-18-0334-1_S23,0,7.381123623417807e-08
CTX,random,LR,label,1,RBT-18-0335-1_S41,0,0.077760249376297
CTX,random,LR,label,1,RBT-18-0341-1_S24,0,0.012392004020512104
CTX,random,LR,label,1,RBT-18-0357-1_S27,0,7.079606345605782e-11
CTX,random,LR,label,1,RBT-18-0358-1_S28,0,0.7546859383583069
CTX,random,LR,label,1,RBT-18-0363-1_S72,1,0.9934585690498352
CTX,random,LR,label,1,RBT-18-0364-1_S29,0,0.9946755170822144
CTX,random,LR,label,1,ResetH132_S1_L001,1,0.9717479944229126
CTX,random,LR,label,1,ResetH16_S2_L001,1,0.7247598171234131
CTX,random,LR,label,1,ResetH45_S5_L001,1,0.5644312500953674
CTX,random,LR,label,1,ResetH49b_S6_L001,1,0.9975287318229675
CTX,random,LR,label,1,ResetH75_S2_L001,1,0.962193489074707
CTX,random,LR,label,1,ResetH89_S3_L001,1,1.0
CTX,random,LR,label,1,ResetH98_S4_L001,1,0.009869719855487347
CTX,random,LR,label,1,ResetV288_S6_L001,1,1.0
CTX,random,LR,label,1,RPG-18-0435-1_S32,0,7.988874450859385e-09
CTX,random,LR,label,1,Survcare058_S26,1,1.0
CTX,random,LR,label,1,Survcare130_S2,1,0.0006522232433781028
CTX,random,LR,label,1,Survcare176_S17_L001,1,0.9999775886535645
CTX,random,LR,label,1,Survcare221_S7_L001,1,0.0015691665466874838
CTX,random,LR,label,1,Survcare234_S3_L001,1,9.050821245182306e-05
CTX,random,LR,label,1,Survcare253_S35,1,0.9425342679023743
CTX,random,LR,label,1,Survcare265_S20,1,0.00042577169369906187
CTX,random,LR,label,1,Survcare303_S15_L001,1,1.0
CTX,random,LR,label,1,Survcare318_S20_L001,1,0.9999823570251465
CTX,random,LR,label,1,V111_S3_L001,1,0.898764431476593
CTX,random,LR,label,1,V114_S5_L001,1,0.9995858073234558
CTX,random,LR,label,1,V116_S6_L001,1,1.0
CTX,random,LR,label,1,V268_S12_L001,1,1.0
CTX,random,LR,label,1,V283_S5_L001,1,0.9605198502540588
CTX,random,LR,label,1,V295_S7_L001,1,0.9252777695655823
CTX,random,LR,label,1,V73_S5_L001,1,1.0
CTX,random,LR,label,1,V86_S1_L001,1,1.0
CTX,random,LR,label,1,w2RBG-16-037-1_S34,0,0.13156355917453766
CTX,random,LR,label,1,wdh-RBF-17-0572-1_S43,0,1.3031423122811248e-06
CTX,random,LR,label,1,wdh-RBL-17-0361-1_S44,0,0.0004921232466585934
CTX,random,LR,label,1,wdh-RBL-17-0431-1_S46,0,0.999929666519165
CTX,random,LR,label,1,wdhRBF-17-0558-1_S121,0,0.07699381560087204
CTX,random,LR,label,1,wdhRBF-18-0048-1_S12_L001,0,2.4843578216859896e-07
CTX,random,LR,label,1,WDHRBG-17-001-1_S82,0,0.9205164909362793
CTX,random,LR,label,1,WDHRBG-17-008-1_S83,0,0.000980166019871831
CTX,random,LR,label,1,wdhRBL-17-0370-1_S232,0,0.000323315936839208
CTX,random,LR,label,1,wRBG-16-032-1_S142,0,0.026885781437158585
CTX,random,LR,label,1,wRBG-16-033-1_S153,0,0.5944592952728271
CTX,random,LR,label,1,wRBG-17-025-1_S133,0,0.00015470272046513855
CTX,random,LR,label,1,wRBG-17-028-1_S100,0,8.431881724391133e-05
CTX,random,LR,label,1,wRBG-17-047-1_S153,0,2.5899607791757262e-08
CTX,random,LR,label,1,wRBG-17-073-1_S118,0,1.7649084838922136e-05
CTX,random,LR,label,1,wRBG-17-075-1_S96,0,0.0008667937363497913
CTX,random,LR,label,1,wRBG-17-082-1_S106,0,3.398376429686323e-05
CTX,random,LR,label,1,wRBG-17-112-1_S146,0,2.4720556268675864e-08
CTX,random,LR,label,1,wwRBF-16-094-1_S13,1,2.001844950427767e-05
CTX,random,LR,label,1,wwRBF-17-167-1_S31,1,0.9970212578773499
CTX,random,LR,label,1,wwRBF-17-189-1_S32,1,0.9660800099372864
CTX,random,LR,label,1,wwRBK-17-0148-1_S37,1,0.9703171253204346
CTX,random,LR,label,1,wwRBK-17-075-1_S28,1,0.948205828666687
CTX,random,LR,label,1,WWSurvcare043_S43,1,0.2973613739013672
CTX,random,LR,label,2,H148_S4_L001,1,0.47512686252593994
CTX,random,LR,label,2,H160_S3_L001,1,0.9051163196563721
CTX,random,LR,label,2,H162_S4_L001,1,0.9574118256568909
CTX,random,LR,label,2,H51_S5_L001,1,0.9734594821929932
CTX,random,LR,label,2,NNRBG-17-0191-1_S1,0,0.0144082335755229
CTX,random,LR,label,2,NNRBG-17-0198-1_S4,0,0.3668016791343689
CTX,random,LR,label,2,NNRBG-17-0205-1_S7,0,0.9998645782470703
CTX,random,LR,label,2,NNRBG-17-0243-1_S12,0,3.25228825204249e-06
CTX,random,LR,label,2,NNRBG-17-0278-1_S16,0,0.0014276107540354133
CTX,random,LR,label,2,NNRBG-17-0329-1_S26,0,1.836009687394835e-05
CTX,random,LR,label,2,NNRBG-17-0346-1_S30,0,4.1538573896104936e-06
CTX,random,LR,label,2,NNSurvcare045_S41,1,1.0
CTX,random,LR,label,2,RBB-18-0546-1_S22_L001,1,1.0
CTX,random,LR,label,2,RBB-18-0765-1_S191,1,0.9999539852142334
CTX,random,LR,label,2,RBB-18-1312-1_S43,1,0.9999998807907104
CTX,random,LR,label,2,RBBK18-0189-1_S24_L001,0,0.8529297113418579
CTX,random,LR,label,2,RBF-10-0240-1_S12_L001,0,0.24498480558395386
CTX,random,LR,label,2,RBF-17-0173-1_S138,0,0.3630942702293396
CTX,random,LR,label,2,RBF-17-0340-1_S81,1,0.6666738986968994
CTX,random,LR,label,2,RBF-17-0489-1_S13,1,0.13261032104492188
CTX,random,LR,label,2,RBF-17-0509-1_S74,0,0.004123997874557972
CTX,random,LR,label,2,RBF-17-0538-1_S82,0,0.9997623562812805
CTX,random,LR,label,2,RBF-17-0550-1_S84,0,0.007906371727585793
CTX,random,LR,label,2,RBF-17-0553-1_S85,0,0.9651904106140137
CTX,random,LR,label,2,RBF-17-0616-1_S96,0,0.0022436268627643585
CTX,random,LR,label,2,RBF-17-0645-1_S61,1,0.0007824014173820615
CTX,random,LR,label,2,RBF-17-067-1_S54,1,0.8929269909858704
CTX,random,LR,label,2,RBF-17-170-1_S66,1,0.9981803894042969
CTX,random,LR,label,2,RBF-17-186-1_S69,1,0.9736772179603577
CTX,random,LR,label,2,RBF-18-0027-1_S5,0,0.12616756558418274
CTX,random,LR,label,2,RBF-18-0064-2_S14,0,1.0137945309907082e-06
CTX,random,LR,label,2,RBF-18-0075-1_S79,1,0.975847065448761
CTX,random,LR,label,2,RBF-18-0121-1_S28,0,0.7756476998329163
CTX,random,LR,label,2,RBF-18-0151-1_S83,1,0.00024972562096081674
CTX,random,LR,label,2,RBF-18-0160-1_S37,0,0.24975039064884186
CTX,random,LR,label,2,RBF-18-0174-1_S28,1,0.9939935803413391
CTX,random,LR,label,2,RBF-18-0196-1_S46,0,0.5940107107162476
CTX,random,LR,label,2,RBF-18-0200-1_S48,0,9.996683303370446e-08
CTX,random,LR,label,2,RBF-18-0217-1_S54,0,1.619187839363434e-10
CTX,random,LR,label,2,RBF-18-0253-1_S13_L001,0,0.9741486310958862
CTX,random,LR,label,2,RBF-18-0277-1_S61,0,0.8729562759399414
CTX,random,LR,label,2,RBF-18-0321-1_S69,0,2.8669849480578158e-11
CTX,random,LR,label,2,RBG-17-0284-1_S59,0,0.9998525381088257
CTX,random,LR,label,2,RBg-17-123-2_S12,0,0.0003579811018425971
CTX,random,LR,label,2,RBG-18-0004-1_S1,1,0.9736772179603577
CTX,random,LR,label,2,RBG-18-0072-1_S8,0,0.03159532696008682
CTX,random,LR,label,2,RBG-18-0224-1_S24_L001,1,0.9860851764678955
CTX,random,LR,label,2,RBG-18-0239-1_S4,0,5.026081907999469e-06
CTX,random,LR,label,2,RBG-18-0276-1_S50,0,0.12205672264099121
CTX,random,LR,label,2,RBG-18-0380-1_S48,0,0.9736772179603577
CTX,random,LR,label,2,RBG-18-0388-1_S21_L001,1,0.9992523789405823
CTX,random,LR,label,2,RBK-17-0492-1_S8,1,0.09429609775543213
CTX,random,LR,label,2,RBK-17-0588-1_S24,1,0.02516692504286766
CTX,random,LR,label,2,RBK-17-0612-1_S27,1,0.9859106540679932
CTX,random,LR,label,2,RBK-18-0005-1_S18,0,1.0618721901778372e-08
CTX,random,LR,label,2,RBK-18-0038-1_S200,0,2.2908076061867177e-05
CTX,random,LR,label,2,RBK-18-0414-1_S59,0,1.973951157197007e-06
CTX,random,LR,label,2,RBL-17-0101-1_S148,0,1.407041690981714e-05
CTX,random,LR,label,2,RBL-17-0135-1_S160,0,0.0596536286175251
CTX,random,LR,label,2,RBL-17-0165-1_S167,0,0.24481135606765747
CTX,random,LR,label,2,RBL-17-0172-1_S170,0,0.9620166420936584
CTX,random,LR,label,2,RBL-17-0197-1_S173,0,0.513806164264679
CTX,random,LR,label,2,RBL-17-0205-1_S175,0,7.540136266470654e-07
CTX,random,LR,label,2,RBL-17-0217-1_S176,0,0.011413528583943844
CTX,random,LR,label,2,RBL-17-0244-1_S44,1,0.9929335117340088
CTX,random,LR,label,2,RBL-17-0246-1_S94,0,0.008931883610785007
CTX,random,LR,label,2,RBL-17-0256-1_S98,0,0.2207951843738556
CTX,random,LR,label,2,RBL-17-0307-1_S51,1,0.9736772179603577
CTX,random,LR,label,2,RBL-17-0323-1_S115,0,0.12261422723531723
CTX,random,LR,label,2,RBL-17-0324-1_S54,1,0.9737511277198792
CTX,random,LR,label,2,RBL-17-0332-1_S118,0,0.9965927004814148
CTX,random,LR,label,2,RBL-17-0365-1_S112,0,0.006631968077272177
CTX,random,LR,label,2,RBL-17-0366-1_S113,0,0.4687204360961914
CTX,random,LR,label,2,RBL-17-0392-1_S69,1,0.9900169968605042
CTX,random,LR,label,2,RBL-17-0397-1_S125,0,0.001147931208834052
CTX,random,LR,label,2,RBL-17-0409-1_S127,0,0.0004858794272877276
CTX,random,LR,label,2,RBL-17-060-1_S17,1,0.16982755064964294
CTX,random,LR,label,2,RBL-18-0010-1_S159,0,0.014149193651974201
CTX,random,LR,label,2,RBL-18-0016-1_S161,0,7.285441824933514e-06
CTX,random,LR,label,2,RBL-18-0037-1_S168,0,0.374064564704895
CTX,random,LR,label,2,RBL-18-0085-1_S176,0,0.00022287105093710124
CTX,random,LR,label,2,RBL-18-0500-1_S230_2,1,0.002744177356362343
CTX,random,LR,label,2,RBT-17-0019-1_S62,1,1.0
CTX,random,LR,label,2,RBT-17-0082-1_S30,0,0.7982310056686401
CTX,random,LR,label,2,RBT-17-0084-1_S31,0,2.8894044589833356e-05
CTX,random,LR,label,2,RBT-17-0097-1_S34,1,0.9998714923858643
CTX,random,LR,label,2,RBT-17-0099-1_S35,0,1.3997896530781873e-07
CTX,random,LR,label,2,RBT-17-0112-1_S41,0,1.9523854462022427e-06
CTX,random,LR,label,2,RBT-17-0149-1_S13,1,7.585721562008985e-08
CTX,random,LR,label,2,RBT-17-0150-1_S54,0,0.0007995500927790999
CTX,random,LR,label,2,RBT-17-0163-1_S59,0,0.0002771842700894922
CTX,random,LR,label,2,RBT-17-0178-1_S66,0,5.66752930808434e-07
CTX,random,LR,label,2,RBT-17-0210-1_S55,0,2.3396338292513974e-05
CTX,random,LR,label,2,RBT-17-0219-1_S8,1,0.9999994039535522
CTX,random,LR,label,2,RBT-17-0225-1_S9,0,2.552646037656814e-05
CTX,random,LR,label,2,RBT-17-0295-1_S15,0,0.00039034144720062613
CTX,random,LR,label,2,RBT-17-0337-1_S19,0,0.2561597526073456
CTX,random,LR,label,2,RBT-18-0004-1_S51,1,0.41229093074798584
CTX,random,LR,label,2,RBT-18-0050-1_S34,0,0.9994598031044006
CTX,random,LR,label,2,RBT-18-0080-1_S49,1,0.9999971389770508
CTX,random,LR,label,2,RBT-18-0095-1_S19,0,0.00018144231580663472
CTX,random,LR,label,2,RBT-18-0110-1_S27,0,2.5063368980227096e-07
CTX,random,LR,label,2,RBT-18-0120-1_S48,0,0.031253013759851456
CTX,random,LR,label,2,RBT-18-0129-1_S52,0,0.8098006844520569
CTX,random,LR,label,2,RBT-18-0134-1_S29,0,0.006326670758426189
CTX,random,LR,label,2,RBT-18-0146-1_S55,0,0.12280067056417465
CTX,random,LR,label,2,RBT-18-0164-1_S34,0,0.9987106323242188
CTX,random,LR,label,2,RBT-18-0184-1_S38,1,0.8826642632484436
CTX,random,LR,label,2,RBT-18-0224-1_S43,0,0.00028882280457764864
CTX,random,LR,label,2,RBT-18-0230-1_S45,0,0.0007659164839424193
CTX,random,LR,label,2,RBT-18-0232-1_S47,0,0.4702189266681671
CTX,random,LR,label,2,RBT-18-0252-1_S53,0,0.1828758418560028
CTX,random,LR,label,2,RBT-18-0259-1_S55,0,0.04926477372646332
CTX,random,LR,label,2,RBT-18-0275-1_S63,0,0.0006555735599249601
CTX,random,LR,label,2,RBT-18-0292-1_S70,0,0.00015708028513472527
CTX,random,LR,label,2,RBT-18-0293-1_S71,0,1.2007220902887639e-05
CTX,random,LR,label,2,RBT-18-0296-1_S72,1,0.9355852603912354
CTX,random,LR,label,2,RBT-18-0316-1_S43,0,5.743005658587208e-06
CTX,random,LR,label,2,RBT-18-0339-1_S47,0,4.721131517726462e-06
CTX,random,LR,label,2,RBT-18-0365-1_S30,0,0.8719316720962524
CTX,random,LR,label,2,ResetH1_S1_L001,1,0.9602705836296082
CTX,random,LR,label,2,ResetH127_S6_L001,1,0.21076592803001404
CTX,random,LR,label,2,ResetH134_S8_L001,1,0.999816358089447
CTX,random,LR,label,2,ResetH92_S4_L001,1,0.9948475360870361
CTX,random,LR,label,2,ResetH99_S5_L001,1,0.0019095642492175102
CTX,random,LR,label,2,ResetV63_S5_L001,1,0.15030306577682495
CTX,random,LR,label,2,ResetV74_S7_L001,1,0.9999954700469971
CTX,random,LR,label,2,Survcare052_S22,1,0.999984622001648
CTX,random,LR,label,2,Survcare104_S16_L001,1,0.002165720798075199
CTX,random,LR,label,2,Survcare187_S32,1,0.8351567983627319
CTX,random,LR,label,2,Survcare190_S35,1,0.0019844716880470514
CTX,random,LR,label,2,Survcare244_S9_L001,1,0.9999840259552002
CTX,random,LR,label,2,Survcare313_S24_L001,1,0.9999992847442627
CTX,random,LR,label,2,Survcare317_S5_L001,1,0.9999840259552002
CTX,random,LR,label,2,Survcare319_S16,1,0.20689472556114197
CTX,random,LR,label,2,Survcare334_S10,1,0.9991664886474609
CTX,random,LR,label,2,V1_S6_L001,1,0.9999538660049438
CTX,random,LR,label,2,V131_S7_L001,1,0.42148301005363464
CTX,random,LR,label,2,V172_S5_L001,1,0.6217800974845886
CTX,random,LR,label,2,V173_S6_L001,1,0.002639805432409048
CTX,random,LR,label,2,V205_S3_L001,1,0.4445832371711731
CTX,random,LR,label,2,V215_S2_L001,1,0.9460845589637756
CTX,random,LR,label,2,V232_S3_L001,1,1.3832238465738556e-08
CTX,random,LR,label,2,V289_S5_L001,1,0.9999970197677612
CTX,random,LR,label,2,V8_S7_L001,1,0.03490894287824631
CTX,random,LR,label,2,W2RBK-17-168-1_S33,1,0.9999666213989258
CTX,random,LR,label,2,W2RBK-17-169-1_S34,1,0.9999752044677734
CTX,random,LR,label,2,wdh-RBB-16-025-1_S20,1,2.1303894470747764e-07
CTX,random,LR,label,2,wdh-RBB-17-170-1_S16,1,0.9850660562515259
CTX,random,LR,label,2,wdhRBF-18-0025-1_S11_L001,0,2.4169245079974644e-05
CTX,random,LR,label,2,WDHRBG-16-060-1_S27,0,0.42813944816589355
CTX,random,LR,label,2,WDHRBG-16-062-1_S49,0,1.452478272767621e-06
CTX,random,LR,label,2,wNRZ-32446_S79,1,0.8651130199432373
CTX,random,LR,label,2,wRBF-17-0146-1_S35,1,0.9855940937995911
CTX,random,LR,label,2,wRBG-17-030-1_S165,0,0.21480320394039154
CTX,random,LR,label,2,wRBG-17-034-1_S121,0,0.2241937667131424
CTX,random,LR,label,2,wRBG-17-055-1_S163,0,0.5936078429222107
CTX,random,LR,label,2,wRBG-17-102-1_S169,0,6.303473021329609e-11
CTX,random,LR,label,2,wwRBF-16-007-1_S10,1,0.8617478013038635
CTX,random,LR,label,2,wwRBF-17-148-1_S27,1,0.007832813076674938
CTX,random,LR,label,2,wwRBK-16-023-1_S5,1,0.000189169732038863
CTX,random,LR,label,2,wwRBK-17-0278-1_S41,1,0.8270019292831421
CTX,random,LR,label,3,H100_S2_L001,1,6.339045648928732e-05
CTX,random,LR,label,3,H108_S5_L001,1,0.9738931059837341
CTX,random,LR,label,3,H123_S1_L001,1,0.9999982118606567
CTX,random,LR,label,3,H141_S6_L001,1,0.9978005290031433
CTX,random,LR,label,3,H153_S1_L001,1,0.9245901107788086
CTX,random,LR,label,3,H28_S10_L001,1,0.534747838973999
CTX,random,LR,label,3,H3_S1_L001,1,0.9827719330787659
CTX,random,LR,label,3,H50_S7_L001,1,0.9996412992477417
CTX,random,LR,label,3,H71_S1_L001,1,0.9967519044876099
CTX,random,LR,label,3,NNRBG-17-0193-1_S2,0,6.49588628220954e-06
CTX,random,LR,label,3,NNRBG-17-0227-1_S8,0,2.220934050001233e-07
CTX,random,LR,label,3,NNRBG-17-0234-1_S9,0,0.00031567487167194486
CTX,random,LR,label,3,NNRBG-17-0239-1_S10,0,0.577877402305603
CTX,random,LR,label,3,NNRBG-17-0294-1_S18,0,0.019179729744791985
CTX,random,LR,label,3,NNRBG-17-0308-1_S20,0,8.409841143475205e-07
CTX,random,LR,label,3,RBB-18-0772-1_S192,1,0.9999878406524658
CTX,random,LR,label,3,RBB-18-1086-1_S189_2,1,0.3174119293689728
CTX,random,LR,label,3,RBB-18-1212-1_S67_2,1,1.0
CTX,random,LR,label,3,RBB-18-1460-1_S45,1,0.9791818857192993
CTX,random,LR,label,3,RBF-16-004-1_S18,1,0.9999247789382935
CTX,random,LR,label,3,RBF-17-0164-1_S137,0,0.0011321456404402852
CTX,random,LR,label,3,RBF-17-0520-2_S55,1,0.9953243732452393
CTX,random,LR,label,3,RBF-17-0523-1_S30,0,5.478609455167316e-05
CTX,random,LR,label,3,RBF-17-0587-1_S91,0,6.8136491790937725e-06
CTX,random,LR,label,3,RBF-17-0605-1_S94,0,0.995718777179718
CTX,random,LR,label,3,RBF-17-0647-1_S99,0,0.004380666185170412
CTX,random,LR,label,3,RBF-18-0013-1_S25_L001,0,0.0020485022105276585
CTX,random,LR,label,3,RBF-18-0088-1_S24,0,1.4727788766322192e-06
CTX,random,LR,label,3,RBF-18-0135-1_S34,0,1.0673404631234007e-06
CTX,random,LR,label,3,RBF-18-0139-1_S35,0,2.0880460027683512e-08
CTX,random,LR,label,3,RBF-18-0184-1_S30,0,0.0008330501150339842
CTX,random,LR,label,3,RBF-18-0194-1_S86,1,0.8804757595062256
CTX,random,LR,label,3,RBF-18-0199-1_S47,0,0.9951103329658508
CTX,random,LR,label,3,RBF-18-0201-1_S49,0,0.9998410940170288
CTX,random,LR,label,3,RBF-18-0208-2_S11_L001,0,3.655194177554222e-06
CTX,random,LR,label,3,RBF-18-0252-1_S56,0,0.0001764731714501977
CTX,random,LR,label,3,RBF-18-0714-2_S204_2,1,0.12542255222797394
CTX,random,LR,label,3,RBG-17-013-1_S16,1,0.9813699722290039
CTX,random,LR,label,3,RBG-17-0269-1_S41,0,0.9987419247627258
CTX,random,LR,label,3,RBG-18-0083-1_S12,0,1.5460251461263397e-06
CTX,random,LR,label,3,RBG-18-0113-1_S13_L001,0,6.899657455505803e-05
CTX,random,LR,label,3,RBG-18-0166-1_S10_L001,0,0.015789687633514404
CTX,random,LR,label,3,RBG-18-0170-1_S41,0,0.0003381004498805851
CTX,random,LR,label,3,RBG-18-0177-1_S17_L001,1,0.998207688331604
CTX,random,LR,label,3,RBG-18-0185-1_S40,0,0.0036143367178738117
CTX,random,LR,label,3,RBG-18-0193-1_S8,0,0.17165212333202362
CTX,random,LR,label,3,RBG-18-0194-1_S45,0,1.0309056364121716e-07
CTX,random,LR,label,3,RBG-18-0223-1_S2,0,5.381975825002883e-07
CTX,random,LR,label,3,RBG-18-0256-1_S8_L001,1,1.2564745702547953e-05
CTX,random,LR,label,3,RBG-18-0265-1_S49,0,0.00028130924329161644
CTX,random,LR,label,3,RBG-18-0289-1_S37,1,0.6956411004066467
CTX,random,LR,label,3,RBG-18-0308-1_S54,1,0.9996849298477173
CTX,random,LR,label,3,RBG-18-0312-1_S55,0,0.0011249728268012404
CTX,random,LR,label,3,RBG-18-0355-1_S19_L001,0,0.0001968619180843234
CTX,random,LR,label,3,RBG-18-0402-1_S50,1,0.9456340670585632
CTX,random,LR,label,3,RBG-18-0417-1_S52,0,9.01230305316858e-06
CTX,random,LR,label,3,RBG-18-0421-1_S53,1,0.928226888179779
CTX,random,LR,label,3,RBK-16-079-1_S15,1,0.00031516607850790024
CTX,random,LR,label,3,RBK-17-0601-1_S25,1,0.9403753280639648
CTX,random,LR,label,3,RBK-17-0655-5_S182,1,0.9854217767715454
CTX,random,LR,label,3,RBK-18-0060-1_S22,0,0.021541614085435867
CTX,random,LR,label,3,RBK-18-0062-2_S203,0,1.0
CTX,random,LR,label,3,RBK-18-0250-1_S235_2,0,0.9968583583831787
CTX,random,LR,label,3,RBL-17-0090-1_S145,0,2.916482344517135e-07
CTX,random,LR,label,3,RBL-17-0093-1_S146,0,0.6823863387107849
CTX,random,LR,label,3,RBL-17-0095-1_S147,0,1.627502001610992e-06
CTX,random,LR,label,3,RBL-17-0108-1_S151,0,0.0005398744251579046
CTX,random,LR,label,3,RBL-17-0136-1_S161,0,7.628463208675385e-05
CTX,random,LR,label,3,RBL-17-0226-1_S41,1,0.9655519127845764
CTX,random,LR,label,3,RBL-17-0232-1_S91,0,0.016297385096549988
CTX,random,LR,label,3,RBL-17-0274-2_S105,0,6.591417900381202e-07
CTX,random,LR,label,3,RBL-17-0359-1_S66,1,0.9992150068283081
CTX,random,LR,label,3,RBL-17-0374-1_S116,0,0.00025820426526479423
CTX,random,LR,label,3,RBL-18-0002-1_S158,0,3.321107158171799e-07
CTX,random,LR,label,3,RBL-18-0021-1_S42,0,0.9995933175086975
CTX,random,LR,label,3,RBL-18-0090-1_S48,1,0.6004075407981873
CTX,random,LR,label,3,RBL-18-0098-1_S178,0,0.7464720606803894
CTX,random,LR,label,3,RBT-17-0003-1_S16,0,3.19565660902299e-05
CTX,random,LR,label,3,RBT-17-0008-1_S18,0,2.716910603339784e-05
CTX,random,LR,label,3,RBT-17-0022-1_S24,0,3.234074029023759e-05
CTX,random,LR,label,3,RBT-17-0023-1_S25,0,0.36685308814048767
CTX,random,LR,label,3,RBT-17-0079-1_S29,0,1.4185584404913243e-06
CTX,random,LR,label,3,RBT-17-0100-1_S36,1,0.7656548619270325
CTX,random,LR,label,3,RBT-17-0102-1_S37,0,0.9595634341239929
CTX,random,LR,label,3,RBT-17-0107-1_S39,0,0.0003019508731085807
CTX,random,LR,label,3,RBT-17-0113-1_S42,0,9.646767011872726e-07
CTX,random,LR,label,3,RBT-17-0130-1_S27,0,0.9929394721984863
CTX,random,LR,label,3,RBT-17-0133-1_S6,0,0.9163190722465515
CTX,random,LR,label,3,RBT-17-0156-1_S56,0,0.9999998807907104
CTX,random,LR,label,3,RBT-17-0173-1_S63,0,4.111484668101184e-05
CTX,random,LR,label,3,RBT-17-0217-1_S7,0,0.9999366998672485
CTX,random,LR,label,3,RBT-17-0249-1_S61,1,0.9791178703308105
CTX,random,LR,label,3,RBT-17-0256-1_S25,0,0.9999961853027344
CTX,random,LR,label,3,RBT-17-0339-1_S20,0,0.9986421465873718
CTX,random,LR,label,3,RBT-18-0027-1_S68,0,0.5469192266464233
CTX,random,LR,label,3,RBT-18-0052-1_S35,1,4.903576336801052e-05
CTX,random,LR,label,3,RBT-18-0053-1_S36,1,0.8569813370704651
CTX,random,LR,label,3,RBT-18-0100-1_S21,0,0.16710805892944336
CTX,random,LR,label,3,RBT-18-0116-1_S46,0,0.15873569250106812
CTX,random,LR,label,3,RBT-18-0127-1_S51,0,1.1752619002436404e-06
CTX,random,LR,label,3,RBT-18-0173-1_S35,0,5.536106982617639e-05
CTX,random,LR,label,3,RBT-18-0181-1_S61,1,0.9989328980445862
CTX,random,LR,label,3,RBT-18-0197-1_S40,0,0.06762782484292984
CTX,random,LR,label,3,RBT-18-0236-1_S48,1,0.9242079854011536
CTX,random,LR,label,3,RBT-18-0253-1_S54,0,0.8349103331565857
CTX,random,LR,label,3,RBT-18-0278-1_S64,0,0.003412389662116766
CTX,random,LR,label,3,RBT-18-0283-1_S65,0,3.430019887673552e-06
CTX,random,LR,label,3,RBT-18-0303-1_S20,0,0.428282231092453
CTX,random,LR,label,3,RBT-18-0324-1_S57,1,0.9998849630355835
CTX,random,LR,label,3,RBT-18-0337-1_S46,1,0.9536625146865845
CTX,random,LR,label,3,RBT-18-0338-1_S35,0,0.06835068017244339
CTX,random,LR,label,3,RBT-18-0360-1_S39,0,0.25036168098449707
CTX,random,LR,label,3,RBT-18-0361-1_S38,0,0.0011407900601625443
CTX,random,LR,label,3,RBT-18-0370-1_S33,0,0.0025512182619422674
CTX,random,LR,label,3,RBT-18-0385-1_S34,0,6.572097959178791e-07
CTX,random,LR,label,3,RBT-18-0401-1_S43,0,0.9399188160896301
CTX,random,LR,label,3,ResetH115_S6_L001,1,0.9999849796295166
CTX,random,LR,label,3,ResetH129_S7_L001,1,0.9982631802558899
CTX,random,LR,label,3,ResetH152_S4_L001,1,0.9943411350250244
CTX,random,LR,label,3,ResetH30_S4_L001,1,0.24231024086475372
CTX,random,LR,label,3,ResetH93_S5_L001,1,0.9450284242630005
CTX,random,LR,label,3,ResetV105_S1_L001,1,1.0
CTX,random,LR,label,3,ResetV260_S5_L001,1,0.9999209642410278
CTX,random,LR,label,3,Survcare125_S25,1,0.999976396560669
CTX,random,LR,label,3,Survcare129_S1,1,6.394275331444987e-09
CTX,random,LR,label,3,Survcare184_S19,1,0.4510527551174164
CTX,random,LR,label,3,Survcare236_S5_L001,1,0.8288507461547852
CTX,random,LR,label,3,Survcare275_S38,1,0.001957866596058011
CTX,random,LR,label,3,Survcare309_S20_L001,1,0.9992213249206543
CTX,random,LR,label,3,Survcare341_S25,1,0.952599048614502
CTX,random,LR,label,3,Survcare350_S44,1,0.9344505071640015
CTX,random,LR,label,3,Survcare360_S84,1,0.9999911785125732
CTX,random,LR,label,3,V155_S5_L001,1,0.9998866319656372
CTX,random,LR,label,3,V158_S4_L001,1,0.9998003840446472
CTX,random,LR,label,3,V168_S9_L001,1,0.9967663288116455
CTX,random,LR,label,3,V182_S6_L001,1,0.994696855545044
CTX,random,LR,label,3,V201_S4_L001,1,0.9980365633964539
CTX,random,LR,label,3,V229_S10_L001,1,0.998763918876648
CTX,random,LR,label,3,V238_S11_L001,1,0.9992774128913879
CTX,random,LR,label,3,V292_S6_L001,1,1.0
CTX,random,LR,label,3,V41_S2_L001,1,0.9999995231628418
CTX,random,LR,label,3,V64_S3_L001,1,0.04988063871860504
CTX,random,LR,label,3,V79_S6_L001,1,0.0673304870724678
CTX,random,LR,label,3,V98_S3_L001,1,0.9999991655349731
CTX,random,LR,label,3,wdhRBF-10-0002-1_S10_L001,1,0.9999808073043823
CTX,random,LR,label,3,wdhRBF-17-0564-1_S230,1,0.999944806098938
CTX,random,LR,label,3,wdhRBF-18-0049-1_S13_L001,0,7.899043197312494e-08
CTX,random,LR,label,3,wdhRBF-18-0057_S14_L001,0,0.9999659061431885
CTX,random,LR,label,3,wdhRBF-18-0059-1_S15_L001,0,1.2322485254401272e-09
CTX,random,LR,label,3,wdhRBF-18-0081-1_S18_L001,0,0.0005788335693068802
CTX,random,LR,label,3,wNRZ-33910_S81,1,1.0
CTX,random,LR,label,3,wRBG-16-026-1_S163,0,0.005298817530274391
CTX,random,LR,label,3,wRBG-16-027-1_S174,0,1.2929925787830143e-06
CTX,random,LR,label,3,wRBG-16-034-1_S164,0,0.9947596192359924
CTX,random,LR,label,3,wRBG-17-023-1_S155,0,3.922168161807349e-06
CTX,random,LR,label,3,wRBG-17-052-1_S120,0,0.9999048709869385
CTX,random,LR,label,3,wRBG-17-057-1_S141,0,0.9943169951438904
CTX,random,LR,label,3,wRBG-17-058-1_S130,0,3.5237397241871804e-05
CTX,random,LR,label,3,wRBG-17-072-1_S129,0,2.4160488010238623e-07
CTX,random,LR,label,3,wRBG-17-106-1_S125,0,0.9866099953651428
CTX,random,LR,label,3,wwRBB-16-112-1_S1,1,0.9711995720863342
CTX,random,LR,label,3,wwRBL-16-111-1_S16,1,0.9999997615814209
CTX,random,LR,label,4,H109_S2_L001,1,1.730483774053937e-07
CTX,random,LR,label,4,H116_S8_L001,1,1.0
CTX,random,LR,label,4,H17_S2_L001,1,0.016411758959293365
CTX,random,LR,label,4,H38_S4_L001,1,0.9999995231628418
CTX,random,LR,label,4,H53_S4_L001,1,0.9414626359939575
CTX,random,LR,label,4,H86_S1_L001,1,0.5389829874038696
CTX,random,LR,label,4,NNRBG-17-0196-1_S3,0,0.00293784704990685
CTX,random,LR,label,4,NNRBG-17-0249-1_S13,0,0.00012406412861309946
CTX,random,LR,label,4,NNRBG-17-0287-1_S17,0,0.2641996443271637
CTX,random,LR,label,4,NNRBG-17-0399-1_S40,0,0.08353165537118912
CTX,random,LR,label,4,RBB-18-0490-1_S20_L001,1,0.3705763816833496
CTX,random,LR,label,4,RBB-18-0668-1_S188,1,0.9952050447463989
CTX,random,LR,label,4,RBB-18-1309-1_S42,1,0.46723321080207825
CTX,random,LR,label,4,RBB-18-1406-1_S49,1,0.005175817292183638
CTX,random,LR,label,4,RBF-17-0178-1_S139,0,0.8996374011039734
CTX,random,LR,label,4,RBF-17-0194-1_S140,0,0.03261648491024971
CTX,random,LR,label,4,RBF-17-0467-1_S12,1,0.9144574403762817
CTX,random,LR,label,4,RBF-17-0513-1_S76,0,0.17597094178199768
CTX,random,LR,label,4,RBF-17-0589-1_S92,0,0.006222011521458626
CTX,random,LR,label,4,RBF-17-0614-3_S95,0,0.00012359960237517953
CTX,random,LR,label,4,RBF-17-0630-1_S59,1,4.929574259904257e-08
CTX,random,LR,label,4,RBF-17-0635-1_S98,0,3.866777660732623e-06
CTX,random,LR,label,4,RBF-17-0648-1_S100,0,1.007810501718609e-11
CTX,random,LR,label,4,RBF-17-0651-1_S62,1,0.9999982118606567
CTX,random,LR,label,4,RBF-17-0664-1_S63,1,0.8746023774147034
CTX,random,LR,label,4,RBF-18-0069-1_S78,1,0.7134811878204346
CTX,random,LR,label,4,RBF-18-0072-1_S16,0,9.846288776316214e-06
CTX,random,LR,label,4,RBF-18-0093-1_S80,1,0.030685914680361748
CTX,random,LR,label,4,RBF-18-0123-1_S25_L001,1,1.26290278235075e-09
CTX,random,LR,label,4,RBF-18-0147-1_S36,0,5.3166870202403516e-05
CTX,random,LR,label,4,RBF-18-0163-2_S39,0,0.0001893964217742905
CTX,random,LR,label,4,RBF-18-0214-1_S51,0,0.0008474364876747131
CTX,random,LR,label,4,RBF-18-0227-1_S53,0,0.0024641461204737425
CTX,random,LR,label,4,RBF-18-0296-1_S17,0,0.9460093975067139
CTX,random,LR,label,4,RBF-18-0310-1_S36,0,0.999718964099884
CTX,random,LR,label,4,RBF-18-0338-1_S72,0,0.20219741761684418
CTX,random,LR,label,4,RBF-18-0634-1_S183,1,0.9989835619926453
CTX,random,LR,label,4,RBG-18-0012-1_S3,0,2.7458229781692975e-14
CTX,random,LR,label,4,RBG-18-0017-1_S5,0,0.8120388984680176
CTX,random,LR,label,4,RBG-18-0055-1_S43,0,0.9999891519546509
CTX,random,LR,label,4,RBG-18-0085-1_S11,0,0.0016990756848827004
CTX,random,LR,label,4,RBG-18-0129-1_S15_L001,1,0.1239868775010109
CTX,random,LR,label,4,RBG-18-0140-1_S14_L001,0,0.8478379845619202
CTX,random,LR,label,4,RBG-18-0153-1_S14,0,0.6090946197509766
CTX,random,LR,label,4,RBG-18-0200-1_S18_L001,1,0.3998458683490753
CTX,random,LR,label,4,RBG-18-0206-2_S46,0,0.0012746849097311497
CTX,random,LR,label,4,RBG-18-0221-1_S47,0,0.9999485015869141
CTX,random,LR,label,4,RBG-18-0279-1_S36,1,0.9464684724807739
CTX,random,LR,label,4,RBG-18-0347-1_S22_L001,0,0.27048906683921814
CTX,random,LR,label,4,RBG-18-0352-1_S21_L001,0,0.0004732600646093488
CTX,random,LR,label,4,RBG-18-0358-1_S39,1,0.9997190833091736
CTX,random,LR,label,4,RBG-18-0381-1_S49,0,1.6734333030399284e-06
CTX,random,LR,label,4,RBG-18-0383-1_S37,1,1.0
CTX,random,LR,label,4,RBG-18-0394-1_S23_L001,0,0.1793297976255417
CTX,random,LR,label,4,RBK-16-007-1_S13,1,0.9437493681907654
CTX,random,LR,label,4,RBK-17-0595-1_S187,1,0.9987653493881226
CTX,random,LR,label,4,RBK-18-0019-1_S195,0,0.03570980951189995
CTX,random,LR,label,4,RBK-18-0047-1_S20,0,0.00015059411816764623
CTX,random,LR,label,4,RBK-18-0080-1_S205,0,0.07557352632284164
CTX,random,LR,label,4,RBK-18-0236-2_S52_2,1,0.4294973909854889
CTX,random,LR,label,4,RBKk-18-0108-1_S201,1,0.9859681129455566
CTX,random,LR,label,4,RBL-17-0107-1_S150,0,0.8309688568115234
CTX,random,LR,label,4,RBL-17-0117-1_S155,0,0.4617287218570709
CTX,random,LR,label,4,RBL-17-0123-1_S157,0,3.303069661342306e-06
CTX,random,LR,label,4,RBL-17-0133-1_S159,0,0.0021990614477545023
CTX,random,LR,label,4,RBL-17-0138-1_S162,0,0.0063970377668738365
CTX,random,LR,label,4,RBL-17-0159-1_S166,0,0.9484241008758545
CTX,random,LR,label,4,RBL-17-0189-1_S172,0,0.0002743986842688173
CTX,random,LR,label,4,RBL-17-0199-1_S174,0,0.9669312238693237
CTX,random,LR,label,4,RBL-17-0259-1_S99,0,0.014088661409914494
CTX,random,LR,label,4,RBL-17-0261-1_S100,0,0.8640177845954895
CTX,random,LR,label,4,RBL-17-0263-1_S102,0,6.716923621752358e-07
CTX,random,LR,label,4,RBL-17-0327-1_S116,0,5.187487062130458e-08
CTX,random,LR,label,4,RBL-17-0328-1_S117,0,2.2193175936990883e-06
CTX,random,LR,label,4,RBL-17-0360-1_S108,0,0.9996351003646851
CTX,random,LR,label,4,RBL-17-0383-1_S119,0,0.0840645432472229
CTX,random,LR,label,4,RBL-17-0390-1_S121,0,2.6221687221550383e-06
CTX,random,LR,label,4,RBL-17-0402-1_S126,0,0.012998386286199093
CTX,random,LR,label,4,RBL-17-0428-1_S70,1,1.0
CTX,random,LR,label,4,RBL-17-0432-1_S132,0,0.9088799953460693
CTX,random,LR,label,4,RBL-17-0434-1_S133,0,0.3766595423221588
CTX,random,LR,label,4,RBL-18-0019-1_S41,0,0.012909938581287861
CTX,random,LR,label,4,RBL-18-0032-1_S167,0,0.9971518516540527
CTX,random,LR,label,4,RBL-18-0048-1_S44,0,0.999908447265625
CTX,random,LR,label,4,RBL-18-0059-1_S171,0,0.9596465229988098
CTX,random,LR,label,4,RBL-18-0343-1_S6,1,0.13041970133781433
CTX,random,LR,label,4,RBT-17-0009-1_S21,0,0.9331968426704407
CTX,random,LR,label,4,RBT-17-0024-1_S23,0,0.008263887837529182
CTX,random,LR,label,4,RBT-17-0090-1_S32,0,0.0004929803544655442
CTX,random,LR,label,4,RBT-17-0138-1_S52,0,0.16823330521583557
CTX,random,LR,label,4,RBT-17-0165-1_S60,0,0.0018184625077992678
CTX,random,LR,label,4,RBT-17-0168-1_S61,0,2.9397485832305392e-06
CTX,random,LR,label,4,RBT-17-0174-1_S64,0,0.11184655874967575
CTX,random,LR,label,4,RBT-17-0183-1_S67,0,0.40063124895095825
CTX,random,LR,label,4,RBT-17-0238-1_S59,0,0.2749269902706146
CTX,random,LR,label,4,RBT-17-0279-1_S12,0,0.01876741833984852
CTX,random,LR,label,4,RBT-17-0287-1_S10,0,2.14891060750233e-05
CTX,random,LR,label,4,RBT-17-0328-1_S16,1,0.9989346861839294
CTX,random,LR,label,4,RBT-18-0021-1_S56,1,0.9347658157348633
CTX,random,LR,label,4,RBT-18-0056-1_S37,0,5.32469224268084e-09
CTX,random,LR,label,4,RBT-18-0096-1_S20,0,0.12702028453350067
CTX,random,LR,label,4,RBT-18-0103-1_S24,0,0.0033898060210049152
CTX,random,LR,label,4,RBT-18-0113-1_S44,0,0.09397253394126892
CTX,random,LR,label,4,RBT-18-0115-1_S45,0,0.10346195101737976
CTX,random,LR,label,4,RBT-18-0121-1_S28,0,0.0022951671853661537
CTX,random,LR,label,4,RBT-18-0122-1_S63,0,0.48725491762161255
CTX,random,LR,label,4,RBT-18-0125-1_S50,0,0.5489247441291809
CTX,random,LR,label,4,RBT-18-0205-1_S6,1,0.9982000589370728
CTX,random,LR,label,4,RBT-18-0246-1_S52,0,2.2026536043995293e-06
CTX,random,LR,label,4,RBT-18-0247-1_S16,1,0.9747947454452515
CTX,random,LR,label,4,RBT-18-0251-1_S7,0,0.9845032691955566
CTX,random,LR,label,4,RBT-18-0265-1_S59,0,3.843976248418812e-09
CTX,random,LR,label,4,RBT-18-0308-1_S34,0,0.9347789287567139
CTX,random,LR,label,4,RBT-18-0351-1_S48,0,2.7893412379853544e-07
CTX,random,LR,label,4,RBT-18-0368-1_S32,1,0.5508701801300049
CTX,random,LR,label,4,RBT-18-0372-1_S31,1,0.9973174929618835
CTX,random,LR,label,4,RBT-18-0377-1_S1,0,0.0922861322760582
CTX,random,LR,label,4,RBT-18-0384-1_S40,0,5.581212462857366e-06
CTX,random,LR,label,4,RBT-18-0391-1_S35,1,0.9991616010665894
CTX,random,LR,label,4,RBT-18-0392-1_S56,1,0.7098553776741028
CTX,random,LR,label,4,ResetH10_S1_L001,1,3.377836765139364e-05
CTX,random,LR,label,4,ResetH139_S3_L001,1,0.9929909706115723
CTX,random,LR,label,4,ResetH24a_S3_2_L001,1,1.0
CTX,random,LR,label,4,ResetH44_S3_L001,1,6.958304071824628e-11
CTX,random,LR,label,4,ResetH63_S7_L001,1,0.9347658157348633
CTX,random,LR,label,4,ResetH8_S2_L001,1,0.18228672444820404
CTX,random,LR,label,4,ResetV161_S3_L001,1,0.9999977350234985
CTX,random,LR,label,4,Survcare133_S25,1,0.9999949932098389
CTX,random,LR,label,4,Survcare140_S4_L001,1,0.9999996423721313
CTX,random,LR,label,4,Survcare262_S23_L001,1,0.0007369413506239653
CTX,random,LR,label,4,Survcare278_S62,1,0.9998587369918823
CTX,random,LR,label,4,Survcare292_S39,1,2.052221077519789e-07
CTX,random,LR,label,4,Survcare293_S40,1,0.9983554482460022
CTX,random,LR,label,4,Survcare295_S8_L001,1,1.0
CTX,random,LR,label,4,Survcare310_S21_L001,1,0.0005863477708771825
CTX,random,LR,label,4,Survcare335_S11,1,0.9999996423721313
CTX,random,LR,label,4,V108_S2_L001,1,0.999996542930603
CTX,random,LR,label,4,V152_S3_L001,1,0.002048205817118287
CTX,random,LR,label,4,V153_S4_L001,1,0.999902606010437
CTX,random,LR,label,4,V163_S6_L001,1,4.657458863022157e-10
CTX,random,LR,label,4,V177_S6_L001,1,0.6090345978736877
CTX,random,LR,label,4,V183_S7_L001,1,0.007184013724327087
CTX,random,LR,label,4,V195_S1_L001,1,6.173704377808033e-19
CTX,random,LR,label,4,V80_S7_L001,1,1.2103008143761994e-14
CTX,random,LR,label,4,V89_S1_L001,1,3.6705252568935975e-05
CTX,random,LR,label,4,V9_S1_L001,1,0.9795337915420532
CTX,random,LR,label,4,V96_S2_L001,1,0.9999970197677612
CTX,random,LR,label,4,W2RBL-16-018-1_S15,1,0.21511700749397278
CTX,random,LR,label,4,wdhRBF-17-0567-1_S122,0,0.0006670423317700624
CTX,random,LR,label,4,wdhRBF-18-0098-1_S19_L001,0,0.0033423348795622587
CTX,random,LR,label,4,WDHRBG-16-049-1_S87,0,0.031541332602500916
CTX,random,LR,label,4,WDHRBG-17-0093-1_S1,1,1.0
CTX,random,LR,label,4,WDHRBG-17-122-1_S48,0,0.9999998807907104
CTX,random,LR,label,4,wRBG-17-014-1_S167,0,0.002228101249784231
CTX,random,LR,label,4,wRBG-17-022-1_S43,1,0.9999961853027344
CTX,random,LR,label,4,wRBG-17-081-1_S117,0,0.013429505750536919
CTX,random,LR,label,4,wRBG-17-100-1_S104,0,0.00011303059727651998
CTX,random,LR,label,4,wwRBB-17-031-1_S25,1,0.0022817933931946754
CTX,random,LR,label,4,wwRBF-17-251-1_S33,1,0.9984341263771057
CTX,random,LR,label,4,wwRBK-17-0148-2_S38,1,0.9562065601348877
CTX,random,LR,label,4,wwRBL-17-004-1_S44,1,0.7924403548240662
CTX,random,SVM,label,0,H105_S3_L001,1,0.7183210254511899
CTX,random,SVM,label,0,H113_S6_L001,1,0.44137086090474
CTX,random,SVM,label,0,H119_S7_L001,1,0.9599280116187827
CTX,random,SVM,label,0,H122_S4_L001,1,0.7005653051077059
CTX,random,SVM,label,0,H37_S3_L001,1,0.5934689880742738
CTX,random,SVM,label,0,H66_S1_L001,1,0.7966604838400372
CTX,random,SVM,label,0,H83_S7_L001,1,0.9709998388559701
CTX,random,SVM,label,0,NNRBG-17-0201-1_S6,0,0.026565219366893895
CTX,random,SVM,label,0,NNRBG-17-0242-1_S11,0,0.5231617046891214
CTX,random,SVM,label,0,NNRBG-17-0316-1_S23,0,0.28030589002597395
CTX,random,SVM,label,0,NNRBG-17-0328-1_S25,0,0.21094492066731715
CTX,random,SVM,label,0,NNRBG-17-0378-1_S37,0,0.7945776548929284
CTX,random,SVM,label,0,NNRBG-17-0382-1_S38,0,9.481349552367754e-05
CTX,random,SVM,label,0,RBB-17-171-1_S52,1,0.7512254872868651
CTX,random,SVM,label,0,RBB-18-0129-1_S179,1,0.8568824627277462
CTX,random,SVM,label,0,RBB-18-0665-1_S23_L001,1,0.33832474858666
CTX,random,SVM,label,0,RBB-18-0826-1_S193,1,0.5344507667491698
CTX,random,SVM,label,0,RBB-18-0892-1_S80_2,1,0.9740757993926644
CTX,random,SVM,label,0,RBB-18-0972-1_S203_2,1,0.9895868266322508
CTX,random,SVM,label,0,RBB-18-1488-1_S46,1,0.020666983037822287
CTX,random,SVM,label,0,RBF-16-0064-1_S136,0,0.1527599945766819
CTX,random,SVM,label,0,RBF-16-060-1_S22,1,0.7569888301802115
CTX,random,SVM,label,0,RBF-16-073-1_S23,1,0.954269058963597
CTX,random,SVM,label,0,RBF-17-0508-1_S73,0,0.7068752285790251
CTX,random,SVM,label,0,RBF-17-0521-1_S78,0,0.7533152832807948
CTX,random,SVM,label,0,RBF-17-0532-1_S80,0,0.2305664069050984
CTX,random,SVM,label,0,RBF-17-0572-2_S89,0,0.008770917895804163
CTX,random,SVM,label,0,RBF-17-0602-1_S93,0,0.19842467338029093
CTX,random,SVM,label,0,RBF-17-0632-1_S97,0,0.028435301051929367
CTX,random,SVM,label,0,RBF-17-0653-1_S101,0,0.2536425386791359
CTX,random,SVM,label,0,RBF-17-266-1_S70,1,0.6802868149521315
CTX,random,SVM,label,0,RBF-17-277-1_S73,1,0.031153425407485957
CTX,random,SVM,label,0,RBF-18-0068-1_S77,1,0.29881479562398516
CTX,random,SVM,label,0,RBF-18-0085-1_S21,0,0.01731690754443909
CTX,random,SVM,label,0,RBF-18-0125-1_S30,0,0.825026004412454
CTX,random,SVM,label,0,RBF-18-0126-1_S31,0,0.2156491649598223
CTX,random,SVM,label,0,RBF-18-0127-1_S32,0,0.6402163509625959
CTX,random,SVM,label,0,RBF-18-0173-1_S27,0,0.5523601593545455
CTX,random,SVM,label,0,RBF-18-0179-1_S29,0,0.9839915412840146
CTX,random,SVM,label,0,RBF-18-0192-1_S44,0,0.44418168581709083
CTX,random,SVM,label,0,RBF-18-0259-1_S33,0,0.11083333174651572
CTX,random,SVM,label,0,RBF-18-0280-1_S62,0,0.019567676324264337
CTX,random,SVM,label,0,RBF-18-0282-1_S63,0,0.06849231699204635
CTX,random,SVM,label,0,RBF-18-0294-1_S64,0,0.025888620470614323
CTX,random,SVM,label,0,RBF-18-0339-1_S37,0,0.46454910234384883
CTX,random,SVM,label,0,RBF-18-0405-1_S81_2,1,0.43143410878677385
CTX,random,SVM,label,0,RBG-17-0351-1_S20_L001,1,0.7121113728956395
CTX,random,SVM,label,0,RBG-17-0383-1_S44,0,0.19561279537045317
CTX,random,SVM,label,0,RBG-18-0023-1_S2,0,0.15224469511936545
CTX,random,SVM,label,0,RBG-18-0025-1_S9_L001,0,0.0022134899170875083
CTX,random,SVM,label,0,RBG-18-0029-1_S40,0,0.026507058438872952
CTX,random,SVM,label,0,RBG-18-0071-1_S44,0,0.07023862169447581
CTX,random,SVM,label,0,RBG-18-0077-1_S9,1,0.8063054828780285
CTX,random,SVM,label,0,RBG-18-0144-1_S38,0,0.059982129832243915
CTX,random,SVM,label,0,RBG-18-0191-1_S11_L001,0,0.1954894185359164
CTX,random,SVM,label,0,RBG-18-0202-1_S13_L001,0,0.4386147508789161
CTX,random,SVM,label,0,RBG-18-0204-1_S23_L001,0,0.7162917554646969
CTX,random,SVM,label,0,RBG-18-0209-2_S46,0,0.20691950199488776
CTX,random,SVM,label,0,RBG-18-0280-1_S51,0,0.07192692309509256
CTX,random,SVM,label,0,RBG-18-0367-1_S57,0,0.08237525873712852
CTX,random,SVM,label,0,RBG-18-0391-1_S22_L001,1,0.9432290961753877
CTX,random,SVM,label,0,RBG-18-0437-1_S54,1,0.47927067247869304
CTX,random,SVM,label,0,RBK-17-0457-1_S6,1,0.37773272988545753
CTX,random,SVM,label,0,RBK-17-049-1_S62,1,0.757226137540252
CTX,random,SVM,label,0,RBK-18-0002-1_S38,1,0.2120516622879919
CTX,random,SVM,label,0,RBK-18-0020-1_S19,0,0.14831369556485358
CTX,random,SVM,label,0,RBK-18-0022-1_S197,0,0.028216885205437775
CTX,random,SVM,label,0,RBK-18-0104-1_S206,0,0.003591972790066183
CTX,random,SVM,label,0,RBK-18-0644-1_S180,1,0.8742014863060279
CTX,random,SVM,label,0,RBL-17-0116-1_S154,0,0.17275794034951464
CTX,random,SVM,label,0,RBL-17-0144-1_S163,0,0.9267779906034008
CTX,random,SVM,label,0,RBL-17-0242-1_S42,1,0.761333100606904
CTX,random,SVM,label,0,RBL-17-0267-1_S104,0,0.14367237689831486
CTX,random,SVM,label,0,RBL-17-0300-1_S112,0,0.09540323196356598
CTX,random,SVM,label,0,RBL-17-0320-1_S114,0,0.09427896319213278
CTX,random,SVM,label,0,RBL-17-0342-1_S103,0,0.4150452356034296
CTX,random,SVM,label,0,RBL-17-0350-1_S106,0,0.9732886408789184
CTX,random,SVM,label,0,RBL-17-0368-1_S114,0,0.41104628762115547
CTX,random,SVM,label,0,RBL-17-0395-1_S124,0,0.2294147316297814
CTX,random,SVM,label,0,RBL-17-0411-1_S128,0,0.024910656750610584
CTX,random,SVM,label,0,RBL-17-0429-1_S130,0,0.0073217690225051675
CTX,random,SVM,label,0,RBL-18-0066-1_S173,0,0.05071093523008641
CTX,random,SVM,label,0,RBL-18-0076-1_S47,1,0.6787317388515988
CTX,random,SVM,label,0,RBL-18-0242-1_S51,0,0.01266657574869037
CTX,random,SVM,label,0,RBT-16-0024-1_S10,1,0.6896115738881227
CTX,random,SVM,label,0,RBT-16-0038-1_S11,1,0.0337381533454349
CTX,random,SVM,label,0,RBT-16-0045-1_S58,1,0.29173612547844885
CTX,random,SVM,label,0,RBT-17-0011-1_S19,0,0.282002890266004
CTX,random,SVM,label,0,RBT-17-0027-1_S3,0,0.3904310014734363
CTX,random,SVM,label,0,RBT-17-0039-1_S28,1,0.28089927653959657
CTX,random,SVM,label,0,RBT-17-0109-1_S40,0,0.09665463216066618
CTX,random,SVM,label,0,RBT-17-0118-1_S45,0,0.9485555549785559
CTX,random,SVM,label,0,RBT-17-0124-1_S46,0,0.04466233747983607
CTX,random,SVM,label,0,RBT-17-0142-1_S53,0,0.00489360246114867
CTX,random,SVM,label,0,RBT-17-0161-1_S57,0,0.0019357625527020256
CTX,random,SVM,label,0,RBT-17-0228-1_S10,0,0.876886344335054
CTX,random,SVM,label,0,RBT-17-0285-1_S66,0,0.4877572570508138
CTX,random,SVM,label,0,RBT-17-0291-1_S14,0,0.055747029154767286
CTX,random,SVM,label,0,RBT-18-0023-1_S14,0,0.3353312170372063
CTX,random,SVM,label,0,RBT-18-0030-1_S69,0,0.010662766865870787
CTX,random,SVM,label,0,RBT-18-0042-1_S60,0,0.15811501651324986
CTX,random,SVM,label,0,RBT-18-0046-1_S2,0,0.922779774012435
CTX,random,SVM,label,0,RBT-18-0064-1_S15,0,0.8489884828494902
CTX,random,SVM,label,0,RBT-18-0101-1_S22,0,0.20700437840669364
CTX,random,SVM,label,0,RBT-18-0102-1_S23,0,0.06715052048002838
CTX,random,SVM,label,0,RBT-18-0133-1_S30,0,0.3510359832858406
CTX,random,SVM,label,0,RBT-18-0141-1_S32,0,0.03541721267830659
CTX,random,SVM,label,0,RBT-18-0185-1_S39,0,0.1360043789298987
CTX,random,SVM,label,0,RBT-18-0231-1_S14,1,0.2248282742329982
CTX,random,SVM,label,0,RBT-18-0234-1_S15,1,0.6855007846563468
CTX,random,SVM,label,0,RBT-18-0263-1_S58,0,0.03726552669933826
CTX,random,SVM,label,0,RBT-18-0271-1_S62,0,0.03646334573965751
CTX,random,SVM,label,0,RBT-18-0288-1_S68,0,0.42108963468908606
CTX,random,SVM,label,0,RBT-18-0317-1_S27,0,0.14146423854222837
CTX,random,SVM,label,0,RBT-18-0325-1_S44,0,0.4786735056741982
CTX,random,SVM,label,0,RBT-18-0340-1_S36,0,0.21382492598226066
CTX,random,SVM,label,0,ResetH131_S7_L001,1,0.43914298986807554
CTX,random,SVM,label,0,ResetH68_S1_L001,1,0.09816912530775347
CTX,random,SVM,label,0,ResetV143_S2_L001,1,0.20150570894538775
CTX,random,SVM,label,0,ResetV210_S4_L001,1,0.9740110551258477
CTX,random,SVM,label,0,ResetV70_S6_L001,1,0.5076367869201814
CTX,random,SVM,label,0,ResetV76_S7_L001,1,0.5122841411899935
CTX,random,SVM,label,0,Survcare0111_S29,1,0.556925114511516
CTX,random,SVM,label,0,Survcare0114_S37,1,0.8455165324056146
CTX,random,SVM,label,0,Survcare134_S26,1,0.3885389643120539
CTX,random,SVM,label,0,Survcare230_S17_L001,1,0.9440469030711396
CTX,random,SVM,label,0,Survcare254_S36,1,0.8903074859439398
CTX,random,SVM,label,0,Survcare289_S36,1,0.6059817228599913
CTX,random,SVM,label,0,Survcare291_S38,1,0.8333121317578579
CTX,random,SVM,label,0,Survcare321_S18,1,0.9272749820442677
CTX,random,SVM,label,0,Survcare327_S1,1,0.8402103540355483
CTX,random,SVM,label,0,Survcare329_S3,1,0.37117957511960764
CTX,random,SVM,label,0,Survcare337_S12,1,0.5837284300023108
CTX,random,SVM,label,0,V113_S3_L001,1,0.6211380303558135
CTX,random,SVM,label,0,V120_S5_L001,1,0.4573577694288278
CTX,random,SVM,label,0,V123_S1_L001,1,0.5080110108100904
CTX,random,SVM,label,0,V130_S5_L001,1,0.9871951576808022
CTX,random,SVM,label,0,V139_S7_L001,1,0.971824314637879
CTX,random,SVM,label,0,V228_S8_L001,1,0.7294608516565557
CTX,random,SVM,label,0,V271_S13_L001,1,0.8974114066993611
CTX,random,SVM,label,0,V279_S8_L001,1,0.7046260170032584
CTX,random,SVM,label,0,V282_S4_L001,1,0.24220746968828588
CTX,random,SVM,label,0,V291_S5_L001,1,0.8476562687550147
CTX,random,SVM,label,0,V40_S2_L001,1,0.7107303138459188
CTX,random,SVM,label,0,V71_S4_L001,1,0.953717196609687
CTX,random,SVM,label,0,W2RBF-17-090-1_S26,1,0.2592336213094977
CTX,random,SVM,label,0,W2RBF-17-133-1_S28,1,0.6360895375110955
CTX,random,SVM,label,0,wdh-Survcare119_S44,1,0.17864471702237042
CTX,random,SVM,label,0,wdh2NRZ-29911a_S31,1,0.25469272909288015
CTX,random,SVM,label,0,wdhRBF-18-0080-1_S17_L001,0,0.7539584859884451
CTX,random,SVM,label,0,WDHRBG-16-050-1_S40,1,0.9941076553651998
CTX,random,SVM,label,0,WDHRBG-17-005-2_S61,0,0.5043379627247985
CTX,random,SVM,label,0,WDHRBG-17-0256-1_S17,0,0.016180852364246375
CTX,random,SVM,label,0,WDHRBG-17-121-1_S46,0,0.8292366087778259
CTX,random,SVM,label,0,wRBG-16-024-1_S152,0,0.5134170031074451
CTX,random,SVM,label,0,wRBG-17-021-1_S166,0,0.02154941662476306
CTX,random,SVM,label,0,wRBG-17-031-1_S154,0,0.27708497484079664
CTX,random,SVM,label,0,wRBG-17-049-1_S142,0,0.11115076367290258
CTX,random,SVM,label,0,wRBG-17-110-1_S168,0,0.06391278521922668
CTX,random,SVM,label,0,wwRBF-17-209-1_S34,0,0.853828245623841
CTX,random,SVM,label,0,wwRBK-17-0197-1_S39,1,0.901352525015202
CTX,random,SVM,label,0,wwRBK-17-0298-1_S42,1,0.5682412168448728
CTX,random,SVM,label,1,H130_S2_L001,1,0.7334427129674171
CTX,random,SVM,label,1,H136_S7_L001,1,0.008481696526311856
CTX,random,SVM,label,1,H154_S2_L001,1,0.7150391455837469
CTX,random,SVM,label,1,H157_S3_L001,1,0.9417700878488299
CTX,random,SVM,label,1,H164_S3_L001,1,0.8885559420443515
CTX,random,SVM,label,1,H176_S5_L001,1,0.7677757922154893
CTX,random,SVM,label,1,H69_S6_L001,1,0.9243757152538583
CTX,random,SVM,label,1,NNRBG-17-0199-1_S5,0,0.19654759006025463
CTX,random,SVM,label,1,NNRBG-17-0255-1_S14,0,0.9993336382523762
CTX,random,SVM,label,1,NNRBG-17-0298-1_S19,0,0.16500391846689028
CTX,random,SVM,label,1,NNRBG-17-0319-1_S24,0,0.16665240461800684
CTX,random,SVM,label,1,RBB-17-011-1_S40,1,0.7310849522668216
CTX,random,SVM,label,1,RBB-18-0519-1_S184,1,0.5124370345979619
CTX,random,SVM,label,1,RBB-18-0537-1_S21_L001,1,0.7745247250626197
CTX,random,SVM,label,1,RBB-18-0674-1_S189,1,0.9879170801180017
CTX,random,SVM,label,1,RBB-18-1393-1_S48,1,0.9883124496119136
CTX,random,SVM,label,1,RBB-18-1502-1_S47,1,0.9352555313776634
CTX,random,SVM,label,1,RBB-19-0014-1_S44,1,0.9346858023540457
CTX,random,SVM,label,1,RBF-17-0195-1_S141,0,0.5907327576380944
CTX,random,SVM,label,1,RBF-17-0424-1_S15,1,0.9366643653150856
CTX,random,SVM,label,1,RBF-17-0438-1_S9,1,0.7310849522668216
CTX,random,SVM,label,1,RBF-17-0450-1_S10,1,0.9795611427403933
CTX,random,SVM,label,1,RBF-17-0532-2_S31,0,0.09761557005756673
CTX,random,SVM,label,1,RBF-17-0537-1_S56,1,0.7234651234028447
CTX,random,SVM,label,1,RBF-17-0540-1_S83,0,0.3881629521830801
CTX,random,SVM,label,1,RBF-17-094-1_S56,1,0.5953748874353401
CTX,random,SVM,label,1,RBF-17-318-1_S77,1,0.2285328119383248
CTX,random,SVM,label,1,RBF-18-0019-1_S2,0,0.9165652379672076
CTX,random,SVM,label,1,RBF-18-0035-1_S6,0,0.9228498277861277
CTX,random,SVM,label,1,RBF-18-0036-1_S7,0,0.020999436602141427
CTX,random,SVM,label,1,RBF-18-0055-1_S11,0,0.370114548330121
CTX,random,SVM,label,1,RBF-18-0066-1_S15,0,0.06311938410459184
CTX,random,SVM,label,1,RBF-18-0086-1_S22,0,0.003200222728447499
CTX,random,SVM,label,1,RBF-18-0087-1_S23,0,0.26762120852916277
CTX,random,SVM,label,1,RBF-18-0099-1_S26,0,0.058527479651629195
CTX,random,SVM,label,1,RBF-18-0132-1_S26,0,0.8170283282364903
CTX,random,SVM,label,1,RBF-18-0172-1_S40,0,0.013428416876593373
CTX,random,SVM,label,1,RBF-18-0187-1_S31,1,0.8731035505957536
CTX,random,SVM,label,1,RBF-18-0251-1_S55,0,0.9284840991503209
CTX,random,SVM,label,1,RBF-18-0333-1_S70,0,0.0565037917257841
CTX,random,SVM,label,1,RBF-18-0585-1_S48,1,0.8433574622879288
CTX,random,SVM,label,1,RBF-18-0664-1_S190,1,0.803533052593576
CTX,random,SVM,label,1,RBG-18-0041-1_S6,0,0.08881683486779388
CTX,random,SVM,label,1,RBG-18-0054-1_S42,0,0.7953588108399381
CTX,random,SVM,label,1,RBG-18-0076-1_S10,0,0.6260706707621839
CTX,random,SVM,label,1,RBG-18-0099-1_S14,1,0.7310849522668216
CTX,random,SVM,label,1,RBG-18-0108-1_S16,0,0.0414073417628813
CTX,random,SVM,label,1,RBG-18-0211-1_S35,1,0.560617484634409
CTX,random,SVM,label,1,RBG-18-0300-1_S52,0,0.0810792526573483
CTX,random,SVM,label,1,RBG-18-0301-1_S53,0,0.40404604818773465
CTX,random,SVM,label,1,RBG-18-0410-1_S12,1,0.7093905293450823
CTX,random,SVM,label,1,RBK-16-073-1_S14,1,0.9688304898130154
CTX,random,SVM,label,1,RBK-16-124-1_S16,1,0.23730404631366944
CTX,random,SVM,label,1,RBK-18-0037-1_S199,0,0.002207099718099463
CTX,random,SVM,label,1,RBK-18-0077-1_S212,1,0.7346369505625416
CTX,random,SVM,label,1,RBk-18-0216-1_S231_2,0,0.37418826127396904
CTX,random,SVM,label,1,RBL-17-0076-1_S32,0,0.8357175280709556
CTX,random,SVM,label,1,RBL-17-0104-1_S149,0,0.5542727831983987
CTX,random,SVM,label,1,RBL-17-0113-1_S153,0,0.8396856027643956
CTX,random,SVM,label,1,RBL-17-0118-1_S156,0,0.0543498196566512
CTX,random,SVM,label,1,RBL-17-0129-1_S158,0,0.06737008907062284
CTX,random,SVM,label,1,RBL-17-0155-1_S165,0,0.17008147543908436
CTX,random,SVM,label,1,RBL-17-0235-1_S92,0,0.03524729280923197
CTX,random,SVM,label,1,RBL-17-0264-1_S103,0,0.3497848043490118
CTX,random,SVM,label,1,RBL-17-0283-1_S27,0,0.5236609528002998
CTX,random,SVM,label,1,RBL-17-0305-1_S49,1,0.7310856006212009
CTX,random,SVM,label,1,RBL-17-0306-1_S50,1,0.09415855911505161
CTX,random,SVM,label,1,RBL-17-0340-1_S102,0,0.24942630260609058
CTX,random,SVM,label,1,RBL-17-0347-1_S104,0,0.01116308854836703
CTX,random,SVM,label,1,RBL-17-0349-1_S105,0,0.5048512358515714
CTX,random,SVM,label,1,RBL-17-0375-1_S117,0,0.9906798915662612
CTX,random,SVM,label,1,RBL-17-0391-1_S122,0,0.026953963608456494
CTX,random,SVM,label,1,RBL-17-0393-1_S123,0,0.32004137108722885
CTX,random,SVM,label,1,RBL-17-0435-1_S134,0,0.08375402734122299
CTX,random,SVM,label,1,RBL-17-075-1_S18,1,0.970610863201963
CTX,random,SVM,label,1,RBL-18-0022-1_S43,0,0.20566952790718854
CTX,random,SVM,label,1,RBL-18-0055-1_S170,0,0.3823136481503365
CTX,random,SVM,label,1,RBL-18-0093-1_S49,0,0.7741914193562689
CTX,random,SVM,label,1,RBL-18-0131-1_S188_2,1,0.402333335977491
CTX,random,SVM,label,1,RBL-18-0194-1_S195_2,1,0.5966540894503851
CTX,random,SVM,label,1,RBL-18-0467-1_S228_2,1,0.9488452568101674
CTX,random,SVM,label,1,RBT-17-0033-1_S12,1,0.1970670581953805
CTX,random,SVM,label,1,RBT-17-0167-1_S27,0,0.27984359413773735
CTX,random,SVM,label,1,RBT-17-0177-1_S65,0,0.059950160225796356
CTX,random,SVM,label,1,RBT-17-0177-2_S7,0,0.061183686109031465
CTX,random,SVM,label,1,RBT-17-0188-1_S68,1,0.09200115850473128
CTX,random,SVM,label,1,RBT-17-0194-1_S30,0,0.10181570439663454
CTX,random,SVM,label,1,RBT-17-0232-1_S58,0,0.9994744259278727
CTX,random,SVM,label,1,RBT-17-0239-1_S60,0,0.04762078788946267
CTX,random,SVM,label,1,RBT-17-0243-1_S11,0,0.20578398947406487
CTX,random,SVM,label,1,RBT-17-0251-1_S62,1,0.9813348146025809
CTX,random,SVM,label,1,RBT-17-0270-1_S65,0,0.15139349744392577
CTX,random,SVM,label,1,RBT-18-0017-1_S67,0,0.00042208473499451976
CTX,random,SVM,label,1,RBT-18-0045-1_S70,0,0.004864388440390502
CTX,random,SVM,label,1,RBT-18-0057-1_S38,0,0.7884155700348588
CTX,random,SVM,label,1,RBT-18-0066-1_S40,0,0.18053172152610922
CTX,random,SVM,label,1,RBT-18-0071-1_S41,0,0.9915489624087762
CTX,random,SVM,label,1,RBT-18-0079-1_S16,0,0.8445781519359837
CTX,random,SVM,label,1,RBT-18-0091-1_S42,0,0.6925739451826035
CTX,random,SVM,label,1,RBT-18-0179-1_S37,0,0.40759473858815637
CTX,random,SVM,label,1,RBT-18-0227-1_S46,1,0.5767694821761082
CTX,random,SVM,label,1,RBT-18-0241-1_S50,0,0.16204803179271432
CTX,random,SVM,label,1,RBT-18-0269-1_S61,0,0.04552268952341579
CTX,random,SVM,label,1,RBT-18-0284-1_S66,1,0.7353135891707914
CTX,random,SVM,label,1,RBT-18-0331-1_S22,0,0.05181886037692642
CTX,random,SVM,label,1,RBT-18-0334-1_S23,0,0.004160724132883711
CTX,random,SVM,label,1,RBT-18-0335-1_S41,0,0.3002546256195512
CTX,random,SVM,label,1,RBT-18-0341-1_S24,0,0.15305047102586491
CTX,random,SVM,label,1,RBT-18-0357-1_S27,0,0.0007870546174822672
CTX,random,SVM,label,1,RBT-18-0358-1_S28,0,0.6402999918102483
CTX,random,SVM,label,1,RBT-18-0363-1_S72,1,0.7406809604655716
CTX,random,SVM,label,1,RBT-18-0364-1_S29,0,0.3396072824567491
CTX,random,SVM,label,1,ResetH132_S1_L001,1,0.8406915068158165
CTX,random,SVM,label,1,ResetH16_S2_L001,1,0.3994674591295957
CTX,random,SVM,label,1,ResetH45_S5_L001,1,0.45438863098843235
CTX,random,SVM,label,1,ResetH49b_S6_L001,1,0.9058045828581986
CTX,random,SVM,label,1,ResetH75_S2_L001,1,0.7319591115550536
CTX,random,SVM,label,1,ResetH89_S3_L001,1,0.9193175638843145
CTX,random,SVM,label,1,ResetH98_S4_L001,1,0.19649057925307664
CTX,random,SVM,label,1,ResetV288_S6_L001,1,0.9959399327249899
CTX,random,SVM,label,1,RPG-18-0435-1_S32,0,0.002655603817610593
CTX,random,SVM,label,1,Survcare058_S26,1,0.9169335754929218
CTX,random,SVM,label,1,Survcare130_S2,1,0.17107969285836705
CTX,random,SVM,label,1,Survcare176_S17_L001,1,0.9711282705145161
CTX,random,SVM,label,1,Survcare221_S7_L001,1,0.2362206538201935
CTX,random,SVM,label,1,Survcare234_S3_L001,1,0.04795474567661805
CTX,random,SVM,label,1,Survcare253_S35,1,0.5955942348287481
CTX,random,SVM,label,1,Survcare265_S20,1,0.09624939486026642
CTX,random,SVM,label,1,Survcare303_S15_L001,1,0.993805566712978
CTX,random,SVM,label,1,Survcare318_S20_L001,1,0.9533205993317962
CTX,random,SVM,label,1,V111_S3_L001,1,0.391993009142578
CTX,random,SVM,label,1,V114_S5_L001,1,0.7997019227168062
CTX,random,SVM,label,1,V116_S6_L001,1,0.9982725883531052
CTX,random,SVM,label,1,V268_S12_L001,1,0.9982459222571313
CTX,random,SVM,label,1,V283_S5_L001,1,0.6326239823764479
CTX,random,SVM,label,1,V295_S7_L001,1,0.5711860127057732
CTX,random,SVM,label,1,V73_S5_L001,1,0.9478156828121639
CTX,random,SVM,label,1,V86_S1_L001,1,0.9404810405271113
CTX,random,SVM,label,1,w2RBG-16-037-1_S34,0,0.7727168697843269
CTX,random,SVM,label,1,wdh-RBF-17-0572-1_S43,0,0.005677952496875734
CTX,random,SVM,label,1,wdh-RBL-17-0361-1_S44,0,0.10575361047858935
CTX,random,SVM,label,1,wdh-RBL-17-0431-1_S46,0,0.7719801484245433
CTX,random,SVM,label,1,wdhRBF-17-0558-1_S121,0,0.20787558528640449
CTX,random,SVM,label,1,wdhRBF-18-0048-1_S12_L001,0,0.0004309972903709086
CTX,random,SVM,label,1,WDHRBG-17-001-1_S82,0,0.7135346072377725
CTX,random,SVM,label,1,WDHRBG-17-008-1_S83,0,0.01980217486432988
CTX,random,SVM,label,1,wdhRBL-17-0370-1_S232,0,0.12799218500722687
CTX,random,SVM,label,1,wRBG-16-032-1_S142,0,0.2698553070202726
CTX,random,SVM,label,1,wRBG-16-033-1_S153,0,0.5534015151531243
CTX,random,SVM,label,1,wRBG-17-025-1_S133,0,0.03683239493708863
CTX,random,SVM,label,1,wRBG-17-028-1_S100,0,0.04486470522516964
CTX,random,SVM,label,1,wRBG-17-047-1_S153,0,0.0050094057262457655
CTX,random,SVM,label,1,wRBG-17-073-1_S118,0,0.12188217923915207
CTX,random,SVM,label,1,wRBG-17-075-1_S96,0,0.24099641956378548
CTX,random,SVM,label,1,wRBG-17-082-1_S106,0,0.04190832183473802
CTX,random,SVM,label,1,wRBG-17-112-1_S146,0,0.009262734440040929
CTX,random,SVM,label,1,wwRBF-16-094-1_S13,1,0.031204291364865303
CTX,random,SVM,label,1,wwRBF-17-167-1_S31,1,0.7989291302408832
CTX,random,SVM,label,1,wwRBF-17-189-1_S32,1,0.7667669614495642
CTX,random,SVM,label,1,wwRBK-17-0148-1_S37,1,0.7539577935771373
CTX,random,SVM,label,1,wwRBK-17-075-1_S28,1,0.6913384853284592
CTX,random,SVM,label,1,WWSurvcare043_S43,1,0.09422989454678715
CTX,random,SVM,label,2,H148_S4_L001,1,0.5514462541708182
CTX,random,SVM,label,2,H160_S3_L001,1,0.6695030280108131
CTX,random,SVM,label,2,H162_S4_L001,1,0.5454621235901187
CTX,random,SVM,label,2,H51_S5_L001,1,0.7312319456449896
CTX,random,SVM,label,2,NNRBG-17-0191-1_S1,0,0.3143859475975561
CTX,random,SVM,label,2,NNRBG-17-0198-1_S4,0,0.44472540694774104
CTX,random,SVM,label,2,NNRBG-17-0205-1_S7,0,0.7084162593456134
CTX,random,SVM,label,2,NNRBG-17-0243-1_S12,0,0.03736467083950665
CTX,random,SVM,label,2,NNRBG-17-0278-1_S16,0,0.21409157840570994
CTX,random,SVM,label,2,NNRBG-17-0329-1_S26,0,0.04169001517347427
CTX,random,SVM,label,2,NNRBG-17-0346-1_S30,0,0.1123347802574317
CTX,random,SVM,label,2,NNSurvcare045_S41,1,0.9885985285454898
CTX,random,SVM,label,2,RBB-18-0546-1_S22_L001,1,0.9856375870916203
CTX,random,SVM,label,2,RBB-18-0765-1_S191,1,0.9442577448760054
CTX,random,SVM,label,2,RBB-18-1312-1_S43,1,0.9682077230028705
CTX,random,SVM,label,2,RBBK18-0189-1_S24_L001,0,0.414543846598655
CTX,random,SVM,label,2,RBF-10-0240-1_S12_L001,0,0.35606000764206697
CTX,random,SVM,label,2,RBF-17-0173-1_S138,0,0.5677185118291964
CTX,random,SVM,label,2,RBF-17-0340-1_S81,1,0.4436859358700878
CTX,random,SVM,label,2,RBF-17-0489-1_S13,1,0.3909089240932144
CTX,random,SVM,label,2,RBF-17-0509-1_S74,0,0.5883773788504134
CTX,random,SVM,label,2,RBF-17-0538-1_S82,0,0.9578430256641436
CTX,random,SVM,label,2,RBF-17-0550-1_S84,0,0.7659623100107424
CTX,random,SVM,label,2,RBF-17-0553-1_S85,0,0.7592276744195613
CTX,random,SVM,label,2,RBF-17-0616-1_S96,0,0.2959571034462933
CTX,random,SVM,label,2,RBF-17-0645-1_S61,1,0.029712587388233614
CTX,random,SVM,label,2,RBF-17-067-1_S54,1,0.5383714379213239
CTX,random,SVM,label,2,RBF-17-170-1_S66,1,0.9428016296481587
CTX,random,SVM,label,2,RBF-17-186-1_S69,1,0.7311106802212002
CTX,random,SVM,label,2,RBF-18-0027-1_S5,0,0.49691303596823994
CTX,random,SVM,label,2,RBF-18-0064-2_S14,0,0.011942615644002811
CTX,random,SVM,label,2,RBF-18-0075-1_S79,1,0.6861359295357272
CTX,random,SVM,label,2,RBF-18-0121-1_S28,0,0.6472113286807547
CTX,random,SVM,label,2,RBF-18-0151-1_S83,1,0.213656973468702
CTX,random,SVM,label,2,RBF-18-0160-1_S37,0,0.38317126375671196
CTX,random,SVM,label,2,RBF-18-0174-1_S28,1,0.7328631706744007
CTX,random,SVM,label,2,RBF-18-0196-1_S46,0,0.36124102698391464
CTX,random,SVM,label,2,RBF-18-0200-1_S48,0,0.021257484212991312
CTX,random,SVM,label,2,RBF-18-0217-1_S54,0,0.0022194676733773124
CTX,random,SVM,label,2,RBF-18-0253-1_S13_L001,0,0.6935490433183293
CTX,random,SVM,label,2,RBF-18-0277-1_S61,0,0.6050214263380437
CTX,random,SVM,label,2,RBF-18-0321-1_S69,0,0.0046788236638044415
CTX,random,SVM,label,2,RBG-17-0284-1_S59,0,0.9295190096428844
CTX,random,SVM,label,2,RBg-17-123-2_S12,0,0.13665970741991457
CTX,random,SVM,label,2,RBG-18-0004-1_S1,1,0.7311106802212002
CTX,random,SVM,label,2,RBG-18-0072-1_S8,0,0.41567465059022873
CTX,random,SVM,label,2,RBG-18-0224-1_S24_L001,1,0.8247789563064888
CTX,random,SVM,label,2,RBG-18-0239-1_S4,0,0.025892199530921034
CTX,random,SVM,label,2,RBG-18-0276-1_S50,0,0.2654973382533056
CTX,random,SVM,label,2,RBG-18-0380-1_S48,0,0.7311106802212002
CTX,random,SVM,label,2,RBG-18-0388-1_S21_L001,1,0.8594158342792078
CTX,random,SVM,label,2,RBK-17-0492-1_S8,1,0.22554776917754774
CTX,random,SVM,label,2,RBK-17-0588-1_S24,1,0.2737618697731199
CTX,random,SVM,label,2,RBK-17-0612-1_S27,1,0.7327247188832167
CTX,random,SVM,label,2,RBK-18-0005-1_S18,0,0.011603642655489296
CTX,random,SVM,label,2,RBK-18-0038-1_S200,0,0.05463429660490292
CTX,random,SVM,label,2,RBK-18-0414-1_S59,0,0.004760133154828551
CTX,random,SVM,label,2,RBL-17-0101-1_S148,0,0.06408560749093872
CTX,random,SVM,label,2,RBL-17-0135-1_S160,0,0.3878344864516455
CTX,random,SVM,label,2,RBL-17-0165-1_S167,0,0.18004225588152495
CTX,random,SVM,label,2,RBL-17-0172-1_S170,0,0.8416379991535894
CTX,random,SVM,label,2,RBL-17-0197-1_S173,0,0.4984598784782719
CTX,random,SVM,label,2,RBL-17-0205-1_S175,0,0.03283197861687489
CTX,random,SVM,label,2,RBL-17-0217-1_S176,0,0.5949836301098105
CTX,random,SVM,label,2,RBL-17-0244-1_S44,1,0.8480550294459142
CTX,random,SVM,label,2,RBL-17-0246-1_S94,0,0.19111747043105165
CTX,random,SVM,label,2,RBL-17-0256-1_S98,0,0.33635176728111355
CTX,random,SVM,label,2,RBL-17-0307-1_S51,1,0.7311106802212002
CTX,random,SVM,label,2,RBL-17-0323-1_S115,0,0.2500156779569647
CTX,random,SVM,label,2,RBL-17-0324-1_S54,1,0.7176755051879629
CTX,random,SVM,label,2,RBL-17-0332-1_S118,0,0.8056323645794006
CTX,random,SVM,label,2,RBL-17-0365-1_S112,0,0.1766447383858079
CTX,random,SVM,label,2,RBL-17-0366-1_S113,0,0.5868980902260208
CTX,random,SVM,label,2,RBL-17-0392-1_S69,1,0.7310612705371934
CTX,random,SVM,label,2,RBL-17-0397-1_S125,0,0.1471460247658699
CTX,random,SVM,label,2,RBL-17-0409-1_S127,0,0.13959393811985485
CTX,random,SVM,label,2,RBL-17-060-1_S17,1,0.24750627672964123
CTX,random,SVM,label,2,RBL-18-0010-1_S159,0,0.07710004724154673
CTX,random,SVM,label,2,RBL-18-0016-1_S161,0,0.04219128005027436
CTX,random,SVM,label,2,RBL-18-0037-1_S168,0,0.37271100037130045
CTX,random,SVM,label,2,RBL-18-0085-1_S176,0,0.16023616084796316
CTX,random,SVM,label,2,RBL-18-0500-1_S230_2,1,0.12683986610764114
CTX,random,SVM,label,2,RBT-17-0019-1_S62,1,0.9919471926057045
CTX,random,SVM,label,2,RBT-17-0082-1_S30,0,0.6589399814329581
CTX,random,SVM,label,2,RBT-17-0084-1_S31,0,0.0507167905902907
CTX,random,SVM,label,2,RBT-17-0097-1_S34,1,0.9027498853477663
CTX,random,SVM,label,2,RBT-17-0099-1_S35,0,0.021943396530147572
CTX,random,SVM,label,2,RBT-17-0112-1_S41,0,0.026081564900819962
CTX,random,SVM,label,2,RBT-17-0149-1_S13,1,0.07552999131449167
CTX,random,SVM,label,2,RBT-17-0150-1_S54,0,0.11765808843807536
CTX,random,SVM,label,2,RBT-17-0163-1_S59,0,0.04620297568321564
CTX,random,SVM,label,2,RBT-17-0178-1_S66,0,0.02170299158702181
CTX,random,SVM,label,2,RBT-17-0210-1_S55,0,0.059073161877458535
CTX,random,SVM,label,2,RBT-17-0219-1_S8,1,0.990615471827531
CTX,random,SVM,label,2,RBT-17-0225-1_S9,0,0.083757257628468
CTX,random,SVM,label,2,RBT-17-0295-1_S15,0,0.0992324056153536
CTX,random,SVM,label,2,RBT-17-0337-1_S19,0,0.5850576509974913
CTX,random,SVM,label,2,RBT-18-0004-1_S51,1,0.4931398684092859
CTX,random,SVM,label,2,RBT-18-0050-1_S34,0,0.9328552419499202
CTX,random,SVM,label,2,RBT-18-0080-1_S49,1,0.908381278348874
CTX,random,SVM,label,2,RBT-18-0095-1_S19,0,0.1616092792235175
CTX,random,SVM,label,2,RBT-18-0110-1_S27,0,0.022018147015873474
CTX,random,SVM,label,2,RBT-18-0120-1_S48,0,0.2700794814492579
CTX,random,SVM,label,2,RBT-18-0129-1_S52,0,0.7124168918735454
CTX,random,SVM,label,2,RBT-18-0134-1_S29,0,0.2272559738767426
CTX,random,SVM,label,2,RBT-18-0146-1_S55,0,0.6391896353681992
CTX,random,SVM,label,2,RBT-18-0164-1_S34,0,0.8762500823312954
CTX,random,SVM,label,2,RBT-18-0184-1_S38,1,0.6491798989093931
CTX,random,SVM,label,2,RBT-18-0224-1_S43,0,0.11306265108439426
CTX,random,SVM,label,2,RBT-18-0230-1_S45,0,0.1284434173383981
CTX,random,SVM,label,2,RBT-18-0232-1_S47,0,0.39307081458973925
CTX,random,SVM,label,2,RBT-18-0252-1_S53,0,0.31544730317783587
CTX,random,SVM,label,2,RBT-18-0259-1_S55,0,0.49936869673251993
CTX,random,SVM,label,2,RBT-18-0275-1_S63,0,0.2038534017559462
CTX,random,SVM,label,2,RBT-18-0292-1_S70,0,0.10083614562292262
CTX,random,SVM,label,2,RBT-18-0293-1_S71,0,0.04769120414163704
CTX,random,SVM,label,2,RBT-18-0296-1_S72,1,0.6999524866532993
CTX,random,SVM,label,2,RBT-18-0316-1_S43,0,0.08231253718514318
CTX,random,SVM,label,2,RBT-18-0339-1_S47,0,0.009324816062160832
CTX,random,SVM,label,2,RBT-18-0365-1_S30,0,0.513978257447902
CTX,random,SVM,label,2,ResetH1_S1_L001,1,0.7949204824972839
CTX,random,SVM,label,2,ResetH127_S6_L001,1,0.40146446495159577
CTX,random,SVM,label,2,ResetH134_S8_L001,1,0.8893148905027768
CTX,random,SVM,label,2,ResetH92_S4_L001,1,0.7445799905529635
CTX,random,SVM,label,2,ResetH99_S5_L001,1,0.35154705996764635
CTX,random,SVM,label,2,ResetV63_S5_L001,1,0.39974110649608163
CTX,random,SVM,label,2,ResetV74_S7_L001,1,0.9496457962710649
CTX,random,SVM,label,2,Survcare052_S22,1,0.9361731379110227
CTX,random,SVM,label,2,Survcare104_S16_L001,1,0.2534047091276032
CTX,random,SVM,label,2,Survcare187_S32,1,0.7661150202073341
CTX,random,SVM,label,2,Survcare190_S35,1,0.06901153710978612
CTX,random,SVM,label,2,Survcare244_S9_L001,1,0.8984785031149071
CTX,random,SVM,label,2,Survcare313_S24_L001,1,0.9748767078382949
CTX,random,SVM,label,2,Survcare317_S5_L001,1,0.9486300366206858
CTX,random,SVM,label,2,Survcare319_S16,1,0.43869492604280785
CTX,random,SVM,label,2,Survcare334_S10,1,0.8637618486377266
CTX,random,SVM,label,2,V1_S6_L001,1,0.9643387127881092
CTX,random,SVM,label,2,V131_S7_L001,1,0.8378472484402268
CTX,random,SVM,label,2,V172_S5_L001,1,0.46435204486134246
CTX,random,SVM,label,2,V173_S6_L001,1,0.1754038268623248
CTX,random,SVM,label,2,V205_S3_L001,1,0.5436223957646494
CTX,random,SVM,label,2,V215_S2_L001,1,0.5504734082222065
CTX,random,SVM,label,2,V232_S3_L001,1,0.0038775642371992954
CTX,random,SVM,label,2,V289_S5_L001,1,0.9870705900157082
CTX,random,SVM,label,2,V8_S7_L001,1,0.09694746243340192
CTX,random,SVM,label,2,W2RBK-17-168-1_S33,1,0.8925739350558186
CTX,random,SVM,label,2,W2RBK-17-169-1_S34,1,0.9188977656606898
CTX,random,SVM,label,2,wdh-RBB-16-025-1_S20,1,0.04392467310289344
CTX,random,SVM,label,2,wdh-RBB-17-170-1_S16,1,0.755072838453431
CTX,random,SVM,label,2,wdhRBF-18-0025-1_S11_L001,0,0.06468635736543002
CTX,random,SVM,label,2,WDHRBG-16-060-1_S27,0,0.33298622602275557
CTX,random,SVM,label,2,WDHRBG-16-062-1_S49,0,0.018631135892727985
CTX,random,SVM,label,2,wNRZ-32446_S79,1,0.5075544352337599
CTX,random,SVM,label,2,wRBF-17-0146-1_S35,1,0.7581323856644419
CTX,random,SVM,label,2,wRBG-17-030-1_S165,0,0.09882680762006786
CTX,random,SVM,label,2,wRBG-17-034-1_S121,0,0.31741137802974023
CTX,random,SVM,label,2,wRBG-17-055-1_S163,0,0.3941030566232285
CTX,random,SVM,label,2,wRBG-17-102-1_S169,0,0.0007274439133391335
CTX,random,SVM,label,2,wwRBF-16-007-1_S10,1,0.569889064967884
CTX,random,SVM,label,2,wwRBF-17-148-1_S27,1,0.21986938350779012
CTX,random,SVM,label,2,wwRBK-16-023-1_S5,1,0.020010966139360598
CTX,random,SVM,label,2,wwRBK-17-0278-1_S41,1,0.25697405110308613
CTX,random,SVM,label,3,H100_S2_L001,1,0.13244256167285898
CTX,random,SVM,label,3,H108_S5_L001,1,0.6896978373320565
CTX,random,SVM,label,3,H123_S1_L001,1,0.9875027764001751
CTX,random,SVM,label,3,H141_S6_L001,1,0.9484933174024568
CTX,random,SVM,label,3,H153_S1_L001,1,0.6440996977475566
CTX,random,SVM,label,3,H28_S10_L001,1,0.4558907165873096
CTX,random,SVM,label,3,H3_S1_L001,1,0.6727301937037905
CTX,random,SVM,label,3,H50_S7_L001,1,0.8904117707425034
CTX,random,SVM,label,3,H71_S1_L001,1,0.8424784094899448
CTX,random,SVM,label,3,NNRBG-17-0193-1_S2,0,0.0889799739270766
CTX,random,SVM,label,3,NNRBG-17-0227-1_S8,0,0.00886547117085051
CTX,random,SVM,label,3,NNRBG-17-0234-1_S9,0,0.20176664155498453
CTX,random,SVM,label,3,NNRBG-17-0239-1_S10,0,0.5514104451390944
CTX,random,SVM,label,3,NNRBG-17-0294-1_S18,0,0.13993079929043106
CTX,random,SVM,label,3,NNRBG-17-0308-1_S20,0,0.043432836300144155
CTX,random,SVM,label,3,RBB-18-0772-1_S192,1,0.949679871966786
CTX,random,SVM,label,3,RBB-18-1086-1_S189_2,1,0.678154972045157
CTX,random,SVM,label,3,RBB-18-1212-1_S67_2,1,0.9330551402339359
CTX,random,SVM,label,3,RBB-18-1460-1_S45,1,0.6347197358769382
CTX,random,SVM,label,3,RBF-16-004-1_S18,1,0.9575864777989989
CTX,random,SVM,label,3,RBF-17-0164-1_S137,0,0.16065604630400682
CTX,random,SVM,label,3,RBF-17-0520-2_S55,1,0.46314619261158485
CTX,random,SVM,label,3,RBF-17-0523-1_S30,0,0.1761559833535414
CTX,random,SVM,label,3,RBF-17-0587-1_S91,0,0.06051430624594232
CTX,random,SVM,label,3,RBF-17-0605-1_S94,0,0.8451068466482616
CTX,random,SVM,label,3,RBF-17-0647-1_S99,0,0.19201922344182654
CTX,random,SVM,label,3,RBF-18-0013-1_S25_L001,0,0.3516102019514
CTX,random,SVM,label,3,RBF-18-0088-1_S24,0,0.05832642225468158
CTX,random,SVM,label,3,RBF-18-0135-1_S34,0,0.018536733955952362
CTX,random,SVM,label,3,RBF-18-0139-1_S35,0,0.013834760493389796
CTX,random,SVM,label,3,RBF-18-0184-1_S30,0,0.11429666264845158
CTX,random,SVM,label,3,RBF-18-0194-1_S86,1,0.5538445465884205
CTX,random,SVM,label,3,RBF-18-0199-1_S47,0,0.8345466054353848
CTX,random,SVM,label,3,RBF-18-0201-1_S49,0,0.7692787110520651
CTX,random,SVM,label,3,RBF-18-0208-2_S11_L001,0,0.06037055187076505
CTX,random,SVM,label,3,RBF-18-0252-1_S56,0,0.3213463198927369
CTX,random,SVM,label,3,RBF-18-0714-2_S204_2,1,0.20828000738525967
CTX,random,SVM,label,3,RBG-17-013-1_S16,1,0.5105267760521495
CTX,random,SVM,label,3,RBG-17-0269-1_S41,0,0.9543237927334514
CTX,random,SVM,label,3,RBG-18-0083-1_S12,0,0.10303382094424475
CTX,random,SVM,label,3,RBG-18-0113-1_S13_L001,0,0.13992668999373784
CTX,random,SVM,label,3,RBG-18-0166-1_S10_L001,0,0.5023918301843207
CTX,random,SVM,label,3,RBG-18-0170-1_S41,0,0.13454466392437586
CTX,random,SVM,label,3,RBG-18-0177-1_S17_L001,1,0.9378781146022964
CTX,random,SVM,label,3,RBG-18-0185-1_S40,0,0.20154900251634053
CTX,random,SVM,label,3,RBG-18-0193-1_S8,0,0.48737581194924606
CTX,random,SVM,label,3,RBG-18-0194-1_S45,0,0.013862877746201445
CTX,random,SVM,label,3,RBG-18-0223-1_S2,0,0.04882202732378725
CTX,random,SVM,label,3,RBG-18-0256-1_S8_L001,1,0.06856165525553841
CTX,random,SVM,label,3,RBG-18-0265-1_S49,0,0.1171213698597437
CTX,random,SVM,label,3,RBG-18-0289-1_S37,1,0.5578305021403462
CTX,random,SVM,label,3,RBG-18-0308-1_S54,1,0.8715721156123059
CTX,random,SVM,label,3,RBG-18-0312-1_S55,0,0.24403239374776503
CTX,random,SVM,label,3,RBG-18-0355-1_S19_L001,0,0.157438029998228
CTX,random,SVM,label,3,RBG-18-0402-1_S50,1,0.6464563239128761
CTX,random,SVM,label,3,RBG-18-0417-1_S52,0,0.13049957229421427
CTX,random,SVM,label,3,RBG-18-0421-1_S53,1,0.6540306790452741
CTX,random,SVM,label,3,RBK-16-079-1_S15,1,0.06784020831223175
CTX,random,SVM,label,3,RBK-17-0601-1_S25,1,0.7310821558108478
CTX,random,SVM,label,3,RBK-17-0655-5_S182,1,0.8389323108280689
CTX,random,SVM,label,3,RBK-18-0060-1_S22,0,0.6220790076129309
CTX,random,SVM,label,3,RBK-18-0062-2_S203,0,0.8813955567855053
CTX,random,SVM,label,3,RBK-18-0250-1_S235_2,0,0.5867517610848931
CTX,random,SVM,label,3,RBL-17-0090-1_S145,0,0.03728540018736861
CTX,random,SVM,label,3,RBL-17-0093-1_S146,0,0.6285363566868504
CTX,random,SVM,label,3,RBL-17-0095-1_S147,0,0.02364429631543404
CTX,random,SVM,label,3,RBL-17-0108-1_S151,0,0.11749226475303391
CTX,random,SVM,label,3,RBL-17-0136-1_S161,0,0.0664952915462384
CTX,random,SVM,label,3,RBL-17-0226-1_S41,1,0.7914080752187701
CTX,random,SVM,label,3,RBL-17-0232-1_S91,0,0.10313330398122374
CTX,random,SVM,label,3,RBL-17-0274-2_S105,0,0.008190475216672034
CTX,random,SVM,label,3,RBL-17-0359-1_S66,1,0.9352086120526779
CTX,random,SVM,label,3,RBL-17-0374-1_S116,0,0.0677761982645353
CTX,random,SVM,label,3,RBL-18-0002-1_S158,0,0.008192285253513705
CTX,random,SVM,label,3,RBL-18-0021-1_S42,0,0.8400179934799333
CTX,random,SVM,label,3,RBL-18-0090-1_S48,1,0.47391492544451985
CTX,random,SVM,label,3,RBL-18-0098-1_S178,0,0.48861032717007497
CTX,random,SVM,label,3,RBT-17-0003-1_S16,0,0.10444765190603103
CTX,random,SVM,label,3,RBT-17-0008-1_S18,0,0.09344519586117203
CTX,random,SVM,label,3,RBT-17-0022-1_S24,0,0.10656407933943357
CTX,random,SVM,label,3,RBT-17-0023-1_S25,0,0.4524964853067141
CTX,random,SVM,label,3,RBT-17-0079-1_S29,0,0.07294341487924341
CTX,random,SVM,label,3,RBT-17-0100-1_S36,1,0.6606956958881266
CTX,random,SVM,label,3,RBT-17-0102-1_S37,0,0.705881635231258
CTX,random,SVM,label,3,RBT-17-0107-1_S39,0,0.13764344590677544
CTX,random,SVM,label,3,RBT-17-0113-1_S42,0,0.026623927779909542
CTX,random,SVM,label,3,RBT-17-0130-1_S27,0,0.5892067881623332
CTX,random,SVM,label,3,RBT-17-0133-1_S6,0,0.6635629291553069
CTX,random,SVM,label,3,RBT-17-0156-1_S56,0,0.9548711748651407
CTX,random,SVM,label,3,RBT-17-0173-1_S63,0,0.06441981477704989
CTX,random,SVM,label,3,RBT-17-0217-1_S7,0,0.9154512055400155
CTX,random,SVM,label,3,RBT-17-0249-1_S61,1,0.7389769765037971
CTX,random,SVM,label,3,RBT-17-0256-1_S25,0,0.8704549231773597
CTX,random,SVM,label,3,RBT-17-0339-1_S20,0,0.8619975394770903
CTX,random,SVM,label,3,RBT-18-0027-1_S68,0,0.44734579613379283
CTX,random,SVM,label,3,RBT-18-0052-1_S35,1,0.06791500151320316
CTX,random,SVM,label,3,RBT-18-0053-1_S36,1,0.6586698026184888
CTX,random,SVM,label,3,RBT-18-0100-1_S21,0,0.33319841795306787
CTX,random,SVM,label,3,RBT-18-0116-1_S46,0,0.33217539493361903
CTX,random,SVM,label,3,RBT-18-0127-1_S51,0,0.04308151380676033
CTX,random,SVM,label,3,RBT-18-0173-1_S35,0,0.11602915818907372
CTX,random,SVM,label,3,RBT-18-0181-1_S61,1,0.7282486485617078
CTX,random,SVM,label,3,RBT-18-0197-1_S40,0,0.29167377270242667
CTX,random,SVM,label,3,RBT-18-0236-1_S48,1,0.7084459943864763
CTX,random,SVM,label,3,RBT-18-0253-1_S54,0,0.5508973925185033
CTX,random,SVM,label,3,RBT-18-0278-1_S64,0,0.2829524251489754
CTX,random,SVM,label,3,RBT-18-0283-1_S65,0,0.08514704616252386
CTX,random,SVM,label,3,RBT-18-0303-1_S20,0,0.3496007074307161
CTX,random,SVM,label,3,RBT-18-0324-1_S57,1,0.8874659551401978
CTX,random,SVM,label,3,RBT-18-0337-1_S46,1,0.7938172446242742
CTX,random,SVM,label,3,RBT-18-0338-1_S35,0,0.3577077862820611
CTX,random,SVM,label,3,RBT-18-0360-1_S39,0,0.361151778664095
CTX,random,SVM,label,3,RBT-18-0361-1_S38,0,0.14732890195432205
CTX,random,SVM,label,3,RBT-18-0370-1_S33,0,0.3360796973820163
CTX,random,SVM,label,3,RBT-18-0385-1_S34,0,0.039658522773254254
CTX,random,SVM,label,3,RBT-18-0401-1_S43,0,0.6210125397285445
CTX,random,SVM,label,3,ResetH115_S6_L001,1,0.9704012642199562
CTX,random,SVM,label,3,ResetH129_S7_L001,1,0.8685724571952299
CTX,random,SVM,label,3,ResetH152_S4_L001,1,0.8459880097344621
CTX,random,SVM,label,3,ResetH30_S4_L001,1,0.2818363099646603
CTX,random,SVM,label,3,ResetH93_S5_L001,1,0.8298822971448233
CTX,random,SVM,label,3,ResetV105_S1_L001,1,0.9898944656628337
CTX,random,SVM,label,3,ResetV260_S5_L001,1,0.9599433949928778
CTX,random,SVM,label,3,Survcare125_S25,1,0.8307312128577137
CTX,random,SVM,label,3,Survcare129_S1,1,0.004115628785903011
CTX,random,SVM,label,3,Survcare184_S19,1,0.43707825603381006
CTX,random,SVM,label,3,Survcare236_S5_L001,1,0.6569588808672553
CTX,random,SVM,label,3,Survcare275_S38,1,0.17043907091762567
CTX,random,SVM,label,3,Survcare309_S20_L001,1,0.6956501861234473
CTX,random,SVM,label,3,Survcare341_S25,1,0.7102862227406573
CTX,random,SVM,label,3,Survcare350_S44,1,0.49573164645678836
CTX,random,SVM,label,3,Survcare360_S84,1,0.9484998853104937
CTX,random,SVM,label,3,V155_S5_L001,1,0.6890714878661257
CTX,random,SVM,label,3,V158_S4_L001,1,0.7425442176144598
CTX,random,SVM,label,3,V168_S9_L001,1,0.6958009053294757
CTX,random,SVM,label,3,V182_S6_L001,1,0.7796701041650654
CTX,random,SVM,label,3,V201_S4_L001,1,0.6232514090221314
CTX,random,SVM,label,3,V229_S10_L001,1,0.7036072999812722
CTX,random,SVM,label,3,V238_S11_L001,1,0.934417297818561
CTX,random,SVM,label,3,V292_S6_L001,1,0.9985435933586397
CTX,random,SVM,label,3,V41_S2_L001,1,0.959526115280649
CTX,random,SVM,label,3,V64_S3_L001,1,0.46458598124986294
CTX,random,SVM,label,3,V79_S6_L001,1,0.5988170212726897
CTX,random,SVM,label,3,V98_S3_L001,1,0.9180316242080697
CTX,random,SVM,label,3,wdhRBF-10-0002-1_S10_L001,1,0.9664862249055202
CTX,random,SVM,label,3,wdhRBF-17-0564-1_S230,1,0.6868132672553554
CTX,random,SVM,label,3,wdhRBF-18-0049-1_S13_L001,0,0.014822804447884069
CTX,random,SVM,label,3,wdhRBF-18-0057_S14_L001,0,0.8935161764713145
CTX,random,SVM,label,3,wdhRBF-18-0059-1_S15_L001,0,0.00652383937477266
CTX,random,SVM,label,3,wdhRBF-18-0081-1_S18_L001,0,0.2638078764525899
CTX,random,SVM,label,3,wNRZ-33910_S81,1,0.9758369833869994
CTX,random,SVM,label,3,wRBG-16-026-1_S163,0,0.2505075668276495
CTX,random,SVM,label,3,wRBG-16-027-1_S174,0,0.030235487097649224
CTX,random,SVM,label,3,wRBG-16-034-1_S164,0,0.9592480450135528
CTX,random,SVM,label,3,wRBG-17-023-1_S155,0,0.08536595404730858
CTX,random,SVM,label,3,wRBG-17-052-1_S120,0,0.9256860829440271
CTX,random,SVM,label,3,wRBG-17-057-1_S141,0,0.7761737798064896
CTX,random,SVM,label,3,wRBG-17-058-1_S130,0,0.06167237604678727
CTX,random,SVM,label,3,wRBG-17-072-1_S129,0,0.010700545357285695
CTX,random,SVM,label,3,wRBG-17-106-1_S125,0,0.7858267018256437
CTX,random,SVM,label,3,wwRBB-16-112-1_S1,1,0.7887614476983614
CTX,random,SVM,label,3,wwRBL-16-111-1_S16,1,0.9787480499241904
CTX,random,SVM,label,4,H109_S2_L001,1,0.297171622343242
CTX,random,SVM,label,4,H116_S8_L001,1,0.9982122110778329
CTX,random,SVM,label,4,H17_S2_L001,1,0.21174366658025054
CTX,random,SVM,label,4,H38_S4_L001,1,0.9792472934287285
CTX,random,SVM,label,4,H53_S4_L001,1,0.7232644992536896
CTX,random,SVM,label,4,H86_S1_L001,1,0.5109424470644143
CTX,random,SVM,label,4,NNRBG-17-0196-1_S3,0,0.22874014559363362
CTX,random,SVM,label,4,NNRBG-17-0249-1_S13,0,0.08139923326824745
CTX,random,SVM,label,4,NNRBG-17-0287-1_S17,0,0.5149306286594046
CTX,random,SVM,label,4,NNRBG-17-0399-1_S40,0,0.32861507466461676
CTX,random,SVM,label,4,RBB-18-0490-1_S20_L001,1,0.4690463399702414
CTX,random,SVM,label,4,RBB-18-0668-1_S188,1,0.9071711630634901
CTX,random,SVM,label,4,RBB-18-1309-1_S42,1,0.5475832349500432
CTX,random,SVM,label,4,RBB-18-1406-1_S49,1,0.09389199973383312
CTX,random,SVM,label,4,RBF-17-0178-1_S139,0,0.6778832217393654
CTX,random,SVM,label,4,RBF-17-0194-1_S140,0,0.2964502365201304
CTX,random,SVM,label,4,RBF-17-0467-1_S12,1,0.7399189154642503
CTX,random,SVM,label,4,RBF-17-0513-1_S76,0,0.42395284650265624
CTX,random,SVM,label,4,RBF-17-0589-1_S92,0,0.3179753917092905
CTX,random,SVM,label,4,RBF-17-0614-3_S95,0,0.07367839503084479
CTX,random,SVM,label,4,RBF-17-0630-1_S59,1,0.005639210037097245
CTX,random,SVM,label,4,RBF-17-0635-1_S98,0,0.005564215537584668
CTX,random,SVM,label,4,RBF-17-0648-1_S100,0,0.02793231186111933
CTX,random,SVM,label,4,RBF-17-0651-1_S62,1,0.9188801556532102
CTX,random,SVM,label,4,RBF-17-0664-1_S63,1,0.5505721277814112
CTX,random,SVM,label,4,RBF-18-0069-1_S78,1,0.3237873042495316
CTX,random,SVM,label,4,RBF-18-0072-1_S16,0,0.0611805205772155
CTX,random,SVM,label,4,RBF-18-0093-1_S80,1,0.1364062007165903
CTX,random,SVM,label,4,RBF-18-0123-1_S25_L001,1,0.007343824976427172
CTX,random,SVM,label,4,RBF-18-0147-1_S36,0,0.06492618524788857
CTX,random,SVM,label,4,RBF-18-0163-2_S39,0,0.2533772089630203
CTX,random,SVM,label,4,RBF-18-0214-1_S51,0,0.08569575176537618
CTX,random,SVM,label,4,RBF-18-0227-1_S53,0,0.17752428891503258
CTX,random,SVM,label,4,RBF-18-0296-1_S17,0,0.7422275170901436
CTX,random,SVM,label,4,RBF-18-0310-1_S36,0,0.7651737388222173
CTX,random,SVM,label,4,RBF-18-0338-1_S72,0,0.821992460688504
CTX,random,SVM,label,4,RBF-18-0634-1_S183,1,0.7820708078661216
CTX,random,SVM,label,4,RBG-18-0012-1_S3,0,0.001520988767270687
CTX,random,SVM,label,4,RBG-18-0017-1_S5,0,0.6908909703281066
CTX,random,SVM,label,4,RBG-18-0055-1_S43,0,0.9402383722686862
CTX,random,SVM,label,4,RBG-18-0085-1_S11,0,0.21477179841081595
CTX,random,SVM,label,4,RBG-18-0129-1_S15_L001,1,0.36872557161426633
CTX,random,SVM,label,4,RBG-18-0140-1_S14_L001,0,0.6303064457861802
CTX,random,SVM,label,4,RBG-18-0153-1_S14,0,0.4910149488924203
CTX,random,SVM,label,4,RBG-18-0200-1_S18_L001,1,0.5230454375514793
CTX,random,SVM,label,4,RBG-18-0206-2_S46,0,0.18242589336863252
CTX,random,SVM,label,4,RBG-18-0221-1_S47,0,0.9435645179129704
CTX,random,SVM,label,4,RBG-18-0279-1_S36,1,0.7253341963290092
CTX,random,SVM,label,4,RBG-18-0347-1_S22_L001,0,0.2518384589929053
CTX,random,SVM,label,4,RBG-18-0352-1_S21_L001,0,0.11598824208353223
CTX,random,SVM,label,4,RBG-18-0358-1_S39,1,0.8278325097306488
CTX,random,SVM,label,4,RBG-18-0381-1_S49,0,0.03680033904838047
CTX,random,SVM,label,4,RBG-18-0383-1_S37,1,0.9949252148736693
CTX,random,SVM,label,4,RBG-18-0394-1_S23_L001,0,0.5241063380170411
CTX,random,SVM,label,4,RBK-16-007-1_S13,1,0.7294051651992399
CTX,random,SVM,label,4,RBK-17-0595-1_S187,1,0.9092076026424867
CTX,random,SVM,label,4,RBK-18-0019-1_S195,0,0.35126285828314713
CTX,random,SVM,label,4,RBK-18-0047-1_S20,0,0.07941107516343812
CTX,random,SVM,label,4,RBK-18-0080-1_S205,0,0.3445540875135713
CTX,random,SVM,label,4,RBK-18-0236-2_S52_2,1,0.6604790981164556
CTX,random,SVM,label,4,RBKk-18-0108-1_S201,1,0.7574582543939281
CTX,random,SVM,label,4,RBL-17-0107-1_S150,0,0.5071371626509821
CTX,random,SVM,label,4,RBL-17-0117-1_S155,0,0.6335706615794239
CTX,random,SVM,label,4,RBL-17-0123-1_S157,0,0.13234899535007327
CTX,random,SVM,label,4,RBL-17-0133-1_S159,0,0.06160142154732877
CTX,random,SVM,label,4,RBL-17-0138-1_S162,0,0.3822507564544972
CTX,random,SVM,label,4,RBL-17-0159-1_S166,0,0.606926622968618
CTX,random,SVM,label,4,RBL-17-0189-1_S172,0,0.26272371681230394
CTX,random,SVM,label,4,RBL-17-0199-1_S174,0,0.758562588614522
CTX,random,SVM,label,4,RBL-17-0259-1_S99,0,0.34179615400884966
CTX,random,SVM,label,4,RBL-17-0261-1_S100,0,0.21034777311382333
CTX,random,SVM,label,4,RBL-17-0263-1_S102,0,0.027340476039093262
CTX,random,SVM,label,4,RBL-17-0327-1_S116,0,0.01765771179436632
CTX,random,SVM,label,4,RBL-17-0328-1_S117,0,0.039925459809279244
CTX,random,SVM,label,4,RBL-17-0360-1_S108,0,0.7853742037001862
CTX,random,SVM,label,4,RBL-17-0383-1_S119,0,0.48844840470326245
CTX,random,SVM,label,4,RBL-17-0390-1_S121,0,0.04462876005838374
CTX,random,SVM,label,4,RBL-17-0402-1_S126,0,0.31874434230914783
CTX,random,SVM,label,4,RBL-17-0428-1_S70,1,0.9970860493553583
CTX,random,SVM,label,4,RBL-17-0432-1_S132,0,0.5966465934828703
CTX,random,SVM,label,4,RBL-17-0434-1_S133,0,0.2087444980888917
CTX,random,SVM,label,4,RBL-18-0019-1_S41,0,0.14236153260003945
CTX,random,SVM,label,4,RBL-18-0032-1_S167,0,0.9444022454146124
CTX,random,SVM,label,4,RBL-18-0048-1_S44,0,0.897586800199756
CTX,random,SVM,label,4,RBL-18-0059-1_S171,0,0.677941976618955
CTX,random,SVM,label,4,RBL-18-0343-1_S6,1,0.2700459741798576
CTX,random,SVM,label,4,RBT-17-0009-1_S21,0,0.8663814349917913
CTX,random,SVM,label,4,RBT-17-0024-1_S23,0,0.21263442304915983
CTX,random,SVM,label,4,RBT-17-0090-1_S32,0,0.0472551522481859
CTX,random,SVM,label,4,RBT-17-0138-1_S52,0,0.5019054322527859
CTX,random,SVM,label,4,RBT-17-0165-1_S60,0,0.1724881936794385
CTX,random,SVM,label,4,RBT-17-0168-1_S61,0,0.12311689595192482
CTX,random,SVM,label,4,RBT-17-0174-1_S64,0,0.4466570861947685
CTX,random,SVM,label,4,RBT-17-0183-1_S67,0,0.6395758210489998
CTX,random,SVM,label,4,RBT-17-0238-1_S59,0,0.42325249745882865
CTX,random,SVM,label,4,RBT-17-0279-1_S12,0,0.3185529825699021
CTX,random,SVM,label,4,RBT-17-0287-1_S10,0,0.011523673380226364
CTX,random,SVM,label,4,RBT-17-0328-1_S16,1,0.9075254713820656
CTX,random,SVM,label,4,RBT-18-0021-1_S56,1,0.7311022662273103
CTX,random,SVM,label,4,RBT-18-0056-1_S37,0,0.00442668840884509
CTX,random,SVM,label,4,RBT-18-0096-1_S20,0,0.5479600248726897
CTX,random,SVM,label,4,RBT-18-0103-1_S24,0,0.16698705473970693
CTX,random,SVM,label,4,RBT-18-0113-1_S44,0,0.4119172842002745
CTX,random,SVM,label,4,RBT-18-0115-1_S45,0,0.7103294240374346
CTX,random,SVM,label,4,RBT-18-0121-1_S28,0,0.4348413959734389
CTX,random,SVM,label,4,RBT-18-0122-1_S63,0,0.2612238141083436
CTX,random,SVM,label,4,RBT-18-0125-1_S50,0,0.5405010261135832
CTX,random,SVM,label,4,RBT-18-0205-1_S6,1,0.8812249409020628
CTX,random,SVM,label,4,RBT-18-0246-1_S52,0,0.04737040710438153
CTX,random,SVM,label,4,RBT-18-0247-1_S16,1,0.7716277674476916
CTX,random,SVM,label,4,RBT-18-0251-1_S7,0,0.6663829432290178
CTX,random,SVM,label,4,RBT-18-0265-1_S59,0,0.0005966899447403853
CTX,random,SVM,label,4,RBT-18-0308-1_S34,0,0.810295948940275
CTX,random,SVM,label,4,RBT-18-0351-1_S48,0,0.12507143387073172
CTX,random,SVM,label,4,RBT-18-0368-1_S32,1,0.6920083725047289
CTX,random,SVM,label,4,RBT-18-0372-1_S31,1,0.8796216318547482
CTX,random,SVM,label,4,RBT-18-0377-1_S1,0,0.323039718868458
CTX,random,SVM,label,4,RBT-18-0384-1_S40,0,0.1169283026575539
CTX,random,SVM,label,4,RBT-18-0391-1_S35,1,0.9219630937237275
CTX,random,SVM,label,4,RBT-18-0392-1_S56,1,0.5139820733471325
CTX,random,SVM,label,4,ResetH10_S1_L001,1,0.17065755268408933
CTX,random,SVM,label,4,ResetH139_S3_L001,1,0.7392052299628807
CTX,random,SVM,label,4,ResetH24a_S3_2_L001,1,0.9987563974636468
CTX,random,SVM,label,4,ResetH44_S3_L001,1,0.0014374291556851475
CTX,random,SVM,label,4,ResetH63_S7_L001,1,0.7311022662273103
CTX,random,SVM,label,4,ResetH8_S2_L001,1,0.09698227959394777
CTX,random,SVM,label,4,ResetV161_S3_L001,1,0.9811855202069188
CTX,random,SVM,label,4,Survcare133_S25,1,0.9636755194473434
CTX,random,SVM,label,4,Survcare140_S4_L001,1,0.9875694506980455
CTX,random,SVM,label,4,Survcare262_S23_L001,1,0.11408334277642723
CTX,random,SVM,label,4,Survcare278_S62,1,0.8227597900176684
CTX,random,SVM,label,4,Survcare292_S39,1,0.037145983247204556
CTX,random,SVM,label,4,Survcare293_S40,1,0.7249299856126161
CTX,random,SVM,label,4,Survcare295_S8_L001,1,0.9417023186682877
CTX,random,SVM,label,4,Survcare310_S21_L001,1,0.8731351411851397
CTX,random,SVM,label,4,Survcare335_S11,1,0.9549532547778943
CTX,random,SVM,label,4,V108_S2_L001,1,0.9158781834158262
CTX,random,SVM,label,4,V152_S3_L001,1,0.2722817632430961
CTX,random,SVM,label,4,V153_S4_L001,1,0.7865291734999931
CTX,random,SVM,label,4,V163_S6_L001,1,0.0026017756513213746
CTX,random,SVM,label,4,V177_S6_L001,1,0.6279427424081098
CTX,random,SVM,label,4,V183_S7_L001,1,0.05627158885297508
CTX,random,SVM,label,4,V195_S1_L001,1,5.10792198662439e-05
CTX,random,SVM,label,4,V80_S7_L001,1,0.0016258533852442287
CTX,random,SVM,label,4,V89_S1_L001,1,0.0681732661102214
CTX,random,SVM,label,4,V9_S1_L001,1,0.7339166709689059
CTX,random,SVM,label,4,V96_S2_L001,1,0.8973335553145915
CTX,random,SVM,label,4,W2RBL-16-018-1_S15,1,0.33760614710105313
CTX,random,SVM,label,4,wdhRBF-17-0567-1_S122,0,0.1648074333722324
CTX,random,SVM,label,4,wdhRBF-18-0098-1_S19_L001,0,0.47398716744708663
CTX,random,SVM,label,4,WDHRBG-16-049-1_S87,0,0.3068605450423129
CTX,random,SVM,label,4,WDHRBG-17-0093-1_S1,1,0.9952024400752993
CTX,random,SVM,label,4,WDHRBG-17-122-1_S48,0,0.9822669203392604
CTX,random,SVM,label,4,wRBG-17-014-1_S167,0,0.15700143681579604
CTX,random,SVM,label,4,wRBG-17-022-1_S43,1,0.9585195814683407
CTX,random,SVM,label,4,wRBG-17-081-1_S117,0,0.5025603142535396
CTX,random,SVM,label,4,wRBG-17-100-1_S104,0,0.15560866976599838
CTX,random,SVM,label,4,wwRBB-17-031-1_S25,1,0.06713774668155975
CTX,random,SVM,label,4,wwRBF-17-251-1_S33,1,0.6465528745079264
CTX,random,SVM,label,4,wwRBK-17-0148-2_S38,1,0.7685600647741708
CTX,random,SVM,label,4,wwRBL-17-004-1_S44,1,0.5445657133250095
CTX,random,RF,label,0,H105_S3_L001,1,0.9246649070743502
CTX,random,RF,label,0,H113_S6_L001,1,0.156
CTX,random,RF,label,0,H119_S7_L001,1,0.718
CTX,random,RF,label,0,H122_S4_L001,1,0.744
CTX,random,RF,label,0,H37_S3_L001,1,0.584
CTX,random,RF,label,0,H66_S1_L001,1,0.996
CTX,random,RF,label,0,H83_S7_L001,1,0.828
CTX,random,RF,label,0,NNRBG-17-0201-1_S6,0,0.226
CTX,random,RF,label,0,NNRBG-17-0242-1_S11,0,0.4232142857142857
CTX,random,RF,label,0,NNRBG-17-0316-1_S23,0,0.106
CTX,random,RF,label,0,NNRBG-17-0328-1_S25,0,0.078
CTX,random,RF,label,0,NNRBG-17-0378-1_S37,0,0.9108162347886033
CTX,random,RF,label,0,NNRBG-17-0382-1_S38,0,0.446
CTX,random,RF,label,0,RBB-17-171-1_S52,1,0.74
CTX,random,RF,label,0,RBB-18-0129-1_S179,1,0.796
CTX,random,RF,label,0,RBB-18-0665-1_S23_L001,1,0.93
CTX,random,RF,label,0,RBB-18-0826-1_S193,1,0.83
CTX,random,RF,label,0,RBB-18-0892-1_S80_2,1,0.994
CTX,random,RF,label,0,RBB-18-0972-1_S203_2,1,0.896
CTX,random,RF,label,0,RBB-18-1488-1_S46,1,0.0
CTX,random,RF,label,0,RBF-16-0064-1_S136,0,0.064
CTX,random,RF,label,0,RBF-16-060-1_S22,1,0.917625328962404
CTX,random,RF,label,0,RBF-16-073-1_S23,1,0.84
CTX,random,RF,label,0,RBF-17-0508-1_S73,0,0.214
CTX,random,RF,label,0,RBF-17-0521-1_S78,0,0.9171022808117242
CTX,random,RF,label,0,RBF-17-0532-1_S80,0,0.008
CTX,random,RF,label,0,RBF-17-0572-2_S89,0,0.126
CTX,random,RF,label,0,RBF-17-0602-1_S93,0,0.012
CTX,random,RF,label,0,RBF-17-0632-1_S97,0,0.0
CTX,random,RF,label,0,RBF-17-0653-1_S101,0,0.15
CTX,random,RF,label,0,RBF-17-266-1_S70,1,0.338
CTX,random,RF,label,0,RBF-17-277-1_S73,1,0.184
CTX,random,RF,label,0,RBF-18-0068-1_S77,1,0.36
CTX,random,RF,label,0,RBF-18-0085-1_S21,0,0.006
CTX,random,RF,label,0,RBF-18-0125-1_S30,0,0.29
CTX,random,RF,label,0,RBF-18-0126-1_S31,0,0.138
CTX,random,RF,label,0,RBF-18-0127-1_S32,0,0.236
CTX,random,RF,label,0,RBF-18-0173-1_S27,0,0.18
CTX,random,RF,label,0,RBF-18-0179-1_S29,0,0.404
CTX,random,RF,label,0,RBF-18-0192-1_S44,0,0.254
CTX,random,RF,label,0,RBF-18-0259-1_S33,0,0.0
CTX,random,RF,label,0,RBF-18-0280-1_S62,0,0.198
CTX,random,RF,label,0,RBF-18-0282-1_S63,0,0.286
CTX,random,RF,label,0,RBF-18-0294-1_S64,0,0.016
CTX,random,RF,label,0,RBF-18-0339-1_S37,0,0.162
CTX,random,RF,label,0,RBF-18-0405-1_S81_2,1,0.996
CTX,random,RF,label,0,RBG-17-0351-1_S20_L001,1,0.882
CTX,random,RF,label,0,RBG-17-0383-1_S44,0,0.554
CTX,random,RF,label,0,RBG-18-0023-1_S2,0,0.046
CTX,random,RF,label,0,RBG-18-0025-1_S9_L001,0,0.0
CTX,random,RF,label,0,RBG-18-0029-1_S40,0,0.0
CTX,random,RF,label,0,RBG-18-0071-1_S44,0,0.09
CTX,random,RF,label,0,RBG-18-0077-1_S9,1,0.776
CTX,random,RF,label,0,RBG-18-0144-1_S38,0,0.022
CTX,random,RF,label,0,RBG-18-0191-1_S11_L001,0,0.002
CTX,random,RF,label,0,RBG-18-0202-1_S13_L001,0,0.84
CTX,random,RF,label,0,RBG-18-0204-1_S23_L001,0,0.722
CTX,random,RF,label,0,RBG-18-0209-2_S46,0,0.064
CTX,random,RF,label,0,RBG-18-0280-1_S51,0,0.488
CTX,random,RF,label,0,RBG-18-0367-1_S57,0,0.172
CTX,random,RF,label,0,RBG-18-0391-1_S22_L001,1,0.7995555555555557
CTX,random,RF,label,0,RBG-18-0437-1_S54,1,0.726
CTX,random,RF,label,0,RBK-17-0457-1_S6,1,0.846
CTX,random,RF,label,0,RBK-17-049-1_S62,1,0.986
CTX,random,RF,label,0,RBK-18-0002-1_S38,1,0.007555555555555555
CTX,random,RF,label,0,RBK-18-0020-1_S19,0,0.21
CTX,random,RF,label,0,RBK-18-0022-1_S197,0,0.476
CTX,random,RF,label,0,RBK-18-0104-1_S206,0,0.052
CTX,random,RF,label,0,RBK-18-0644-1_S180,1,0.766
CTX,random,RF,label,0,RBL-17-0116-1_S154,0,0.005555555555555556
CTX,random,RF,label,0,RBL-17-0144-1_S163,0,0.528
CTX,random,RF,label,0,RBL-17-0242-1_S42,1,0.8541804654925405
CTX,random,RF,label,0,RBL-17-0267-1_S104,0,0.212
CTX,random,RF,label,0,RBL-17-0300-1_S112,0,0.018
CTX,random,RF,label,0,RBL-17-0320-1_S114,0,0.4
CTX,random,RF,label,0,RBL-17-0342-1_S103,0,0.007555555555555555
CTX,random,RF,label,0,RBL-17-0350-1_S106,0,0.746
CTX,random,RF,label,0,RBL-17-0368-1_S114,0,0.0016666666666666668
CTX,random,RF,label,0,RBL-17-0395-1_S124,0,0.0016666666666666668
CTX,random,RF,label,0,RBL-17-0411-1_S128,0,0.196
CTX,random,RF,label,0,RBL-17-0429-1_S130,0,0.01
CTX,random,RF,label,0,RBL-18-0066-1_S173,0,0.008
CTX,random,RF,label,0,RBL-18-0076-1_S47,1,0.7582183535848401
CTX,random,RF,label,0,RBL-18-0242-1_S51,0,0.234
CTX,random,RF,label,0,RBT-16-0024-1_S10,1,0.866
CTX,random,RF,label,0,RBT-16-0038-1_S11,1,0.7497777777777779
CTX,random,RF,label,0,RBT-16-0045-1_S58,1,0.93
CTX,random,RF,label,0,RBT-17-0011-1_S19,0,0.114
CTX,random,RF,label,0,RBT-17-0027-1_S3,0,0.036
CTX,random,RF,label,0,RBT-17-0039-1_S28,1,0.398
CTX,random,RF,label,0,RBT-17-0109-1_S40,0,0.048
CTX,random,RF,label,0,RBT-17-0118-1_S45,0,0.55
CTX,random,RF,label,0,RBT-17-0124-1_S46,0,0.76
CTX,random,RF,label,0,RBT-17-0142-1_S53,0,0.01
CTX,random,RF,label,0,RBT-17-0161-1_S57,0,0.016
CTX,random,RF,label,0,RBT-17-0228-1_S10,0,0.358
CTX,random,RF,label,0,RBT-17-0285-1_S66,0,0.936
CTX,random,RF,label,0,RBT-17-0291-1_S14,0,0.19
CTX,random,RF,label,0,RBT-18-0023-1_S14,0,0.024
CTX,random,RF,label,0,RBT-18-0030-1_S69,0,0.024
CTX,random,RF,label,0,RBT-18-0042-1_S60,0,0.0
CTX,random,RF,label,0,RBT-18-0046-1_S2,0,0.63
CTX,random,RF,label,0,RBT-18-0064-1_S15,0,0.758
CTX,random,RF,label,0,RBT-18-0101-1_S22,0,0.592
CTX,random,RF,label,0,RBT-18-0102-1_S23,0,0.0
CTX,random,RF,label,0,RBT-18-0133-1_S30,0,0.108
CTX,random,RF,label,0,RBT-18-0141-1_S32,0,0.002
CTX,random,RF,label,0,RBT-18-0185-1_S39,0,0.088
CTX,random,RF,label,0,RBT-18-0231-1_S14,1,0.018
CTX,random,RF,label,0,RBT-18-0234-1_S15,1,0.7377777777777779
CTX,random,RF,label,0,RBT-18-0263-1_S58,0,0.15577777777777777
CTX,random,RF,label,0,RBT-18-0271-1_S62,0,0.002
CTX,random,RF,label,0,RBT-18-0288-1_S68,0,0.52
CTX,random,RF,label,0,RBT-18-0317-1_S27,0,0.088
CTX,random,RF,label,0,RBT-18-0325-1_S44,0,0.346
CTX,random,RF,label,0,RBT-18-0340-1_S36,0,0.008
CTX,random,RF,label,0,ResetH131_S7_L001,1,0.7908416234522276
CTX,random,RF,label,0,ResetH68_S1_L001,1,0.002
CTX,random,RF,label,0,ResetV143_S2_L001,1,0.182
CTX,random,RF,label,0,ResetV210_S4_L001,1,0.934
CTX,random,RF,label,0,ResetV70_S6_L001,1,0.998
CTX,random,RF,label,0,ResetV76_S7_L001,1,0.144
CTX,random,RF,label,0,Survcare0111_S29,1,0.66
CTX,random,RF,label,0,Survcare0114_S37,1,0.59
CTX,random,RF,label,0,Survcare134_S26,1,0.994
CTX,random,RF,label,0,Survcare230_S17_L001,1,0.792
CTX,random,RF,label,0,Survcare254_S36,1,0.994
CTX,random,RF,label,0,Survcare289_S36,1,0.97
CTX,random,RF,label,0,Survcare291_S38,1,0.814
CTX,random,RF,label,0,Survcare321_S18,1,0.984
CTX,random,RF,label,0,Survcare327_S1,1,0.9673777777777778
CTX,random,RF,label,0,Survcare329_S3,1,0.528
CTX,random,RF,label,0,Survcare337_S12,1,0.594
CTX,random,RF,label,0,V113_S3_L001,1,0.552
CTX,random,RF,label,0,V120_S5_L001,1,0.27
CTX,random,RF,label,0,V123_S1_L001,1,0.112
CTX,random,RF,label,0,V130_S5_L001,1,0.966
CTX,random,RF,label,0,V139_S7_L001,1,0.956
CTX,random,RF,label,0,V228_S8_L001,1,0.924
CTX,random,RF,label,0,V271_S13_L001,1,0.956
CTX,random,RF,label,0,V279_S8_L001,1,0.56
CTX,random,RF,label,0,V282_S4_L001,1,0.764
CTX,random,RF,label,0,V291_S5_L001,1,0.9837222222222222
CTX,random,RF,label,0,V40_S2_L001,1,0.718
CTX,random,RF,label,0,V71_S4_L001,1,0.716
CTX,random,RF,label,0,W2RBF-17-090-1_S26,1,0.596
CTX,random,RF,label,0,W2RBF-17-133-1_S28,1,0.52
CTX,random,RF,label,0,wdh-Survcare119_S44,1,0.4214527777777778
CTX,random,RF,label,0,wdh2NRZ-29911a_S31,1,0.052
CTX,random,RF,label,0,wdhRBF-18-0080-1_S17_L001,0,0.508
CTX,random,RF,label,0,WDHRBG-16-050-1_S40,1,0.704
CTX,random,RF,label,0,WDHRBG-17-005-2_S61,0,0.024
CTX,random,RF,label,0,WDHRBG-17-0256-1_S17,0,0.304
CTX,random,RF,label,0,WDHRBG-17-121-1_S46,0,0.45
CTX,random,RF,label,0,wRBG-16-024-1_S152,0,0.76
CTX,random,RF,label,0,wRBG-17-021-1_S166,0,0.0
CTX,random,RF,label,0,wRBG-17-031-1_S154,0,0.062
CTX,random,RF,label,0,wRBG-17-049-1_S142,0,0.05
CTX,random,RF,label,0,wRBG-17-110-1_S168,0,0.18
CTX,random,RF,label,0,wwRBF-17-209-1_S34,0,0.7196666666666668
CTX,random,RF,label,0,wwRBK-17-0197-1_S39,1,0.9353961827817872
CTX,random,RF,label,0,wwRBK-17-0298-1_S42,1,0.984
CTX,random,RF,label,1,H130_S2_L001,1,0.794
CTX,random,RF,label,1,H136_S7_L001,1,0.23
CTX,random,RF,label,1,H154_S2_L001,1,0.946
CTX,random,RF,label,1,H157_S3_L001,1,0.848
CTX,random,RF,label,1,H164_S3_L001,1,0.988
CTX,random,RF,label,1,H176_S5_L001,1,0.414
CTX,random,RF,label,1,H69_S6_L001,1,0.896
CTX,random,RF,label,1,NNRBG-17-0199-1_S5,0,0.11
CTX,random,RF,label,1,NNRBG-17-0255-1_S14,0,0.798
CTX,random,RF,label,1,NNRBG-17-0298-1_S19,0,0.012
CTX,random,RF,label,1,NNRBG-17-0319-1_S24,0,0.002
CTX,random,RF,label,1,RBB-17-011-1_S40,1,0.8820079483124376
CTX,random,RF,label,1,RBB-18-0519-1_S184,1,0.81
CTX,random,RF,label,1,RBB-18-0537-1_S21_L001,1,0.8839746149791042
CTX,random,RF,label,1,RBB-18-0674-1_S189,1,0.998
CTX,random,RF,label,1,RBB-18-1393-1_S48,1,1.0
CTX,random,RF,label,1,RBB-18-1502-1_S47,1,0.546
CTX,random,RF,label,1,RBB-19-0014-1_S44,1,0.63
CTX,random,RF,label,1,RBF-17-0195-1_S141,0,0.542
CTX,random,RF,label,1,RBF-17-0424-1_S15,1,0.626
CTX,random,RF,label,1,RBF-17-0438-1_S9,1,0.8820079483124376
CTX,random,RF,label,1,RBF-17-0450-1_S10,1,0.624
CTX,random,RF,label,1,RBF-17-0532-2_S31,0,0.022
CTX,random,RF,label,1,RBF-17-0537-1_S56,1,0.965244028898518
CTX,random,RF,label,1,RBF-17-0540-1_S83,0,0.224
CTX,random,RF,label,1,RBF-17-094-1_S56,1,0.8970578921078919
CTX,random,RF,label,1,RBF-17-318-1_S77,1,0.4691309523809524
CTX,random,RF,label,1,RBF-18-0019-1_S2,0,0.8107733773278664
CTX,random,RF,label,1,RBF-18-0035-1_S6,0,0.546
CTX,random,RF,label,1,RBF-18-0036-1_S7,0,0.064
CTX,random,RF,label,1,RBF-18-0055-1_S11,0,0.062
CTX,random,RF,label,1,RBF-18-0066-1_S15,0,0.384
CTX,random,RF,label,1,RBF-18-0086-1_S22,0,0.032
CTX,random,RF,label,1,RBF-18-0087-1_S23,0,0.128
CTX,random,RF,label,1,RBF-18-0099-1_S26,0,0.0
CTX,random,RF,label,1,RBF-18-0132-1_S26,0,0.15236666666666668
CTX,random,RF,label,1,RBF-18-0172-1_S40,0,0.224
CTX,random,RF,label,1,RBF-18-0187-1_S31,1,0.8729987979856402
CTX,random,RF,label,1,RBF-18-0251-1_S55,0,0.984
CTX,random,RF,label,1,RBF-18-0333-1_S70,0,0.178
CTX,random,RF,label,1,RBF-18-0585-1_S48,1,0.9894166666666667
CTX,random,RF,label,1,RBF-18-0664-1_S190,1,0.98
CTX,random,RF,label,1,RBG-18-0041-1_S6,0,0.112
CTX,random,RF,label,1,RBG-18-0054-1_S42,0,0.394
CTX,random,RF,label,1,RBG-18-0076-1_S10,0,0.418
CTX,random,RF,label,1,RBG-18-0099-1_S14,1,0.8820079483124376
CTX,random,RF,label,1,RBG-18-0108-1_S16,0,0.002
CTX,random,RF,label,1,RBG-18-0211-1_S35,1,0.71
CTX,random,RF,label,1,RBG-18-0300-1_S52,0,0.0
CTX,random,RF,label,1,RBG-18-0301-1_S53,0,0.3256
CTX,random,RF,label,1,RBG-18-0410-1_S12,1,0.9647619047619047
CTX,random,RF,label,1,RBK-16-073-1_S14,1,1.0
CTX,random,RF,label,1,RBK-16-124-1_S16,1,0.234
CTX,random,RF,label,1,RBK-18-0037-1_S199,0,0.686
CTX,random,RF,label,1,RBK-18-0077-1_S212,1,0.9631670392215285
CTX,random,RF,label,1,RBk-18-0216-1_S231_2,0,0.336
CTX,random,RF,label,1,RBL-17-0076-1_S32,0,0.752
CTX,random,RF,label,1,RBL-17-0104-1_S149,0,0.384
CTX,random,RF,label,1,RBL-17-0113-1_S153,0,0.9674285714285713
CTX,random,RF,label,1,RBL-17-0118-1_S156,0,0.096
CTX,random,RF,label,1,RBL-17-0129-1_S158,0,0.01
CTX,random,RF,label,1,RBL-17-0155-1_S165,0,0.5337777777777778
CTX,random,RF,label,1,RBL-17-0235-1_S92,0,0.014
CTX,random,RF,label,1,RBL-17-0264-1_S103,0,0.816
CTX,random,RF,label,1,RBL-17-0283-1_S27,0,0.158
CTX,random,RF,label,1,RBL-17-0305-1_S49,1,0.8275
CTX,random,RF,label,1,RBL-17-0306-1_S50,1,0.438
CTX,random,RF,label,1,RBL-17-0340-1_S102,0,0.076
CTX,random,RF,label,1,RBL-17-0347-1_S104,0,0.07
CTX,random,RF,label,1,RBL-17-0349-1_S105,0,0.112
CTX,random,RF,label,1,RBL-17-0375-1_S117,0,0.944
CTX,random,RF,label,1,RBL-17-0391-1_S122,0,0.366
CTX,random,RF,label,1,RBL-17-0393-1_S123,0,0.21
CTX,random,RF,label,1,RBL-17-0435-1_S134,0,0.0
CTX,random,RF,label,1,RBL-17-075-1_S18,1,0.994
CTX,random,RF,label,1,RBL-18-0022-1_S43,0,0.136
CTX,random,RF,label,1,RBL-18-0055-1_S170,0,0.276
CTX,random,RF,label,1,RBL-18-0093-1_S49,0,0.9683633255633256
CTX,random,RF,label,1,RBL-18-0131-1_S188_2,1,0.86
CTX,random,RF,label,1,RBL-18-0194-1_S195_2,1,0.86
CTX,random,RF,label,1,RBL-18-0467-1_S228_2,1,0.794
CTX,random,RF,label,1,RBT-17-0033-1_S12,1,0.362
CTX,random,RF,label,1,RBT-17-0167-1_S27,0,0.078
CTX,random,RF,label,1,RBT-17-0177-1_S65,0,0.464
CTX,random,RF,label,1,RBT-17-0177-2_S7,0,0.464
CTX,random,RF,label,1,RBT-17-0188-1_S68,1,0.564
CTX,random,RF,label,1,RBT-17-0194-1_S30,0,0.268
CTX,random,RF,label,1,RBT-17-0232-1_S58,0,0.832
CTX,random,RF,label,1,RBT-17-0239-1_S60,0,0.34
CTX,random,RF,label,1,RBT-17-0243-1_S11,0,0.002
CTX,random,RF,label,1,RBT-17-0251-1_S62,1,1.0
CTX,random,RF,label,1,RBT-17-0270-1_S65,0,0.7
CTX,random,RF,label,1,RBT-18-0017-1_S67,0,0.012
CTX,random,RF,label,1,RBT-18-0045-1_S70,0,0.436
CTX,random,RF,label,1,RBT-18-0057-1_S38,0,0.808
CTX,random,RF,label,1,RBT-18-0066-1_S40,0,0.034
CTX,random,RF,label,1,RBT-18-0071-1_S41,0,0.838
CTX,random,RF,label,1,RBT-18-0079-1_S16,0,0.23927272727272728
CTX,random,RF,label,1,RBT-18-0091-1_S42,0,0.28337777777777773
CTX,random,RF,label,1,RBT-18-0179-1_S37,0,0.234
CTX,random,RF,label,1,RBT-18-0227-1_S46,1,0.9135177655677658
CTX,random,RF,label,1,RBT-18-0241-1_S50,0,0.258
CTX,random,RF,label,1,RBT-18-0269-1_S61,0,0.05542857142857143
CTX,random,RF,label,1,RBT-18-0284-1_S66,1,0.9457585470085471
CTX,random,RF,label,1,RBT-18-0331-1_S22,0,0.01
CTX,random,RF,label,1,RBT-18-0334-1_S23,0,0.064
CTX,random,RF,label,1,RBT-18-0335-1_S41,0,0.6367668387168386
CTX,random,RF,label,1,RBT-18-0341-1_S24,0,0.49
CTX,random,RF,label,1,RBT-18-0357-1_S27,0,0.002
CTX,random,RF,label,1,RBT-18-0358-1_S28,0,0.41355555555555557
CTX,random,RF,label,1,RBT-18-0363-1_S72,1,0.92901452991453
CTX,random,RF,label,1,RBT-18-0364-1_S29,0,0.716
CTX,random,RF,label,1,ResetH132_S1_L001,1,0.514
CTX,random,RF,label,1,ResetH16_S2_L001,1,0.63
CTX,random,RF,label,1,ResetH45_S5_L001,1,0.664
CTX,random,RF,label,1,ResetH49b_S6_L001,1,0.634
CTX,random,RF,label,1,ResetH75_S2_L001,1,0.9895792175660599
CTX,random,RF,label,1,ResetH89_S3_L001,1,0.712
CTX,random,RF,label,1,ResetH98_S4_L001,1,0.15159999999999998
CTX,random,RF,label,1,ResetV288_S6_L001,1,0.894
CTX,random,RF,label,1,RPG-18-0435-1_S32,0,0.012
CTX,random,RF,label,1,Survcare058_S26,1,0.998
CTX,random,RF,label,1,Survcare130_S2,1,0.0
CTX,random,RF,label,1,Survcare176_S17_L001,1,0.704
CTX,random,RF,label,1,Survcare221_S7_L001,1,0.076
CTX,random,RF,label,1,Survcare234_S3_L001,1,0.168
CTX,random,RF,label,1,Survcare253_S35,1,0.792
CTX,random,RF,label,1,Survcare265_S20,1,0.090110101010101
CTX,random,RF,label,1,Survcare303_S15_L001,1,0.992
CTX,random,RF,label,1,Survcare318_S20_L001,1,0.98
CTX,random,RF,label,1,V111_S3_L001,1,0.448
CTX,random,RF,label,1,V114_S5_L001,1,0.822
CTX,random,RF,label,1,V116_S6_L001,1,0.738
CTX,random,RF,label,1,V268_S12_L001,1,0.998
CTX,random,RF,label,1,V283_S5_L001,1,0.758
CTX,random,RF,label,1,V295_S7_L001,1,0.9185850173218596
CTX,random,RF,label,1,V73_S5_L001,1,0.908
CTX,random,RF,label,1,V86_S1_L001,1,0.906
CTX,random,RF,label,1,w2RBG-16-037-1_S34,0,0.248
CTX,random,RF,label,1,wdh-RBF-17-0572-1_S43,0,0.244
CTX,random,RF,label,1,wdh-RBL-17-0361-1_S44,0,0.006
CTX,random,RF,label,1,wdh-RBL-17-0431-1_S46,0,0.762
CTX,random,RF,label,1,wdhRBF-17-0558-1_S121,0,0.886
CTX,random,RF,label,1,wdhRBF-18-0048-1_S12_L001,0,0.518
CTX,random,RF,label,1,WDHRBG-17-001-1_S82,0,0.8
CTX,random,RF,label,1,WDHRBG-17-008-1_S83,0,0.524
CTX,random,RF,label,1,wdhRBL-17-0370-1_S232,0,0.156
CTX,random,RF,label,1,wRBG-16-032-1_S142,0,0.212
CTX,random,RF,label,1,wRBG-16-033-1_S153,0,0.69
CTX,random,RF,label,1,wRBG-17-025-1_S133,0,0.384
CTX,random,RF,label,1,wRBG-17-028-1_S100,0,0.064
CTX,random,RF,label,1,wRBG-17-047-1_S153,0,0.01
CTX,random,RF,label,1,wRBG-17-073-1_S118,0,0.002
CTX,random,RF,label,1,wRBG-17-075-1_S96,0,0.166
CTX,random,RF,label,1,wRBG-17-082-1_S106,0,0.096
CTX,random,RF,label,1,wRBG-17-112-1_S146,0,0.288
CTX,random,RF,label,1,wwRBF-16-094-1_S13,1,0.312
CTX,random,RF,label,1,wwRBF-17-167-1_S31,1,0.8217142857142857
CTX,random,RF,label,1,wwRBF-17-189-1_S32,1,0.8095312282488754
CTX,random,RF,label,1,wwRBK-17-0148-1_S37,1,0.7776408979908983
CTX,random,RF,label,1,wwRBK-17-075-1_S28,1,0.8702728327228327
CTX,random,RF,label,1,WWSurvcare043_S43,1,0.864
CTX,random,RF,label,2,H148_S4_L001,1,0.664
CTX,random,RF,label,2,H160_S3_L001,1,0.964
CTX,random,RF,label,2,H162_S4_L001,1,0.812
CTX,random,RF,label,2,H51_S5_L001,1,0.972
CTX,random,RF,label,2,NNRBG-17-0191-1_S1,0,0.512
CTX,random,RF,label,2,NNRBG-17-0198-1_S4,0,0.222
CTX,random,RF,label,2,NNRBG-17-0205-1_S7,0,0.792
CTX,random,RF,label,2,NNRBG-17-0243-1_S12,0,0.108
CTX,random,RF,label,2,NNRBG-17-0278-1_S16,0,0.248
CTX,random,RF,label,2,NNRBG-17-0329-1_S26,0,0.184
CTX,random,RF,label,2,NNRBG-17-0346-1_S30,0,0.252
CTX,random,RF,label,2,NNSurvcare045_S41,1,0.886
CTX,random,RF,label,2,RBB-18-0546-1_S22_L001,1,0.984
CTX,random,RF,label,2,RBB-18-0765-1_S191,1,0.746
CTX,random,RF,label,2,RBB-18-1312-1_S43,1,0.636
CTX,random,RF,label,2,RBBK18-0189-1_S24_L001,0,0.84
CTX,random,RF,label,2,RBF-10-0240-1_S12_L001,0,0.06
CTX,random,RF,label,2,RBF-17-0173-1_S138,0,0.198
CTX,random,RF,label,2,RBF-17-0340-1_S81,1,0.41
CTX,random,RF,label,2,RBF-17-0489-1_S13,1,1.0
CTX,random,RF,label,2,RBF-17-0509-1_S74,0,0.13
CTX,random,RF,label,2,RBF-17-0538-1_S82,0,0.518
CTX,random,RF,label,2,RBF-17-0550-1_S84,0,0.51
CTX,random,RF,label,2,RBF-17-0553-1_S85,0,0.994
CTX,random,RF,label,2,RBF-17-0616-1_S96,0,0.536
CTX,random,RF,label,2,RBF-17-0645-1_S61,1,0.284
CTX,random,RF,label,2,RBF-17-067-1_S54,1,0.904
CTX,random,RF,label,2,RBF-17-170-1_S66,1,0.876
CTX,random,RF,label,2,RBF-17-186-1_S69,1,1.0
CTX,random,RF,label,2,RBF-18-0027-1_S5,0,0.27
CTX,random,RF,label,2,RBF-18-0064-2_S14,0,0.012
CTX,random,RF,label,2,RBF-18-0075-1_S79,1,0.896
CTX,random,RF,label,2,RBF-18-0121-1_S28,0,0.558
CTX,random,RF,label,2,RBF-18-0151-1_S83,1,0.034
CTX,random,RF,label,2,RBF-18-0160-1_S37,0,0.668
CTX,random,RF,label,2,RBF-18-0174-1_S28,1,0.92
CTX,random,RF,label,2,RBF-18-0196-1_S46,0,0.864
CTX,random,RF,label,2,RBF-18-0200-1_S48,0,0.004
CTX,random,RF,label,2,RBF-18-0217-1_S54,0,0.08
CTX,random,RF,label,2,RBF-18-0253-1_S13_L001,0,0.686
CTX,random,RF,label,2,RBF-18-0277-1_S61,0,0.898
CTX,random,RF,label,2,RBF-18-0321-1_S69,0,0.344
CTX,random,RF,label,2,RBG-17-0284-1_S59,0,0.46
CTX,random,RF,label,2,RBg-17-123-2_S12,0,0.572
CTX,random,RF,label,2,RBG-18-0004-1_S1,1,1.0
CTX,random,RF,label,2,RBG-18-0072-1_S8,0,0.356
CTX,random,RF,label,2,RBG-18-0224-1_S24_L001,1,0.988
CTX,random,RF,label,2,RBG-18-0239-1_S4,0,0.026
CTX,random,RF,label,2,RBG-18-0276-1_S50,0,0.41
CTX,random,RF,label,2,RBG-18-0380-1_S48,0,1.0
CTX,random,RF,label,2,RBG-18-0388-1_S21_L001,1,0.916
CTX,random,RF,label,2,RBK-17-0492-1_S8,1,0.788
CTX,random,RF,label,2,RBK-17-0588-1_S24,1,0.302
CTX,random,RF,label,2,RBK-17-0612-1_S27,1,1.0
CTX,random,RF,label,2,RBK-18-0005-1_S18,0,0.008
CTX,random,RF,label,2,RBK-18-0038-1_S200,0,0.076
CTX,random,RF,label,2,RBK-18-0414-1_S59,0,0.372
CTX,random,RF,label,2,RBL-17-0101-1_S148,0,0.018
CTX,random,RF,label,2,RBL-17-0135-1_S160,0,0.166
CTX,random,RF,label,2,RBL-17-0165-1_S167,0,0.426
CTX,random,RF,label,2,RBL-17-0172-1_S170,0,0.058
CTX,random,RF,label,2,RBL-17-0197-1_S173,0,0.428
CTX,random,RF,label,2,RBL-17-0205-1_S175,0,0.004
CTX,random,RF,label,2,RBL-17-0217-1_S176,0,0.292
CTX,random,RF,label,2,RBL-17-0244-1_S44,1,0.99
CTX,random,RF,label,2,RBL-17-0246-1_S94,0,0.476
CTX,random,RF,label,2,RBL-17-0256-1_S98,0,0.416
CTX,random,RF,label,2,RBL-17-0307-1_S51,1,1.0
CTX,random,RF,label,2,RBL-17-0323-1_S115,0,0.09
CTX,random,RF,label,2,RBL-17-0324-1_S54,1,0.51
CTX,random,RF,label,2,RBL-17-0332-1_S118,0,0.47
CTX,random,RF,label,2,RBL-17-0365-1_S112,0,0.22
CTX,random,RF,label,2,RBL-17-0366-1_S113,0,0.75
CTX,random,RF,label,2,RBL-17-0392-1_S69,1,0.838
CTX,random,RF,label,2,RBL-17-0397-1_S125,0,0.014
CTX,random,RF,label,2,RBL-17-0409-1_S127,0,0.148
CTX,random,RF,label,2,RBL-17-060-1_S17,1,0.686
CTX,random,RF,label,2,RBL-18-0010-1_S159,0,0.462
CTX,random,RF,label,2,RBL-18-0016-1_S161,0,0.0
CTX,random,RF,label,2,RBL-18-0037-1_S168,0,0.208
CTX,random,RF,label,2,RBL-18-0085-1_S176,0,0.06
CTX,random,RF,label,2,RBL-18-0500-1_S230_2,1,0.352
CTX,random,RF,label,2,RBT-17-0019-1_S62,1,0.992
CTX,random,RF,label,2,RBT-17-0082-1_S30,0,0.554
CTX,random,RF,label,2,RBT-17-0084-1_S31,0,0.016
CTX,random,RF,label,2,RBT-17-0097-1_S34,1,0.792
CTX,random,RF,label,2,RBT-17-0099-1_S35,0,0.204
CTX,random,RF,label,2,RBT-17-0112-1_S41,0,0.08
CTX,random,RF,label,2,RBT-17-0149-1_S13,1,0.232
CTX,random,RF,label,2,RBT-17-0150-1_S54,0,0.072
CTX,random,RF,label,2,RBT-17-0163-1_S59,0,0.104
CTX,random,RF,label,2,RBT-17-0178-1_S66,0,0.002
CTX,random,RF,label,2,RBT-17-0210-1_S55,0,0.002
CTX,random,RF,label,2,RBT-17-0219-1_S8,1,0.522
CTX,random,RF,label,2,RBT-17-0225-1_S9,0,0.002
CTX,random,RF,label,2,RBT-17-0295-1_S15,0,0.1
CTX,random,RF,label,2,RBT-17-0337-1_S19,0,0.05
CTX,random,RF,label,2,RBT-18-0004-1_S51,1,0.712
CTX,random,RF,label,2,RBT-18-0050-1_S34,0,0.456
CTX,random,RF,label,2,RBT-18-0080-1_S49,1,0.904
CTX,random,RF,label,2,RBT-18-0095-1_S19,0,0.004
CTX,random,RF,label,2,RBT-18-0110-1_S27,0,0.204
CTX,random,RF,label,2,RBT-18-0120-1_S48,0,0.24
CTX,random,RF,label,2,RBT-18-0129-1_S52,0,0.646
CTX,random,RF,label,2,RBT-18-0134-1_S29,0,0.038
CTX,random,RF,label,2,RBT-18-0146-1_S55,0,0.204
CTX,random,RF,label,2,RBT-18-0164-1_S34,0,0.83
CTX,random,RF,label,2,RBT-18-0184-1_S38,1,0.89
CTX,random,RF,label,2,RBT-18-0224-1_S43,0,0.002
CTX,random,RF,label,2,RBT-18-0230-1_S45,0,0.262
CTX,random,RF,label,2,RBT-18-0232-1_S47,0,0.628
CTX,random,RF,label,2,RBT-18-0252-1_S53,0,0.698
CTX,random,RF,label,2,RBT-18-0259-1_S55,0,0.492
CTX,random,RF,label,2,RBT-18-0275-1_S63,0,0.002
CTX,random,RF,label,2,RBT-18-0292-1_S70,0,0.132
CTX,random,RF,label,2,RBT-18-0293-1_S71,0,0.006
CTX,random,RF,label,2,RBT-18-0296-1_S72,1,0.918
CTX,random,RF,label,2,RBT-18-0316-1_S43,0,0.002
CTX,random,RF,label,2,RBT-18-0339-1_S47,0,0.264
CTX,random,RF,label,2,RBT-18-0365-1_S30,0,0.416
CTX,random,RF,label,2,ResetH1_S1_L001,1,0.542
CTX,random,RF,label,2,ResetH127_S6_L001,1,0.518
CTX,random,RF,label,2,ResetH134_S8_L001,1,0.416
CTX,random,RF,label,2,ResetH92_S4_L001,1,0.778
CTX,random,RF,label,2,ResetH99_S5_L001,1,0.292
CTX,random,RF,label,2,ResetV63_S5_L001,1,0.456
CTX,random,RF,label,2,ResetV74_S7_L001,1,0.826
CTX,random,RF,label,2,Survcare052_S22,1,0.788
CTX,random,RF,label,2,Survcare104_S16_L001,1,0.466
CTX,random,RF,label,2,Survcare187_S32,1,0.86
CTX,random,RF,label,2,Survcare190_S35,1,0.176
CTX,random,RF,label,2,Survcare244_S9_L001,1,0.62
CTX,random,RF,label,2,Survcare313_S24_L001,1,0.884
CTX,random,RF,label,2,Survcare317_S5_L001,1,0.902
CTX,random,RF,label,2,Survcare319_S16,1,0.92
CTX,random,RF,label,2,Survcare334_S10,1,0.968
CTX,random,RF,label,2,V1_S6_L001,1,0.94
CTX,random,RF,label,2,V131_S7_L001,1,0.27
CTX,random,RF,label,2,V172_S5_L001,1,0.576
CTX,random,RF,label,2,V173_S6_L001,1,0.704
CTX,random,RF,label,2,V205_S3_L001,1,0.484
CTX,random,RF,label,2,V215_S2_L001,1,0.422
CTX,random,RF,label,2,V232_S3_L001,1,0.076
CTX,random,RF,label,2,V289_S5_L001,1,0.916
CTX,random,RF,label,2,V8_S7_L001,1,0.848
CTX,random,RF,label,2,W2RBK-17-168-1_S33,1,0.748
CTX,random,RF,label,2,W2RBK-17-169-1_S34,1,0.84
CTX,random,RF,label,2,wdh-RBB-16-025-1_S20,1,0.242
CTX,random,RF,label,2,wdh-RBB-17-170-1_S16,1,0.978
CTX,random,RF,label,2,wdhRBF-18-0025-1_S11_L001,0,0.236
CTX,random,RF,label,2,WDHRBG-16-060-1_S27,0,0.672
CTX,random,RF,label,2,WDHRBG-16-062-1_S49,0,0.0
CTX,random,RF,label,2,wNRZ-32446_S79,1,0.32
CTX,random,RF,label,2,wRBF-17-0146-1_S35,1,0.984
CTX,random,RF,label,2,wRBG-17-030-1_S165,0,0.534
CTX,random,RF,label,2,wRBG-17-034-1_S121,0,0.298
CTX,random,RF,label,2,wRBG-17-055-1_S163,0,0.78
CTX,random,RF,label,2,wRBG-17-102-1_S169,0,0.526
CTX,random,RF,label,2,wwRBF-16-007-1_S10,1,0.96
CTX,random,RF,label,2,wwRBF-17-148-1_S27,1,0.042
CTX,random,RF,label,2,wwRBK-16-023-1_S5,1,0.796
CTX,random,RF,label,2,wwRBK-17-0278-1_S41,1,0.778
CTX,random,RF,label,3,H100_S2_L001,1,0.015833333333333335
CTX,random,RF,label,3,H108_S5_L001,1,0.824
CTX,random,RF,label,3,H123_S1_L001,1,0.838
CTX,random,RF,label,3,H141_S6_L001,1,0.49
CTX,random,RF,label,3,H153_S1_L001,1,0.988
CTX,random,RF,label,3,H28_S10_L001,1,0.878
CTX,random,RF,label,3,H3_S1_L001,1,0.9014545454545455
CTX,random,RF,label,3,H50_S7_L001,1,0.718
CTX,random,RF,label,3,H71_S1_L001,1,0.9273705549352609
CTX,random,RF,label,3,NNRBG-17-0193-1_S2,0,0.028
CTX,random,RF,label,3,NNRBG-17-0227-1_S8,0,0.0
CTX,random,RF,label,3,NNRBG-17-0234-1_S9,0,0.152
CTX,random,RF,label,3,NNRBG-17-0239-1_S10,0,0.322
CTX,random,RF,label,3,NNRBG-17-0294-1_S18,0,0.446
CTX,random,RF,label,3,NNRBG-17-0308-1_S20,0,0.004
CTX,random,RF,label,3,RBB-18-0772-1_S192,1,0.95
CTX,random,RF,label,3,RBB-18-1086-1_S189_2,1,0.28
CTX,random,RF,label,3,RBB-18-1212-1_S67_2,1,1.0
CTX,random,RF,label,3,RBB-18-1460-1_S45,1,0.838
CTX,random,RF,label,3,RBF-16-004-1_S18,1,0.834
CTX,random,RF,label,3,RBF-17-0164-1_S137,0,0.074
CTX,random,RF,label,3,RBF-17-0520-2_S55,1,0.85
CTX,random,RF,label,3,RBF-17-0523-1_S30,0,0.012
CTX,random,RF,label,3,RBF-17-0587-1_S91,0,0.0
CTX,random,RF,label,3,RBF-17-0605-1_S94,0,0.274
CTX,random,RF,label,3,RBF-17-0647-1_S99,0,0.09357777777777777
CTX,random,RF,label,3,RBF-18-0013-1_S25_L001,0,0.002
CTX,random,RF,label,3,RBF-18-0088-1_S24,0,0.06
CTX,random,RF,label,3,RBF-18-0135-1_S34,0,0.04
CTX,random,RF,label,3,RBF-18-0139-1_S35,0,0.382
CTX,random,RF,label,3,RBF-18-0184-1_S30,0,0.806
CTX,random,RF,label,3,RBF-18-0194-1_S86,1,0.676
CTX,random,RF,label,3,RBF-18-0199-1_S47,0,0.896
CTX,random,RF,label,3,RBF-18-0201-1_S49,0,0.724
CTX,random,RF,label,3,RBF-18-0208-2_S11_L001,0,0.136
CTX,random,RF,label,3,RBF-18-0252-1_S56,0,0.384
CTX,random,RF,label,3,RBF-18-0714-2_S204_2,1,0.786
CTX,random,RF,label,3,RBG-17-013-1_S16,1,0.87
CTX,random,RF,label,3,RBG-17-0269-1_S41,0,0.334
CTX,random,RF,label,3,RBG-18-0083-1_S12,0,0.07
CTX,random,RF,label,3,RBG-18-0113-1_S13_L001,0,0.015833333333333335
CTX,random,RF,label,3,RBG-18-0166-1_S10_L001,0,0.01
CTX,random,RF,label,3,RBG-18-0170-1_S41,0,0.16
CTX,random,RF,label,3,RBG-18-0177-1_S17_L001,1,0.9898341015193955
CTX,random,RF,label,3,RBG-18-0185-1_S40,0,0.028
CTX,random,RF,label,3,RBG-18-0193-1_S8,0,0.35
CTX,random,RF,label,3,RBG-18-0194-1_S45,0,0.204
CTX,random,RF,label,3,RBG-18-0223-1_S2,0,0.14
CTX,random,RF,label,3,RBG-18-0256-1_S8_L001,1,0.114
CTX,random,RF,label,3,RBG-18-0265-1_S49,0,0.136
CTX,random,RF,label,3,RBG-18-0289-1_S37,1,0.494
CTX,random,RF,label,3,RBG-18-0308-1_S54,1,0.646
CTX,random,RF,label,3,RBG-18-0312-1_S55,0,0.306
CTX,random,RF,label,3,RBG-18-0355-1_S19_L001,0,0.006
CTX,random,RF,label,3,RBG-18-0402-1_S50,1,0.714
CTX,random,RF,label,3,RBG-18-0417-1_S52,0,0.162
CTX,random,RF,label,3,RBG-18-0421-1_S53,1,0.8561231213231217
CTX,random,RF,label,3,RBK-16-079-1_S15,1,0.024
CTX,random,RF,label,3,RBK-17-0601-1_S25,1,0.905909692191194
CTX,random,RF,label,3,RBK-17-0655-5_S182,1,0.9178219870858415
CTX,random,RF,label,3,RBK-18-0060-1_S22,0,0.294
CTX,random,RF,label,3,RBK-18-0062-2_S203,0,0.82
CTX,random,RF,label,3,RBK-18-0250-1_S235_2,0,0.524
CTX,random,RF,label,3,RBL-17-0090-1_S145,0,0.11583333333333334
CTX,random,RF,label,3,RBL-17-0093-1_S146,0,0.576
CTX,random,RF,label,3,RBL-17-0095-1_S147,0,0.006
CTX,random,RF,label,3,RBL-17-0108-1_S151,0,0.06
CTX,random,RF,label,3,RBL-17-0136-1_S161,0,0.10977777777777777
CTX,random,RF,label,3,RBL-17-0226-1_S41,1,0.9662720955515073
CTX,random,RF,label,3,RBL-17-0232-1_S91,0,0.438
CTX,random,RF,label,3,RBL-17-0274-2_S105,0,0.396
CTX,random,RF,label,3,RBL-17-0359-1_S66,1,0.9075
CTX,random,RF,label,3,RBL-17-0374-1_S116,0,0.01
CTX,random,RF,label,3,RBL-18-0002-1_S158,0,0.072
CTX,random,RF,label,3,RBL-18-0021-1_S42,0,0.204
CTX,random,RF,label,3,RBL-18-0090-1_S48,1,0.8894813514916458
CTX,random,RF,label,3,RBL-18-0098-1_S178,0,0.9004915103730121
CTX,random,RF,label,3,RBT-17-0003-1_S16,0,0.084
CTX,random,RF,label,3,RBT-17-0008-1_S18,0,0.04
CTX,random,RF,label,3,RBT-17-0022-1_S24,0,0.01
CTX,random,RF,label,3,RBT-17-0023-1_S25,0,0.736
CTX,random,RF,label,3,RBT-17-0079-1_S29,0,0.022
CTX,random,RF,label,3,RBT-17-0100-1_S36,1,0.708
CTX,random,RF,label,3,RBT-17-0102-1_S37,0,0.9873503683451053
CTX,random,RF,label,3,RBT-17-0107-1_S39,0,0.072
CTX,random,RF,label,3,RBT-17-0113-1_S42,0,0.076
CTX,random,RF,label,3,RBT-17-0130-1_S27,0,0.438
CTX,random,RF,label,3,RBT-17-0133-1_S6,0,0.802
CTX,random,RF,label,3,RBT-17-0156-1_S56,0,0.886
CTX,random,RF,label,3,RBT-17-0173-1_S63,0,0.034
CTX,random,RF,label,3,RBT-17-0217-1_S7,0,0.774
CTX,random,RF,label,3,RBT-17-0249-1_S61,1,0.9850209873459872
CTX,random,RF,label,3,RBT-17-0256-1_S25,0,0.288
CTX,random,RF,label,3,RBT-17-0339-1_S20,0,0.976
CTX,random,RF,label,3,RBT-18-0027-1_S68,0,0.332
CTX,random,RF,label,3,RBT-18-0052-1_S35,1,0.038
CTX,random,RF,label,3,RBT-18-0053-1_S36,1,0.9473157697737423
CTX,random,RF,label,3,RBT-18-0100-1_S21,0,0.376
CTX,random,RF,label,3,RBT-18-0116-1_S46,0,0.412
CTX,random,RF,label,3,RBT-18-0127-1_S51,0,0.002
CTX,random,RF,label,3,RBT-18-0173-1_S35,0,0.086
CTX,random,RF,label,3,RBT-18-0181-1_S61,1,0.766
CTX,random,RF,label,3,RBT-18-0197-1_S40,0,0.594
CTX,random,RF,label,3,RBT-18-0236-1_S48,1,0.76
CTX,random,RF,label,3,RBT-18-0253-1_S54,0,0.5178333333333333
CTX,random,RF,label,3,RBT-18-0278-1_S64,0,0.25867142857142855
CTX,random,RF,label,3,RBT-18-0283-1_S65,0,0.004
CTX,random,RF,label,3,RBT-18-0303-1_S20,0,0.488
CTX,random,RF,label,3,RBT-18-0324-1_S57,1,0.998
CTX,random,RF,label,3,RBT-18-0337-1_S46,1,0.8621385203891397
CTX,random,RF,label,3,RBT-18-0338-1_S35,0,0.308
CTX,random,RF,label,3,RBT-18-0360-1_S39,0,0.466
CTX,random,RF,label,3,RBT-18-0361-1_S38,0,0.11
CTX,random,RF,label,3,RBT-18-0370-1_S33,0,0.18
CTX,random,RF,label,3,RBT-18-0385-1_S34,0,0.002
CTX,random,RF,label,3,RBT-18-0401-1_S43,0,0.9697640692640692
CTX,random,RF,label,3,ResetH115_S6_L001,1,0.702
CTX,random,RF,label,3,ResetH129_S7_L001,1,0.9030602453102453
CTX,random,RF,label,3,ResetH152_S4_L001,1,0.986
CTX,random,RF,label,3,ResetH30_S4_L001,1,0.298
CTX,random,RF,label,3,ResetH93_S5_L001,1,0.258
CTX,random,RF,label,3,ResetV105_S1_L001,1,0.886
CTX,random,RF,label,3,ResetV260_S5_L001,1,0.9816
CTX,random,RF,label,3,Survcare125_S25,1,0.99
CTX,random,RF,label,3,Survcare129_S1,1,0.048
CTX,random,RF,label,3,Survcare184_S19,1,0.316
CTX,random,RF,label,3,Survcare236_S5_L001,1,0.568
CTX,random,RF,label,3,Survcare275_S38,1,0.23
CTX,random,RF,label,3,Survcare309_S20_L001,1,0.95
CTX,random,RF,label,3,Survcare341_S25,1,0.6
CTX,random,RF,label,3,Survcare350_S44,1,0.528
CTX,random,RF,label,3,Survcare360_S84,1,0.88
CTX,random,RF,label,3,V155_S5_L001,1,0.824
CTX,random,RF,label,3,V158_S4_L001,1,0.254
CTX,random,RF,label,3,V168_S9_L001,1,0.924
CTX,random,RF,label,3,V182_S6_L001,1,0.908
CTX,random,RF,label,3,V201_S4_L001,1,0.882
CTX,random,RF,label,3,V229_S10_L001,1,0.946
CTX,random,RF,label,3,V238_S11_L001,1,0.834
CTX,random,RF,label,3,V292_S6_L001,1,1.0
CTX,random,RF,label,3,V41_S2_L001,1,0.882
CTX,random,RF,label,3,V64_S3_L001,1,0.594
CTX,random,RF,label,3,V79_S6_L001,1,0.416
CTX,random,RF,label,3,V98_S3_L001,1,0.996
CTX,random,RF,label,3,wdhRBF-10-0002-1_S10_L001,1,0.9811071895424837
CTX,random,RF,label,3,wdhRBF-17-0564-1_S230,1,0.992
CTX,random,RF,label,3,wdhRBF-18-0049-1_S13_L001,0,0.41
CTX,random,RF,label,3,wdhRBF-18-0057_S14_L001,0,0.326
CTX,random,RF,label,3,wdhRBF-18-0059-1_S15_L001,0,0.134
CTX,random,RF,label,3,wdhRBF-18-0081-1_S18_L001,0,0.294
CTX,random,RF,label,3,wNRZ-33910_S81,1,0.584
CTX,random,RF,label,3,wRBG-16-026-1_S163,0,0.02
CTX,random,RF,label,3,wRBG-16-027-1_S174,0,0.006
CTX,random,RF,label,3,wRBG-16-034-1_S164,0,0.202
CTX,random,RF,label,3,wRBG-17-023-1_S155,0,0.028
CTX,random,RF,label,3,wRBG-17-052-1_S120,0,0.678
CTX,random,RF,label,3,wRBG-17-057-1_S141,0,0.192
CTX,random,RF,label,3,wRBG-17-058-1_S130,0,0.032
CTX,random,RF,label,3,wRBG-17-072-1_S129,0,0.008
CTX,random,RF,label,3,wRBG-17-106-1_S125,0,0.486
CTX,random,RF,label,3,wwRBB-16-112-1_S1,1,0.864
CTX,random,RF,label,3,wwRBL-16-111-1_S16,1,0.846
CTX,random,RF,label,4,H109_S2_L001,1,0.392
CTX,random,RF,label,4,H116_S8_L001,1,0.984
CTX,random,RF,label,4,H17_S2_L001,1,0.376
CTX,random,RF,label,4,H38_S4_L001,1,0.892
CTX,random,RF,label,4,H53_S4_L001,1,0.8886089544442487
CTX,random,RF,label,4,H86_S1_L001,1,0.336
CTX,random,RF,label,4,NNRBG-17-0196-1_S3,0,0.152
CTX,random,RF,label,4,NNRBG-17-0249-1_S13,0,0.188
CTX,random,RF,label,4,NNRBG-17-0287-1_S17,0,0.484
CTX,random,RF,label,4,NNRBG-17-0399-1_S40,0,0.074
CTX,random,RF,label,4,RBB-18-0490-1_S20_L001,1,0.648
CTX,random,RF,label,4,RBB-18-0668-1_S188,1,0.8849293340646283
CTX,random,RF,label,4,RBB-18-1309-1_S42,1,0.856
CTX,random,RF,label,4,RBB-18-1406-1_S49,1,0.35
CTX,random,RF,label,4,RBF-17-0178-1_S139,0,0.782
CTX,random,RF,label,4,RBF-17-0194-1_S140,0,0.164
CTX,random,RF,label,4,RBF-17-0467-1_S12,1,0.8981225399213792
CTX,random,RF,label,4,RBF-17-0513-1_S76,0,0.726
CTX,random,RF,label,4,RBF-17-0589-1_S92,0,0.104
CTX,random,RF,label,4,RBF-17-0614-3_S95,0,0.094
CTX,random,RF,label,4,RBF-17-0630-1_S59,1,0.344
CTX,random,RF,label,4,RBF-17-0635-1_S98,0,0.516
CTX,random,RF,label,4,RBF-17-0648-1_S100,0,0.278
CTX,random,RF,label,4,RBF-17-0651-1_S62,1,0.91
CTX,random,RF,label,4,RBF-17-0664-1_S63,1,0.392
CTX,random,RF,label,4,RBF-18-0069-1_S78,1,0.904
CTX,random,RF,label,4,RBF-18-0072-1_S16,0,0.018
CTX,random,RF,label,4,RBF-18-0093-1_S80,1,0.67
CTX,random,RF,label,4,RBF-18-0123-1_S25_L001,1,0.358
CTX,random,RF,label,4,RBF-18-0147-1_S36,0,0.348
CTX,random,RF,label,4,RBF-18-0163-2_S39,0,0.402
CTX,random,RF,label,4,RBF-18-0214-1_S51,0,0.024
CTX,random,RF,label,4,RBF-18-0227-1_S53,0,0.4556363636363636
CTX,random,RF,label,4,RBF-18-0296-1_S17,0,0.626
CTX,random,RF,label,4,RBF-18-0310-1_S36,0,0.45
CTX,random,RF,label,4,RBF-18-0338-1_S72,0,0.112
CTX,random,RF,label,4,RBF-18-0634-1_S183,1,0.68
CTX,random,RF,label,4,RBG-18-0012-1_S3,0,0.16
CTX,random,RF,label,4,RBG-18-0017-1_S5,0,0.618
CTX,random,RF,label,4,RBG-18-0055-1_S43,0,0.908
CTX,random,RF,label,4,RBG-18-0085-1_S11,0,0.202
CTX,random,RF,label,4,RBG-18-0129-1_S15_L001,1,0.95
CTX,random,RF,label,4,RBG-18-0140-1_S14_L001,0,0.854
CTX,random,RF,label,4,RBG-18-0153-1_S14,0,0.7058149832623516
CTX,random,RF,label,4,RBG-18-0200-1_S18_L001,1,0.881971052193421
CTX,random,RF,label,4,RBG-18-0206-2_S46,0,0.068
CTX,random,RF,label,4,RBG-18-0221-1_S47,0,0.408
CTX,random,RF,label,4,RBG-18-0279-1_S36,1,0.968973062231886
CTX,random,RF,label,4,RBG-18-0347-1_S22_L001,0,0.596
CTX,random,RF,label,4,RBG-18-0352-1_S21_L001,0,0.076
CTX,random,RF,label,4,RBG-18-0358-1_S39,1,0.738
CTX,random,RF,label,4,RBG-18-0381-1_S49,0,0.0
CTX,random,RF,label,4,RBG-18-0383-1_S37,1,0.97
CTX,random,RF,label,4,RBG-18-0394-1_S23_L001,0,0.216
CTX,random,RF,label,4,RBK-16-007-1_S13,1,0.62
CTX,random,RF,label,4,RBK-17-0595-1_S187,1,0.894
CTX,random,RF,label,4,RBK-18-0019-1_S195,0,0.056
CTX,random,RF,label,4,RBK-18-0047-1_S20,0,0.548
CTX,random,RF,label,4,RBK-18-0080-1_S205,0,0.292
CTX,random,RF,label,4,RBK-18-0236-2_S52_2,1,0.556
CTX,random,RF,label,4,RBKk-18-0108-1_S201,1,0.9864619547119549
CTX,random,RF,label,4,RBL-17-0107-1_S150,0,0.326
CTX,random,RF,label,4,RBL-17-0117-1_S155,0,0.27
CTX,random,RF,label,4,RBL-17-0123-1_S157,0,0.244
CTX,random,RF,label,4,RBL-17-0133-1_S159,0,0.168
CTX,random,RF,label,4,RBL-17-0138-1_S162,0,0.064
CTX,random,RF,label,4,RBL-17-0159-1_S166,0,0.518
CTX,random,RF,label,4,RBL-17-0189-1_S172,0,0.062
CTX,random,RF,label,4,RBL-17-0199-1_S174,0,0.8879155891494128
CTX,random,RF,label,4,RBL-17-0259-1_S99,0,0.288
CTX,random,RF,label,4,RBL-17-0261-1_S100,0,0.496
CTX,random,RF,label,4,RBL-17-0263-1_S102,0,0.03
CTX,random,RF,label,4,RBL-17-0327-1_S116,0,0.006
CTX,random,RF,label,4,RBL-17-0328-1_S117,0,0.4
CTX,random,RF,label,4,RBL-17-0360-1_S108,0,0.584
CTX,random,RF,label,4,RBL-17-0383-1_S119,0,0.148
CTX,random,RF,label,4,RBL-17-0390-1_S121,0,0.0
CTX,random,RF,label,4,RBL-17-0402-1_S126,0,0.006
CTX,random,RF,label,4,RBL-17-0428-1_S70,1,0.984
CTX,random,RF,label,4,RBL-17-0432-1_S132,0,0.448
CTX,random,RF,label,4,RBL-17-0434-1_S133,0,0.728
CTX,random,RF,label,4,RBL-18-0019-1_S41,0,0.074
CTX,random,RF,label,4,RBL-18-0032-1_S167,0,0.278
CTX,random,RF,label,4,RBL-18-0048-1_S44,0,0.9813912143412145
CTX,random,RF,label,4,RBL-18-0059-1_S171,0,0.8297321017647653
CTX,random,RF,label,4,RBL-18-0343-1_S6,1,0.256
CTX,random,RF,label,4,RBT-17-0009-1_S21,0,0.228
CTX,random,RF,label,4,RBT-17-0024-1_S23,0,0.112
CTX,random,RF,label,4,RBT-17-0090-1_S32,0,0.188
CTX,random,RF,label,4,RBT-17-0138-1_S52,0,0.296
CTX,random,RF,label,4,RBT-17-0165-1_S60,0,0.076
CTX,random,RF,label,4,RBT-17-0168-1_S61,0,0.034
CTX,random,RF,label,4,RBT-17-0174-1_S64,0,0.16
CTX,random,RF,label,4,RBT-17-0183-1_S67,0,0.466
CTX,random,RF,label,4,RBT-17-0238-1_S59,0,0.702
CTX,random,RF,label,4,RBT-17-0279-1_S12,0,0.574
CTX,random,RF,label,4,RBT-17-0287-1_S10,0,0.476
CTX,random,RF,label,4,RBT-17-0328-1_S16,1,0.952
CTX,random,RF,label,4,RBT-18-0021-1_S56,1,0.8942017820844451
CTX,random,RF,label,4,RBT-18-0056-1_S37,0,0.0
CTX,random,RF,label,4,RBT-18-0096-1_S20,0,0.052
CTX,random,RF,label,4,RBT-18-0103-1_S24,0,0.136
CTX,random,RF,label,4,RBT-18-0113-1_S44,0,0.282
CTX,random,RF,label,4,RBT-18-0115-1_S45,0,0.35386666666666666
CTX,random,RF,label,4,RBT-18-0121-1_S28,0,0.082
CTX,random,RF,label,4,RBT-18-0122-1_S63,0,0.462
CTX,random,RF,label,4,RBT-18-0125-1_S50,0,0.174
CTX,random,RF,label,4,RBT-18-0205-1_S6,1,0.8947309523809525
CTX,random,RF,label,4,RBT-18-0246-1_S52,0,0.144
CTX,random,RF,label,4,RBT-18-0247-1_S16,1,0.746
CTX,random,RF,label,4,RBT-18-0251-1_S7,0,0.346
CTX,random,RF,label,4,RBT-18-0265-1_S59,0,0.19
CTX,random,RF,label,4,RBT-18-0308-1_S34,0,0.382
CTX,random,RF,label,4,RBT-18-0351-1_S48,0,0.186
CTX,random,RF,label,4,RBT-18-0368-1_S32,1,0.138
CTX,random,RF,label,4,RBT-18-0372-1_S31,1,0.888
CTX,random,RF,label,4,RBT-18-0377-1_S1,0,0.142
CTX,random,RF,label,4,RBT-18-0384-1_S40,0,0.0
CTX,random,RF,label,4,RBT-18-0391-1_S35,1,0.9205888131476365
CTX,random,RF,label,4,RBT-18-0392-1_S56,1,0.8545959595959597
CTX,random,RF,label,4,ResetH10_S1_L001,1,0.16
CTX,random,RF,label,4,ResetH139_S3_L001,1,0.896
CTX,random,RF,label,4,ResetH24a_S3_2_L001,1,0.982
CTX,random,RF,label,4,ResetH44_S3_L001,1,0.36
CTX,random,RF,label,4,ResetH63_S7_L001,1,0.8942017820844451
CTX,random,RF,label,4,ResetH8_S2_L001,1,0.37
CTX,random,RF,label,4,ResetV161_S3_L001,1,0.574
CTX,random,RF,label,4,Survcare133_S25,1,0.976
CTX,random,RF,label,4,Survcare140_S4_L001,1,0.956
CTX,random,RF,label,4,Survcare262_S23_L001,1,0.376
CTX,random,RF,label,4,Survcare278_S62,1,0.86
CTX,random,RF,label,4,Survcare292_S39,1,0.358
CTX,random,RF,label,4,Survcare293_S40,1,0.972
CTX,random,RF,label,4,Survcare295_S8_L001,1,0.83
CTX,random,RF,label,4,Survcare310_S21_L001,1,0.248
CTX,random,RF,label,4,Survcare335_S11,1,0.948
CTX,random,RF,label,4,V108_S2_L001,1,0.59
CTX,random,RF,label,4,V152_S3_L001,1,0.046
CTX,random,RF,label,4,V153_S4_L001,1,0.822
CTX,random,RF,label,4,V163_S6_L001,1,0.382
CTX,random,RF,label,4,V177_S6_L001,1,0.396
CTX,random,RF,label,4,V183_S7_L001,1,0.478
CTX,random,RF,label,4,V195_S1_L001,1,0.14
CTX,random,RF,label,4,V80_S7_L001,1,0.37
CTX,random,RF,label,4,V89_S1_L001,1,0.38
CTX,random,RF,label,4,V9_S1_L001,1,0.728
CTX,random,RF,label,4,V96_S2_L001,1,0.968
CTX,random,RF,label,4,W2RBL-16-018-1_S15,1,0.7410476190476192
CTX,random,RF,label,4,wdhRBF-17-0567-1_S122,0,0.314
CTX,random,RF,label,4,wdhRBF-18-0098-1_S19_L001,0,0.172
CTX,random,RF,label,4,WDHRBG-16-049-1_S87,0,0.52
CTX,random,RF,label,4,WDHRBG-17-0093-1_S1,1,0.794
CTX,random,RF,label,4,WDHRBG-17-122-1_S48,0,0.638
CTX,random,RF,label,4,wRBG-17-014-1_S167,0,0.72
CTX,random,RF,label,4,wRBG-17-022-1_S43,1,0.912
CTX,random,RF,label,4,wRBG-17-081-1_S117,0,0.21
CTX,random,RF,label,4,wRBG-17-100-1_S104,0,0.21
CTX,random,RF,label,4,wwRBB-17-031-1_S25,1,0.26
CTX,random,RF,label,4,wwRBF-17-251-1_S33,1,0.998
CTX,random,RF,label,4,wwRBK-17-0148-2_S38,1,0.8942017820844451
CTX,random,RF,label,4,wwRBL-17-004-1_S44,1,0.8608923003896694
CTX,random,LR,onehot,0,H105_S3_L001,1,0.9326971173286438
CTX,random,LR,onehot,0,H113_S6_L001,1,0.0020941472612321377
CTX,random,LR,onehot,0,H119_S7_L001,1,0.9939093589782715
CTX,random,LR,onehot,0,H122_S4_L001,1,0.4702235758304596
CTX,random,LR,onehot,0,H37_S3_L001,1,0.8181697726249695
CTX,random,LR,onehot,0,H66_S1_L001,1,0.9999980926513672
CTX,random,LR,onehot,0,H83_S7_L001,1,0.998386025428772
CTX,random,LR,onehot,0,NNRBG-17-0201-1_S6,0,0.0012382299173623323
CTX,random,LR,onehot,0,NNRBG-17-0242-1_S11,0,0.23999854922294617
CTX,random,LR,onehot,0,NNRBG-17-0316-1_S23,0,0.04130705073475838
CTX,random,LR,onehot,0,NNRBG-17-0328-1_S25,0,0.026275958865880966
CTX,random,LR,onehot,0,NNRBG-17-0378-1_S37,0,0.9578896164894104
CTX,random,LR,onehot,0,NNRBG-17-0382-1_S38,0,8.12044891063124e-06
CTX,random,LR,onehot,0,RBB-17-171-1_S52,1,0.9600421190261841
CTX,random,LR,onehot,0,RBB-18-0129-1_S179,1,0.9815530776977539
CTX,random,LR,onehot,0,RBB-18-0665-1_S23_L001,1,0.9964141845703125
CTX,random,LR,onehot,0,RBB-18-0826-1_S193,1,0.9988466501235962
CTX,random,LR,onehot,0,RBB-18-0892-1_S80_2,1,0.9999997615814209
CTX,random,LR,onehot,0,RBB-18-0972-1_S203_2,1,0.9998881816864014
CTX,random,LR,onehot,0,RBB-18-1488-1_S46,1,1.0187090992985759e-05
CTX,random,LR,onehot,0,RBF-16-0064-1_S136,0,0.016873857006430626
CTX,random,LR,onehot,0,RBF-16-060-1_S22,1,0.9445449113845825
CTX,random,LR,onehot,0,RBF-16-073-1_S23,1,0.9998144507408142
CTX,random,LR,onehot,0,RBF-17-0508-1_S73,0,0.7961920499801636
CTX,random,LR,onehot,0,RBF-17-0521-1_S78,0,0.9528435468673706
CTX,random,LR,onehot,0,RBF-17-0532-1_S80,0,0.010593634098768234
CTX,random,LR,onehot,0,RBF-17-0572-2_S89,0,5.358808266464621e-05
CTX,random,LR,onehot,0,RBF-17-0602-1_S93,0,0.006683581508696079
CTX,random,LR,onehot,0,RBF-17-0632-1_S97,0,7.129414734663442e-05
CTX,random,LR,onehot,0,RBF-17-0653-1_S101,0,0.04468496888875961
CTX,random,LR,onehot,0,RBF-17-266-1_S70,1,0.32199835777282715
CTX,random,LR,onehot,0,RBF-17-277-1_S73,1,1.5679363059462048e-05
CTX,random,LR,onehot,0,RBF-18-0068-1_S77,1,0.22241368889808655
CTX,random,LR,onehot,0,RBF-18-0085-1_S21,0,0.0002429660817142576
CTX,random,LR,onehot,0,RBF-18-0125-1_S30,0,0.04997211694717407
CTX,random,LR,onehot,0,RBF-18-0126-1_S31,0,0.1580210030078888
CTX,random,LR,onehot,0,RBF-18-0127-1_S32,0,0.44075483083724976
CTX,random,LR,onehot,0,RBF-18-0173-1_S27,0,0.26074454188346863
CTX,random,LR,onehot,0,RBF-18-0179-1_S29,0,0.8432222008705139
CTX,random,LR,onehot,0,RBF-18-0192-1_S44,0,0.04578303173184395
CTX,random,LR,onehot,0,RBF-18-0259-1_S33,0,0.00025945392553694546
CTX,random,LR,onehot,0,RBF-18-0280-1_S62,0,0.0004961697850376368
CTX,random,LR,onehot,0,RBF-18-0282-1_S63,0,0.0007124049589037895
CTX,random,LR,onehot,0,RBF-18-0294-1_S64,0,2.047118869086262e-05
CTX,random,LR,onehot,0,RBF-18-0339-1_S37,0,0.0035266743507236242
CTX,random,LR,onehot,0,RBF-18-0405-1_S81_2,1,0.999154806137085
CTX,random,LR,onehot,0,RBG-17-0351-1_S20_L001,1,0.9976256489753723
CTX,random,LR,onehot,0,RBG-17-0383-1_S44,0,0.3290286064147949
CTX,random,LR,onehot,0,RBG-18-0023-1_S2,0,0.003507397836074233
CTX,random,LR,onehot,0,RBG-18-0025-1_S9_L001,0,5.372794021241134e-06
CTX,random,LR,onehot,0,RBG-18-0029-1_S40,0,0.0004493479791563004
CTX,random,LR,onehot,0,RBG-18-0071-1_S44,0,0.0006054550758562982
CTX,random,LR,onehot,0,RBG-18-0077-1_S9,1,0.9972978234291077
CTX,random,LR,onehot,0,RBG-18-0144-1_S38,0,2.537405180191854e-06
CTX,random,LR,onehot,0,RBG-18-0191-1_S11_L001,0,0.0032267451751977205
CTX,random,LR,onehot,0,RBG-18-0202-1_S13_L001,0,0.9810293316841125
CTX,random,LR,onehot,0,RBG-18-0204-1_S23_L001,0,0.9659242630004883
CTX,random,LR,onehot,0,RBG-18-0209-2_S46,0,0.05809511989355087
CTX,random,LR,onehot,0,RBG-18-0280-1_S51,0,0.029081957414746284
CTX,random,LR,onehot,0,RBG-18-0367-1_S57,0,7.785121124470606e-05
CTX,random,LR,onehot,0,RBG-18-0391-1_S22_L001,1,0.9884184002876282
CTX,random,LR,onehot,0,RBG-18-0437-1_S54,1,0.8378312587738037
CTX,random,LR,onehot,0,RBK-17-0457-1_S6,1,0.33686211705207825
CTX,random,LR,onehot,0,RBK-17-049-1_S62,1,0.9996863603591919
CTX,random,LR,onehot,0,RBK-18-0002-1_S38,1,0.004307508002966642
CTX,random,LR,onehot,0,RBK-18-0020-1_S19,0,0.0013438814785331488
CTX,random,LR,onehot,0,RBK-18-0022-1_S197,0,4.291469304007478e-05
CTX,random,LR,onehot,0,RBK-18-0104-1_S206,0,0.0006261595990508795
CTX,random,LR,onehot,0,RBK-18-0644-1_S180,1,0.9993348717689514
CTX,random,LR,onehot,0,RBL-17-0116-1_S154,0,0.002774531953036785
CTX,random,LR,onehot,0,RBL-17-0144-1_S163,0,0.9998456239700317
CTX,random,LR,onehot,0,RBL-17-0242-1_S42,1,0.9250759482383728
CTX,random,LR,onehot,0,RBL-17-0267-1_S104,0,0.04342816397547722
CTX,random,LR,onehot,0,RBL-17-0300-1_S112,0,0.0004617814556695521
CTX,random,LR,onehot,0,RBL-17-0320-1_S114,0,0.006538642104715109
CTX,random,LR,onehot,0,RBL-17-0342-1_S103,0,0.007384676020592451
CTX,random,LR,onehot,0,RBL-17-0350-1_S106,0,0.9998130202293396
CTX,random,LR,onehot,0,RBL-17-0368-1_S114,0,0.02219763770699501
CTX,random,LR,onehot,0,RBL-17-0395-1_S124,0,0.007714783772826195
CTX,random,LR,onehot,0,RBL-17-0411-1_S128,0,4.665699816541746e-05
CTX,random,LR,onehot,0,RBL-17-0429-1_S130,0,5.1719453040277585e-06
CTX,random,LR,onehot,0,RBL-18-0066-1_S173,0,0.00013296787801664323
CTX,random,LR,onehot,0,RBL-18-0076-1_S47,1,0.9817277193069458
CTX,random,LR,onehot,0,RBL-18-0242-1_S51,0,0.05164926126599312
CTX,random,LR,onehot,0,RBT-16-0024-1_S10,1,0.9112421274185181
CTX,random,LR,onehot,0,RBT-16-0038-1_S11,1,0.08907399326562881
CTX,random,LR,onehot,0,RBT-16-0045-1_S58,1,0.6104360222816467
CTX,random,LR,onehot,0,RBT-17-0011-1_S19,0,0.014074712991714478
CTX,random,LR,onehot,0,RBT-17-0027-1_S3,0,0.0023147142492234707
CTX,random,LR,onehot,0,RBT-17-0039-1_S28,1,0.22186517715454102
CTX,random,LR,onehot,0,RBT-17-0109-1_S40,0,0.0021183365024626255
CTX,random,LR,onehot,0,RBT-17-0118-1_S45,0,0.7395211458206177
CTX,random,LR,onehot,0,RBT-17-0124-1_S46,0,0.04498772323131561
CTX,random,LR,onehot,0,RBT-17-0142-1_S53,0,1.715536018309649e-05
CTX,random,LR,onehot,0,RBT-17-0161-1_S57,0,9.42548354032624e-07
CTX,random,LR,onehot,0,RBT-17-0228-1_S10,0,0.5698660016059875
CTX,random,LR,onehot,0,RBT-17-0285-1_S66,0,0.9993488192558289
CTX,random,LR,onehot,0,RBT-17-0291-1_S14,0,0.0004243049770593643
CTX,random,LR,onehot,0,RBT-18-0023-1_S14,0,0.00011049300519516692
CTX,random,LR,onehot,0,RBT-18-0030-1_S69,0,0.00011770946002798155
CTX,random,LR,onehot,0,RBT-18-0042-1_S60,0,0.0018380099209025502
CTX,random,LR,onehot,0,RBT-18-0046-1_S2,0,0.999795138835907
CTX,random,LR,onehot,0,RBT-18-0064-1_S15,0,0.9993854761123657
CTX,random,LR,onehot,0,RBT-18-0101-1_S22,0,0.2536783516407013
CTX,random,LR,onehot,0,RBT-18-0102-1_S23,0,8.853993494994938e-05
CTX,random,LR,onehot,0,RBT-18-0133-1_S30,0,0.05258326232433319
CTX,random,LR,onehot,0,RBT-18-0141-1_S32,0,0.00010049814591184258
CTX,random,LR,onehot,0,RBT-18-0185-1_S39,0,0.003381312359124422
CTX,random,LR,onehot,0,RBT-18-0231-1_S14,1,0.00030706197139807045
CTX,random,LR,onehot,0,RBT-18-0234-1_S15,1,0.8393927812576294
CTX,random,LR,onehot,0,RBT-18-0263-1_S58,0,0.006759582087397575
CTX,random,LR,onehot,0,RBT-18-0271-1_S62,0,0.0017520554829388857
CTX,random,LR,onehot,0,RBT-18-0288-1_S68,0,0.6659383177757263
CTX,random,LR,onehot,0,RBT-18-0317-1_S27,0,0.006820701528340578
CTX,random,LR,onehot,0,RBT-18-0325-1_S44,0,0.09227287024259567
CTX,random,LR,onehot,0,RBT-18-0340-1_S36,0,0.002078251214697957
CTX,random,LR,onehot,0,ResetH131_S7_L001,1,0.5437875986099243
CTX,random,LR,onehot,0,ResetH68_S1_L001,1,0.0035333905834704638
CTX,random,LR,onehot,0,ResetV143_S2_L001,1,0.00024313687754329294
CTX,random,LR,onehot,0,ResetV210_S4_L001,1,0.9999217987060547
CTX,random,LR,onehot,0,ResetV70_S6_L001,1,0.99982750415802
CTX,random,LR,onehot,0,ResetV76_S7_L001,1,0.024593479931354523
CTX,random,LR,onehot,0,Survcare0111_S29,1,0.45844945311546326
CTX,random,LR,onehot,0,Survcare0114_S37,1,0.9666649103164673
CTX,random,LR,onehot,0,Survcare134_S26,1,0.9818854928016663
CTX,random,LR,onehot,0,Survcare230_S17_L001,1,0.99996018409729
CTX,random,LR,onehot,0,Survcare254_S36,1,0.9999122619628906
CTX,random,LR,onehot,0,Survcare289_S36,1,0.9980925917625427
CTX,random,LR,onehot,0,Survcare291_S38,1,0.9919306635856628
CTX,random,LR,onehot,0,Survcare321_S18,1,0.9999957084655762
CTX,random,LR,onehot,0,Survcare327_S1,1,0.9702121019363403
CTX,random,LR,onehot,0,Survcare329_S3,1,0.008990163914859295
CTX,random,LR,onehot,0,Survcare337_S12,1,0.9948756098747253
CTX,random,LR,onehot,0,V113_S3_L001,1,0.012806502170860767
CTX,random,LR,onehot,0,V120_S5_L001,1,0.3523089587688446
CTX,random,LR,onehot,0,V123_S1_L001,1,0.11101707071065903
CTX,random,LR,onehot,0,V130_S5_L001,1,0.9999874830245972
CTX,random,LR,onehot,0,V139_S7_L001,1,0.9999490976333618
CTX,random,LR,onehot,0,V228_S8_L001,1,0.9914320707321167
CTX,random,LR,onehot,0,V271_S13_L001,1,0.9998188614845276
CTX,random,LR,onehot,0,V279_S8_L001,1,0.8739053606987
CTX,random,LR,onehot,0,V282_S4_L001,1,0.4821833372116089
CTX,random,LR,onehot,0,V291_S5_L001,1,0.9794689416885376
CTX,random,LR,onehot,0,V40_S2_L001,1,0.9499515295028687
CTX,random,LR,onehot,0,V71_S4_L001,1,0.9903801679611206
CTX,random,LR,onehot,0,W2RBF-17-090-1_S26,1,0.13247288763523102
CTX,random,LR,onehot,0,W2RBF-17-133-1_S28,1,0.9944873452186584
CTX,random,LR,onehot,0,wdh-Survcare119_S44,1,0.004391135647892952
CTX,random,LR,onehot,0,wdh2NRZ-29911a_S31,1,0.016621103510260582
CTX,random,LR,onehot,0,wdhRBF-18-0080-1_S17_L001,0,0.7519335150718689
CTX,random,LR,onehot,0,WDHRBG-16-050-1_S40,1,0.9999878406524658
CTX,random,LR,onehot,0,WDHRBG-17-005-2_S61,0,0.0018691648729145527
CTX,random,LR,onehot,0,WDHRBG-17-0256-1_S17,0,1.3565621884481516e-05
CTX,random,LR,onehot,0,WDHRBG-17-121-1_S46,0,0.8506092429161072
CTX,random,LR,onehot,0,wRBG-16-024-1_S152,0,0.8651459217071533
CTX,random,LR,onehot,0,wRBG-17-021-1_S166,0,5.981938011245802e-05
CTX,random,LR,onehot,0,wRBG-17-031-1_S154,0,0.0022615056950598955
CTX,random,LR,onehot,0,wRBG-17-049-1_S142,0,0.0005460700485855341
CTX,random,LR,onehot,0,wRBG-17-110-1_S168,0,0.001956341788172722
CTX,random,LR,onehot,0,wwRBF-17-209-1_S34,0,0.9983172416687012
CTX,random,LR,onehot,0,wwRBK-17-0197-1_S39,1,0.9975868463516235
CTX,random,LR,onehot,0,wwRBK-17-0298-1_S42,1,0.9996589422225952
CTX,random,LR,onehot,1,H130_S2_L001,1,0.9245993494987488
CTX,random,LR,onehot,1,H136_S7_L001,1,0.001640091766603291
CTX,random,LR,onehot,1,H154_S2_L001,1,0.9238188862800598
CTX,random,LR,onehot,1,H157_S3_L001,1,0.9945677518844604
CTX,random,LR,onehot,1,H164_S3_L001,1,0.9718974232673645
CTX,random,LR,onehot,1,H176_S5_L001,1,0.5045703053474426
CTX,random,LR,onehot,1,H69_S6_L001,1,0.9934597015380859
CTX,random,LR,onehot,1,NNRBG-17-0199-1_S5,0,0.016324078664183617
CTX,random,LR,onehot,1,NNRBG-17-0255-1_S14,0,1.0
CTX,random,LR,onehot,1,NNRBG-17-0298-1_S19,0,0.0015813193749636412
CTX,random,LR,onehot,1,NNRBG-17-0319-1_S24,0,0.0024209069088101387
CTX,random,LR,onehot,1,RBB-17-011-1_S40,1,0.9098767042160034
CTX,random,LR,onehot,1,RBB-18-0519-1_S184,1,0.884692907333374
CTX,random,LR,onehot,1,RBB-18-0537-1_S21_L001,1,0.8999417424201965
CTX,random,LR,onehot,1,RBB-18-0674-1_S189,1,0.9999978542327881
CTX,random,LR,onehot,1,RBB-18-1393-1_S48,1,1.0
CTX,random,LR,onehot,1,RBB-18-1502-1_S47,1,0.8214426636695862
CTX,random,LR,onehot,1,RBB-19-0014-1_S44,1,0.9960283041000366
CTX,random,LR,onehot,1,RBF-17-0195-1_S141,0,0.844235897064209
CTX,random,LR,onehot,1,RBF-17-0424-1_S15,1,0.9975534081459045
CTX,random,LR,onehot,1,RBF-17-0438-1_S9,1,0.9098767042160034
CTX,random,LR,onehot,1,RBF-17-0450-1_S10,1,0.9992982149124146
CTX,random,LR,onehot,1,RBF-17-0532-2_S31,0,0.0005600106087513268
CTX,random,LR,onehot,1,RBF-17-0537-1_S56,1,0.9198921918869019
CTX,random,LR,onehot,1,RBF-17-0540-1_S83,0,0.040807902812957764
CTX,random,LR,onehot,1,RBF-17-094-1_S56,1,0.8550314903259277
CTX,random,LR,onehot,1,RBF-17-318-1_S77,1,0.35445502400398254
CTX,random,LR,onehot,1,RBF-18-0019-1_S2,0,0.9483555555343628
CTX,random,LR,onehot,1,RBF-18-0035-1_S6,0,0.6707168817520142
CTX,random,LR,onehot,1,RBF-18-0036-1_S7,0,2.912457421189174e-05
CTX,random,LR,onehot,1,RBF-18-0055-1_S11,0,0.01505005732178688
CTX,random,LR,onehot,1,RBF-18-0066-1_S15,0,5.468629296956351e-06
CTX,random,LR,onehot,1,RBF-18-0086-1_S22,0,1.9937713204853935e-06
CTX,random,LR,onehot,1,RBF-18-0087-1_S23,0,0.019693832844495773
CTX,random,LR,onehot,1,RBF-18-0099-1_S26,0,0.0001273032685276121
CTX,random,LR,onehot,1,RBF-18-0132-1_S26,0,0.21531136333942413
CTX,random,LR,onehot,1,RBF-18-0172-1_S40,0,0.0011602157028391957
CTX,random,LR,onehot,1,RBF-18-0187-1_S31,1,0.9808561205863953
CTX,random,LR,onehot,1,RBF-18-0251-1_S55,0,0.999996542930603
CTX,random,LR,onehot,1,RBF-18-0333-1_S70,0,0.11591142416000366
CTX,random,LR,onehot,1,RBF-18-0585-1_S48,1,0.9962542057037354
CTX,random,LR,onehot,1,RBF-18-0664-1_S190,1,0.9996115565299988
CTX,random,LR,onehot,1,RBG-18-0041-1_S6,0,0.0006310377502813935
CTX,random,LR,onehot,1,RBG-18-0054-1_S42,0,0.7670870423316956
CTX,random,LR,onehot,1,RBG-18-0076-1_S10,0,0.9450260400772095
CTX,random,LR,onehot,1,RBG-18-0099-1_S14,1,0.9098767042160034
CTX,random,LR,onehot,1,RBG-18-0108-1_S16,0,2.5347051632707007e-05
CTX,random,LR,onehot,1,RBG-18-0211-1_S35,1,0.9801154136657715
CTX,random,LR,onehot,1,RBG-18-0300-1_S52,0,0.0004447030369192362
CTX,random,LR,onehot,1,RBG-18-0301-1_S53,0,0.07558534294366837
CTX,random,LR,onehot,1,RBG-18-0410-1_S12,1,0.9827624559402466
CTX,random,LR,onehot,1,RBK-16-073-1_S14,1,0.999997615814209
CTX,random,LR,onehot,1,RBK-16-124-1_S16,1,0.0012422505533322692
CTX,random,LR,onehot,1,RBK-18-0037-1_S199,0,0.046246081590652466
CTX,random,LR,onehot,1,RBK-18-0077-1_S212,1,0.9366266131401062
CTX,random,LR,onehot,1,RBk-18-0216-1_S231_2,0,0.6301236748695374
CTX,random,LR,onehot,1,RBL-17-0076-1_S32,0,0.9921758770942688
CTX,random,LR,onehot,1,RBL-17-0104-1_S149,0,0.4709171950817108
CTX,random,LR,onehot,1,RBL-17-0113-1_S153,0,0.9830187559127808
CTX,random,LR,onehot,1,RBL-17-0118-1_S156,0,0.005755087360739708
CTX,random,LR,onehot,1,RBL-17-0129-1_S158,0,0.00028025906067341566
CTX,random,LR,onehot,1,RBL-17-0155-1_S165,0,0.0016594035550951958
CTX,random,LR,onehot,1,RBL-17-0235-1_S92,0,0.00011619789438555017
CTX,random,LR,onehot,1,RBL-17-0264-1_S103,0,0.49945080280303955
CTX,random,LR,onehot,1,RBL-17-0283-1_S27,0,0.22939735651016235
CTX,random,LR,onehot,1,RBL-17-0305-1_S49,1,0.9707614779472351
CTX,random,LR,onehot,1,RBL-17-0306-1_S50,1,0.0023315949365496635
CTX,random,LR,onehot,1,RBL-17-0340-1_S102,0,0.007530180737376213
CTX,random,LR,onehot,1,RBL-17-0347-1_S104,0,0.0003151681739836931
CTX,random,LR,onehot,1,RBL-17-0349-1_S105,0,0.03804226219654083
CTX,random,LR,onehot,1,RBL-17-0375-1_S117,0,1.0
CTX,random,LR,onehot,1,RBL-17-0391-1_S122,0,0.0003490443923510611
CTX,random,LR,onehot,1,RBL-17-0393-1_S123,0,0.03705983608961105
CTX,random,LR,onehot,1,RBL-17-0435-1_S134,0,0.0005052352207712829
CTX,random,LR,onehot,1,RBL-17-075-1_S18,1,0.9999994039535522
CTX,random,LR,onehot,1,RBL-18-0022-1_S43,0,0.016400201246142387
CTX,random,LR,onehot,1,RBL-18-0055-1_S170,0,0.04201548546552658
CTX,random,LR,onehot,1,RBL-18-0093-1_S49,0,0.9707841277122498
CTX,random,LR,onehot,1,RBL-18-0131-1_S188_2,1,0.8810349106788635
CTX,random,LR,onehot,1,RBL-18-0194-1_S195_2,1,0.7095940113067627
CTX,random,LR,onehot,1,RBL-18-0467-1_S228_2,1,0.9997314810752869
CTX,random,LR,onehot,1,RBT-17-0033-1_S12,1,0.2710253894329071
CTX,random,LR,onehot,1,RBT-17-0167-1_S27,0,0.02416137233376503
CTX,random,LR,onehot,1,RBT-17-0177-1_S65,0,0.19433176517486572
CTX,random,LR,onehot,1,RBT-17-0177-2_S7,0,0.12865395843982697
CTX,random,LR,onehot,1,RBT-17-0188-1_S68,1,0.0037978405598551035
CTX,random,LR,onehot,1,RBT-17-0194-1_S30,0,0.006606377195566893
CTX,random,LR,onehot,1,RBT-17-0232-1_S58,0,1.0
CTX,random,LR,onehot,1,RBT-17-0239-1_S60,0,0.0026793833822011948
CTX,random,LR,onehot,1,RBT-17-0243-1_S11,0,0.008185351267457008
CTX,random,LR,onehot,1,RBT-17-0251-1_S62,1,0.9999953508377075
CTX,random,LR,onehot,1,RBT-17-0270-1_S65,0,0.17472510039806366
CTX,random,LR,onehot,1,RBT-18-0017-1_S67,0,8.322277835759451e-07
CTX,random,LR,onehot,1,RBT-18-0045-1_S70,0,0.0013624530984088778
CTX,random,LR,onehot,1,RBT-18-0057-1_S38,0,0.9999998807907104
CTX,random,LR,onehot,1,RBT-18-0066-1_S40,0,0.06719311326742172
CTX,random,LR,onehot,1,RBT-18-0071-1_S41,0,1.0
CTX,random,LR,onehot,1,RBT-18-0079-1_S16,0,0.9758398532867432
CTX,random,LR,onehot,1,RBT-18-0091-1_S42,0,0.4178525507450104
CTX,random,LR,onehot,1,RBT-18-0179-1_S37,0,0.0018435006495565176
CTX,random,LR,onehot,1,RBT-18-0227-1_S46,1,0.8270788788795471
CTX,random,LR,onehot,1,RBT-18-0241-1_S50,0,0.4454873204231262
CTX,random,LR,onehot,1,RBT-18-0269-1_S61,0,0.00018580116739030927
CTX,random,LR,onehot,1,RBT-18-0284-1_S66,1,0.9498456120491028
CTX,random,LR,onehot,1,RBT-18-0331-1_S22,0,0.00018914123938884586
CTX,random,LR,onehot,1,RBT-18-0334-1_S23,0,2.6409546990180388e-05
CTX,random,LR,onehot,1,RBT-18-0335-1_S41,0,0.49662476778030396
CTX,random,LR,onehot,1,RBT-18-0341-1_S24,0,0.1511612981557846
CTX,random,LR,onehot,1,RBT-18-0357-1_S27,0,3.1976111358744674e-07
CTX,random,LR,onehot,1,RBT-18-0358-1_S28,0,0.663139283657074
CTX,random,LR,onehot,1,RBT-18-0363-1_S72,1,0.9737870693206787
CTX,random,LR,onehot,1,RBT-18-0364-1_S29,0,0.9988331198692322
CTX,random,LR,onehot,1,ResetH132_S1_L001,1,0.5604427456855774
CTX,random,LR,onehot,1,ResetH16_S2_L001,1,0.6901511549949646
CTX,random,LR,onehot,1,ResetH45_S5_L001,1,0.6114251017570496
CTX,random,LR,onehot,1,ResetH49b_S6_L001,1,0.9665811657905579
CTX,random,LR,onehot,1,ResetH75_S2_L001,1,0.9591434001922607
CTX,random,LR,onehot,1,ResetH89_S3_L001,1,0.9998181462287903
CTX,random,LR,onehot,1,ResetH98_S4_L001,1,0.00857605878263712
CTX,random,LR,onehot,1,ResetV288_S6_L001,1,0.999848484992981
CTX,random,LR,onehot,1,RPG-18-0435-1_S32,0,6.606397619179916e-06
CTX,random,LR,onehot,1,Survcare058_S26,1,0.9999988079071045
CTX,random,LR,onehot,1,Survcare130_S2,1,0.008520985953509808
CTX,random,LR,onehot,1,Survcare176_S17_L001,1,0.9529810547828674
CTX,random,LR,onehot,1,Survcare221_S7_L001,1,0.007242072839289904
CTX,random,LR,onehot,1,Survcare234_S3_L001,1,0.00016105287068057805
CTX,random,LR,onehot,1,Survcare253_S35,1,0.4056347608566284
CTX,random,LR,onehot,1,Survcare265_S20,1,0.038881901651620865
CTX,random,LR,onehot,1,Survcare303_S15_L001,1,0.9999964237213135
CTX,random,LR,onehot,1,Survcare318_S20_L001,1,0.9985917210578918
CTX,random,LR,onehot,1,V111_S3_L001,1,0.8441988229751587
CTX,random,LR,onehot,1,V114_S5_L001,1,0.9970638155937195
CTX,random,LR,onehot,1,V116_S6_L001,1,0.9998441934585571
CTX,random,LR,onehot,1,V268_S12_L001,1,0.9999994039535522
CTX,random,LR,onehot,1,V283_S5_L001,1,0.9006357789039612
CTX,random,LR,onehot,1,V295_S7_L001,1,0.9283536076545715
CTX,random,LR,onehot,1,V73_S5_L001,1,0.9999581575393677
CTX,random,LR,onehot,1,V86_S1_L001,1,0.9999313354492188
CTX,random,LR,onehot,1,w2RBG-16-037-1_S34,0,0.08628290146589279
CTX,random,LR,onehot,1,wdh-RBF-17-0572-1_S43,0,0.0004067904083058238
CTX,random,LR,onehot,1,wdh-RBL-17-0361-1_S44,0,0.015178460627794266
CTX,random,LR,onehot,1,wdh-RBL-17-0431-1_S46,0,0.9999788999557495
CTX,random,LR,onehot,1,wdhRBF-17-0558-1_S121,0,0.15367887914180756
CTX,random,LR,onehot,1,wdhRBF-18-0048-1_S12_L001,0,0.054623376578092575
CTX,random,LR,onehot,1,WDHRBG-17-001-1_S82,0,0.8110044002532959
CTX,random,LR,onehot,1,WDHRBG-17-008-1_S83,0,0.0016251272754743695
CTX,random,LR,onehot,1,wdhRBL-17-0370-1_S232,0,0.005975694395601749
CTX,random,LR,onehot,1,wRBG-16-032-1_S142,0,0.045356761664152145
CTX,random,LR,onehot,1,wRBG-16-033-1_S153,0,0.511844277381897
CTX,random,LR,onehot,1,wRBG-17-025-1_S133,0,0.003579004667699337
CTX,random,LR,onehot,1,wRBG-17-028-1_S100,0,0.0031486181542277336
CTX,random,LR,onehot,1,wRBG-17-047-1_S153,0,1.8852973653338267e-06
CTX,random,LR,onehot,1,wRBG-17-073-1_S118,0,0.0003145647933706641
CTX,random,LR,onehot,1,wRBG-17-075-1_S96,0,0.009336128830909729
CTX,random,LR,onehot,1,wRBG-17-082-1_S106,0,1.4156948964227922e-05
CTX,random,LR,onehot,1,wRBG-17-112-1_S146,0,2.2173724573804066e-05
CTX,random,LR,onehot,1,wwRBF-16-094-1_S13,1,0.0017412396846339107
CTX,random,LR,onehot,1,wwRBF-17-167-1_S31,1,0.9726924896240234
CTX,random,LR,onehot,1,wwRBF-17-189-1_S32,1,0.978331983089447
CTX,random,LR,onehot,1,wwRBK-17-0148-1_S37,1,0.8542541861534119
CTX,random,LR,onehot,1,wwRBK-17-075-1_S28,1,0.776195228099823
CTX,random,LR,onehot,1,WWSurvcare043_S43,1,0.9180340766906738
CTX,random,LR,onehot,2,H148_S4_L001,1,0.45306602120399475
CTX,random,LR,onehot,2,H160_S3_L001,1,0.8085514307022095
CTX,random,LR,onehot,2,H162_S4_L001,1,0.975513219833374
CTX,random,LR,onehot,2,H51_S5_L001,1,0.9179842472076416
CTX,random,LR,onehot,2,NNRBG-17-0191-1_S1,0,0.016403840854763985
CTX,random,LR,onehot,2,NNRBG-17-0198-1_S4,0,0.08360982686281204
CTX,random,LR,onehot,2,NNRBG-17-0205-1_S7,0,0.9974523186683655
CTX,random,LR,onehot,2,NNRBG-17-0243-1_S12,0,0.0007111388258635998
CTX,random,LR,onehot,2,NNRBG-17-0278-1_S16,0,0.005836783442646265
CTX,random,LR,onehot,2,NNRBG-17-0329-1_S26,0,0.0006801643176004291
CTX,random,LR,onehot,2,NNRBG-17-0346-1_S30,0,0.000748881371691823
CTX,random,LR,onehot,2,NNSurvcare045_S41,1,0.9999337196350098
CTX,random,LR,onehot,2,RBB-18-0546-1_S22_L001,1,0.9999843835830688
CTX,random,LR,onehot,2,RBB-18-0765-1_S191,1,0.971543550491333
CTX,random,LR,onehot,2,RBB-18-1312-1_S43,1,0.9999203681945801
CTX,random,LR,onehot,2,RBBK18-0189-1_S24_L001,0,0.603520929813385
CTX,random,LR,onehot,2,RBF-10-0240-1_S12_L001,0,0.0423281192779541
CTX,random,LR,onehot,2,RBF-17-0173-1_S138,0,0.5482021570205688
CTX,random,LR,onehot,2,RBF-17-0340-1_S81,1,0.7318693995475769
CTX,random,LR,onehot,2,RBF-17-0489-1_S13,1,0.4623996317386627
CTX,random,LR,onehot,2,RBF-17-0509-1_S74,0,0.0014784279046580195
CTX,random,LR,onehot,2,RBF-17-0538-1_S82,0,0.9417998194694519
CTX,random,LR,onehot,2,RBF-17-0550-1_S84,0,0.9826299548149109
CTX,random,LR,onehot,2,RBF-17-0553-1_S85,0,0.9029545783996582
CTX,random,LR,onehot,2,RBF-17-0616-1_S96,0,0.8477618098258972
CTX,random,LR,onehot,2,RBF-17-0645-1_S61,1,0.005882772151380777
CTX,random,LR,onehot,2,RBF-17-067-1_S54,1,0.8259004354476929
CTX,random,LR,onehot,2,RBF-17-170-1_S66,1,0.9390316009521484
CTX,random,LR,onehot,2,RBF-17-186-1_S69,1,0.9304017424583435
CTX,random,LR,onehot,2,RBF-18-0027-1_S5,0,0.14228221774101257
CTX,random,LR,onehot,2,RBF-18-0064-2_S14,0,5.867574873263948e-05
CTX,random,LR,onehot,2,RBF-18-0075-1_S79,1,0.8578215837478638
CTX,random,LR,onehot,2,RBF-18-0121-1_S28,0,0.5127142667770386
CTX,random,LR,onehot,2,RBF-18-0151-1_S83,1,0.0003095642605330795
CTX,random,LR,onehot,2,RBF-18-0160-1_S37,0,0.9426713585853577
CTX,random,LR,onehot,2,RBF-18-0174-1_S28,1,0.7887428998947144
CTX,random,LR,onehot,2,RBF-18-0196-1_S46,0,0.8189184069633484
CTX,random,LR,onehot,2,RBF-18-0200-1_S48,0,4.0152084693545476e-05
CTX,random,LR,onehot,2,RBF-18-0217-1_S54,0,2.00747399503598e-06
CTX,random,LR,onehot,2,RBF-18-0253-1_S13_L001,0,0.988386332988739
CTX,random,LR,onehot,2,RBF-18-0277-1_S61,0,0.7737176418304443
CTX,random,LR,onehot,2,RBF-18-0321-1_S69,0,0.0001402746420353651
CTX,random,LR,onehot,2,RBG-17-0284-1_S59,0,0.9983585476875305
CTX,random,LR,onehot,2,RBg-17-123-2_S12,0,0.0016492183785885572
CTX,random,LR,onehot,2,RBG-18-0004-1_S1,1,0.9304017424583435
CTX,random,LR,onehot,2,RBG-18-0072-1_S8,0,0.048854928463697433
CTX,random,LR,onehot,2,RBG-18-0224-1_S24_L001,1,0.9517948627471924
CTX,random,LR,onehot,2,RBG-18-0239-1_S4,0,7.085299148457125e-05
CTX,random,LR,onehot,2,RBG-18-0276-1_S50,0,0.7521964907646179
CTX,random,LR,onehot,2,RBG-18-0380-1_S48,0,0.9304017424583435
CTX,random,LR,onehot,2,RBG-18-0388-1_S21_L001,1,0.9935559630393982
CTX,random,LR,onehot,2,RBK-17-0492-1_S8,1,0.07040141522884369
CTX,random,LR,onehot,2,RBK-17-0588-1_S24,1,0.039502765983343124
CTX,random,LR,onehot,2,RBK-17-0612-1_S27,1,0.9445521235466003
CTX,random,LR,onehot,2,RBK-18-0005-1_S18,0,3.737002771231346e-06
CTX,random,LR,onehot,2,RBK-18-0038-1_S200,0,0.001375075546093285
CTX,random,LR,onehot,2,RBK-18-0414-1_S59,0,0.001621721195988357
CTX,random,LR,onehot,2,RBL-17-0101-1_S148,0,0.001253516529686749
CTX,random,LR,onehot,2,RBL-17-0135-1_S160,0,0.09432912617921829
CTX,random,LR,onehot,2,RBL-17-0165-1_S167,0,0.06249666213989258
CTX,random,LR,onehot,2,RBL-17-0172-1_S170,0,0.029002904891967773
CTX,random,LR,onehot,2,RBL-17-0197-1_S173,0,0.3439561128616333
CTX,random,LR,onehot,2,RBL-17-0205-1_S175,0,0.0006386951426975429
CTX,random,LR,onehot,2,RBL-17-0217-1_S176,0,0.755973219871521
CTX,random,LR,onehot,2,RBL-17-0244-1_S44,1,0.9269619584083557
CTX,random,LR,onehot,2,RBL-17-0246-1_S94,0,0.3371339738368988
CTX,random,LR,onehot,2,RBL-17-0256-1_S98,0,0.9697757959365845
CTX,random,LR,onehot,2,RBL-17-0307-1_S51,1,0.9304017424583435
CTX,random,LR,onehot,2,RBL-17-0323-1_S115,0,0.4015057384967804
CTX,random,LR,onehot,2,RBL-17-0324-1_S54,1,0.8207244873046875
CTX,random,LR,onehot,2,RBL-17-0332-1_S118,0,0.9982149600982666
CTX,random,LR,onehot,2,RBL-17-0365-1_S112,0,0.007983306422829628
CTX,random,LR,onehot,2,RBL-17-0366-1_S113,0,0.7077488899230957
CTX,random,LR,onehot,2,RBL-17-0392-1_S69,1,0.9613351821899414
CTX,random,LR,onehot,2,RBL-17-0397-1_S125,0,0.010004909709095955
CTX,random,LR,onehot,2,RBL-17-0409-1_S127,0,0.01384703442454338
CTX,random,LR,onehot,2,RBL-17-060-1_S17,1,0.7691057324409485
CTX,random,LR,onehot,2,RBL-18-0010-1_S159,0,0.011652362532913685
CTX,random,LR,onehot,2,RBL-18-0016-1_S161,0,0.0004103293176740408
CTX,random,LR,onehot,2,RBL-18-0037-1_S168,0,0.0065485830418765545
CTX,random,LR,onehot,2,RBL-18-0085-1_S176,0,0.00028549807029776275
CTX,random,LR,onehot,2,RBL-18-0500-1_S230_2,1,0.0482172928750515
CTX,random,LR,onehot,2,RBT-17-0019-1_S62,1,0.9999998807907104
CTX,random,LR,onehot,2,RBT-17-0082-1_S30,0,0.4658122658729553
CTX,random,LR,onehot,2,RBT-17-0084-1_S31,0,0.0006129455869086087
CTX,random,LR,onehot,2,RBT-17-0097-1_S34,1,0.9990943670272827
CTX,random,LR,onehot,2,RBT-17-0099-1_S35,0,0.00021196718444116414
CTX,random,LR,onehot,2,RBT-17-0112-1_S41,0,1.0958940492855618e-06
CTX,random,LR,onehot,2,RBT-17-0149-1_S13,1,5.318025796441361e-05
CTX,random,LR,onehot,2,RBT-17-0150-1_S54,0,0.005303011275827885
CTX,random,LR,onehot,2,RBT-17-0163-1_S59,0,0.005935467779636383
CTX,random,LR,onehot,2,RBT-17-0178-1_S66,0,1.750962110236287e-05
CTX,random,LR,onehot,2,RBT-17-0210-1_S55,0,0.0005572490044869483
CTX,random,LR,onehot,2,RBT-17-0219-1_S8,1,0.8112764358520508
CTX,random,LR,onehot,2,RBT-17-0225-1_S9,0,0.001527943997643888
CTX,random,LR,onehot,2,RBT-17-0295-1_S15,0,0.007464518304914236
CTX,random,LR,onehot,2,RBT-17-0337-1_S19,0,0.09641462564468384
CTX,random,LR,onehot,2,RBT-18-0004-1_S51,1,0.6085046529769897
CTX,random,LR,onehot,2,RBT-18-0050-1_S34,0,0.9826112389564514
CTX,random,LR,onehot,2,RBT-18-0080-1_S49,1,0.9999271631240845
CTX,random,LR,onehot,2,RBT-18-0095-1_S19,0,0.0016944652888923883
CTX,random,LR,onehot,2,RBT-18-0110-1_S27,0,0.0003246623673476279
CTX,random,LR,onehot,2,RBT-18-0120-1_S48,0,0.11533462256193161
CTX,random,LR,onehot,2,RBT-18-0129-1_S52,0,0.8805472254753113
CTX,random,LR,onehot,2,RBT-18-0134-1_S29,0,0.017660653218626976
CTX,random,LR,onehot,2,RBT-18-0146-1_S55,0,0.007563938852399588
CTX,random,LR,onehot,2,RBT-18-0164-1_S34,0,0.9567406177520752
CTX,random,LR,onehot,2,RBT-18-0184-1_S38,1,0.8856251835823059
CTX,random,LR,onehot,2,RBT-18-0224-1_S43,0,0.0026968379970639944
CTX,random,LR,onehot,2,RBT-18-0230-1_S45,0,0.08719038963317871
CTX,random,LR,onehot,2,RBT-18-0232-1_S47,0,0.26515910029411316
CTX,random,LR,onehot,2,RBT-18-0252-1_S53,0,0.4692416191101074
CTX,random,LR,onehot,2,RBT-18-0259-1_S55,0,0.021351130679249763
CTX,random,LR,onehot,2,RBT-18-0275-1_S63,0,0.0016680832486599684
CTX,random,LR,onehot,2,RBT-18-0292-1_S70,0,0.007415568456053734
CTX,random,LR,onehot,2,RBT-18-0293-1_S71,0,0.0003197768237441778
CTX,random,LR,onehot,2,RBT-18-0296-1_S72,1,0.9225786328315735
CTX,random,LR,onehot,2,RBT-18-0316-1_S43,0,0.0003283421974629164
CTX,random,LR,onehot,2,RBT-18-0339-1_S47,0,0.0010417629964649677
CTX,random,LR,onehot,2,RBT-18-0365-1_S30,0,0.841739296913147
CTX,random,LR,onehot,2,ResetH1_S1_L001,1,0.7429269552230835
CTX,random,LR,onehot,2,ResetH127_S6_L001,1,0.2220001071691513
CTX,random,LR,onehot,2,ResetH134_S8_L001,1,0.9731976985931396
CTX,random,LR,onehot,2,ResetH92_S4_L001,1,0.9406167268753052
CTX,random,LR,onehot,2,ResetH99_S5_L001,1,0.0007290001376532018
CTX,random,LR,onehot,2,ResetV63_S5_L001,1,0.17604905366897583
CTX,random,LR,onehot,2,ResetV74_S7_L001,1,0.9982403516769409
CTX,random,LR,onehot,2,Survcare052_S22,1,0.9993876218795776
CTX,random,LR,onehot,2,Survcare104_S16_L001,1,0.8228949904441833
CTX,random,LR,onehot,2,Survcare187_S32,1,0.8069811463356018
CTX,random,LR,onehot,2,Survcare190_S35,1,0.021622508764266968
CTX,random,LR,onehot,2,Survcare244_S9_L001,1,0.9999135732650757
CTX,random,LR,onehot,2,Survcare313_S24_L001,1,0.9998019337654114
CTX,random,LR,onehot,2,Survcare317_S5_L001,1,0.999969482421875
CTX,random,LR,onehot,2,Survcare319_S16,1,0.8143826723098755
CTX,random,LR,onehot,2,Survcare334_S10,1,0.9993478655815125
CTX,random,LR,onehot,2,V1_S6_L001,1,0.9899330139160156
CTX,random,LR,onehot,2,V131_S7_L001,1,0.033322665840387344
CTX,random,LR,onehot,2,V172_S5_L001,1,0.41220226883888245
CTX,random,LR,onehot,2,V173_S6_L001,1,0.07813037186861038
CTX,random,LR,onehot,2,V205_S3_L001,1,0.5933563709259033
CTX,random,LR,onehot,2,V215_S2_L001,1,0.686100959777832
CTX,random,LR,onehot,2,V232_S3_L001,1,4.3687072093234747e-07
CTX,random,LR,onehot,2,V289_S5_L001,1,0.9994062185287476
CTX,random,LR,onehot,2,V8_S7_L001,1,0.3673514425754547
CTX,random,LR,onehot,2,W2RBK-17-168-1_S33,1,0.998155415058136
CTX,random,LR,onehot,2,W2RBK-17-169-1_S34,1,0.9988889098167419
CTX,random,LR,onehot,2,wdh-RBB-16-025-1_S20,1,0.00027549886726774275
CTX,random,LR,onehot,2,wdh-RBB-17-170-1_S16,1,0.9071445465087891
CTX,random,LR,onehot,2,wdhRBF-18-0025-1_S11_L001,0,0.0001727995986584574
CTX,random,LR,onehot,2,WDHRBG-16-060-1_S27,0,0.6490298509597778
CTX,random,LR,onehot,2,WDHRBG-16-062-1_S49,0,3.9267659303732216e-05
CTX,random,LR,onehot,2,wNRZ-32446_S79,1,0.14439347386360168
CTX,random,LR,onehot,2,wRBF-17-0146-1_S35,1,0.9223922491073608
CTX,random,LR,onehot,2,wRBG-17-030-1_S165,0,0.7700096368789673
CTX,random,LR,onehot,2,wRBG-17-034-1_S121,0,0.35980889201164246
CTX,random,LR,onehot,2,wRBG-17-055-1_S163,0,0.5687322020530701
CTX,random,LR,onehot,2,wRBG-17-102-1_S169,0,8.092133066384122e-05
CTX,random,LR,onehot,2,wwRBF-16-007-1_S10,1,0.844982385635376
CTX,random,LR,onehot,2,wwRBF-17-148-1_S27,1,0.049282412976026535
CTX,random,LR,onehot,2,wwRBK-16-023-1_S5,1,0.43563035130500793
CTX,random,LR,onehot,2,wwRBK-17-0278-1_S41,1,0.9994333386421204
CTX,random,LR,onehot,3,H100_S2_L001,1,0.00013962609227746725
CTX,random,LR,onehot,3,H108_S5_L001,1,0.9060187339782715
CTX,random,LR,onehot,3,H123_S1_L001,1,0.9996415376663208
CTX,random,LR,onehot,3,H141_S6_L001,1,0.8081433773040771
CTX,random,LR,onehot,3,H153_S1_L001,1,0.8902645111083984
CTX,random,LR,onehot,3,H28_S10_L001,1,0.972690999507904
CTX,random,LR,onehot,3,H3_S1_L001,1,0.9767253994941711
CTX,random,LR,onehot,3,H50_S7_L001,1,0.9835240244865417
CTX,random,LR,onehot,3,H71_S1_L001,1,0.988959550857544
CTX,random,LR,onehot,3,NNRBG-17-0193-1_S2,0,9.395334927830845e-06
CTX,random,LR,onehot,3,NNRBG-17-0227-1_S8,0,9.809089533519e-05
CTX,random,LR,onehot,3,NNRBG-17-0234-1_S9,0,0.03408098593354225
CTX,random,LR,onehot,3,NNRBG-17-0239-1_S10,0,0.2926803529262543
CTX,random,LR,onehot,3,NNRBG-17-0294-1_S18,0,0.14883379638195038
CTX,random,LR,onehot,3,NNRBG-17-0308-1_S20,0,0.00017545440641697496
CTX,random,LR,onehot,3,RBB-18-0772-1_S192,1,0.9933891296386719
CTX,random,LR,onehot,3,RBB-18-1086-1_S189_2,1,0.20979785919189453
CTX,random,LR,onehot,3,RBB-18-1212-1_S67_2,1,0.9999924898147583
CTX,random,LR,onehot,3,RBB-18-1460-1_S45,1,0.9378554821014404
CTX,random,LR,onehot,3,RBF-16-004-1_S18,1,0.9985471367835999
CTX,random,LR,onehot,3,RBF-17-0164-1_S137,0,0.002284015528857708
CTX,random,LR,onehot,3,RBF-17-0520-2_S55,1,0.9771426916122437
CTX,random,LR,onehot,3,RBF-17-0523-1_S30,0,0.0011617025593295693
CTX,random,LR,onehot,3,RBF-17-0587-1_S91,0,0.0004038586630485952
CTX,random,LR,onehot,3,RBF-17-0605-1_S94,0,0.7822206020355225
CTX,random,LR,onehot,3,RBF-17-0647-1_S99,0,0.005062416195869446
CTX,random,LR,onehot,3,RBF-18-0013-1_S25_L001,0,0.007348330691456795
CTX,random,LR,onehot,3,RBF-18-0088-1_S24,0,0.00025162039673887193
CTX,random,LR,onehot,3,RBF-18-0135-1_S34,0,0.0004136866482440382
CTX,random,LR,onehot,3,RBF-18-0139-1_S35,0,2.1071811715955846e-05
CTX,random,LR,onehot,3,RBF-18-0184-1_S30,0,0.011409993283450603
CTX,random,LR,onehot,3,RBF-18-0194-1_S86,1,0.8857829570770264
CTX,random,LR,onehot,3,RBF-18-0199-1_S47,0,0.9739826917648315
CTX,random,LR,onehot,3,RBF-18-0201-1_S49,0,0.9921699166297913
CTX,random,LR,onehot,3,RBF-18-0208-2_S11_L001,0,5.329838586476399e-06
CTX,random,LR,onehot,3,RBF-18-0252-1_S56,0,0.003640650538727641
CTX,random,LR,onehot,3,RBF-18-0714-2_S204_2,1,0.3732762932777405
CTX,random,LR,onehot,3,RBG-17-013-1_S16,1,0.9929841756820679
CTX,random,LR,onehot,3,RBG-17-0269-1_S41,0,0.1354198306798935
CTX,random,LR,onehot,3,RBG-18-0083-1_S12,0,0.00010416335862828419
CTX,random,LR,onehot,3,RBG-18-0113-1_S13_L001,0,0.00013345526531338692
CTX,random,LR,onehot,3,RBG-18-0166-1_S10_L001,0,0.0034258852247148752
CTX,random,LR,onehot,3,RBG-18-0170-1_S41,0,0.000844129070173949
CTX,random,LR,onehot,3,RBG-18-0177-1_S17_L001,1,0.990972638130188
CTX,random,LR,onehot,3,RBG-18-0185-1_S40,0,0.025008197873830795
CTX,random,LR,onehot,3,RBG-18-0193-1_S8,0,0.12682506442070007
CTX,random,LR,onehot,3,RBG-18-0194-1_S45,0,4.703363447333686e-05
CTX,random,LR,onehot,3,RBG-18-0223-1_S2,0,0.001330215367488563
CTX,random,LR,onehot,3,RBG-18-0256-1_S8_L001,1,0.0007264334708452225
CTX,random,LR,onehot,3,RBG-18-0265-1_S49,0,0.001929869526065886
CTX,random,LR,onehot,3,RBG-18-0289-1_S37,1,0.6771871447563171
CTX,random,LR,onehot,3,RBG-18-0308-1_S54,1,0.9981516003608704
CTX,random,LR,onehot,3,RBG-18-0312-1_S55,0,0.006760833784937859
CTX,random,LR,onehot,3,RBG-18-0355-1_S19_L001,0,0.001903722994029522
CTX,random,LR,onehot,3,RBG-18-0402-1_S50,1,0.9016731381416321
CTX,random,LR,onehot,3,RBG-18-0417-1_S52,0,0.0005010097520425916
CTX,random,LR,onehot,3,RBG-18-0421-1_S53,1,0.9399177432060242
CTX,random,LR,onehot,3,RBK-16-079-1_S15,1,0.00787072442471981
CTX,random,LR,onehot,3,RBK-17-0601-1_S25,1,0.9322429299354553
CTX,random,LR,onehot,3,RBK-17-0655-5_S182,1,0.9691841006278992
CTX,random,LR,onehot,3,RBK-18-0060-1_S22,0,0.013785027898848057
CTX,random,LR,onehot,3,RBK-18-0062-2_S203,0,0.9999997615814209
CTX,random,LR,onehot,3,RBK-18-0250-1_S235_2,0,0.9971768856048584
CTX,random,LR,onehot,3,RBL-17-0090-1_S145,0,0.00011773336882470176
CTX,random,LR,onehot,3,RBL-17-0093-1_S146,0,0.7872531414031982
CTX,random,LR,onehot,3,RBL-17-0095-1_S147,0,0.00011828814604086801
CTX,random,LR,onehot,3,RBL-17-0108-1_S151,0,0.010998513549566269
CTX,random,LR,onehot,3,RBL-17-0136-1_S161,0,0.038323018699884415
CTX,random,LR,onehot,3,RBL-17-0226-1_S41,1,0.9636629819869995
CTX,random,LR,onehot,3,RBL-17-0232-1_S91,0,0.42058512568473816
CTX,random,LR,onehot,3,RBL-17-0274-2_S105,0,4.941553470416693e-06
CTX,random,LR,onehot,3,RBL-17-0359-1_S66,1,0.9848459959030151
CTX,random,LR,onehot,3,RBL-17-0374-1_S116,0,0.004746308084577322
CTX,random,LR,onehot,3,RBL-18-0002-1_S158,0,0.0004229186743032187
CTX,random,LR,onehot,3,RBL-18-0021-1_S42,0,0.9972963929176331
CTX,random,LR,onehot,3,RBL-18-0090-1_S48,1,0.9137168526649475
CTX,random,LR,onehot,3,RBL-18-0098-1_S178,0,0.8997982740402222
CTX,random,LR,onehot,3,RBT-17-0003-1_S16,0,0.0001258482807315886
CTX,random,LR,onehot,3,RBT-17-0008-1_S18,0,0.0015027082990854979
CTX,random,LR,onehot,3,RBT-17-0022-1_S24,0,0.0015399621333926916
CTX,random,LR,onehot,3,RBT-17-0023-1_S25,0,0.23019836843013763
CTX,random,LR,onehot,3,RBT-17-0079-1_S29,0,2.3509152015321888e-05
CTX,random,LR,onehot,3,RBT-17-0100-1_S36,1,0.6388688087463379
CTX,random,LR,onehot,3,RBT-17-0102-1_S37,0,0.9509670734405518
CTX,random,LR,onehot,3,RBT-17-0107-1_S39,0,0.0019072635332122445
CTX,random,LR,onehot,3,RBT-17-0113-1_S42,0,2.468304410285782e-05
CTX,random,LR,onehot,3,RBT-17-0130-1_S27,0,0.9521909356117249
CTX,random,LR,onehot,3,RBT-17-0133-1_S6,0,0.7866995334625244
CTX,random,LR,onehot,3,RBT-17-0156-1_S56,0,0.9999980926513672
CTX,random,LR,onehot,3,RBT-17-0173-1_S63,0,0.0005190757219679654
CTX,random,LR,onehot,3,RBT-17-0217-1_S7,0,0.9993906021118164
CTX,random,LR,onehot,3,RBT-17-0249-1_S61,1,0.9385668039321899
CTX,random,LR,onehot,3,RBT-17-0256-1_S25,0,0.9999713897705078
CTX,random,LR,onehot,3,RBT-17-0339-1_S20,0,0.9890704154968262
CTX,random,LR,onehot,3,RBT-18-0027-1_S68,0,0.5595806241035461
CTX,random,LR,onehot,3,RBT-18-0052-1_S35,1,0.0011592446826398373
CTX,random,LR,onehot,3,RBT-18-0053-1_S36,1,0.8823198080062866
CTX,random,LR,onehot,3,RBT-18-0100-1_S21,0,0.221654012799263
CTX,random,LR,onehot,3,RBT-18-0116-1_S46,0,0.39059191942214966
CTX,random,LR,onehot,3,RBT-18-0127-1_S51,0,0.0001326231868006289
CTX,random,LR,onehot,3,RBT-18-0173-1_S35,0,2.395640876784455e-05
CTX,random,LR,onehot,3,RBT-18-0181-1_S61,1,0.99674391746521
CTX,random,LR,onehot,3,RBT-18-0197-1_S40,0,0.3781697452068329
CTX,random,LR,onehot,3,RBT-18-0236-1_S48,1,0.8130801320075989
CTX,random,LR,onehot,3,RBT-18-0253-1_S54,0,0.987434446811676
CTX,random,LR,onehot,3,RBT-18-0278-1_S64,0,0.08521462976932526
CTX,random,LR,onehot,3,RBT-18-0283-1_S65,0,0.00028177417698316276
CTX,random,LR,onehot,3,RBT-18-0303-1_S20,0,0.5877222418785095
CTX,random,LR,onehot,3,RBT-18-0324-1_S57,1,0.9987714886665344
CTX,random,LR,onehot,3,RBT-18-0337-1_S46,1,0.9734662771224976
CTX,random,LR,onehot,3,RBT-18-0338-1_S35,0,0.19468604028224945
CTX,random,LR,onehot,3,RBT-18-0360-1_S39,0,0.4274024963378906
CTX,random,LR,onehot,3,RBT-18-0361-1_S38,0,0.0029652919620275497
CTX,random,LR,onehot,3,RBT-18-0370-1_S33,0,0.00700961472466588
CTX,random,LR,onehot,3,RBT-18-0385-1_S34,0,5.850410889252089e-05
CTX,random,LR,onehot,3,RBT-18-0401-1_S43,0,0.9240468144416809
CTX,random,LR,onehot,3,ResetH115_S6_L001,1,0.9995622038841248
CTX,random,LR,onehot,3,ResetH129_S7_L001,1,0.986644446849823
CTX,random,LR,onehot,3,ResetH152_S4_L001,1,0.937633216381073
CTX,random,LR,onehot,3,ResetH30_S4_L001,1,0.17207659780979156
CTX,random,LR,onehot,3,ResetH93_S5_L001,1,0.5406387448310852
CTX,random,LR,onehot,3,ResetV105_S1_L001,1,0.9999986886978149
CTX,random,LR,onehot,3,ResetV260_S5_L001,1,0.9943969249725342
CTX,random,LR,onehot,3,Survcare125_S25,1,0.999688982963562
CTX,random,LR,onehot,3,Survcare129_S1,1,3.64014204023988e-06
CTX,random,LR,onehot,3,Survcare184_S19,1,0.5737507939338684
CTX,random,LR,onehot,3,Survcare236_S5_L001,1,0.41392743587493896
CTX,random,LR,onehot,3,Survcare275_S38,1,0.01923869363963604
CTX,random,LR,onehot,3,Survcare309_S20_L001,1,0.9996424913406372
CTX,random,LR,onehot,3,Survcare341_S25,1,0.8973115086555481
CTX,random,LR,onehot,3,Survcare350_S44,1,0.981956958770752
CTX,random,LR,onehot,3,Survcare360_S84,1,0.9982978701591492
CTX,random,LR,onehot,3,V155_S5_L001,1,0.9998446702957153
CTX,random,LR,onehot,3,V158_S4_L001,1,0.9998149275779724
CTX,random,LR,onehot,3,V168_S9_L001,1,0.9824284911155701
CTX,random,LR,onehot,3,V182_S6_L001,1,0.9739824533462524
CTX,random,LR,onehot,3,V201_S4_L001,1,0.9937021732330322
CTX,random,LR,onehot,3,V229_S10_L001,1,0.9939268231391907
CTX,random,LR,onehot,3,V238_S11_L001,1,0.9993020296096802
CTX,random,LR,onehot,3,V292_S6_L001,1,1.0
CTX,random,LR,onehot,3,V41_S2_L001,1,0.9999912977218628
CTX,random,LR,onehot,3,V64_S3_L001,1,0.2141459435224533
CTX,random,LR,onehot,3,V79_S6_L001,1,0.2265278697013855
CTX,random,LR,onehot,3,V98_S3_L001,1,0.9999841451644897
CTX,random,LR,onehot,3,wdhRBF-10-0002-1_S10_L001,1,0.9987280964851379
CTX,random,LR,onehot,3,wdhRBF-17-0564-1_S230,1,0.9999070167541504
CTX,random,LR,onehot,3,wdhRBF-18-0049-1_S13_L001,0,6.091049272072269e-06
CTX,random,LR,onehot,3,wdhRBF-18-0057_S14_L001,0,0.9900622367858887
CTX,random,LR,onehot,3,wdhRBF-18-0059-1_S15_L001,0,1.2610228623088915e-05
CTX,random,LR,onehot,3,wdhRBF-18-0081-1_S18_L001,0,0.03908620774745941
CTX,random,LR,onehot,3,wNRZ-33910_S81,1,1.0
CTX,random,LR,onehot,3,wRBG-16-026-1_S163,0,0.009465372189879417
CTX,random,LR,onehot,3,wRBG-16-027-1_S174,0,0.0010673271026462317
CTX,random,LR,onehot,3,wRBG-16-034-1_S164,0,0.9110159277915955
CTX,random,LR,onehot,3,wRBG-17-023-1_S155,0,3.500479692775116e-07
CTX,random,LR,onehot,3,wRBG-17-052-1_S120,0,0.9994028806686401
CTX,random,LR,onehot,3,wRBG-17-057-1_S141,0,0.7661471366882324
CTX,random,LR,onehot,3,wRBG-17-058-1_S130,0,0.00034877992584370077
CTX,random,LR,onehot,3,wRBG-17-072-1_S129,0,4.4007185351802036e-05
CTX,random,LR,onehot,3,wRBG-17-106-1_S125,0,0.8868696093559265
CTX,random,LR,onehot,3,wwRBB-16-112-1_S1,1,0.9670183658599854
CTX,random,LR,onehot,3,wwRBL-16-111-1_S16,1,0.9999451637268066
CTX,random,LR,onehot,4,H109_S2_L001,1,1.0383663720858749e-05
CTX,random,LR,onehot,4,H116_S8_L001,1,0.9999988079071045
CTX,random,LR,onehot,4,H17_S2_L001,1,0.12281502038240433
CTX,random,LR,onehot,4,H38_S4_L001,1,0.9990389347076416
CTX,random,LR,onehot,4,H53_S4_L001,1,0.9253557324409485
CTX,random,LR,onehot,4,H86_S1_L001,1,0.4256952702999115
CTX,random,LR,onehot,4,NNRBG-17-0196-1_S3,0,0.02788330242037773
CTX,random,LR,onehot,4,NNRBG-17-0249-1_S13,0,0.0071649798192083836
CTX,random,LR,onehot,4,NNRBG-17-0287-1_S17,0,0.01199022214859724
CTX,random,LR,onehot,4,NNRBG-17-0399-1_S40,0,0.0884261280298233
CTX,random,LR,onehot,4,RBB-18-0490-1_S20_L001,1,0.8057047724723816
CTX,random,LR,onehot,4,RBB-18-0668-1_S188,1,0.9498069882392883
CTX,random,LR,onehot,4,RBB-18-1309-1_S42,1,0.7863088846206665
CTX,random,LR,onehot,4,RBB-18-1406-1_S49,1,0.042419638484716415
CTX,random,LR,onehot,4,RBF-17-0178-1_S139,0,0.9282311797142029
CTX,random,LR,onehot,4,RBF-17-0194-1_S140,0,0.09339741617441177
CTX,random,LR,onehot,4,RBF-17-0467-1_S12,1,0.9007953405380249
CTX,random,LR,onehot,4,RBF-17-0513-1_S76,0,0.09249245375394821
CTX,random,LR,onehot,4,RBF-17-0589-1_S92,0,0.03382153809070587
CTX,random,LR,onehot,4,RBF-17-0614-3_S95,0,0.003572034416720271
CTX,random,LR,onehot,4,RBF-17-0630-1_S59,1,2.239643663415336e-06
CTX,random,LR,onehot,4,RBF-17-0635-1_S98,0,0.0005311209824867547
CTX,random,LR,onehot,4,RBF-17-0648-1_S100,0,3.7680692344110867e-07
CTX,random,LR,onehot,4,RBF-17-0651-1_S62,1,0.9997569918632507
CTX,random,LR,onehot,4,RBF-17-0664-1_S63,1,0.8437466025352478
CTX,random,LR,onehot,4,RBF-18-0069-1_S78,1,0.9733660817146301
CTX,random,LR,onehot,4,RBF-18-0072-1_S16,0,0.005256063304841518
CTX,random,LR,onehot,4,RBF-18-0093-1_S80,1,0.07183343172073364
CTX,random,LR,onehot,4,RBF-18-0123-1_S25_L001,1,2.426766059215879e-07
CTX,random,LR,onehot,4,RBF-18-0147-1_S36,0,0.03647846728563309
CTX,random,LR,onehot,4,RBF-18-0163-2_S39,0,0.03173268586397171
CTX,random,LR,onehot,4,RBF-18-0214-1_S51,0,0.03505455702543259
CTX,random,LR,onehot,4,RBF-18-0227-1_S53,0,0.035029396414756775
CTX,random,LR,onehot,4,RBF-18-0296-1_S17,0,0.7262175679206848
CTX,random,LR,onehot,4,RBF-18-0310-1_S36,0,0.9879063367843628
CTX,random,LR,onehot,4,RBF-18-0338-1_S72,0,0.02924438752233982
CTX,random,LR,onehot,4,RBF-18-0634-1_S183,1,0.9972230195999146
CTX,random,LR,onehot,4,RBG-18-0012-1_S3,0,1.2099599189241417e-07
CTX,random,LR,onehot,4,RBG-18-0017-1_S5,0,0.6797876358032227
CTX,random,LR,onehot,4,RBG-18-0055-1_S43,0,0.9995040893554688
CTX,random,LR,onehot,4,RBG-18-0085-1_S11,0,0.003254999639466405
CTX,random,LR,onehot,4,RBG-18-0129-1_S15_L001,1,0.38689061999320984
CTX,random,LR,onehot,4,RBG-18-0140-1_S14_L001,0,0.767551064491272
CTX,random,LR,onehot,4,RBG-18-0153-1_S14,0,0.890963077545166
CTX,random,LR,onehot,4,RBG-18-0200-1_S18_L001,1,0.7574300765991211
CTX,random,LR,onehot,4,RBG-18-0206-2_S46,0,0.020676415413618088
CTX,random,LR,onehot,4,RBG-18-0221-1_S47,0,0.9887328147888184
CTX,random,LR,onehot,4,RBG-18-0279-1_S36,1,0.9227192997932434
CTX,random,LR,onehot,4,RBG-18-0347-1_S22_L001,0,0.03713260963559151
CTX,random,LR,onehot,4,RBG-18-0352-1_S21_L001,0,0.00032033128081820905
CTX,random,LR,onehot,4,RBG-18-0358-1_S39,1,0.9981266856193542
CTX,random,LR,onehot,4,RBG-18-0381-1_S49,0,0.00010585184645606205
CTX,random,LR,onehot,4,RBG-18-0383-1_S37,1,0.999991774559021
CTX,random,LR,onehot,4,RBG-18-0394-1_S23_L001,0,0.13044613599777222
CTX,random,LR,onehot,4,RBK-16-007-1_S13,1,0.8861430883407593
CTX,random,LR,onehot,4,RBK-17-0595-1_S187,1,0.974230945110321
CTX,random,LR,onehot,4,RBK-18-0019-1_S195,0,0.038465891033411026
CTX,random,LR,onehot,4,RBK-18-0047-1_S20,0,0.004583785776048899
CTX,random,LR,onehot,4,RBK-18-0080-1_S205,0,0.7381280064582825
CTX,random,LR,onehot,4,RBK-18-0236-2_S52_2,1,0.21559889614582062
CTX,random,LR,onehot,4,RBKk-18-0108-1_S201,1,0.9532901048660278
CTX,random,LR,onehot,4,RBL-17-0107-1_S150,0,0.790478527545929
CTX,random,LR,onehot,4,RBL-17-0117-1_S155,0,0.3455784320831299
CTX,random,LR,onehot,4,RBL-17-0123-1_S157,0,0.0007110920851118863
CTX,random,LR,onehot,4,RBL-17-0133-1_S159,0,0.05846317484974861
CTX,random,LR,onehot,4,RBL-17-0138-1_S162,0,0.01378424372524023
CTX,random,LR,onehot,4,RBL-17-0159-1_S166,0,0.9201511740684509
CTX,random,LR,onehot,4,RBL-17-0189-1_S172,0,0.004714250564575195
CTX,random,LR,onehot,4,RBL-17-0199-1_S174,0,0.8496540188789368
CTX,random,LR,onehot,4,RBL-17-0259-1_S99,0,0.17031577229499817
CTX,random,LR,onehot,4,RBL-17-0261-1_S100,0,0.7927988171577454
CTX,random,LR,onehot,4,RBL-17-0263-1_S102,0,4.3197589548071846e-05
CTX,random,LR,onehot,4,RBL-17-0327-1_S116,0,5.438153493741993e-06
CTX,random,LR,onehot,4,RBL-17-0328-1_S117,0,0.000428146799094975
CTX,random,LR,onehot,4,RBL-17-0360-1_S108,0,0.99261474609375
CTX,random,LR,onehot,4,RBL-17-0383-1_S119,0,0.14405420422554016
CTX,random,LR,onehot,4,RBL-17-0390-1_S121,0,8.444731793133542e-05
CTX,random,LR,onehot,4,RBL-17-0402-1_S126,0,0.03939232602715492
CTX,random,LR,onehot,4,RBL-17-0428-1_S70,1,0.9999979734420776
CTX,random,LR,onehot,4,RBL-17-0432-1_S132,0,0.9145969152450562
CTX,random,LR,onehot,4,RBL-17-0434-1_S133,0,0.6144222021102905
CTX,random,LR,onehot,4,RBL-18-0019-1_S41,0,0.012395307421684265
CTX,random,LR,onehot,4,RBL-18-0032-1_S167,0,0.40107351541519165
CTX,random,LR,onehot,4,RBL-18-0048-1_S44,0,0.9989194869995117
CTX,random,LR,onehot,4,RBL-18-0059-1_S171,0,0.8907520174980164
CTX,random,LR,onehot,4,RBL-18-0343-1_S6,1,0.7462598085403442
CTX,random,LR,onehot,4,RBT-17-0009-1_S21,0,0.4247905910015106
CTX,random,LR,onehot,4,RBT-17-0024-1_S23,0,0.019604559987783432
CTX,random,LR,onehot,4,RBT-17-0090-1_S32,0,0.011575180105865002
CTX,random,LR,onehot,4,RBT-17-0138-1_S52,0,0.15173137187957764
CTX,random,LR,onehot,4,RBT-17-0165-1_S60,0,0.0030504281166940928
CTX,random,LR,onehot,4,RBT-17-0168-1_S61,0,0.00039775040931999683
CTX,random,LR,onehot,4,RBT-17-0174-1_S64,0,0.02541702426970005
CTX,random,LR,onehot,4,RBT-17-0183-1_S67,0,0.7989792227745056
CTX,random,LR,onehot,4,RBT-17-0238-1_S59,0,0.14462830126285553
CTX,random,LR,onehot,4,RBT-17-0279-1_S12,0,0.05066683888435364
CTX,random,LR,onehot,4,RBT-17-0287-1_S10,0,0.0004410447727423161
CTX,random,LR,onehot,4,RBT-17-0328-1_S16,1,0.9682766795158386
CTX,random,LR,onehot,4,RBT-18-0021-1_S56,1,0.9225128889083862
CTX,random,LR,onehot,4,RBT-18-0056-1_S37,0,5.097801931697177e-06
CTX,random,LR,onehot,4,RBT-18-0096-1_S20,0,0.05492987856268883
CTX,random,LR,onehot,4,RBT-18-0103-1_S24,0,0.017652837559580803
CTX,random,LR,onehot,4,RBT-18-0113-1_S44,0,0.06938489526510239
CTX,random,LR,onehot,4,RBT-18-0115-1_S45,0,0.2736893594264984
CTX,random,LR,onehot,4,RBT-18-0121-1_S28,0,0.01102831494063139
CTX,random,LR,onehot,4,RBT-18-0122-1_S63,0,0.7889366745948792
CTX,random,LR,onehot,4,RBT-18-0125-1_S50,0,0.6779690980911255
CTX,random,LR,onehot,4,RBT-18-0205-1_S6,1,0.9859046339988708
CTX,random,LR,onehot,4,RBT-18-0246-1_S52,0,0.0001725987094687298
CTX,random,LR,onehot,4,RBT-18-0247-1_S16,1,0.914659857749939
CTX,random,LR,onehot,4,RBT-18-0251-1_S7,0,0.7662336230278015
CTX,random,LR,onehot,4,RBT-18-0265-1_S59,0,1.8667656149773393e-06
CTX,random,LR,onehot,4,RBT-18-0308-1_S34,0,0.685059666633606
CTX,random,LR,onehot,4,RBT-18-0351-1_S48,0,3.141708475595806e-07
CTX,random,LR,onehot,4,RBT-18-0368-1_S32,1,0.12965354323387146
CTX,random,LR,onehot,4,RBT-18-0372-1_S31,1,0.9676061272621155
CTX,random,LR,onehot,4,RBT-18-0377-1_S1,0,0.032631419599056244
CTX,random,LR,onehot,4,RBT-18-0384-1_S40,0,6.446624320233241e-05
CTX,random,LR,onehot,4,RBT-18-0391-1_S35,1,0.9903656244277954
CTX,random,LR,onehot,4,RBT-18-0392-1_S56,1,0.7997612953186035
CTX,random,LR,onehot,4,ResetH10_S1_L001,1,0.00019848828378599137
CTX,random,LR,onehot,4,ResetH139_S3_L001,1,0.9682467579841614
CTX,random,LR,onehot,4,ResetH24a_S3_2_L001,1,0.999998927116394
CTX,random,LR,onehot,4,ResetH44_S3_L001,1,9.318309821537696e-06
CTX,random,LR,onehot,4,ResetH63_S7_L001,1,0.9225128889083862
CTX,random,LR,onehot,4,ResetH8_S2_L001,1,0.735471785068512
CTX,random,LR,onehot,4,ResetV161_S3_L001,1,0.9999985694885254
CTX,random,LR,onehot,4,Survcare133_S25,1,0.9995309114456177
CTX,random,LR,onehot,4,Survcare140_S4_L001,1,0.999794065952301
CTX,random,LR,onehot,4,Survcare262_S23_L001,1,0.0006741943652741611
CTX,random,LR,onehot,4,Survcare278_S62,1,0.8868786096572876
CTX,random,LR,onehot,4,Survcare292_S39,1,9.017206321004778e-05
CTX,random,LR,onehot,4,Survcare293_S40,1,0.9988376498222351
CTX,random,LR,onehot,4,Survcare295_S8_L001,1,0.9999998807907104
CTX,random,LR,onehot,4,Survcare310_S21_L001,1,9.013720955408644e-06
CTX,random,LR,onehot,4,Survcare335_S11,1,0.9998472929000854
CTX,random,LR,onehot,4,V108_S2_L001,1,0.9946834444999695
CTX,random,LR,onehot,4,V152_S3_L001,1,0.0012774463975802064
CTX,random,LR,onehot,4,V153_S4_L001,1,0.9999338388442993
CTX,random,LR,onehot,4,V163_S6_L001,1,0.0001935306645464152
CTX,random,LR,onehot,4,V177_S6_L001,1,0.23263081908226013
CTX,random,LR,onehot,4,V183_S7_L001,1,0.0010788645595312119
CTX,random,LR,onehot,4,V195_S1_L001,1,9.309588516748235e-11
CTX,random,LR,onehot,4,V80_S7_L001,1,8.887465874352074e-09
CTX,random,LR,onehot,4,V89_S1_L001,1,0.003623737022280693
CTX,random,LR,onehot,4,V9_S1_L001,1,0.920509934425354
CTX,random,LR,onehot,4,V96_S2_L001,1,0.9993317723274231
CTX,random,LR,onehot,4,W2RBL-16-018-1_S15,1,0.5173611640930176
CTX,random,LR,onehot,4,wdhRBF-17-0567-1_S122,0,0.00030205133953131735
CTX,random,LR,onehot,4,wdhRBF-18-0098-1_S19_L001,0,0.014576392248272896
CTX,random,LR,onehot,4,WDHRBG-16-049-1_S87,0,0.12088306993246078
CTX,random,LR,onehot,4,WDHRBG-17-0093-1_S1,1,0.9999326467514038
CTX,random,LR,onehot,4,WDHRBG-17-122-1_S48,0,0.9819444417953491
CTX,random,LR,onehot,4,wRBG-17-014-1_S167,0,0.13283951580524445
CTX,random,LR,onehot,4,wRBG-17-022-1_S43,1,0.9997163414955139
CTX,random,LR,onehot,4,wRBG-17-081-1_S117,0,0.013935232535004616
CTX,random,LR,onehot,4,wRBG-17-100-1_S104,0,0.0009581749327480793
CTX,random,LR,onehot,4,wwRBB-17-031-1_S25,1,0.018200958147644997
CTX,random,LR,onehot,4,wwRBF-17-251-1_S33,1,0.9985108971595764
CTX,random,LR,onehot,4,wwRBK-17-0148-2_S38,1,0.9432799816131592
CTX,random,LR,onehot,4,wwRBL-17-004-1_S44,1,0.839259922504425
CTX,random,SVM,onehot,0,H105_S3_L001,1,0.7230895270477099
CTX,random,SVM,onehot,0,H113_S6_L001,1,0.3933371530100166
CTX,random,SVM,onehot,0,H119_S7_L001,1,0.9527168482949092
CTX,random,SVM,onehot,0,H122_S4_L001,1,0.693007033572298
CTX,random,SVM,onehot,0,H37_S3_L001,1,0.6396080646494147
CTX,random,SVM,onehot,0,H66_S1_L001,1,0.9656919450247151
CTX,random,SVM,onehot,0,H83_S7_L001,1,0.9201229466644268
CTX,random,SVM,onehot,0,NNRBG-17-0201-1_S6,0,0.17893359678958848
CTX,random,SVM,onehot,0,NNRBG-17-0242-1_S11,0,0.4874600040773271
CTX,random,SVM,onehot,0,NNRBG-17-0316-1_S23,0,0.14052064398705283
CTX,random,SVM,onehot,0,NNRBG-17-0328-1_S25,0,0.27838979828824895
CTX,random,SVM,onehot,0,NNRBG-17-0378-1_S37,0,0.8550481160822418
CTX,random,SVM,onehot,0,NNRBG-17-0382-1_S38,0,0.006462676488100458
CTX,random,SVM,onehot,0,RBB-17-171-1_S52,1,0.6316319393058236
CTX,random,SVM,onehot,0,RBB-18-0129-1_S179,1,0.870096922391505
CTX,random,SVM,onehot,0,RBB-18-0665-1_S23_L001,1,0.4750551574361371
CTX,random,SVM,onehot,0,RBB-18-0826-1_S193,1,0.8409883606721437
CTX,random,SVM,onehot,0,RBB-18-0892-1_S80_2,1,0.985957575093103
CTX,random,SVM,onehot,0,RBB-18-0972-1_S203_2,1,0.9876221564758315
CTX,random,SVM,onehot,0,RBB-18-1488-1_S46,1,0.025371164960686966
CTX,random,SVM,onehot,0,RBF-16-0064-1_S136,0,0.17587543542168482
CTX,random,SVM,onehot,0,RBF-16-060-1_S22,1,0.7660332720993781
CTX,random,SVM,onehot,0,RBF-16-073-1_S23,1,0.9136317532472114
CTX,random,SVM,onehot,0,RBF-17-0508-1_S73,0,0.6287613103876702
CTX,random,SVM,onehot,0,RBF-17-0521-1_S78,0,0.8346820182313298
CTX,random,SVM,onehot,0,RBF-17-0532-1_S80,0,0.26787318243785874
CTX,random,SVM,onehot,0,RBF-17-0572-2_S89,0,0.0077281070234649345
CTX,random,SVM,onehot,0,RBF-17-0602-1_S93,0,0.22202024600718534
CTX,random,SVM,onehot,0,RBF-17-0632-1_S97,0,0.03526815947851476
CTX,random,SVM,onehot,0,RBF-17-0653-1_S101,0,0.22316370797344798
CTX,random,SVM,onehot,0,RBF-17-266-1_S70,1,0.4699459560398733
CTX,random,SVM,onehot,0,RBF-17-277-1_S73,1,0.04598403241822322
CTX,random,SVM,onehot,0,RBF-18-0068-1_S77,1,0.46178221774351325
CTX,random,SVM,onehot,0,RBF-18-0085-1_S21,0,0.02999244126586515
CTX,random,SVM,onehot,0,RBF-18-0125-1_S30,0,0.673622804210842
CTX,random,SVM,onehot,0,RBF-18-0126-1_S31,0,0.49609661646897324
CTX,random,SVM,onehot,0,RBF-18-0127-1_S32,0,0.7272290411845558
CTX,random,SVM,onehot,0,RBF-18-0173-1_S27,0,0.5571014371103273
CTX,random,SVM,onehot,0,RBF-18-0179-1_S29,0,0.8965354060681004
CTX,random,SVM,onehot,0,RBF-18-0192-1_S44,0,0.3599429950118619
CTX,random,SVM,onehot,0,RBF-18-0259-1_S33,0,0.09180359976262646
CTX,random,SVM,onehot,0,RBF-18-0280-1_S62,0,0.06324484048499251
CTX,random,SVM,onehot,0,RBF-18-0282-1_S63,0,0.0992336866573686
CTX,random,SVM,onehot,0,RBF-18-0294-1_S64,0,0.01639124869858349
CTX,random,SVM,onehot,0,RBF-18-0339-1_S37,0,0.282071898117707
CTX,random,SVM,onehot,0,RBF-18-0405-1_S81_2,1,0.5810188929087087
CTX,random,SVM,onehot,0,RBG-17-0351-1_S20_L001,1,0.7860255015832949
CTX,random,SVM,onehot,0,RBG-17-0383-1_S44,0,0.36662466356340845
CTX,random,SVM,onehot,0,RBG-18-0023-1_S2,0,0.10676131753772226
CTX,random,SVM,onehot,0,RBG-18-0025-1_S9_L001,0,0.0055592732074009376
CTX,random,SVM,onehot,0,RBG-18-0029-1_S40,0,0.13112944008792318
CTX,random,SVM,onehot,0,RBG-18-0071-1_S44,0,0.033100858765513795
CTX,random,SVM,onehot,0,RBG-18-0077-1_S9,1,0.8787907094913292
CTX,random,SVM,onehot,0,RBG-18-0144-1_S38,0,0.07454120600480409
CTX,random,SVM,onehot,0,RBG-18-0191-1_S11_L001,0,0.22236715801646498
CTX,random,SVM,onehot,0,RBG-18-0202-1_S13_L001,0,0.45166014898199547
CTX,random,SVM,onehot,0,RBG-18-0204-1_S23_L001,0,0.8310619098381181
CTX,random,SVM,onehot,0,RBG-18-0209-2_S46,0,0.27934716653733227
CTX,random,SVM,onehot,0,RBG-18-0280-1_S51,0,0.2195133036808841
CTX,random,SVM,onehot,0,RBG-18-0367-1_S57,0,0.07514941499813822
CTX,random,SVM,onehot,0,RBG-18-0391-1_S22_L001,1,0.92731223705373
CTX,random,SVM,onehot,0,RBG-18-0437-1_S54,1,0.5205345270166558
CTX,random,SVM,onehot,0,RBK-17-0457-1_S6,1,0.3425888474895466
CTX,random,SVM,onehot,0,RBK-17-049-1_S62,1,0.9361490664291887
CTX,random,SVM,onehot,0,RBK-18-0002-1_S38,1,0.23108078898599918
CTX,random,SVM,onehot,0,RBK-18-0020-1_S19,0,0.09695773169300238
CTX,random,SVM,onehot,0,RBK-18-0022-1_S197,0,0.014722168629392185
CTX,random,SVM,onehot,0,RBK-18-0104-1_S206,0,0.013692412080702649
CTX,random,SVM,onehot,0,RBK-18-0644-1_S180,1,0.9264508528941144
CTX,random,SVM,onehot,0,RBL-17-0116-1_S154,0,0.21785680683886766
CTX,random,SVM,onehot,0,RBL-17-0144-1_S163,0,0.6929771307154118
CTX,random,SVM,onehot,0,RBL-17-0242-1_S42,1,0.744741672301159
CTX,random,SVM,onehot,0,RBL-17-0267-1_S104,0,0.27130662348665596
CTX,random,SVM,onehot,0,RBL-17-0300-1_S112,0,0.08370408643149918
CTX,random,SVM,onehot,0,RBL-17-0320-1_S114,0,0.1410596806483883
CTX,random,SVM,onehot,0,RBL-17-0342-1_S103,0,0.3716392733331233
CTX,random,SVM,onehot,0,RBL-17-0350-1_S106,0,0.9607059943347239
CTX,random,SVM,onehot,0,RBL-17-0368-1_S114,0,0.3256290136879001
CTX,random,SVM,onehot,0,RBL-17-0395-1_S124,0,0.1985198100098471
CTX,random,SVM,onehot,0,RBL-17-0411-1_S128,0,0.05676220166250208
CTX,random,SVM,onehot,0,RBL-17-0429-1_S130,0,0.016737953470106193
CTX,random,SVM,onehot,0,RBL-18-0066-1_S173,0,0.05450752478270328
CTX,random,SVM,onehot,0,RBL-18-0076-1_S47,1,0.7481516795002743
CTX,random,SVM,onehot,0,RBL-18-0242-1_S51,0,0.05215003829001319
CTX,random,SVM,onehot,0,RBT-16-0024-1_S10,1,0.7067222483750593
CTX,random,SVM,onehot,0,RBT-16-0038-1_S11,1,0.046597541424644055
CTX,random,SVM,onehot,0,RBT-16-0045-1_S58,1,0.3905656442412799
CTX,random,SVM,onehot,0,RBT-17-0011-1_S19,0,0.20415842640446866
CTX,random,SVM,onehot,0,RBT-17-0027-1_S3,0,0.2919129804324032
CTX,random,SVM,onehot,0,RBT-17-0039-1_S28,1,0.21985371803145617
CTX,random,SVM,onehot,0,RBT-17-0109-1_S40,0,0.0848487783393797
CTX,random,SVM,onehot,0,RBT-17-0118-1_S45,0,0.8531212048397845
CTX,random,SVM,onehot,0,RBT-17-0124-1_S46,0,0.08176345537506904
CTX,random,SVM,onehot,0,RBT-17-0142-1_S53,0,0.004499987610627133
CTX,random,SVM,onehot,0,RBT-17-0161-1_S57,0,0.001512070329604955
CTX,random,SVM,onehot,0,RBT-17-0228-1_S10,0,0.7714765728491868
CTX,random,SVM,onehot,0,RBT-17-0285-1_S66,0,0.56090132525651
CTX,random,SVM,onehot,0,RBT-17-0291-1_S14,0,0.06665344623355
CTX,random,SVM,onehot,0,RBT-18-0023-1_S14,0,0.24803862295301926
CTX,random,SVM,onehot,0,RBT-18-0030-1_S69,0,0.014922103465379297
CTX,random,SVM,onehot,0,RBT-18-0042-1_S60,0,0.2328807444823314
CTX,random,SVM,onehot,0,RBT-18-0046-1_S2,0,0.9231097187830262
CTX,random,SVM,onehot,0,RBT-18-0064-1_S15,0,0.8799793057497433
CTX,random,SVM,onehot,0,RBT-18-0101-1_S22,0,0.37592617988636795
CTX,random,SVM,onehot,0,RBT-18-0102-1_S23,0,0.05806453620970793
CTX,random,SVM,onehot,0,RBT-18-0133-1_S30,0,0.2890049683264614
CTX,random,SVM,onehot,0,RBT-18-0141-1_S32,0,0.06372699195250349
CTX,random,SVM,onehot,0,RBT-18-0185-1_S39,0,0.09123163661420547
CTX,random,SVM,onehot,0,RBT-18-0231-1_S14,1,0.14707140713204125
CTX,random,SVM,onehot,0,RBT-18-0234-1_S15,1,0.8010540398228034
CTX,random,SVM,onehot,0,RBT-18-0263-1_S58,0,0.28447735295260895
CTX,random,SVM,onehot,0,RBT-18-0271-1_S62,0,0.0695334321535923
CTX,random,SVM,onehot,0,RBT-18-0288-1_S68,0,0.48872586027990533
CTX,random,SVM,onehot,0,RBT-18-0317-1_S27,0,0.1361150707333139
CTX,random,SVM,onehot,0,RBT-18-0325-1_S44,0,0.5287676255901397
CTX,random,SVM,onehot,0,RBT-18-0340-1_S36,0,0.25391215776814163
CTX,random,SVM,onehot,0,ResetH131_S7_L001,1,0.29678656543560983
CTX,random,SVM,onehot,0,ResetH68_S1_L001,1,0.24755964374329859
CTX,random,SVM,onehot,0,ResetV143_S2_L001,1,0.16540635574812595
CTX,random,SVM,onehot,0,ResetV210_S4_L001,1,0.9521829195941162
CTX,random,SVM,onehot,0,ResetV70_S6_L001,1,0.7319407740096411
CTX,random,SVM,onehot,0,ResetV76_S7_L001,1,0.6010934620044752
CTX,random,SVM,onehot,0,Survcare0111_S29,1,0.6760890773756171
CTX,random,SVM,onehot,0,Survcare0114_S37,1,0.8169743202982878
CTX,random,SVM,onehot,0,Survcare134_S26,1,0.6464600975325842
CTX,random,SVM,onehot,0,Survcare230_S17_L001,1,0.7738997990312545
CTX,random,SVM,onehot,0,Survcare254_S36,1,0.9130619776329966
CTX,random,SVM,onehot,0,Survcare289_S36,1,0.6528429745470107
CTX,random,SVM,onehot,0,Survcare291_S38,1,0.8539639212252482
CTX,random,SVM,onehot,0,Survcare321_S18,1,0.9736192780251973
CTX,random,SVM,onehot,0,Survcare327_S1,1,0.8732977579163994
CTX,random,SVM,onehot,0,Survcare329_S3,1,0.02507282580946101
CTX,random,SVM,onehot,0,Survcare337_S12,1,0.6578735471921414
CTX,random,SVM,onehot,0,V113_S3_L001,1,0.13350589639329416
CTX,random,SVM,onehot,0,V120_S5_L001,1,0.4597425238023553
CTX,random,SVM,onehot,0,V123_S1_L001,1,0.28402156398542644
CTX,random,SVM,onehot,0,V130_S5_L001,1,0.9875942147090329
CTX,random,SVM,onehot,0,V139_S7_L001,1,0.9609325649216759
CTX,random,SVM,onehot,0,V228_S8_L001,1,0.7206617200837864
CTX,random,SVM,onehot,0,V271_S13_L001,1,0.9164020507901136
CTX,random,SVM,onehot,0,V279_S8_L001,1,0.7396018512819482
CTX,random,SVM,onehot,0,V282_S4_L001,1,0.3437065473257141
CTX,random,SVM,onehot,0,V291_S5_L001,1,0.8838129636091938
CTX,random,SVM,onehot,0,V40_S2_L001,1,0.7063098836664737
CTX,random,SVM,onehot,0,V71_S4_L001,1,0.9327272744486237
CTX,random,SVM,onehot,0,W2RBF-17-090-1_S26,1,0.33368379459979053
CTX,random,SVM,onehot,0,W2RBF-17-133-1_S28,1,0.5414800676559247
CTX,random,SVM,onehot,0,wdh-Survcare119_S44,1,0.3130721668341767
CTX,random,SVM,onehot,0,wdh2NRZ-29911a_S31,1,0.20385015488722635
CTX,random,SVM,onehot,0,wdhRBF-18-0080-1_S17_L001,0,0.43357008066009406
CTX,random,SVM,onehot,0,WDHRBG-16-050-1_S40,1,0.9059230124153074
CTX,random,SVM,onehot,0,WDHRBG-17-005-2_S61,0,0.3754662693380589
CTX,random,SVM,onehot,0,WDHRBG-17-0256-1_S17,0,0.014557519887188692
CTX,random,SVM,onehot,0,WDHRBG-17-121-1_S46,0,0.8113219567249043
CTX,random,SVM,onehot,0,wRBG-16-024-1_S152,0,0.2655101578254652
CTX,random,SVM,onehot,0,wRBG-17-021-1_S166,0,0.051115880033227264
CTX,random,SVM,onehot,0,wRBG-17-031-1_S154,0,0.3495533839249542
CTX,random,SVM,onehot,0,wRBG-17-049-1_S142,0,0.1680623604891377
CTX,random,SVM,onehot,0,wRBG-17-110-1_S168,0,0.09857925361766252
CTX,random,SVM,onehot,0,wwRBF-17-209-1_S34,0,0.8865828290617364
CTX,random,SVM,onehot,0,wwRBK-17-0197-1_S39,1,0.9225917984866739
CTX,random,SVM,onehot,0,wwRBK-17-0298-1_S42,1,0.8841983682738748
CTX,random,SVM,onehot,1,H130_S2_L001,1,0.7494203913024956
CTX,random,SVM,onehot,1,H136_S7_L001,1,0.05759059780107439
CTX,random,SVM,onehot,1,H154_S2_L001,1,0.7084544624765029
CTX,random,SVM,onehot,1,H157_S3_L001,1,0.9520457705707919
CTX,random,SVM,onehot,1,H164_S3_L001,1,0.8237367124745467
CTX,random,SVM,onehot,1,H176_S5_L001,1,0.6708928655770762
CTX,random,SVM,onehot,1,H69_S6_L001,1,0.9103219888210234
CTX,random,SVM,onehot,1,NNRBG-17-0199-1_S5,0,0.2208926430779687
CTX,random,SVM,onehot,1,NNRBG-17-0255-1_S14,0,0.9997748994370851
CTX,random,SVM,onehot,1,NNRBG-17-0298-1_S19,0,0.26240313758625944
CTX,random,SVM,onehot,1,NNRBG-17-0319-1_S24,0,0.14410574272144006
CTX,random,SVM,onehot,1,RBB-17-011-1_S40,1,0.7310738460073671
CTX,random,SVM,onehot,1,RBB-18-0519-1_S184,1,0.23561538821546152
CTX,random,SVM,onehot,1,RBB-18-0537-1_S21_L001,1,0.7670792505818144
CTX,random,SVM,onehot,1,RBB-18-0674-1_S189,1,0.9756419621612487
CTX,random,SVM,onehot,1,RBB-18-1393-1_S48,1,0.9893793011631379
CTX,random,SVM,onehot,1,RBB-18-1502-1_S47,1,0.5274657125664401
CTX,random,SVM,onehot,1,RBB-19-0014-1_S44,1,0.958772966153975
CTX,random,SVM,onehot,1,RBF-17-0195-1_S141,0,0.4024942562426813
CTX,random,SVM,onehot,1,RBF-17-0424-1_S15,1,0.7829002126627623
CTX,random,SVM,onehot,1,RBF-17-0438-1_S9,1,0.7310738460073671
CTX,random,SVM,onehot,1,RBF-17-0450-1_S10,1,0.9297409690953469
CTX,random,SVM,onehot,1,RBF-17-0532-2_S31,0,0.11871517634472305
CTX,random,SVM,onehot,1,RBF-17-0537-1_S56,1,0.7202741815149419
CTX,random,SVM,onehot,1,RBF-17-0540-1_S83,0,0.2636782023878903
CTX,random,SVM,onehot,1,RBF-17-094-1_S56,1,0.6295785687209904
CTX,random,SVM,onehot,1,RBF-17-318-1_S77,1,0.23001020687870977
CTX,random,SVM,onehot,1,RBF-18-0019-1_S2,0,0.8486855112110683
CTX,random,SVM,onehot,1,RBF-18-0035-1_S6,0,0.7677783643676361
CTX,random,SVM,onehot,1,RBF-18-0036-1_S7,0,0.020750167455108524
CTX,random,SVM,onehot,1,RBF-18-0055-1_S11,0,0.2972240394614066
CTX,random,SVM,onehot,1,RBF-18-0066-1_S15,0,0.190269673555475
CTX,random,SVM,onehot,1,RBF-18-0086-1_S22,0,0.0011313015749668592
CTX,random,SVM,onehot,1,RBF-18-0087-1_S23,0,0.13130529035699345
CTX,random,SVM,onehot,1,RBF-18-0099-1_S26,0,0.027170866628313688
CTX,random,SVM,onehot,1,RBF-18-0132-1_S26,0,0.8475609773021503
CTX,random,SVM,onehot,1,RBF-18-0172-1_S40,0,0.09954865554131413
CTX,random,SVM,onehot,1,RBF-18-0187-1_S31,1,0.8487138613421953
CTX,random,SVM,onehot,1,RBF-18-0251-1_S55,0,0.8544232392597646
CTX,random,SVM,onehot,1,RBF-18-0333-1_S70,0,0.28058008221054453
CTX,random,SVM,onehot,1,RBF-18-0585-1_S48,1,0.8491339169200192
CTX,random,SVM,onehot,1,RBF-18-0664-1_S190,1,0.5919241965757064
CTX,random,SVM,onehot,1,RBG-18-0041-1_S6,0,0.02411399520866954
CTX,random,SVM,onehot,1,RBG-18-0054-1_S42,0,0.7033226155381695
CTX,random,SVM,onehot,1,RBG-18-0076-1_S10,0,0.7409793344306891
CTX,random,SVM,onehot,1,RBG-18-0099-1_S14,1,0.7310738460073671
CTX,random,SVM,onehot,1,RBG-18-0108-1_S16,0,0.009704671315147056
CTX,random,SVM,onehot,1,RBG-18-0211-1_S35,1,0.7772596119834946
CTX,random,SVM,onehot,1,RBG-18-0300-1_S52,0,0.06777980164835104
CTX,random,SVM,onehot,1,RBG-18-0301-1_S53,0,0.29168560731697646
CTX,random,SVM,onehot,1,RBG-18-0410-1_S12,1,0.699912382528967
CTX,random,SVM,onehot,1,RBK-16-073-1_S14,1,0.9416173392443006
CTX,random,SVM,onehot,1,RBK-16-124-1_S16,1,0.2008754359055465
CTX,random,SVM,onehot,1,RBK-18-0037-1_S199,0,0.02296881785032431
CTX,random,SVM,onehot,1,RBK-18-0077-1_S212,1,0.7371781894481712
CTX,random,SVM,onehot,1,RBk-18-0216-1_S231_2,0,0.33672009207233716
CTX,random,SVM,onehot,1,RBL-17-0076-1_S32,0,0.8892886004457657
CTX,random,SVM,onehot,1,RBL-17-0104-1_S149,0,0.33783538440387556
CTX,random,SVM,onehot,1,RBL-17-0113-1_S153,0,0.8105121372241111
CTX,random,SVM,onehot,1,RBL-17-0118-1_S156,0,0.1847153040581253
CTX,random,SVM,onehot,1,RBL-17-0129-1_S158,0,0.040780599553056525
CTX,random,SVM,onehot,1,RBL-17-0155-1_S165,0,0.16197507917773504
CTX,random,SVM,onehot,1,RBL-17-0235-1_S92,0,0.03259838141482348
CTX,random,SVM,onehot,1,RBL-17-0264-1_S103,0,0.4325288040401598
CTX,random,SVM,onehot,1,RBL-17-0283-1_S27,0,0.4582918089573453
CTX,random,SVM,onehot,1,RBL-17-0305-1_S49,1,0.731055307542755
CTX,random,SVM,onehot,1,RBL-17-0306-1_S50,1,0.029890379808536423
CTX,random,SVM,onehot,1,RBL-17-0340-1_S102,0,0.18670927494947148
CTX,random,SVM,onehot,1,RBL-17-0347-1_S104,0,0.027080697200305332
CTX,random,SVM,onehot,1,RBL-17-0349-1_S105,0,0.3824649826306252
CTX,random,SVM,onehot,1,RBL-17-0375-1_S117,0,0.9952314210073353
CTX,random,SVM,onehot,1,RBL-17-0391-1_S122,0,0.012257462886543006
CTX,random,SVM,onehot,1,RBL-17-0393-1_S123,0,0.23727328008523318
CTX,random,SVM,onehot,1,RBL-17-0435-1_S134,0,0.07560426921307829
CTX,random,SVM,onehot,1,RBL-17-075-1_S18,1,0.9609114130595119
CTX,random,SVM,onehot,1,RBL-18-0022-1_S43,0,0.2254384690988877
CTX,random,SVM,onehot,1,RBL-18-0055-1_S170,0,0.2812992142300289
CTX,random,SVM,onehot,1,RBL-18-0093-1_S49,0,0.8008087160046393
CTX,random,SVM,onehot,1,RBL-18-0131-1_S188_2,1,0.6963259437087566
CTX,random,SVM,onehot,1,RBL-18-0194-1_S195_2,1,0.5634083981079713
CTX,random,SVM,onehot,1,RBL-18-0467-1_S228_2,1,0.9712364280636607
CTX,random,SVM,onehot,1,RBT-17-0033-1_S12,1,0.4282915336455419
CTX,random,SVM,onehot,1,RBT-17-0167-1_S27,0,0.3522912377286402
CTX,random,SVM,onehot,1,RBT-17-0177-1_S65,0,0.5783799490176867
CTX,random,SVM,onehot,1,RBT-17-0177-2_S7,0,0.5616264794544626
CTX,random,SVM,onehot,1,RBT-17-0188-1_S68,1,0.07958753959099085
CTX,random,SVM,onehot,1,RBT-17-0194-1_S30,0,0.1451707567572197
CTX,random,SVM,onehot,1,RBT-17-0232-1_S58,0,0.977795601772316
CTX,random,SVM,onehot,1,RBT-17-0239-1_S60,0,0.036347991351017
CTX,random,SVM,onehot,1,RBT-17-0243-1_S11,0,0.30713402878192925
CTX,random,SVM,onehot,1,RBT-17-0251-1_S62,1,0.9519740238079237
CTX,random,SVM,onehot,1,RBT-17-0270-1_S65,0,0.26496292406824046
CTX,random,SVM,onehot,1,RBT-18-0017-1_S67,0,0.0014752979833881797
CTX,random,SVM,onehot,1,RBT-18-0045-1_S70,0,0.15499295681257436
CTX,random,SVM,onehot,1,RBT-18-0057-1_S38,0,0.988243201461232
CTX,random,SVM,onehot,1,RBT-18-0066-1_S40,0,0.30263515364796845
CTX,random,SVM,onehot,1,RBT-18-0071-1_S41,0,0.9995219810906506
CTX,random,SVM,onehot,1,RBT-18-0079-1_S16,0,0.8821193437103833
CTX,random,SVM,onehot,1,RBT-18-0091-1_S42,0,0.6227876620243464
CTX,random,SVM,onehot,1,RBT-18-0179-1_S37,0,0.3833646911104233
CTX,random,SVM,onehot,1,RBT-18-0227-1_S46,1,0.6161430794838543
CTX,random,SVM,onehot,1,RBT-18-0241-1_S50,0,0.27079255365770377
CTX,random,SVM,onehot,1,RBT-18-0269-1_S61,0,0.041610348761451754
CTX,random,SVM,onehot,1,RBT-18-0284-1_S66,1,0.6337052082267434
CTX,random,SVM,onehot,1,RBT-18-0331-1_S22,0,0.19868950174011712
CTX,random,SVM,onehot,1,RBT-18-0334-1_S23,0,0.005474459616331582
CTX,random,SVM,onehot,1,RBT-18-0335-1_S41,0,0.49657574615727845
CTX,random,SVM,onehot,1,RBT-18-0341-1_S24,0,0.5960353799782984
CTX,random,SVM,onehot,1,RBT-18-0357-1_S27,0,0.0032784724179854177
CTX,random,SVM,onehot,1,RBT-18-0358-1_S28,0,0.6865511906566153
CTX,random,SVM,onehot,1,RBT-18-0363-1_S72,1,0.6391313736380426
CTX,random,SVM,onehot,1,RBT-18-0364-1_S29,0,0.7570550336716333
CTX,random,SVM,onehot,1,ResetH132_S1_L001,1,0.6448491045747573
CTX,random,SVM,onehot,1,ResetH16_S2_L001,1,0.35780872580870776
CTX,random,SVM,onehot,1,ResetH45_S5_L001,1,0.5445965283543094
CTX,random,SVM,onehot,1,ResetH49b_S6_L001,1,0.9021690334535205
CTX,random,SVM,onehot,1,ResetH75_S2_L001,1,0.7645746680170119
CTX,random,SVM,onehot,1,ResetH89_S3_L001,1,0.7827432398542981
CTX,random,SVM,onehot,1,ResetH98_S4_L001,1,0.11747028246484145
CTX,random,SVM,onehot,1,ResetV288_S6_L001,1,0.9921286470821015
CTX,random,SVM,onehot,1,RPG-18-0435-1_S32,0,0.0052834570646147876
CTX,random,SVM,onehot,1,Survcare058_S26,1,0.9486731241660514
CTX,random,SVM,onehot,1,Survcare130_S2,1,0.30919307878525215
CTX,random,SVM,onehot,1,Survcare176_S17_L001,1,0.7958337909816867
CTX,random,SVM,onehot,1,Survcare221_S7_L001,1,0.22605375588848398
CTX,random,SVM,onehot,1,Survcare234_S3_L001,1,0.010081796529372964
CTX,random,SVM,onehot,1,Survcare253_S35,1,0.22218208903188597
CTX,random,SVM,onehot,1,Survcare265_S20,1,0.1990951196700354
CTX,random,SVM,onehot,1,Survcare303_S15_L001,1,0.9677811010559199
CTX,random,SVM,onehot,1,Survcare318_S20_L001,1,0.964726216982476
CTX,random,SVM,onehot,1,V111_S3_L001,1,0.5407356827024271
CTX,random,SVM,onehot,1,V114_S5_L001,1,0.7863384403096243
CTX,random,SVM,onehot,1,V116_S6_L001,1,0.9958299182694716
CTX,random,SVM,onehot,1,V268_S12_L001,1,0.9917802715898175
CTX,random,SVM,onehot,1,V283_S5_L001,1,0.6390123819402153
CTX,random,SVM,onehot,1,V295_S7_L001,1,0.6417925722020527
CTX,random,SVM,onehot,1,V73_S5_L001,1,0.8727715261613248
CTX,random,SVM,onehot,1,V86_S1_L001,1,0.867222817201905
CTX,random,SVM,onehot,1,w2RBG-16-037-1_S34,0,0.5975641269907348
CTX,random,SVM,onehot,1,wdh-RBF-17-0572-1_S43,0,0.010252500457992952
CTX,random,SVM,onehot,1,wdh-RBL-17-0361-1_S44,0,0.1976363415415979
CTX,random,SVM,onehot,1,wdh-RBL-17-0431-1_S46,0,0.9099429627127903
CTX,random,SVM,onehot,1,wdhRBF-17-0558-1_S121,0,0.22399272049172195
CTX,random,SVM,onehot,1,wdhRBF-18-0048-1_S12_L001,0,0.04127022281658322
CTX,random,SVM,onehot,1,WDHRBG-17-001-1_S82,0,0.7981765792645075
CTX,random,SVM,onehot,1,WDHRBG-17-008-1_S83,0,0.003471603278321135
CTX,random,SVM,onehot,1,wdhRBL-17-0370-1_S232,0,0.1436620678433198
CTX,random,SVM,onehot,1,wRBG-16-032-1_S142,0,0.23977453194041223
CTX,random,SVM,onehot,1,wRBG-16-033-1_S153,0,0.5945491002375295
CTX,random,SVM,onehot,1,wRBG-17-025-1_S133,0,0.026115832877711125
CTX,random,SVM,onehot,1,wRBG-17-028-1_S100,0,0.13483111162170736
CTX,random,SVM,onehot,1,wRBG-17-047-1_S153,0,0.002696077154043025
CTX,random,SVM,onehot,1,wRBG-17-073-1_S118,0,0.13213961386671855
CTX,random,SVM,onehot,1,wRBG-17-075-1_S96,0,0.2858366873715904
CTX,random,SVM,onehot,1,wRBG-17-082-1_S106,0,0.006776929742280543
CTX,random,SVM,onehot,1,wRBG-17-112-1_S146,0,0.0062706847703238155
CTX,random,SVM,onehot,1,wwRBF-16-094-1_S13,1,0.04567204404220835
CTX,random,SVM,onehot,1,wwRBF-17-167-1_S31,1,0.7969406076075766
CTX,random,SVM,onehot,1,wwRBF-17-189-1_S32,1,0.8757400471083305
CTX,random,SVM,onehot,1,wwRBK-17-0148-1_S37,1,0.5849973390497465
CTX,random,SVM,onehot,1,wwRBK-17-075-1_S28,1,0.537269677183083
CTX,random,SVM,onehot,1,WWSurvcare043_S43,1,0.2196694825934099
CTX,random,SVM,onehot,2,H148_S4_L001,1,0.6251647466777516
CTX,random,SVM,onehot,2,H160_S3_L001,1,0.6442482427459748
CTX,random,SVM,onehot,2,H162_S4_L001,1,0.4886765681581011
CTX,random,SVM,onehot,2,H51_S5_L001,1,0.7168808755553362
CTX,random,SVM,onehot,2,NNRBG-17-0191-1_S1,0,0.1427138183685819
CTX,random,SVM,onehot,2,NNRBG-17-0198-1_S4,0,0.3690078280453969
CTX,random,SVM,onehot,2,NNRBG-17-0205-1_S7,0,0.6932649827783764
CTX,random,SVM,onehot,2,NNRBG-17-0243-1_S12,0,0.0640474442999855
CTX,random,SVM,onehot,2,NNRBG-17-0278-1_S16,0,0.19098633389002567
CTX,random,SVM,onehot,2,NNRBG-17-0329-1_S26,0,0.029395882999437968
CTX,random,SVM,onehot,2,NNRBG-17-0346-1_S30,0,0.22136711702985057
CTX,random,SVM,onehot,2,NNSurvcare045_S41,1,0.9712022966922811
CTX,random,SVM,onehot,2,RBB-18-0546-1_S22_L001,1,0.9505803061904305
CTX,random,SVM,onehot,2,RBB-18-0765-1_S191,1,0.7113379171535894
CTX,random,SVM,onehot,2,RBB-18-1312-1_S43,1,0.8933763934295452
CTX,random,SVM,onehot,2,RBBK18-0189-1_S24_L001,0,0.372848954977222
CTX,random,SVM,onehot,2,RBF-10-0240-1_S12_L001,0,0.17350975130332968
CTX,random,SVM,onehot,2,RBF-17-0173-1_S138,0,0.7217213627796486
CTX,random,SVM,onehot,2,RBF-17-0340-1_S81,1,0.32545578059841984
CTX,random,SVM,onehot,2,RBF-17-0489-1_S13,1,0.4649052003714574
CTX,random,SVM,onehot,2,RBF-17-0509-1_S74,0,0.4196457295637335
CTX,random,SVM,onehot,2,RBF-17-0538-1_S82,0,0.8720559533489787
CTX,random,SVM,onehot,2,RBF-17-0550-1_S84,0,0.9578100992725472
CTX,random,SVM,onehot,2,RBF-17-0553-1_S85,0,0.7434544787671806
CTX,random,SVM,onehot,2,RBF-17-0616-1_S96,0,0.7470514575366223
CTX,random,SVM,onehot,2,RBF-17-0645-1_S61,1,0.1936903116109668
CTX,random,SVM,onehot,2,RBF-17-067-1_S54,1,0.5798633836519879
CTX,random,SVM,onehot,2,RBF-17-170-1_S66,1,0.9381866185742973
CTX,random,SVM,onehot,2,RBF-17-186-1_S69,1,0.7311010640575232
CTX,random,SVM,onehot,2,RBF-18-0027-1_S5,0,0.3422978860965853
CTX,random,SVM,onehot,2,RBF-18-0064-2_S14,0,0.021731593044672325
CTX,random,SVM,onehot,2,RBF-18-0075-1_S79,1,0.6553163107298299
CTX,random,SVM,onehot,2,RBF-18-0121-1_S28,0,0.5174727950860442
CTX,random,SVM,onehot,2,RBF-18-0151-1_S83,1,0.09699820231883215
CTX,random,SVM,onehot,2,RBF-18-0160-1_S37,0,0.7288500799801376
CTX,random,SVM,onehot,2,RBF-18-0174-1_S28,1,0.5277158265673677
CTX,random,SVM,onehot,2,RBF-18-0196-1_S46,0,0.4907415462228749
CTX,random,SVM,onehot,2,RBF-18-0200-1_S48,0,0.04235818708968622
CTX,random,SVM,onehot,2,RBF-18-0217-1_S54,0,0.0019111689195267815
CTX,random,SVM,onehot,2,RBF-18-0253-1_S13_L001,0,0.6965853339517007
CTX,random,SVM,onehot,2,RBF-18-0277-1_S61,0,0.6094289201454586
CTX,random,SVM,onehot,2,RBF-18-0321-1_S69,0,0.039884286153963736
CTX,random,SVM,onehot,2,RBG-17-0284-1_S59,0,0.9582387090107832
CTX,random,SVM,onehot,2,RBg-17-123-2_S12,0,0.0801492353518441
CTX,random,SVM,onehot,2,RBG-18-0004-1_S1,1,0.7311010640575232
CTX,random,SVM,onehot,2,RBG-18-0072-1_S8,0,0.4217788582793431
CTX,random,SVM,onehot,2,RBG-18-0224-1_S24_L001,1,0.8555415867357102
CTX,random,SVM,onehot,2,RBG-18-0239-1_S4,0,0.014413672848296637
CTX,random,SVM,onehot,2,RBG-18-0276-1_S50,0,0.5960531913760242
CTX,random,SVM,onehot,2,RBG-18-0380-1_S48,0,0.7311010640575232
CTX,random,SVM,onehot,2,RBG-18-0388-1_S21_L001,1,0.8335915381637945
CTX,random,SVM,onehot,2,RBK-17-0492-1_S8,1,0.09844878227023293
CTX,random,SVM,onehot,2,RBK-17-0588-1_S24,1,0.20412875670434338
CTX,random,SVM,onehot,2,RBK-17-0612-1_S27,1,0.7328091450879294
CTX,random,SVM,onehot,2,RBK-18-0005-1_S18,0,0.018299572980582372
CTX,random,SVM,onehot,2,RBK-18-0038-1_S200,0,0.14804610433798515
CTX,random,SVM,onehot,2,RBK-18-0414-1_S59,0,0.20863001124081285
CTX,random,SVM,onehot,2,RBL-17-0101-1_S148,0,0.07015820304347753
CTX,random,SVM,onehot,2,RBL-17-0135-1_S160,0,0.4196844024576067
CTX,random,SVM,onehot,2,RBL-17-0165-1_S167,0,0.11407814829663043
CTX,random,SVM,onehot,2,RBL-17-0172-1_S170,0,0.40759345674320135
CTX,random,SVM,onehot,2,RBL-17-0197-1_S173,0,0.49137952774137617
CTX,random,SVM,onehot,2,RBL-17-0205-1_S175,0,0.12091926692718133
CTX,random,SVM,onehot,2,RBL-17-0217-1_S176,0,0.9192906558000967
CTX,random,SVM,onehot,2,RBL-17-0244-1_S44,1,0.7944829791157103
CTX,random,SVM,onehot,2,RBL-17-0246-1_S94,0,0.4268866935945734
CTX,random,SVM,onehot,2,RBL-17-0256-1_S98,0,0.8813354902553489
CTX,random,SVM,onehot,2,RBL-17-0307-1_S51,1,0.7311010640575232
CTX,random,SVM,onehot,2,RBL-17-0323-1_S115,0,0.37777185855043033
CTX,random,SVM,onehot,2,RBL-17-0324-1_S54,1,0.9091294168894518
CTX,random,SVM,onehot,2,RBL-17-0332-1_S118,0,0.8984434884262531
CTX,random,SVM,onehot,2,RBL-17-0365-1_S112,0,0.28447605003009285
CTX,random,SVM,onehot,2,RBL-17-0366-1_S113,0,0.7111689171154346
CTX,random,SVM,onehot,2,RBL-17-0392-1_S69,1,0.7310345674428195
CTX,random,SVM,onehot,2,RBL-17-0397-1_S125,0,0.2606886524127677
CTX,random,SVM,onehot,2,RBL-17-0409-1_S127,0,0.19656999341320616
CTX,random,SVM,onehot,2,RBL-17-060-1_S17,1,0.42072220780801245
CTX,random,SVM,onehot,2,RBL-18-0010-1_S159,0,0.03241209178549575
CTX,random,SVM,onehot,2,RBL-18-0016-1_S161,0,0.04964226187390362
CTX,random,SVM,onehot,2,RBL-18-0037-1_S168,0,0.13818134751617306
CTX,random,SVM,onehot,2,RBL-18-0085-1_S176,0,0.053162364643729976
CTX,random,SVM,onehot,2,RBL-18-0500-1_S230_2,1,0.15603865248354346
CTX,random,SVM,onehot,2,RBT-17-0019-1_S62,1,0.9781550294562351
CTX,random,SVM,onehot,2,RBT-17-0082-1_S30,0,0.6033839925541294
CTX,random,SVM,onehot,2,RBT-17-0084-1_S31,0,0.07436463314228016
CTX,random,SVM,onehot,2,RBT-17-0097-1_S34,1,0.9409306173290627
CTX,random,SVM,onehot,2,RBT-17-0099-1_S35,0,0.06533593563231646
CTX,random,SVM,onehot,2,RBT-17-0112-1_S41,0,0.002969879263649687
CTX,random,SVM,onehot,2,RBT-17-0149-1_S13,1,0.09589833626835526
CTX,random,SVM,onehot,2,RBT-17-0150-1_S54,0,0.052358697898366634
CTX,random,SVM,onehot,2,RBT-17-0163-1_S59,0,0.030202572845929733
CTX,random,SVM,onehot,2,RBT-17-0178-1_S66,0,0.012440685761765024
CTX,random,SVM,onehot,2,RBT-17-0210-1_S55,0,0.043192704658171606
CTX,random,SVM,onehot,2,RBT-17-0219-1_S8,1,0.7313190121454627
CTX,random,SVM,onehot,2,RBT-17-0225-1_S9,0,0.14472058962675374
CTX,random,SVM,onehot,2,RBT-17-0295-1_S15,0,0.11338852867646235
CTX,random,SVM,onehot,2,RBT-17-0337-1_S19,0,0.3140154046280402
CTX,random,SVM,onehot,2,RBT-18-0004-1_S51,1,0.5393907239569894
CTX,random,SVM,onehot,2,RBT-18-0050-1_S34,0,0.9124232593004807
CTX,random,SVM,onehot,2,RBT-18-0080-1_S49,1,0.9243029563533622
CTX,random,SVM,onehot,2,RBT-18-0095-1_S19,0,0.15045232175905945
CTX,random,SVM,onehot,2,RBT-18-0110-1_S27,0,0.07490626216843915
CTX,random,SVM,onehot,2,RBT-18-0120-1_S48,0,0.27715352439173374
CTX,random,SVM,onehot,2,RBT-18-0129-1_S52,0,0.8377097620630405
CTX,random,SVM,onehot,2,RBT-18-0134-1_S29,0,0.1656862627785223
CTX,random,SVM,onehot,2,RBT-18-0146-1_S55,0,0.553455667629272
CTX,random,SVM,onehot,2,RBT-18-0164-1_S34,0,0.8575363419260562
CTX,random,SVM,onehot,2,RBT-18-0184-1_S38,1,0.7796950626499753
CTX,random,SVM,onehot,2,RBT-18-0224-1_S43,0,0.15754658583026082
CTX,random,SVM,onehot,2,RBT-18-0230-1_S45,0,0.3564835549634848
CTX,random,SVM,onehot,2,RBT-18-0232-1_S47,0,0.3923305129458654
CTX,random,SVM,onehot,2,RBT-18-0252-1_S53,0,0.31576504124341287
CTX,random,SVM,onehot,2,RBT-18-0259-1_S55,0,0.3956930880524534
CTX,random,SVM,onehot,2,RBT-18-0275-1_S63,0,0.2382771579670533
CTX,random,SVM,onehot,2,RBT-18-0292-1_S70,0,0.14388971957361232
CTX,random,SVM,onehot,2,RBT-18-0293-1_S71,0,0.06694375833107023
CTX,random,SVM,onehot,2,RBT-18-0296-1_S72,1,0.6956703935170025
CTX,random,SVM,onehot,2,RBT-18-0316-1_S43,0,0.1312289216987197
CTX,random,SVM,onehot,2,RBT-18-0339-1_S47,0,0.020562945993143227
CTX,random,SVM,onehot,2,RBT-18-0365-1_S30,0,0.5893724440154063
CTX,random,SVM,onehot,2,ResetH1_S1_L001,1,0.8357875971360745
CTX,random,SVM,onehot,2,ResetH127_S6_L001,1,0.3022056009871341
CTX,random,SVM,onehot,2,ResetH134_S8_L001,1,0.7554372902576879
CTX,random,SVM,onehot,2,ResetH92_S4_L001,1,0.7183367854907153
CTX,random,SVM,onehot,2,ResetH99_S5_L001,1,0.10644860794715616
CTX,random,SVM,onehot,2,ResetV63_S5_L001,1,0.31636062325555575
CTX,random,SVM,onehot,2,ResetV74_S7_L001,1,0.9320828451647128
CTX,random,SVM,onehot,2,Survcare052_S22,1,0.9018058362812884
CTX,random,SVM,onehot,2,Survcare104_S16_L001,1,0.857076841452994
CTX,random,SVM,onehot,2,Survcare187_S32,1,0.8143802751971223
CTX,random,SVM,onehot,2,Survcare190_S35,1,0.10106191679097956
CTX,random,SVM,onehot,2,Survcare244_S9_L001,1,0.9577614630527507
CTX,random,SVM,onehot,2,Survcare313_S24_L001,1,0.9494746668712618
CTX,random,SVM,onehot,2,Survcare317_S5_L001,1,0.9540099698963003
CTX,random,SVM,onehot,2,Survcare319_S16,1,0.6268619859252622
CTX,random,SVM,onehot,2,Survcare334_S10,1,0.9697393740069794
CTX,random,SVM,onehot,2,V1_S6_L001,1,0.941183986308748
CTX,random,SVM,onehot,2,V131_S7_L001,1,0.450255987934471
CTX,random,SVM,onehot,2,V172_S5_L001,1,0.2422506119359212
CTX,random,SVM,onehot,2,V173_S6_L001,1,0.2681498998994675
CTX,random,SVM,onehot,2,V205_S3_L001,1,0.6066157918197324
CTX,random,SVM,onehot,2,V215_S2_L001,1,0.9288670369746064
CTX,random,SVM,onehot,2,V232_S3_L001,1,0.0010357542493348057
CTX,random,SVM,onehot,2,V289_S5_L001,1,0.9793949832671837
CTX,random,SVM,onehot,2,V8_S7_L001,1,0.1512946164444291
CTX,random,SVM,onehot,2,W2RBK-17-168-1_S33,1,0.8501267517036234
CTX,random,SVM,onehot,2,W2RBK-17-169-1_S34,1,0.874050421135869
CTX,random,SVM,onehot,2,wdh-RBB-16-025-1_S20,1,0.145044487517237
CTX,random,SVM,onehot,2,wdh-RBB-17-170-1_S16,1,0.7410517762762884
CTX,random,SVM,onehot,2,wdhRBF-18-0025-1_S11_L001,0,0.02778918277188244
CTX,random,SVM,onehot,2,WDHRBG-16-060-1_S27,0,0.49232094435863155
CTX,random,SVM,onehot,2,WDHRBG-16-062-1_S49,0,0.022335305332082795
CTX,random,SVM,onehot,2,wNRZ-32446_S79,1,0.2437078205273624
CTX,random,SVM,onehot,2,wRBF-17-0146-1_S35,1,0.731085065240141
CTX,random,SVM,onehot,2,wRBG-17-030-1_S165,0,0.3919305355594215
CTX,random,SVM,onehot,2,wRBG-17-034-1_S121,0,0.4384368512583021
CTX,random,SVM,onehot,2,wRBG-17-055-1_S163,0,0.2874788007624248
CTX,random,SVM,onehot,2,wRBG-17-102-1_S169,0,0.003468315406551754
CTX,random,SVM,onehot,2,wwRBF-16-007-1_S10,1,0.6601807321359678
CTX,random,SVM,onehot,2,wwRBF-17-148-1_S27,1,0.2751379316985191
CTX,random,SVM,onehot,2,wwRBK-16-023-1_S5,1,0.21461151544710083
CTX,random,SVM,onehot,2,wwRBK-17-0278-1_S41,1,0.78617622018191
CTX,random,SVM,onehot,3,H100_S2_L001,1,0.12619495908573364
CTX,random,SVM,onehot,3,H108_S5_L001,1,0.7129852277695913
CTX,random,SVM,onehot,3,H123_S1_L001,1,0.9610184835427578
CTX,random,SVM,onehot,3,H141_S6_L001,1,0.7350355765168187
CTX,random,SVM,onehot,3,H153_S1_L001,1,0.6378715555011635
CTX,random,SVM,onehot,3,H28_S10_L001,1,0.5463526025985004
CTX,random,SVM,onehot,3,H3_S1_L001,1,0.8218290074729244
CTX,random,SVM,onehot,3,H50_S7_L001,1,0.8599356515809353
CTX,random,SVM,onehot,3,H71_S1_L001,1,0.8487142145118319
CTX,random,SVM,onehot,3,NNRBG-17-0193-1_S2,0,0.04184029378533494
CTX,random,SVM,onehot,3,NNRBG-17-0227-1_S8,0,0.011790719514738233
CTX,random,SVM,onehot,3,NNRBG-17-0234-1_S9,0,0.21240980821749195
CTX,random,SVM,onehot,3,NNRBG-17-0239-1_S10,0,0.5280121611732008
CTX,random,SVM,onehot,3,NNRBG-17-0294-1_S18,0,0.29681182899169845
CTX,random,SVM,onehot,3,NNRBG-17-0308-1_S20,0,0.04830966479155752
CTX,random,SVM,onehot,3,RBB-18-0772-1_S192,1,0.833736832342279
CTX,random,SVM,onehot,3,RBB-18-1086-1_S189_2,1,0.47546999749564167
CTX,random,SVM,onehot,3,RBB-18-1212-1_S67_2,1,0.8488294644126416
CTX,random,SVM,onehot,3,RBB-18-1460-1_S45,1,0.8243277311040447
CTX,random,SVM,onehot,3,RBF-16-004-1_S18,1,0.977760578350895
CTX,random,SVM,onehot,3,RBF-17-0164-1_S137,0,0.1268746266166782
CTX,random,SVM,onehot,3,RBF-17-0520-2_S55,1,0.3681981680362526
CTX,random,SVM,onehot,3,RBF-17-0523-1_S30,0,0.15089376684367353
CTX,random,SVM,onehot,3,RBF-17-0587-1_S91,0,0.06534171805234451
CTX,random,SVM,onehot,3,RBF-17-0605-1_S94,0,0.7904834337902897
CTX,random,SVM,onehot,3,RBF-17-0647-1_S99,0,0.12180252951725094
CTX,random,SVM,onehot,3,RBF-18-0013-1_S25_L001,0,0.2983786917600746
CTX,random,SVM,onehot,3,RBF-18-0088-1_S24,0,0.043440514693671974
CTX,random,SVM,onehot,3,RBF-18-0135-1_S34,0,0.029690223721309188
CTX,random,SVM,onehot,3,RBF-18-0139-1_S35,0,0.035430984244424334
CTX,random,SVM,onehot,3,RBF-18-0184-1_S30,0,0.09532348890212088
CTX,random,SVM,onehot,3,RBF-18-0194-1_S86,1,0.7425677027490356
CTX,random,SVM,onehot,3,RBF-18-0199-1_S47,0,0.8587416267190418
CTX,random,SVM,onehot,3,RBF-18-0201-1_S49,0,0.7768852952871629
CTX,random,SVM,onehot,3,RBF-18-0208-2_S11_L001,0,0.0279043504140732
CTX,random,SVM,onehot,3,RBF-18-0252-1_S56,0,0.17557857737805788
CTX,random,SVM,onehot,3,RBF-18-0714-2_S204_2,1,0.13664522815896513
CTX,random,SVM,onehot,3,RBG-17-013-1_S16,1,0.7097770826560992
CTX,random,SVM,onehot,3,RBG-17-0269-1_S41,0,0.735259316285205
CTX,random,SVM,onehot,3,RBG-18-0083-1_S12,0,0.1674175415459286
CTX,random,SVM,onehot,3,RBG-18-0113-1_S13_L001,0,0.10761576991516869
CTX,random,SVM,onehot,3,RBG-18-0166-1_S10_L001,0,0.29167145111172527
CTX,random,SVM,onehot,3,RBG-18-0170-1_S41,0,0.09244877479746048
CTX,random,SVM,onehot,3,RBG-18-0177-1_S17_L001,1,0.9154173508166463
CTX,random,SVM,onehot,3,RBG-18-0185-1_S40,0,0.24290150530350185
CTX,random,SVM,onehot,3,RBG-18-0193-1_S8,0,0.5526772520284156
CTX,random,SVM,onehot,3,RBG-18-0194-1_S45,0,0.013395131512833662
CTX,random,SVM,onehot,3,RBG-18-0223-1_S2,0,0.07908485976153716
CTX,random,SVM,onehot,3,RBG-18-0256-1_S8_L001,1,0.06653748813864008
CTX,random,SVM,onehot,3,RBG-18-0265-1_S49,0,0.08498387666953883
CTX,random,SVM,onehot,3,RBG-18-0289-1_S37,1,0.6226727500326157
CTX,random,SVM,onehot,3,RBG-18-0308-1_S54,1,0.9430300035581086
CTX,random,SVM,onehot,3,RBG-18-0312-1_S55,0,0.23438140562296664
CTX,random,SVM,onehot,3,RBG-18-0355-1_S19_L001,0,0.15253345871983912
CTX,random,SVM,onehot,3,RBG-18-0402-1_S50,1,0.5968588723052696
CTX,random,SVM,onehot,3,RBG-18-0417-1_S52,0,0.23875600071250705
CTX,random,SVM,onehot,3,RBG-18-0421-1_S53,1,0.6615285318300586
CTX,random,SVM,onehot,3,RBK-16-079-1_S15,1,0.08064613297877912
CTX,random,SVM,onehot,3,RBK-17-0601-1_S25,1,0.7310800321522414
CTX,random,SVM,onehot,3,RBK-17-0655-5_S182,1,0.8126452478476596
CTX,random,SVM,onehot,3,RBK-18-0060-1_S22,0,0.533910591747429
CTX,random,SVM,onehot,3,RBK-18-0062-2_S203,0,0.959594489549961
CTX,random,SVM,onehot,3,RBK-18-0250-1_S235_2,0,0.6463100426054772
CTX,random,SVM,onehot,3,RBL-17-0090-1_S145,0,0.050464213919612866
CTX,random,SVM,onehot,3,RBL-17-0093-1_S146,0,0.7318354482304651
CTX,random,SVM,onehot,3,RBL-17-0095-1_S147,0,0.033079521103761944
CTX,random,SVM,onehot,3,RBL-17-0108-1_S151,0,0.10302131780549885
CTX,random,SVM,onehot,3,RBL-17-0136-1_S161,0,0.2202288327081877
CTX,random,SVM,onehot,3,RBL-17-0226-1_S41,1,0.8337076082445717
CTX,random,SVM,onehot,3,RBL-17-0232-1_S91,0,0.22020461435337757
CTX,random,SVM,onehot,3,RBL-17-0274-2_S105,0,0.0027462882567658524
CTX,random,SVM,onehot,3,RBL-17-0359-1_S66,1,0.9249925396295512
CTX,random,SVM,onehot,3,RBL-17-0374-1_S116,0,0.07389539185969848
CTX,random,SVM,onehot,3,RBL-18-0002-1_S158,0,0.03843383332589533
CTX,random,SVM,onehot,3,RBL-18-0021-1_S42,0,0.865711890140344
CTX,random,SVM,onehot,3,RBL-18-0090-1_S48,1,0.6581712784067401
CTX,random,SVM,onehot,3,RBL-18-0098-1_S178,0,0.58420108589749
CTX,random,SVM,onehot,3,RBT-17-0003-1_S16,0,0.15509157782993116
CTX,random,SVM,onehot,3,RBT-17-0008-1_S18,0,0.09633700950050907
CTX,random,SVM,onehot,3,RBT-17-0022-1_S24,0,0.07947785126841211
CTX,random,SVM,onehot,3,RBT-17-0023-1_S25,0,0.3958053474826942
CTX,random,SVM,onehot,3,RBT-17-0079-1_S29,0,0.03194386451836979
CTX,random,SVM,onehot,3,RBT-17-0100-1_S36,1,0.6755177791697681
CTX,random,SVM,onehot,3,RBT-17-0102-1_S37,0,0.7510297833691485
CTX,random,SVM,onehot,3,RBT-17-0107-1_S39,0,0.1138725087761907
CTX,random,SVM,onehot,3,RBT-17-0113-1_S42,0,0.010679514095190839
CTX,random,SVM,onehot,3,RBT-17-0130-1_S27,0,0.5644077840835315
CTX,random,SVM,onehot,3,RBT-17-0133-1_S6,0,0.6271990185901293
CTX,random,SVM,onehot,3,RBT-17-0156-1_S56,0,0.9846732987956563
CTX,random,SVM,onehot,3,RBT-17-0173-1_S63,0,0.048037076041834686
CTX,random,SVM,onehot,3,RBT-17-0217-1_S7,0,0.944744067186787
CTX,random,SVM,onehot,3,RBT-17-0249-1_S61,1,0.7310707712705602
CTX,random,SVM,onehot,3,RBT-17-0256-1_S25,0,0.950136470557516
CTX,random,SVM,onehot,3,RBT-17-0339-1_S20,0,0.8832098182886203
CTX,random,SVM,onehot,3,RBT-18-0027-1_S68,0,0.43402666787447136
CTX,random,SVM,onehot,3,RBT-18-0052-1_S35,1,0.08677493072557996
CTX,random,SVM,onehot,3,RBT-18-0053-1_S36,1,0.6766042672520389
CTX,random,SVM,onehot,3,RBT-18-0100-1_S21,0,0.2516316040842899
CTX,random,SVM,onehot,3,RBT-18-0116-1_S46,0,0.28110225006446804
CTX,random,SVM,onehot,3,RBT-18-0127-1_S51,0,0.04446407997109753
CTX,random,SVM,onehot,3,RBT-18-0173-1_S35,0,0.0896716572550537
CTX,random,SVM,onehot,3,RBT-18-0181-1_S61,1,0.7715643515220401
CTX,random,SVM,onehot,3,RBT-18-0197-1_S40,0,0.36275021023575904
CTX,random,SVM,onehot,3,RBT-18-0236-1_S48,1,0.7418469099694542
CTX,random,SVM,onehot,3,RBT-18-0253-1_S54,0,0.9362798630947786
CTX,random,SVM,onehot,3,RBT-18-0278-1_S64,0,0.3841646166784972
CTX,random,SVM,onehot,3,RBT-18-0283-1_S65,0,0.1707084668694568
CTX,random,SVM,onehot,3,RBT-18-0303-1_S20,0,0.46996244928496445
CTX,random,SVM,onehot,3,RBT-18-0324-1_S57,1,0.9142373941877825
CTX,random,SVM,onehot,3,RBT-18-0337-1_S46,1,0.8175627324416955
CTX,random,SVM,onehot,3,RBT-18-0338-1_S35,0,0.3562047070439666
CTX,random,SVM,onehot,3,RBT-18-0360-1_S39,0,0.41427845093506316
CTX,random,SVM,onehot,3,RBT-18-0361-1_S38,0,0.11991477257237904
CTX,random,SVM,onehot,3,RBT-18-0370-1_S33,0,0.3627215581125146
CTX,random,SVM,onehot,3,RBT-18-0385-1_S34,0,0.1570182977411588
CTX,random,SVM,onehot,3,RBT-18-0401-1_S43,0,0.6639101875804845
CTX,random,SVM,onehot,3,ResetH115_S6_L001,1,0.9770525681218665
CTX,random,SVM,onehot,3,ResetH129_S7_L001,1,0.8611160338175803
CTX,random,SVM,onehot,3,ResetH152_S4_L001,1,0.7438897622844984
CTX,random,SVM,onehot,3,ResetH30_S4_L001,1,0.34983273261213776
CTX,random,SVM,onehot,3,ResetH93_S5_L001,1,0.8697061585363406
CTX,random,SVM,onehot,3,ResetV105_S1_L001,1,0.991099759693182
CTX,random,SVM,onehot,3,ResetV260_S5_L001,1,0.92885695775955
CTX,random,SVM,onehot,3,Survcare125_S25,1,0.875417060493728
CTX,random,SVM,onehot,3,Survcare129_S1,1,0.008002097648014211
CTX,random,SVM,onehot,3,Survcare184_S19,1,0.6373225262839654
CTX,random,SVM,onehot,3,Survcare236_S5_L001,1,0.5001159821870719
CTX,random,SVM,onehot,3,Survcare275_S38,1,0.18378138149845702
CTX,random,SVM,onehot,3,Survcare309_S20_L001,1,0.8161849033745333
CTX,random,SVM,onehot,3,Survcare341_S25,1,0.6217630795951476
CTX,random,SVM,onehot,3,Survcare350_S44,1,0.7644968695357685
CTX,random,SVM,onehot,3,Survcare360_S84,1,0.6915904513712103
CTX,random,SVM,onehot,3,V155_S5_L001,1,0.7865392886199887
CTX,random,SVM,onehot,3,V158_S4_L001,1,0.8752022290493346
CTX,random,SVM,onehot,3,V168_S9_L001,1,0.6838912604056177
CTX,random,SVM,onehot,3,V182_S6_L001,1,0.7434443846062917
CTX,random,SVM,onehot,3,V201_S4_L001,1,0.6568533791364473
CTX,random,SVM,onehot,3,V229_S10_L001,1,0.7054563259874169
CTX,random,SVM,onehot,3,V238_S11_L001,1,0.9645380637366289
CTX,random,SVM,onehot,3,V292_S6_L001,1,0.9923070641207498
CTX,random,SVM,onehot,3,V41_S2_L001,1,0.9617253389405181
CTX,random,SVM,onehot,3,V64_S3_L001,1,0.4880293666903577
CTX,random,SVM,onehot,3,V79_S6_L001,1,0.8218534680466539
CTX,random,SVM,onehot,3,V98_S3_L001,1,0.9083939638938698
CTX,random,SVM,onehot,3,wdhRBF-10-0002-1_S10_L001,1,0.9806494861519273
CTX,random,SVM,onehot,3,wdhRBF-17-0564-1_S230,1,0.7063783802147466
CTX,random,SVM,onehot,3,wdhRBF-18-0049-1_S13_L001,0,0.01742645472767618
CTX,random,SVM,onehot,3,wdhRBF-18-0057_S14_L001,0,0.8082882639709712
CTX,random,SVM,onehot,3,wdhRBF-18-0059-1_S15_L001,0,0.030891942646205164
CTX,random,SVM,onehot,3,wdhRBF-18-0081-1_S18_L001,0,0.5799475563467327
CTX,random,SVM,onehot,3,wNRZ-33910_S81,1,0.986973568503804
CTX,random,SVM,onehot,3,wRBG-16-026-1_S163,0,0.2361548188753821
CTX,random,SVM,onehot,3,wRBG-16-027-1_S174,0,0.03889499451897192
CTX,random,SVM,onehot,3,wRBG-16-034-1_S164,0,0.9373272645829335
CTX,random,SVM,onehot,3,wRBG-17-023-1_S155,0,0.08088496878559889
CTX,random,SVM,onehot,3,wRBG-17-052-1_S120,0,0.9624729265502447
CTX,random,SVM,onehot,3,wRBG-17-057-1_S141,0,0.7081167536247226
CTX,random,SVM,onehot,3,wRBG-17-058-1_S130,0,0.058575579826852055
CTX,random,SVM,onehot,3,wRBG-17-072-1_S129,0,0.02052994499452289
CTX,random,SVM,onehot,3,wRBG-17-106-1_S125,0,0.8315827786852994
CTX,random,SVM,onehot,3,wwRBB-16-112-1_S1,1,0.8795566915238762
CTX,random,SVM,onehot,3,wwRBL-16-111-1_S16,1,0.9354916662200261
CTX,random,SVM,onehot,4,H109_S2_L001,1,0.4007425740135683
CTX,random,SVM,onehot,4,H116_S8_L001,1,0.9926154917460771
CTX,random,SVM,onehot,4,H17_S2_L001,1,0.17807138360479982
CTX,random,SVM,onehot,4,H38_S4_L001,1,0.9808779142001856
CTX,random,SVM,onehot,4,H53_S4_L001,1,0.7217694548489773
CTX,random,SVM,onehot,4,H86_S1_L001,1,0.4445092575972624
CTX,random,SVM,onehot,4,NNRBG-17-0196-1_S3,0,0.2570723699941215
CTX,random,SVM,onehot,4,NNRBG-17-0249-1_S13,0,0.08060589940118558
CTX,random,SVM,onehot,4,NNRBG-17-0287-1_S17,0,0.4916207025093088
CTX,random,SVM,onehot,4,NNRBG-17-0399-1_S40,0,0.23883715413694553
CTX,random,SVM,onehot,4,RBB-18-0490-1_S20_L001,1,0.5525942330628666
CTX,random,SVM,onehot,4,RBB-18-0668-1_S188,1,0.8704401809170104
CTX,random,SVM,onehot,4,RBB-18-1309-1_S42,1,0.588554638517363
CTX,random,SVM,onehot,4,RBB-18-1406-1_S49,1,0.12816127969973382
CTX,random,SVM,onehot,4,RBF-17-0178-1_S139,0,0.7853685723949851
CTX,random,SVM,onehot,4,RBF-17-0194-1_S140,0,0.2950688443485538
CTX,random,SVM,onehot,4,RBF-17-0467-1_S12,1,0.740332839748715
CTX,random,SVM,onehot,4,RBF-17-0513-1_S76,0,0.65238739482883
CTX,random,SVM,onehot,4,RBF-17-0589-1_S92,0,0.3172184015393932
CTX,random,SVM,onehot,4,RBF-17-0614-3_S95,0,0.06553573556887435
CTX,random,SVM,onehot,4,RBF-17-0630-1_S59,1,0.0038986546525895146
CTX,random,SVM,onehot,4,RBF-17-0635-1_S98,0,0.004027009188660505
CTX,random,SVM,onehot,4,RBF-17-0648-1_S100,0,0.010982615786325752
CTX,random,SVM,onehot,4,RBF-17-0651-1_S62,1,0.9204322405473819
CTX,random,SVM,onehot,4,RBF-17-0664-1_S63,1,0.6094274881058844
CTX,random,SVM,onehot,4,RBF-18-0069-1_S78,1,0.44679008254523317
CTX,random,SVM,onehot,4,RBF-18-0072-1_S16,0,0.22207032628924717
CTX,random,SVM,onehot,4,RBF-18-0093-1_S80,1,0.18288435337694234
CTX,random,SVM,onehot,4,RBF-18-0123-1_S25_L001,1,0.004586223195712584
CTX,random,SVM,onehot,4,RBF-18-0147-1_S36,0,0.20919064907790397
CTX,random,SVM,onehot,4,RBF-18-0163-2_S39,0,0.48077929781975903
CTX,random,SVM,onehot,4,RBF-18-0214-1_S51,0,0.17709047610869785
CTX,random,SVM,onehot,4,RBF-18-0227-1_S53,0,0.2093559119999406
CTX,random,SVM,onehot,4,RBF-18-0296-1_S17,0,0.6358968970184773
CTX,random,SVM,onehot,4,RBF-18-0310-1_S36,0,0.5632786210018618
CTX,random,SVM,onehot,4,RBF-18-0338-1_S72,0,0.826304294020156
CTX,random,SVM,onehot,4,RBF-18-0634-1_S183,1,0.5978531246790532
CTX,random,SVM,onehot,4,RBG-18-0012-1_S3,0,0.02234123070757776
CTX,random,SVM,onehot,4,RBG-18-0017-1_S5,0,0.696490666932432
CTX,random,SVM,onehot,4,RBG-18-0055-1_S43,0,0.9271200531192705
CTX,random,SVM,onehot,4,RBG-18-0085-1_S11,0,0.055437878086378505
CTX,random,SVM,onehot,4,RBG-18-0129-1_S15_L001,1,0.36065639649673453
CTX,random,SVM,onehot,4,RBG-18-0140-1_S14_L001,0,0.7616488398257003
CTX,random,SVM,onehot,4,RBG-18-0153-1_S14,0,0.6489801473340627
CTX,random,SVM,onehot,4,RBG-18-0200-1_S18_L001,1,0.606436485273628
CTX,random,SVM,onehot,4,RBG-18-0206-2_S46,0,0.14548891600032104
CTX,random,SVM,onehot,4,RBG-18-0221-1_S47,0,0.8364389119944867
CTX,random,SVM,onehot,4,RBG-18-0279-1_S36,1,0.6734341748915784
CTX,random,SVM,onehot,4,RBG-18-0347-1_S22_L001,0,0.14619134297298825
CTX,random,SVM,onehot,4,RBG-18-0352-1_S21_L001,0,0.10910458223799942
CTX,random,SVM,onehot,4,RBG-18-0358-1_S39,1,0.7743804687086301
CTX,random,SVM,onehot,4,RBG-18-0381-1_S49,0,0.050576206442231805
CTX,random,SVM,onehot,4,RBG-18-0383-1_S37,1,0.9725456902958378
CTX,random,SVM,onehot,4,RBG-18-0394-1_S23_L001,0,0.4893499239082675
CTX,random,SVM,onehot,4,RBK-16-007-1_S13,1,0.6395380980171645
CTX,random,SVM,onehot,4,RBK-17-0595-1_S187,1,0.9434273407258436
CTX,random,SVM,onehot,4,RBK-18-0019-1_S195,0,0.3308011121411633
CTX,random,SVM,onehot,4,RBK-18-0047-1_S20,0,0.09518380690757944
CTX,random,SVM,onehot,4,RBK-18-0080-1_S205,0,0.4490686951721213
CTX,random,SVM,onehot,4,RBK-18-0236-2_S52_2,1,0.6485388913549398
CTX,random,SVM,onehot,4,RBKk-18-0108-1_S201,1,0.7362029449772127
CTX,random,SVM,onehot,4,RBL-17-0107-1_S150,0,0.529902513533453
CTX,random,SVM,onehot,4,RBL-17-0117-1_S155,0,0.690673610825816
CTX,random,SVM,onehot,4,RBL-17-0123-1_S157,0,0.18294472287036956
CTX,random,SVM,onehot,4,RBL-17-0133-1_S159,0,0.09576436274643604
CTX,random,SVM,onehot,4,RBL-17-0138-1_S162,0,0.38833655071498197
CTX,random,SVM,onehot,4,RBL-17-0159-1_S166,0,0.30913629786793145
CTX,random,SVM,onehot,4,RBL-17-0189-1_S172,0,0.4169463444675749
CTX,random,SVM,onehot,4,RBL-17-0199-1_S174,0,0.5962432937889149
CTX,random,SVM,onehot,4,RBL-17-0259-1_S99,0,0.5401849087427671
CTX,random,SVM,onehot,4,RBL-17-0261-1_S100,0,0.4881528543812037
CTX,random,SVM,onehot,4,RBL-17-0263-1_S102,0,0.04914684109539994
CTX,random,SVM,onehot,4,RBL-17-0327-1_S116,0,0.009310750076476302
CTX,random,SVM,onehot,4,RBL-17-0328-1_S117,0,0.06224084102450123
CTX,random,SVM,onehot,4,RBL-17-0360-1_S108,0,0.7327771024554146
CTX,random,SVM,onehot,4,RBL-17-0383-1_S119,0,0.6134591089813792
CTX,random,SVM,onehot,4,RBL-17-0390-1_S121,0,0.037988821690412594
CTX,random,SVM,onehot,4,RBL-17-0402-1_S126,0,0.32418983067581164
CTX,random,SVM,onehot,4,RBL-17-0428-1_S70,1,0.9865579732971685
CTX,random,SVM,onehot,4,RBL-17-0432-1_S132,0,0.7168093302678044
CTX,random,SVM,onehot,4,RBL-17-0434-1_S133,0,0.28294016429642443
CTX,random,SVM,onehot,4,RBL-18-0019-1_S41,0,0.06840740341623085
CTX,random,SVM,onehot,4,RBL-18-0032-1_S167,0,0.6321383366448081
CTX,random,SVM,onehot,4,RBL-18-0048-1_S44,0,0.8669484772129112
CTX,random,SVM,onehot,4,RBL-18-0059-1_S171,0,0.4691991373151897
CTX,random,SVM,onehot,4,RBL-18-0343-1_S6,1,0.3802734632938671
CTX,random,SVM,onehot,4,RBT-17-0009-1_S21,0,0.7470153185988814
CTX,random,SVM,onehot,4,RBT-17-0024-1_S23,0,0.16030065770092078
CTX,random,SVM,onehot,4,RBT-17-0090-1_S32,0,0.037461825765690945
CTX,random,SVM,onehot,4,RBT-17-0138-1_S52,0,0.6940914212172935
CTX,random,SVM,onehot,4,RBT-17-0165-1_S60,0,0.3266589102789557
CTX,random,SVM,onehot,4,RBT-17-0168-1_S61,0,0.14900775618860368
CTX,random,SVM,onehot,4,RBT-17-0174-1_S64,0,0.28932815077116325
CTX,random,SVM,onehot,4,RBT-17-0183-1_S67,0,0.8796346133395416
CTX,random,SVM,onehot,4,RBT-17-0238-1_S59,0,0.2960885900086567
CTX,random,SVM,onehot,4,RBT-17-0279-1_S12,0,0.3674702436397233
CTX,random,SVM,onehot,4,RBT-17-0287-1_S10,0,0.01845418884702858
CTX,random,SVM,onehot,4,RBT-17-0328-1_S16,1,0.8454861330911637
CTX,random,SVM,onehot,4,RBT-18-0021-1_S56,1,0.7311183359885232
CTX,random,SVM,onehot,4,RBT-18-0056-1_S37,0,0.012443194105797507
CTX,random,SVM,onehot,4,RBT-18-0096-1_S20,0,0.6704073146298016
CTX,random,SVM,onehot,4,RBT-18-0103-1_S24,0,0.1630884336168355
CTX,random,SVM,onehot,4,RBT-18-0113-1_S44,0,0.3491909997323205
CTX,random,SVM,onehot,4,RBT-18-0115-1_S45,0,0.8257685722203431
CTX,random,SVM,onehot,4,RBT-18-0121-1_S28,0,0.4563878789982637
CTX,random,SVM,onehot,4,RBT-18-0122-1_S63,0,0.248243036108679
CTX,random,SVM,onehot,4,RBT-18-0125-1_S50,0,0.7360222798023839
CTX,random,SVM,onehot,4,RBT-18-0205-1_S6,1,0.8919030427161865
CTX,random,SVM,onehot,4,RBT-18-0246-1_S52,0,0.030077694710037062
CTX,random,SVM,onehot,4,RBT-18-0247-1_S16,1,0.8141558364699829
CTX,random,SVM,onehot,4,RBT-18-0251-1_S7,0,0.6015695231376763
CTX,random,SVM,onehot,4,RBT-18-0265-1_S59,0,0.0010680520593626907
CTX,random,SVM,onehot,4,RBT-18-0308-1_S34,0,0.7837088107448026
CTX,random,SVM,onehot,4,RBT-18-0351-1_S48,0,0.016428059731280194
CTX,random,SVM,onehot,4,RBT-18-0368-1_S32,1,0.5256616357811568
CTX,random,SVM,onehot,4,RBT-18-0372-1_S31,1,0.8853616377871142
CTX,random,SVM,onehot,4,RBT-18-0377-1_S1,0,0.3300704331504719
CTX,random,SVM,onehot,4,RBT-18-0384-1_S40,0,0.08279259507356439
CTX,random,SVM,onehot,4,RBT-18-0391-1_S35,1,0.8889218733306333
CTX,random,SVM,onehot,4,RBT-18-0392-1_S56,1,0.562692934656187
CTX,random,SVM,onehot,4,ResetH10_S1_L001,1,0.22818200743905817
CTX,random,SVM,onehot,4,ResetH139_S3_L001,1,0.7195902982155763
CTX,random,SVM,onehot,4,ResetH24a_S3_2_L001,1,0.9938872715518114
CTX,random,SVM,onehot,4,ResetH44_S3_L001,1,0.006185663383762223
CTX,random,SVM,onehot,4,ResetH63_S7_L001,1,0.7311183359885232
CTX,random,SVM,onehot,4,ResetH8_S2_L001,1,0.07835399687852396
CTX,random,SVM,onehot,4,ResetV161_S3_L001,1,0.9739542458289062
CTX,random,SVM,onehot,4,Survcare133_S25,1,0.9790878391964402
CTX,random,SVM,onehot,4,Survcare140_S4_L001,1,0.9873143742853869
CTX,random,SVM,onehot,4,Survcare262_S23_L001,1,0.07210969686260618
CTX,random,SVM,onehot,4,Survcare278_S62,1,0.3899607108620672
CTX,random,SVM,onehot,4,Survcare292_S39,1,0.11301784952743947
CTX,random,SVM,onehot,4,Survcare293_S40,1,0.7142035810407884
CTX,random,SVM,onehot,4,Survcare295_S8_L001,1,0.9658824288962475
CTX,random,SVM,onehot,4,Survcare310_S21_L001,1,0.7936158334889971
CTX,random,SVM,onehot,4,Survcare335_S11,1,0.9036717557657903
CTX,random,SVM,onehot,4,V108_S2_L001,1,0.876777419026194
CTX,random,SVM,onehot,4,V152_S3_L001,1,0.26599574504988
CTX,random,SVM,onehot,4,V153_S4_L001,1,0.8117484864696745
CTX,random,SVM,onehot,4,V163_S6_L001,1,0.01997063858446756
CTX,random,SVM,onehot,4,V177_S6_L001,1,0.47703248141093746
CTX,random,SVM,onehot,4,V183_S7_L001,1,0.008431609155243838
CTX,random,SVM,onehot,4,V195_S1_L001,1,8.288964648858884e-05
CTX,random,SVM,onehot,4,V80_S7_L001,1,0.004184006384542189
CTX,random,SVM,onehot,4,V89_S1_L001,1,0.05784068354232173
CTX,random,SVM,onehot,4,V9_S1_L001,1,0.7194865859820174
CTX,random,SVM,onehot,4,V96_S2_L001,1,0.7548204258006507
CTX,random,SVM,onehot,4,W2RBL-16-018-1_S15,1,0.40375971982143477
CTX,random,SVM,onehot,4,wdhRBF-17-0567-1_S122,0,0.031940027203432794
CTX,random,SVM,onehot,4,wdhRBF-18-0098-1_S19_L001,0,0.31285607783020736
CTX,random,SVM,onehot,4,WDHRBG-16-049-1_S87,0,0.43058069096406054
CTX,random,SVM,onehot,4,WDHRBG-17-0093-1_S1,1,0.9912490235295409
CTX,random,SVM,onehot,4,WDHRBG-17-122-1_S48,0,0.7660983317581297
CTX,random,SVM,onehot,4,wRBG-17-014-1_S167,0,0.3486797194696299
CTX,random,SVM,onehot,4,wRBG-17-022-1_S43,1,0.9434014806778926
CTX,random,SVM,onehot,4,wRBG-17-081-1_S117,0,0.3793711149957185
CTX,random,SVM,onehot,4,wRBG-17-100-1_S104,0,0.11987724994071022
CTX,random,SVM,onehot,4,wwRBB-17-031-1_S25,1,0.06881339282773867
CTX,random,SVM,onehot,4,wwRBF-17-251-1_S33,1,0.4985198841038205
CTX,random,SVM,onehot,4,wwRBK-17-0148-2_S38,1,0.8011625581153664
CTX,random,SVM,onehot,4,wwRBL-17-004-1_S44,1,0.5308636570150459
CTX,random,RF,onehot,0,H105_S3_L001,1,0.9265612124030087
CTX,random,RF,onehot,0,H113_S6_L001,1,0.158
CTX,random,RF,onehot,0,H119_S7_L001,1,0.728
CTX,random,RF,onehot,0,H122_S4_L001,1,0.77
CTX,random,RF,onehot,0,H37_S3_L001,1,0.536
CTX,random,RF,onehot,0,H66_S1_L001,1,0.994
CTX,random,RF,onehot,0,H83_S7_L001,1,0.854
CTX,random,RF,onehot,0,NNRBG-17-0201-1_S6,0,0.232
CTX,random,RF,onehot,0,NNRBG-17-0242-1_S11,0,0.4736904761904762
CTX,random,RF,onehot,0,NNRBG-17-0316-1_S23,0,0.066
CTX,random,RF,onehot,0,NNRBG-17-0328-1_S25,0,0.08
CTX,random,RF,onehot,0,NNRBG-17-0378-1_S37,0,0.9205260878010876
CTX,random,RF,onehot,0,NNRBG-17-0382-1_S38,0,0.516
CTX,random,RF,onehot,0,RBB-17-171-1_S52,1,0.704
CTX,random,RF,onehot,0,RBB-18-0129-1_S179,1,0.754
CTX,random,RF,onehot,0,RBB-18-0665-1_S23_L001,1,0.924
CTX,random,RF,onehot,0,RBB-18-0826-1_S193,1,0.82
CTX,random,RF,onehot,0,RBB-18-0892-1_S80_2,1,1.0
CTX,random,RF,onehot,0,RBB-18-0972-1_S203_2,1,0.914
CTX,random,RF,onehot,0,RBB-18-1488-1_S46,1,0.0
CTX,random,RF,onehot,0,RBF-16-0064-1_S136,0,0.07
CTX,random,RF,onehot,0,RBF-16-060-1_S22,1,0.9179519727864162
CTX,random,RF,onehot,0,RBF-16-073-1_S23,1,0.824
CTX,random,RF,onehot,0,RBF-17-0508-1_S73,0,0.2
CTX,random,RF,onehot,0,RBF-17-0521-1_S78,0,0.9178651595996029
CTX,random,RF,onehot,0,RBF-17-0532-1_S80,0,0.02
CTX,random,RF,onehot,0,RBF-17-0572-2_S89,0,0.134
CTX,random,RF,onehot,0,RBF-17-0602-1_S93,0,0.002
CTX,random,RF,onehot,0,RBF-17-0632-1_S97,0,0.0
CTX,random,RF,onehot,0,RBF-17-0653-1_S101,0,0.166
CTX,random,RF,onehot,0,RBF-17-266-1_S70,1,0.296
CTX,random,RF,onehot,0,RBF-17-277-1_S73,1,0.186
CTX,random,RF,onehot,0,RBF-18-0068-1_S77,1,0.412
CTX,random,RF,onehot,0,RBF-18-0085-1_S21,0,0.012
CTX,random,RF,onehot,0,RBF-18-0125-1_S30,0,0.25
CTX,random,RF,onehot,0,RBF-18-0126-1_S31,0,0.134
CTX,random,RF,onehot,0,RBF-18-0127-1_S32,0,0.202
CTX,random,RF,onehot,0,RBF-18-0173-1_S27,0,0.188
CTX,random,RF,onehot,0,RBF-18-0179-1_S29,0,0.452
CTX,random,RF,onehot,0,RBF-18-0192-1_S44,0,0.25
CTX,random,RF,onehot,0,RBF-18-0259-1_S33,0,0.0
CTX,random,RF,onehot,0,RBF-18-0280-1_S62,0,0.226
CTX,random,RF,onehot,0,RBF-18-0282-1_S63,0,0.298
CTX,random,RF,onehot,0,RBF-18-0294-1_S64,0,0.012
CTX,random,RF,onehot,0,RBF-18-0339-1_S37,0,0.168
CTX,random,RF,onehot,0,RBF-18-0405-1_S81_2,1,0.996
CTX,random,RF,onehot,0,RBG-17-0351-1_S20_L001,1,0.892
CTX,random,RF,onehot,0,RBG-17-0383-1_S44,0,0.5537777777777778
CTX,random,RF,onehot,0,RBG-18-0023-1_S2,0,0.04
CTX,random,RF,onehot,0,RBG-18-0025-1_S9_L001,0,0.006
CTX,random,RF,onehot,0,RBG-18-0029-1_S40,0,0.004
CTX,random,RF,onehot,0,RBG-18-0071-1_S44,0,0.084
CTX,random,RF,onehot,0,RBG-18-0077-1_S9,1,0.786
CTX,random,RF,onehot,0,RBG-18-0144-1_S38,0,0.018
CTX,random,RF,onehot,0,RBG-18-0191-1_S11_L001,0,0.006
CTX,random,RF,onehot,0,RBG-18-0202-1_S13_L001,0,0.808
CTX,random,RF,onehot,0,RBG-18-0204-1_S23_L001,0,0.688
CTX,random,RF,onehot,0,RBG-18-0209-2_S46,0,0.096
CTX,random,RF,onehot,0,RBG-18-0280-1_S51,0,0.506
CTX,random,RF,onehot,0,RBG-18-0367-1_S57,0,0.172
CTX,random,RF,onehot,0,RBG-18-0391-1_S22_L001,1,0.7817999999999999
CTX,random,RF,onehot,0,RBG-18-0437-1_S54,1,0.738
CTX,random,RF,onehot,0,RBK-17-0457-1_S6,1,0.844
CTX,random,RF,onehot,0,RBK-17-049-1_S62,1,0.988
CTX,random,RF,onehot,0,RBK-18-0002-1_S38,1,0.004
CTX,random,RF,onehot,0,RBK-18-0020-1_S19,0,0.192
CTX,random,RF,onehot,0,RBK-18-0022-1_S197,0,0.506
CTX,random,RF,onehot,0,RBK-18-0104-1_S206,0,0.044
CTX,random,RF,onehot,0,RBK-18-0644-1_S180,1,0.794
CTX,random,RF,onehot,0,RBL-17-0116-1_S154,0,0.004
CTX,random,RF,onehot,0,RBL-17-0144-1_S163,0,0.558
CTX,random,RF,onehot,0,RBL-17-0242-1_S42,1,0.8457188944268673
CTX,random,RF,onehot,0,RBL-17-0267-1_S104,0,0.176
CTX,random,RF,onehot,0,RBL-17-0300-1_S112,0,0.022
CTX,random,RF,onehot,0,RBL-17-0320-1_S114,0,0.268
CTX,random,RF,onehot,0,RBL-17-0342-1_S103,0,0.004
CTX,random,RF,onehot,0,RBL-17-0350-1_S106,0,0.77
CTX,random,RF,onehot,0,RBL-17-0368-1_S114,0,0.002
CTX,random,RF,onehot,0,RBL-17-0395-1_S124,0,0.002
CTX,random,RF,onehot,0,RBL-17-0411-1_S128,0,0.154
CTX,random,RF,onehot,0,RBL-17-0429-1_S130,0,0.006
CTX,random,RF,onehot,0,RBL-18-0066-1_S173,0,0.004
CTX,random,RF,onehot,0,RBL-18-0076-1_S47,1,0.7040926382441091
CTX,random,RF,onehot,0,RBL-18-0242-1_S51,0,0.16
CTX,random,RF,onehot,0,RBT-16-0024-1_S10,1,0.844
CTX,random,RF,onehot,0,RBT-16-0038-1_S11,1,0.8115476190476191
CTX,random,RF,onehot,0,RBT-16-0045-1_S58,1,0.892
CTX,random,RF,onehot,0,RBT-17-0011-1_S19,0,0.116
CTX,random,RF,onehot,0,RBT-17-0027-1_S3,0,0.024
CTX,random,RF,onehot,0,RBT-17-0039-1_S28,1,0.412
CTX,random,RF,onehot,0,RBT-17-0109-1_S40,0,0.058
CTX,random,RF,onehot,0,RBT-17-0118-1_S45,0,0.556
CTX,random,RF,onehot,0,RBT-17-0124-1_S46,0,0.736
CTX,random,RF,onehot,0,RBT-17-0142-1_S53,0,0.012
CTX,random,RF,onehot,0,RBT-17-0161-1_S57,0,0.008
CTX,random,RF,onehot,0,RBT-17-0228-1_S10,0,0.33
CTX,random,RF,onehot,0,RBT-17-0285-1_S66,0,0.916
CTX,random,RF,onehot,0,RBT-17-0291-1_S14,0,0.196
CTX,random,RF,onehot,0,RBT-18-0023-1_S14,0,0.024
CTX,random,RF,onehot,0,RBT-18-0030-1_S69,0,0.02
CTX,random,RF,onehot,0,RBT-18-0042-1_S60,0,0.0
CTX,random,RF,onehot,0,RBT-18-0046-1_S2,0,0.678
CTX,random,RF,onehot,0,RBT-18-0064-1_S15,0,0.736
CTX,random,RF,onehot,0,RBT-18-0101-1_S22,0,0.608
CTX,random,RF,onehot,0,RBT-18-0102-1_S23,0,0.002
CTX,random,RF,onehot,0,RBT-18-0133-1_S30,0,0.108
CTX,random,RF,onehot,0,RBT-18-0141-1_S32,0,0.004
CTX,random,RF,onehot,0,RBT-18-0185-1_S39,0,0.04
CTX,random,RF,onehot,0,RBT-18-0231-1_S14,1,0.014
CTX,random,RF,onehot,0,RBT-18-0234-1_S15,1,0.786
CTX,random,RF,onehot,0,RBT-18-0263-1_S58,0,0.178
CTX,random,RF,onehot,0,RBT-18-0271-1_S62,0,0.002
CTX,random,RF,onehot,0,RBT-18-0288-1_S68,0,0.472
CTX,random,RF,onehot,0,RBT-18-0317-1_S27,0,0.108
CTX,random,RF,onehot,0,RBT-18-0325-1_S44,0,0.4
CTX,random,RF,onehot,0,RBT-18-0340-1_S36,0,0.026
CTX,random,RF,onehot,0,ResetH131_S7_L001,1,0.7758698785304825
CTX,random,RF,onehot,0,ResetH68_S1_L001,1,0.006
CTX,random,RF,onehot,0,ResetV143_S2_L001,1,0.224
CTX,random,RF,onehot,0,ResetV210_S4_L001,1,0.924
CTX,random,RF,onehot,0,ResetV70_S6_L001,1,0.996
CTX,random,RF,onehot,0,ResetV76_S7_L001,1,0.178
CTX,random,RF,onehot,0,Survcare0111_S29,1,0.622
CTX,random,RF,onehot,0,Survcare0114_S37,1,0.56
CTX,random,RF,onehot,0,Survcare134_S26,1,0.984
CTX,random,RF,onehot,0,Survcare230_S17_L001,1,0.768
CTX,random,RF,onehot,0,Survcare254_S36,1,0.99
CTX,random,RF,onehot,0,Survcare289_S36,1,0.97
CTX,random,RF,onehot,0,Survcare291_S38,1,0.82
CTX,random,RF,onehot,0,Survcare321_S18,1,0.986
CTX,random,RF,onehot,0,Survcare327_S1,1,0.9438666666666666
CTX,random,RF,onehot,0,Survcare329_S3,1,0.504
CTX,random,RF,onehot,0,Survcare337_S12,1,0.66
CTX,random,RF,onehot,0,V113_S3_L001,1,0.524
CTX,random,RF,onehot,0,V120_S5_L001,1,0.26
CTX,random,RF,onehot,0,V123_S1_L001,1,0.078
CTX,random,RF,onehot,0,V130_S5_L001,1,0.962
CTX,random,RF,onehot,0,V139_S7_L001,1,0.962
CTX,random,RF,onehot,0,V228_S8_L001,1,0.93
CTX,random,RF,onehot,0,V271_S13_L001,1,0.956
CTX,random,RF,onehot,0,V279_S8_L001,1,0.568
CTX,random,RF,onehot,0,V282_S4_L001,1,0.828
CTX,random,RF,onehot,0,V291_S5_L001,1,0.9892598484848485
CTX,random,RF,onehot,0,V40_S2_L001,1,0.734
CTX,random,RF,onehot,0,V71_S4_L001,1,0.728
CTX,random,RF,onehot,0,W2RBF-17-090-1_S26,1,0.612
CTX,random,RF,onehot,0,W2RBF-17-133-1_S28,1,0.52
CTX,random,RF,onehot,0,wdh-Survcare119_S44,1,0.3752515151515152
CTX,random,RF,onehot,0,wdh2NRZ-29911a_S31,1,0.03
CTX,random,RF,onehot,0,wdhRBF-18-0080-1_S17_L001,0,0.54
CTX,random,RF,onehot,0,WDHRBG-16-050-1_S40,1,0.68
CTX,random,RF,onehot,0,WDHRBG-17-005-2_S61,0,0.028
CTX,random,RF,onehot,0,WDHRBG-17-0256-1_S17,0,0.298
CTX,random,RF,onehot,0,WDHRBG-17-121-1_S46,0,0.482
CTX,random,RF,onehot,0,wRBG-16-024-1_S152,0,0.794
CTX,random,RF,onehot,0,wRBG-17-021-1_S166,0,0.0
CTX,random,RF,onehot,0,wRBG-17-031-1_S154,0,0.054
CTX,random,RF,onehot,0,wRBG-17-049-1_S142,0,0.05
CTX,random,RF,onehot,0,wRBG-17-110-1_S168,0,0.188
CTX,random,RF,onehot,0,wwRBF-17-209-1_S34,0,0.7213333333333333
CTX,random,RF,onehot,0,wwRBK-17-0197-1_S39,1,0.9360734295116654
CTX,random,RF,onehot,0,wwRBK-17-0298-1_S42,1,0.98
CTX,random,RF,onehot,1,H130_S2_L001,1,0.814
CTX,random,RF,onehot,1,H136_S7_L001,1,0.232
CTX,random,RF,onehot,1,H154_S2_L001,1,0.944
CTX,random,RF,onehot,1,H157_S3_L001,1,0.854
CTX,random,RF,onehot,1,H164_S3_L001,1,0.98
CTX,random,RF,onehot,1,H176_S5_L001,1,0.378
CTX,random,RF,onehot,1,H69_S6_L001,1,0.892
CTX,random,RF,onehot,1,NNRBG-17-0199-1_S5,0,0.126
CTX,random,RF,onehot,1,NNRBG-17-0255-1_S14,0,0.76
CTX,random,RF,onehot,1,NNRBG-17-0298-1_S19,0,0.012
CTX,random,RF,onehot,1,NNRBG-17-0319-1_S24,0,0.0
CTX,random,RF,onehot,1,RBB-17-011-1_S40,1,0.8820079483124376
CTX,random,RF,onehot,1,RBB-18-0519-1_S184,1,0.81
CTX,random,RF,onehot,1,RBB-18-0537-1_S21_L001,1,0.8890762744307635
CTX,random,RF,onehot,1,RBB-18-0674-1_S189,1,0.996
CTX,random,RF,onehot,1,RBB-18-1393-1_S48,1,1.0
CTX,random,RF,onehot,1,RBB-18-1502-1_S47,1,0.56
CTX,random,RF,onehot,1,RBB-19-0014-1_S44,1,0.642
CTX,random,RF,onehot,1,RBF-17-0195-1_S141,0,0.548
CTX,random,RF,onehot,1,RBF-17-0424-1_S15,1,0.668
CTX,random,RF,onehot,1,RBF-17-0438-1_S9,1,0.8820079483124376
CTX,random,RF,onehot,1,RBF-17-0450-1_S10,1,0.668
CTX,random,RF,onehot,1,RBF-17-0532-2_S31,0,0.022
CTX,random,RF,onehot,1,RBF-17-0537-1_S56,1,0.9537725108225109
CTX,random,RF,onehot,1,RBF-17-0540-1_S83,0,0.188
CTX,random,RF,onehot,1,RBF-17-094-1_S56,1,0.8835554112554113
CTX,random,RF,onehot,1,RBF-17-318-1_S77,1,0.49575
CTX,random,RF,onehot,1,RBF-18-0019-1_S2,0,0.7818723966092384
CTX,random,RF,onehot,1,RBF-18-0035-1_S6,0,0.52
CTX,random,RF,onehot,1,RBF-18-0036-1_S7,0,0.052
CTX,random,RF,onehot,1,RBF-18-0055-1_S11,0,0.062
CTX,random,RF,onehot,1,RBF-18-0066-1_S15,0,0.37
CTX,random,RF,onehot,1,RBF-18-0086-1_S22,0,0.02
CTX,random,RF,onehot,1,RBF-18-0087-1_S23,0,0.168
CTX,random,RF,onehot,1,RBF-18-0099-1_S26,0,0.0
CTX,random,RF,onehot,1,RBF-18-0132-1_S26,0,0.15159999999999998
CTX,random,RF,onehot,1,RBF-18-0172-1_S40,0,0.226
CTX,random,RF,onehot,1,RBF-18-0187-1_S31,1,0.8718897664942556
CTX,random,RF,onehot,1,RBF-18-0251-1_S55,0,0.986
CTX,random,RF,onehot,1,RBF-18-0333-1_S70,0,0.184
CTX,random,RF,onehot,1,RBF-18-0585-1_S48,1,0.9777777777777779
CTX,random,RF,onehot,1,RBF-18-0664-1_S190,1,0.974
CTX,random,RF,onehot,1,RBG-18-0041-1_S6,0,0.086
CTX,random,RF,onehot,1,RBG-18-0054-1_S42,0,0.414
CTX,random,RF,onehot,1,RBG-18-0076-1_S10,0,0.468
CTX,random,RF,onehot,1,RBG-18-0099-1_S14,1,0.8820079483124376
CTX,random,RF,onehot,1,RBG-18-0108-1_S16,0,0.0
CTX,random,RF,onehot,1,RBG-18-0211-1_S35,1,0.764
CTX,random,RF,onehot,1,RBG-18-0300-1_S52,0,0.0
CTX,random,RF,onehot,1,RBG-18-0301-1_S53,0,0.22769230769230767
CTX,random,RF,onehot,1,RBG-18-0410-1_S12,1,0.9132142857142858
CTX,random,RF,onehot,1,RBK-16-073-1_S14,1,0.996
CTX,random,RF,onehot,1,RBK-16-124-1_S16,1,0.204
CTX,random,RF,onehot,1,RBK-18-0037-1_S199,0,0.704
CTX,random,RF,onehot,1,RBK-18-0077-1_S212,1,0.9627670392215285
CTX,random,RF,onehot,1,RBk-18-0216-1_S231_2,0,0.308
CTX,random,RF,onehot,1,RBL-17-0076-1_S32,0,0.746
CTX,random,RF,onehot,1,RBL-17-0104-1_S149,0,0.356
CTX,random,RF,onehot,1,RBL-17-0113-1_S153,0,0.9622666666666666
CTX,random,RF,onehot,1,RBL-17-0118-1_S156,0,0.1
CTX,random,RF,onehot,1,RBL-17-0129-1_S158,0,0.008
CTX,random,RF,onehot,1,RBL-17-0155-1_S165,0,0.5
CTX,random,RF,onehot,1,RBL-17-0235-1_S92,0,0.018
CTX,random,RF,onehot,1,RBL-17-0264-1_S103,0,0.842
CTX,random,RF,onehot,1,RBL-17-0283-1_S27,0,0.172
CTX,random,RF,onehot,1,RBL-17-0305-1_S49,1,0.842
CTX,random,RF,onehot,1,RBL-17-0306-1_S50,1,0.434
CTX,random,RF,onehot,1,RBL-17-0340-1_S102,0,0.064
CTX,random,RF,onehot,1,RBL-17-0347-1_S104,0,0.042
CTX,random,RF,onehot,1,RBL-17-0349-1_S105,0,0.138
CTX,random,RF,onehot,1,RBL-17-0375-1_S117,0,0.964
CTX,random,RF,onehot,1,RBL-17-0391-1_S122,0,0.414
CTX,random,RF,onehot,1,RBL-17-0393-1_S123,0,0.156
CTX,random,RF,onehot,1,RBL-17-0435-1_S134,0,0.0
CTX,random,RF,onehot,1,RBL-17-075-1_S18,1,0.998
CTX,random,RF,onehot,1,RBL-18-0022-1_S43,0,0.154
CTX,random,RF,onehot,1,RBL-18-0055-1_S170,0,0.214
CTX,random,RF,onehot,1,RBL-18-0093-1_S49,0,0.95135353769038
CTX,random,RF,onehot,1,RBL-18-0131-1_S188_2,1,0.882
CTX,random,RF,onehot,1,RBL-18-0194-1_S195_2,1,0.888
CTX,random,RF,onehot,1,RBL-18-0467-1_S228_2,1,0.832
CTX,random,RF,onehot,1,RBT-17-0033-1_S12,1,0.336
CTX,random,RF,onehot,1,RBT-17-0167-1_S27,0,0.092
CTX,random,RF,onehot,1,RBT-17-0177-1_S65,0,0.482
CTX,random,RF,onehot,1,RBT-17-0177-2_S7,0,0.474
CTX,random,RF,onehot,1,RBT-17-0188-1_S68,1,0.566
CTX,random,RF,onehot,1,RBT-17-0194-1_S30,0,0.29
CTX,random,RF,onehot,1,RBT-17-0232-1_S58,0,0.814
CTX,random,RF,onehot,1,RBT-17-0239-1_S60,0,0.354
CTX,random,RF,onehot,1,RBT-17-0243-1_S11,0,0.0
CTX,random,RF,onehot,1,RBT-17-0251-1_S62,1,0.996
CTX,random,RF,onehot,1,RBT-17-0270-1_S65,0,0.642
CTX,random,RF,onehot,1,RBT-18-0017-1_S67,0,0.0
CTX,random,RF,onehot,1,RBT-18-0045-1_S70,0,0.446
CTX,random,RF,onehot,1,RBT-18-0057-1_S38,0,0.782
CTX,random,RF,onehot,1,RBT-18-0066-1_S40,0,0.03
CTX,random,RF,onehot,1,RBT-18-0071-1_S41,0,0.808
CTX,random,RF,onehot,1,RBT-18-0079-1_S16,0,0.308
CTX,random,RF,onehot,1,RBT-18-0091-1_S42,0,0.2577777777777778
CTX,random,RF,onehot,1,RBT-18-0179-1_S37,0,0.242
CTX,random,RF,onehot,1,RBT-18-0227-1_S46,1,0.8732870058046526
CTX,random,RF,onehot,1,RBT-18-0241-1_S50,0,0.26
CTX,random,RF,onehot,1,RBT-18-0269-1_S61,0,0.058
CTX,random,RF,onehot,1,RBT-18-0284-1_S66,1,0.9721772283272283
CTX,random,RF,onehot,1,RBT-18-0331-1_S22,0,0.006
CTX,random,RF,onehot,1,RBT-18-0334-1_S23,0,0.056
CTX,random,RF,onehot,1,RBT-18-0335-1_S41,0,0.6267968253968252
CTX,random,RF,onehot,1,RBT-18-0341-1_S24,0,0.482
CTX,random,RF,onehot,1,RBT-18-0357-1_S27,0,0.002
CTX,random,RF,onehot,1,RBT-18-0358-1_S28,0,0.438
CTX,random,RF,onehot,1,RBT-18-0363-1_S72,1,0.9550047619047618
CTX,random,RF,onehot,1,RBT-18-0364-1_S29,0,0.718
CTX,random,RF,onehot,1,ResetH132_S1_L001,1,0.502
CTX,random,RF,onehot,1,ResetH16_S2_L001,1,0.608
CTX,random,RF,onehot,1,ResetH45_S5_L001,1,0.68
CTX,random,RF,onehot,1,ResetH49b_S6_L001,1,0.61
CTX,random,RF,onehot,1,ResetH75_S2_L001,1,0.9807760239760241
CTX,random,RF,onehot,1,ResetH89_S3_L001,1,0.75
CTX,random,RF,onehot,1,ResetH98_S4_L001,1,0.17
CTX,random,RF,onehot,1,ResetV288_S6_L001,1,0.896
CTX,random,RF,onehot,1,RPG-18-0435-1_S32,0,0.0
CTX,random,RF,onehot,1,Survcare058_S26,1,0.996
CTX,random,RF,onehot,1,Survcare130_S2,1,0.002
CTX,random,RF,onehot,1,Survcare176_S17_L001,1,0.744
CTX,random,RF,onehot,1,Survcare221_S7_L001,1,0.08
CTX,random,RF,onehot,1,Survcare234_S3_L001,1,0.116
CTX,random,RF,onehot,1,Survcare253_S35,1,0.776
CTX,random,RF,onehot,1,Survcare265_S20,1,0.09784761904761904
CTX,random,RF,onehot,1,Survcare303_S15_L001,1,0.994
CTX,random,RF,onehot,1,Survcare318_S20_L001,1,0.992
CTX,random,RF,onehot,1,V111_S3_L001,1,0.42
CTX,random,RF,onehot,1,V114_S5_L001,1,0.828
CTX,random,RF,onehot,1,V116_S6_L001,1,0.778
CTX,random,RF,onehot,1,V268_S12_L001,1,0.998
CTX,random,RF,onehot,1,V283_S5_L001,1,0.748
CTX,random,RF,onehot,1,V295_S7_L001,1,0.9230269119769122
CTX,random,RF,onehot,1,V73_S5_L001,1,0.932
CTX,random,RF,onehot,1,V86_S1_L001,1,0.928
CTX,random,RF,onehot,1,w2RBG-16-037-1_S34,0,0.25
CTX,random,RF,onehot,1,wdh-RBF-17-0572-1_S43,0,0.246
CTX,random,RF,onehot,1,wdh-RBL-17-0361-1_S44,0,0.002
CTX,random,RF,onehot,1,wdh-RBL-17-0431-1_S46,0,0.778
CTX,random,RF,onehot,1,wdhRBF-17-0558-1_S121,0,0.862
CTX,random,RF,onehot,1,wdhRBF-18-0048-1_S12_L001,0,0.526
CTX,random,RF,onehot,1,WDHRBG-17-001-1_S82,0,0.862
CTX,random,RF,onehot,1,WDHRBG-17-008-1_S83,0,0.542
CTX,random,RF,onehot,1,wdhRBL-17-0370-1_S232,0,0.136
CTX,random,RF,onehot,1,wRBG-16-032-1_S142,0,0.166
CTX,random,RF,onehot,1,wRBG-16-033-1_S153,0,0.66
CTX,random,RF,onehot,1,wRBG-17-025-1_S133,0,0.368
CTX,random,RF,onehot,1,wRBG-17-028-1_S100,0,0.082
CTX,random,RF,onehot,1,wRBG-17-047-1_S153,0,0.004
CTX,random,RF,onehot,1,wRBG-17-073-1_S118,0,0.006
CTX,random,RF,onehot,1,wRBG-17-075-1_S96,0,0.198
CTX,random,RF,onehot,1,wRBG-17-082-1_S106,0,0.114
CTX,random,RF,onehot,1,wRBG-17-112-1_S146,0,0.328
CTX,random,RF,onehot,1,wwRBF-16-094-1_S13,1,0.298
CTX,random,RF,onehot,1,wwRBF-17-167-1_S31,1,0.8376666666666667
CTX,random,RF,onehot,1,wwRBF-17-189-1_S32,1,0.8269055555555557
CTX,random,RF,onehot,1,wwRBK-17-0148-1_S37,1,0.8198744223612644
CTX,random,RF,onehot,1,wwRBK-17-075-1_S28,1,0.8782212454212452
CTX,random,RF,onehot,1,WWSurvcare043_S43,1,0.836
CTX,random,RF,onehot,2,H148_S4_L001,1,0.69
CTX,random,RF,onehot,2,H160_S3_L001,1,0.96
CTX,random,RF,onehot,2,H162_S4_L001,1,0.838
CTX,random,RF,onehot,2,H51_S5_L001,1,0.97
CTX,random,RF,onehot,2,NNRBG-17-0191-1_S1,0,0.484
CTX,random,RF,onehot,2,NNRBG-17-0198-1_S4,0,0.198
CTX,random,RF,onehot,2,NNRBG-17-0205-1_S7,0,0.806
CTX,random,RF,onehot,2,NNRBG-17-0243-1_S12,0,0.076
CTX,random,RF,onehot,2,NNRBG-17-0278-1_S16,0,0.242
CTX,random,RF,onehot,2,NNRBG-17-0329-1_S26,0,0.108
CTX,random,RF,onehot,2,NNRBG-17-0346-1_S30,0,0.248
CTX,random,RF,onehot,2,NNSurvcare045_S41,1,0.926
CTX,random,RF,onehot,2,RBB-18-0546-1_S22_L001,1,0.978
CTX,random,RF,onehot,2,RBB-18-0765-1_S191,1,0.704
CTX,random,RF,onehot,2,RBB-18-1312-1_S43,1,0.672
CTX,random,RF,onehot,2,RBBK18-0189-1_S24_L001,0,0.822
CTX,random,RF,onehot,2,RBF-10-0240-1_S12_L001,0,0.042
CTX,random,RF,onehot,2,RBF-17-0173-1_S138,0,0.176
CTX,random,RF,onehot,2,RBF-17-0340-1_S81,1,0.366
CTX,random,RF,onehot,2,RBF-17-0489-1_S13,1,0.998
CTX,random,RF,onehot,2,RBF-17-0509-1_S74,0,0.15
CTX,random,RF,onehot,2,RBF-17-0538-1_S82,0,0.524
CTX,random,RF,onehot,2,RBF-17-0550-1_S84,0,0.48
CTX,random,RF,onehot,2,RBF-17-0553-1_S85,0,0.994
CTX,random,RF,onehot,2,RBF-17-0616-1_S96,0,0.516
CTX,random,RF,onehot,2,RBF-17-0645-1_S61,1,0.28
CTX,random,RF,onehot,2,RBF-17-067-1_S54,1,0.896
CTX,random,RF,onehot,2,RBF-17-170-1_S66,1,0.882
CTX,random,RF,onehot,2,RBF-17-186-1_S69,1,1.0
CTX,random,RF,onehot,2,RBF-18-0027-1_S5,0,0.228
CTX,random,RF,onehot,2,RBF-18-0064-2_S14,0,0.01
CTX,random,RF,onehot,2,RBF-18-0075-1_S79,1,0.902
CTX,random,RF,onehot,2,RBF-18-0121-1_S28,0,0.498
CTX,random,RF,onehot,2,RBF-18-0151-1_S83,1,0.036
CTX,random,RF,onehot,2,RBF-18-0160-1_S37,0,0.698
CTX,random,RF,onehot,2,RBF-18-0174-1_S28,1,0.926
CTX,random,RF,onehot,2,RBF-18-0196-1_S46,0,0.882
CTX,random,RF,onehot,2,RBF-18-0200-1_S48,0,0.004
CTX,random,RF,onehot,2,RBF-18-0217-1_S54,0,0.056
CTX,random,RF,onehot,2,RBF-18-0253-1_S13_L001,0,0.692
CTX,random,RF,onehot,2,RBF-18-0277-1_S61,0,0.85
CTX,random,RF,onehot,2,RBF-18-0321-1_S69,0,0.312
CTX,random,RF,onehot,2,RBG-17-0284-1_S59,0,0.504
CTX,random,RF,onehot,2,RBg-17-123-2_S12,0,0.566
CTX,random,RF,onehot,2,RBG-18-0004-1_S1,1,1.0
CTX,random,RF,onehot,2,RBG-18-0072-1_S8,0,0.39
CTX,random,RF,onehot,2,RBG-18-0224-1_S24_L001,1,0.98
CTX,random,RF,onehot,2,RBG-18-0239-1_S4,0,0.02
CTX,random,RF,onehot,2,RBG-18-0276-1_S50,0,0.406
CTX,random,RF,onehot,2,RBG-18-0380-1_S48,0,1.0
CTX,random,RF,onehot,2,RBG-18-0388-1_S21_L001,1,0.924
CTX,random,RF,onehot,2,RBK-17-0492-1_S8,1,0.804
CTX,random,RF,onehot,2,RBK-17-0588-1_S24,1,0.33
CTX,random,RF,onehot,2,RBK-17-0612-1_S27,1,1.0
CTX,random,RF,onehot,2,RBK-18-0005-1_S18,0,0.01
CTX,random,RF,onehot,2,RBK-18-0038-1_S200,0,0.052
CTX,random,RF,onehot,2,RBK-18-0414-1_S59,0,0.336
CTX,random,RF,onehot,2,RBL-17-0101-1_S148,0,0.028
CTX,random,RF,onehot,2,RBL-17-0135-1_S160,0,0.144
CTX,random,RF,onehot,2,RBL-17-0165-1_S167,0,0.442
CTX,random,RF,onehot,2,RBL-17-0172-1_S170,0,0.03
CTX,random,RF,onehot,2,RBL-17-0197-1_S173,0,0.438
CTX,random,RF,onehot,2,RBL-17-0205-1_S175,0,0.004
CTX,random,RF,onehot,2,RBL-17-0217-1_S176,0,0.35
CTX,random,RF,onehot,2,RBL-17-0244-1_S44,1,0.99
CTX,random,RF,onehot,2,RBL-17-0246-1_S94,0,0.528
CTX,random,RF,onehot,2,RBL-17-0256-1_S98,0,0.476
CTX,random,RF,onehot,2,RBL-17-0307-1_S51,1,1.0
CTX,random,RF,onehot,2,RBL-17-0323-1_S115,0,0.106
CTX,random,RF,onehot,2,RBL-17-0324-1_S54,1,0.528
CTX,random,RF,onehot,2,RBL-17-0332-1_S118,0,0.444
CTX,random,RF,onehot,2,RBL-17-0365-1_S112,0,0.218
CTX,random,RF,onehot,2,RBL-17-0366-1_S113,0,0.746
CTX,random,RF,onehot,2,RBL-17-0392-1_S69,1,0.85
CTX,random,RF,onehot,2,RBL-17-0397-1_S125,0,0.014
CTX,random,RF,onehot,2,RBL-17-0409-1_S127,0,0.144
CTX,random,RF,onehot,2,RBL-17-060-1_S17,1,0.694
CTX,random,RF,onehot,2,RBL-18-0010-1_S159,0,0.444
CTX,random,RF,onehot,2,RBL-18-0016-1_S161,0,0.0
CTX,random,RF,onehot,2,RBL-18-0037-1_S168,0,0.182
CTX,random,RF,onehot,2,RBL-18-0085-1_S176,0,0.042
CTX,random,RF,onehot,2,RBL-18-0500-1_S230_2,1,0.392
CTX,random,RF,onehot,2,RBT-17-0019-1_S62,1,0.992
CTX,random,RF,onehot,2,RBT-17-0082-1_S30,0,0.52
CTX,random,RF,onehot,2,RBT-17-0084-1_S31,0,0.02
CTX,random,RF,onehot,2,RBT-17-0097-1_S34,1,0.806
CTX,random,RF,onehot,2,RBT-17-0099-1_S35,0,0.204
CTX,random,RF,onehot,2,RBT-17-0112-1_S41,0,0.05
CTX,random,RF,onehot,2,RBT-17-0149-1_S13,1,0.252
CTX,random,RF,onehot,2,RBT-17-0150-1_S54,0,0.042
CTX,random,RF,onehot,2,RBT-17-0163-1_S59,0,0.116
CTX,random,RF,onehot,2,RBT-17-0178-1_S66,0,0.014
CTX,random,RF,onehot,2,RBT-17-0210-1_S55,0,0.0
CTX,random,RF,onehot,2,RBT-17-0219-1_S8,1,0.558
CTX,random,RF,onehot,2,RBT-17-0225-1_S9,0,0.014
CTX,random,RF,onehot,2,RBT-17-0295-1_S15,0,0.084
CTX,random,RF,onehot,2,RBT-17-0337-1_S19,0,0.034
CTX,random,RF,onehot,2,RBT-18-0004-1_S51,1,0.696
CTX,random,RF,onehot,2,RBT-18-0050-1_S34,0,0.492
CTX,random,RF,onehot,2,RBT-18-0080-1_S49,1,0.934
CTX,random,RF,onehot,2,RBT-18-0095-1_S19,0,0.004
CTX,random,RF,onehot,2,RBT-18-0110-1_S27,0,0.212
CTX,random,RF,onehot,2,RBT-18-0120-1_S48,0,0.216
CTX,random,RF,onehot,2,RBT-18-0129-1_S52,0,0.644
CTX,random,RF,onehot,2,RBT-18-0134-1_S29,0,0.028
CTX,random,RF,onehot,2,RBT-18-0146-1_S55,0,0.194
CTX,random,RF,onehot,2,RBT-18-0164-1_S34,0,0.828
CTX,random,RF,onehot,2,RBT-18-0184-1_S38,1,0.876
CTX,random,RF,onehot,2,RBT-18-0224-1_S43,0,0.01
CTX,random,RF,onehot,2,RBT-18-0230-1_S45,0,0.298
CTX,random,RF,onehot,2,RBT-18-0232-1_S47,0,0.632
CTX,random,RF,onehot,2,RBT-18-0252-1_S53,0,0.734
CTX,random,RF,onehot,2,RBT-18-0259-1_S55,0,0.458
CTX,random,RF,onehot,2,RBT-18-0275-1_S63,0,0.0
CTX,random,RF,onehot,2,RBT-18-0292-1_S70,0,0.11
CTX,random,RF,onehot,2,RBT-18-0293-1_S71,0,0.008
CTX,random,RF,onehot,2,RBT-18-0296-1_S72,1,0.944
CTX,random,RF,onehot,2,RBT-18-0316-1_S43,0,0.0
CTX,random,RF,onehot,2,RBT-18-0339-1_S47,0,0.21
CTX,random,RF,onehot,2,RBT-18-0365-1_S30,0,0.444
CTX,random,RF,onehot,2,ResetH1_S1_L001,1,0.542
CTX,random,RF,onehot,2,ResetH127_S6_L001,1,0.532
CTX,random,RF,onehot,2,ResetH134_S8_L001,1,0.41
CTX,random,RF,onehot,2,ResetH92_S4_L001,1,0.812
CTX,random,RF,onehot,2,ResetH99_S5_L001,1,0.264
CTX,random,RF,onehot,2,ResetV63_S5_L001,1,0.458
CTX,random,RF,onehot,2,ResetV74_S7_L001,1,0.838
CTX,random,RF,onehot,2,Survcare052_S22,1,0.772
CTX,random,RF,onehot,2,Survcare104_S16_L001,1,0.438
CTX,random,RF,onehot,2,Survcare187_S32,1,0.864
CTX,random,RF,onehot,2,Survcare190_S35,1,0.16
CTX,random,RF,onehot,2,Survcare244_S9_L001,1,0.678
CTX,random,RF,onehot,2,Survcare313_S24_L001,1,0.912
CTX,random,RF,onehot,2,Survcare317_S5_L001,1,0.912
CTX,random,RF,onehot,2,Survcare319_S16,1,0.918
CTX,random,RF,onehot,2,Survcare334_S10,1,0.97
CTX,random,RF,onehot,2,V1_S6_L001,1,0.946
CTX,random,RF,onehot,2,V131_S7_L001,1,0.268
CTX,random,RF,onehot,2,V172_S5_L001,1,0.588
CTX,random,RF,onehot,2,V173_S6_L001,1,0.724
CTX,random,RF,onehot,2,V205_S3_L001,1,0.412
CTX,random,RF,onehot,2,V215_S2_L001,1,0.378
CTX,random,RF,onehot,2,V232_S3_L001,1,0.066
CTX,random,RF,onehot,2,V289_S5_L001,1,0.896
CTX,random,RF,onehot,2,V8_S7_L001,1,0.8
CTX,random,RF,onehot,2,W2RBK-17-168-1_S33,1,0.78
CTX,random,RF,onehot,2,W2RBK-17-169-1_S34,1,0.866
CTX,random,RF,onehot,2,wdh-RBB-16-025-1_S20,1,0.286
CTX,random,RF,onehot,2,wdh-RBB-17-170-1_S16,1,0.972
CTX,random,RF,onehot,2,wdhRBF-18-0025-1_S11_L001,0,0.256
CTX,random,RF,onehot,2,WDHRBG-16-060-1_S27,0,0.696
CTX,random,RF,onehot,2,WDHRBG-16-062-1_S49,0,0.0
CTX,random,RF,onehot,2,wNRZ-32446_S79,1,0.296
CTX,random,RF,onehot,2,wRBF-17-0146-1_S35,1,0.982
CTX,random,RF,onehot,2,wRBG-17-030-1_S165,0,0.58
CTX,random,RF,onehot,2,wRBG-17-034-1_S121,0,0.354
CTX,random,RF,onehot,2,wRBG-17-055-1_S163,0,0.84
CTX,random,RF,onehot,2,wRBG-17-102-1_S169,0,0.502
CTX,random,RF,onehot,2,wwRBF-16-007-1_S10,1,0.964
CTX,random,RF,onehot,2,wwRBF-17-148-1_S27,1,0.046
CTX,random,RF,onehot,2,wwRBK-16-023-1_S5,1,0.84
CTX,random,RF,onehot,2,wwRBK-17-0278-1_S41,1,0.78
CTX,random,RF,onehot,3,H100_S2_L001,1,0.008
CTX,random,RF,onehot,3,H108_S5_L001,1,0.796
CTX,random,RF,onehot,3,H123_S1_L001,1,0.828
CTX,random,RF,onehot,3,H141_S6_L001,1,0.516
CTX,random,RF,onehot,3,H153_S1_L001,1,0.99
CTX,random,RF,onehot,3,H28_S10_L001,1,0.878
CTX,random,RF,onehot,3,H3_S1_L001,1,0.9058333333333334
CTX,random,RF,onehot,3,H50_S7_L001,1,0.748
CTX,random,RF,onehot,3,H71_S1_L001,1,0.9280460059548298
CTX,random,RF,onehot,3,NNRBG-17-0193-1_S2,0,0.02
CTX,random,RF,onehot,3,NNRBG-17-0227-1_S8,0,0.012
CTX,random,RF,onehot,3,NNRBG-17-0234-1_S9,0,0.172
CTX,random,RF,onehot,3,NNRBG-17-0239-1_S10,0,0.322
CTX,random,RF,onehot,3,NNRBG-17-0294-1_S18,0,0.398
CTX,random,RF,onehot,3,NNRBG-17-0308-1_S20,0,0.008
CTX,random,RF,onehot,3,RBB-18-0772-1_S192,1,0.932
CTX,random,RF,onehot,3,RBB-18-1086-1_S189_2,1,0.278
CTX,random,RF,onehot,3,RBB-18-1212-1_S67_2,1,0.994
CTX,random,RF,onehot,3,RBB-18-1460-1_S45,1,0.86
CTX,random,RF,onehot,3,RBF-16-004-1_S18,1,0.824
CTX,random,RF,onehot,3,RBF-17-0164-1_S137,0,0.056
CTX,random,RF,onehot,3,RBF-17-0520-2_S55,1,0.82
CTX,random,RF,onehot,3,RBF-17-0523-1_S30,0,0.006
CTX,random,RF,onehot,3,RBF-17-0587-1_S91,0,0.0
CTX,random,RF,onehot,3,RBF-17-0605-1_S94,0,0.248
CTX,random,RF,onehot,3,RBF-17-0647-1_S99,0,0.06943333333333333
CTX,random,RF,onehot,3,RBF-18-0013-1_S25_L001,0,0.002
CTX,random,RF,onehot,3,RBF-18-0088-1_S24,0,0.048
CTX,random,RF,onehot,3,RBF-18-0135-1_S34,0,0.034
CTX,random,RF,onehot,3,RBF-18-0139-1_S35,0,0.4038
CTX,random,RF,onehot,3,RBF-18-0184-1_S30,0,0.8
CTX,random,RF,onehot,3,RBF-18-0194-1_S86,1,0.686
CTX,random,RF,onehot,3,RBF-18-0199-1_S47,0,0.8778181818181817
CTX,random,RF,onehot,3,RBF-18-0201-1_S49,0,0.722
CTX,random,RF,onehot,3,RBF-18-0208-2_S11_L001,0,0.188
CTX,random,RF,onehot,3,RBF-18-0252-1_S56,0,0.466
CTX,random,RF,onehot,3,RBF-18-0714-2_S204_2,1,0.8093333333333333
CTX,random,RF,onehot,3,RBG-17-013-1_S16,1,0.904
CTX,random,RF,onehot,3,RBG-17-0269-1_S41,0,0.366
CTX,random,RF,onehot,3,RBG-18-0083-1_S12,0,0.064
CTX,random,RF,onehot,3,RBG-18-0113-1_S13_L001,0,0.014
CTX,random,RF,onehot,3,RBG-18-0166-1_S10_L001,0,0.002
CTX,random,RF,onehot,3,RBG-18-0170-1_S41,0,0.124
CTX,random,RF,onehot,3,RBG-18-0177-1_S17_L001,1,0.9869754435107376
CTX,random,RF,onehot,3,RBG-18-0185-1_S40,0,0.032
CTX,random,RF,onehot,3,RBG-18-0193-1_S8,0,0.33
CTX,random,RF,onehot,3,RBG-18-0194-1_S45,0,0.192
CTX,random,RF,onehot,3,RBG-18-0223-1_S2,0,0.166
CTX,random,RF,onehot,3,RBG-18-0256-1_S8_L001,1,0.086
CTX,random,RF,onehot,3,RBG-18-0265-1_S49,0,0.094
CTX,random,RF,onehot,3,RBG-18-0289-1_S37,1,0.508
CTX,random,RF,onehot,3,RBG-18-0308-1_S54,1,0.714
CTX,random,RF,onehot,3,RBG-18-0312-1_S55,0,0.314
CTX,random,RF,onehot,3,RBG-18-0355-1_S19_L001,0,0.008
CTX,random,RF,onehot,3,RBG-18-0402-1_S50,1,0.68
CTX,random,RF,onehot,3,RBG-18-0417-1_S52,0,0.15
CTX,random,RF,onehot,3,RBG-18-0421-1_S53,1,0.8787791068408715
CTX,random,RF,onehot,3,RBK-16-079-1_S15,1,0.05
CTX,random,RF,onehot,3,RBK-17-0601-1_S25,1,0.9059096921911941
CTX,random,RF,onehot,3,RBK-17-0655-5_S182,1,0.9190045700257777
CTX,random,RF,onehot,3,RBK-18-0060-1_S22,0,0.268
CTX,random,RF,onehot,3,RBK-18-0062-2_S203,0,0.832
CTX,random,RF,onehot,3,RBK-18-0250-1_S235_2,0,0.486
CTX,random,RF,onehot,3,RBL-17-0090-1_S145,0,0.10157142857142859
CTX,random,RF,onehot,3,RBL-17-0093-1_S146,0,0.58
CTX,random,RF,onehot,3,RBL-17-0095-1_S147,0,0.008
CTX,random,RF,onehot,3,RBL-17-0108-1_S151,0,0.048
CTX,random,RF,onehot,3,RBL-17-0136-1_S161,0,0.118
CTX,random,RF,onehot,3,RBL-17-0226-1_S41,1,0.9593972387090036
CTX,random,RF,onehot,3,RBL-17-0232-1_S91,0,0.446
CTX,random,RF,onehot,3,RBL-17-0274-2_S105,0,0.414
CTX,random,RF,onehot,3,RBL-17-0359-1_S66,1,0.922
CTX,random,RF,onehot,3,RBL-17-0374-1_S116,0,0.028
CTX,random,RF,onehot,3,RBL-18-0002-1_S158,0,0.07
CTX,random,RF,onehot,3,RBL-18-0021-1_S42,0,0.222
CTX,random,RF,onehot,3,RBL-18-0090-1_S48,1,0.8333646836823307
CTX,random,RF,onehot,3,RBL-18-0098-1_S178,0,0.904458177039679
CTX,random,RF,onehot,3,RBT-17-0003-1_S16,0,0.074
CTX,random,RF,onehot,3,RBT-17-0008-1_S18,0,0.06
CTX,random,RF,onehot,3,RBT-17-0022-1_S24,0,0.026
CTX,random,RF,onehot,3,RBT-17-0023-1_S25,0,0.72
CTX,random,RF,onehot,3,RBT-17-0079-1_S29,0,0.014
CTX,random,RF,onehot,3,RBT-17-0100-1_S36,1,0.714
CTX,random,RF,onehot,3,RBT-17-0102-1_S37,0,0.986047733965381
CTX,random,RF,onehot,3,RBT-17-0107-1_S39,0,0.062
CTX,random,RF,onehot,3,RBT-17-0113-1_S42,0,0.086
CTX,random,RF,onehot,3,RBT-17-0130-1_S27,0,0.436
CTX,random,RF,onehot,3,RBT-17-0133-1_S6,0,0.854
CTX,random,RF,onehot,3,RBT-17-0156-1_S56,0,0.862
CTX,random,RF,onehot,3,RBT-17-0173-1_S63,0,0.04
CTX,random,RF,onehot,3,RBT-17-0217-1_S7,0,0.772
CTX,random,RF,onehot,3,RBT-17-0249-1_S61,1,0.9847193864958572
CTX,random,RF,onehot,3,RBT-17-0256-1_S25,0,0.25
CTX,random,RF,onehot,3,RBT-17-0339-1_S20,0,0.988
CTX,random,RF,onehot,3,RBT-18-0027-1_S68,0,0.318
CTX,random,RF,onehot,3,RBT-18-0052-1_S35,1,0.034
CTX,random,RF,onehot,3,RBT-18-0053-1_S36,1,0.9492205031122991
CTX,random,RF,onehot,3,RBT-18-0100-1_S21,0,0.39
CTX,random,RF,onehot,3,RBT-18-0116-1_S46,0,0.422
CTX,random,RF,onehot,3,RBT-18-0127-1_S51,0,0.0
CTX,random,RF,onehot,3,RBT-18-0173-1_S35,0,0.088
CTX,random,RF,onehot,3,RBT-18-0181-1_S61,1,0.776
CTX,random,RF,onehot,3,RBT-18-0197-1_S40,0,0.62
CTX,random,RF,onehot,3,RBT-18-0236-1_S48,1,0.748
CTX,random,RF,onehot,3,RBT-18-0253-1_S54,0,0.512
CTX,random,RF,onehot,3,RBT-18-0278-1_S64,0,0.2889922430510666
CTX,random,RF,onehot,3,RBT-18-0283-1_S65,0,0.002
CTX,random,RF,onehot,3,RBT-18-0303-1_S20,0,0.446
CTX,random,RF,onehot,3,RBT-18-0324-1_S57,1,0.9958461538461538
CTX,random,RF,onehot,3,RBT-18-0337-1_S46,1,0.8394158535135318
CTX,random,RF,onehot,3,RBT-18-0338-1_S35,0,0.28
CTX,random,RF,onehot,3,RBT-18-0360-1_S39,0,0.408
CTX,random,RF,onehot,3,RBT-18-0361-1_S38,0,0.076
CTX,random,RF,onehot,3,RBT-18-0370-1_S33,0,0.17
CTX,random,RF,onehot,3,RBT-18-0385-1_S34,0,0.006
CTX,random,RF,onehot,3,RBT-18-0401-1_S43,0,0.9726431512931513
CTX,random,RF,onehot,3,ResetH115_S6_L001,1,0.716
CTX,random,RF,onehot,3,ResetH129_S7_L001,1,0.896014407814408
CTX,random,RF,onehot,3,ResetH152_S4_L001,1,0.99
CTX,random,RF,onehot,3,ResetH30_S4_L001,1,0.258
CTX,random,RF,onehot,3,ResetH93_S5_L001,1,0.236
CTX,random,RF,onehot,3,ResetV105_S1_L001,1,0.854
CTX,random,RF,onehot,3,ResetV260_S5_L001,1,0.9716239316239317
CTX,random,RF,onehot,3,Survcare125_S25,1,0.97
CTX,random,RF,onehot,3,Survcare129_S1,1,0.048
CTX,random,RF,onehot,3,Survcare184_S19,1,0.336
CTX,random,RF,onehot,3,Survcare236_S5_L001,1,0.568
CTX,random,RF,onehot,3,Survcare275_S38,1,0.28
CTX,random,RF,onehot,3,Survcare309_S20_L001,1,0.96
CTX,random,RF,onehot,3,Survcare341_S25,1,0.656
CTX,random,RF,onehot,3,Survcare350_S44,1,0.456
CTX,random,RF,onehot,3,Survcare360_S84,1,0.9
CTX,random,RF,onehot,3,V155_S5_L001,1,0.83
CTX,random,RF,onehot,3,V158_S4_L001,1,0.268
CTX,random,RF,onehot,3,V168_S9_L001,1,0.912
CTX,random,RF,onehot,3,V182_S6_L001,1,0.908
CTX,random,RF,onehot,3,V201_S4_L001,1,0.898
CTX,random,RF,onehot,3,V229_S10_L001,1,0.936
CTX,random,RF,onehot,3,V238_S11_L001,1,0.846
CTX,random,RF,onehot,3,V292_S6_L001,1,0.99
CTX,random,RF,onehot,3,V41_S2_L001,1,0.91
CTX,random,RF,onehot,3,V64_S3_L001,1,0.604
CTX,random,RF,onehot,3,V79_S6_L001,1,0.446
CTX,random,RF,onehot,3,V98_S3_L001,1,0.998
CTX,random,RF,onehot,3,wdhRBF-10-0002-1_S10_L001,1,0.9852555555555556
CTX,random,RF,onehot,3,wdhRBF-17-0564-1_S230,1,0.992
CTX,random,RF,onehot,3,wdhRBF-18-0049-1_S13_L001,0,0.342
CTX,random,RF,onehot,3,wdhRBF-18-0057_S14_L001,0,0.314
CTX,random,RF,onehot,3,wdhRBF-18-0059-1_S15_L001,0,0.114
CTX,random,RF,onehot,3,wdhRBF-18-0081-1_S18_L001,0,0.268
CTX,random,RF,onehot,3,wNRZ-33910_S81,1,0.592
CTX,random,RF,onehot,3,wRBG-16-026-1_S163,0,0.002
CTX,random,RF,onehot,3,wRBG-16-027-1_S174,0,0.014
CTX,random,RF,onehot,3,wRBG-16-034-1_S164,0,0.206
CTX,random,RF,onehot,3,wRBG-17-023-1_S155,0,0.016
CTX,random,RF,onehot,3,wRBG-17-052-1_S120,0,0.666
CTX,random,RF,onehot,3,wRBG-17-057-1_S141,0,0.18
CTX,random,RF,onehot,3,wRBG-17-058-1_S130,0,0.012
CTX,random,RF,onehot,3,wRBG-17-072-1_S129,0,0.01
CTX,random,RF,onehot,3,wRBG-17-106-1_S125,0,0.476
CTX,random,RF,onehot,3,wwRBB-16-112-1_S1,1,0.858
CTX,random,RF,onehot,3,wwRBL-16-111-1_S16,1,0.874
CTX,random,RF,onehot,4,H109_S2_L001,1,0.402
CTX,random,RF,onehot,4,H116_S8_L001,1,0.984
CTX,random,RF,onehot,4,H17_S2_L001,1,0.408
CTX,random,RF,onehot,4,H38_S4_L001,1,0.888
CTX,random,RF,onehot,4,H53_S4_L001,1,0.8878464596291227
CTX,random,RF,onehot,4,H86_S1_L001,1,0.34
CTX,random,RF,onehot,4,NNRBG-17-0196-1_S3,0,0.162
CTX,random,RF,onehot,4,NNRBG-17-0249-1_S13,0,0.234
CTX,random,RF,onehot,4,NNRBG-17-0287-1_S17,0,0.442
CTX,random,RF,onehot,4,NNRBG-17-0399-1_S40,0,0.076
CTX,random,RF,onehot,4,RBB-18-0490-1_S20_L001,1,0.684
CTX,random,RF,onehot,4,RBB-18-0668-1_S188,1,0.8714573731823736
CTX,random,RF,onehot,4,RBB-18-1309-1_S42,1,0.856
CTX,random,RF,onehot,4,RBB-18-1406-1_S49,1,0.392
CTX,random,RF,onehot,4,RBF-17-0178-1_S139,0,0.792
CTX,random,RF,onehot,4,RBF-17-0194-1_S140,0,0.164
CTX,random,RF,onehot,4,RBF-17-0467-1_S12,1,0.9062092079918709
CTX,random,RF,onehot,4,RBF-17-0513-1_S76,0,0.744
CTX,random,RF,onehot,4,RBF-17-0589-1_S92,0,0.09386666666666667
CTX,random,RF,onehot,4,RBF-17-0614-3_S95,0,0.12
CTX,random,RF,onehot,4,RBF-17-0630-1_S59,1,0.356
CTX,random,RF,onehot,4,RBF-17-0635-1_S98,0,0.576
CTX,random,RF,onehot,4,RBF-17-0648-1_S100,0,0.292
CTX,random,RF,onehot,4,RBF-17-0651-1_S62,1,0.894
CTX,random,RF,onehot,4,RBF-17-0664-1_S63,1,0.37
CTX,random,RF,onehot,4,RBF-18-0069-1_S78,1,0.918
CTX,random,RF,onehot,4,RBF-18-0072-1_S16,0,0.024
CTX,random,RF,onehot,4,RBF-18-0093-1_S80,1,0.678
CTX,random,RF,onehot,4,RBF-18-0123-1_S25_L001,1,0.37
CTX,random,RF,onehot,4,RBF-18-0147-1_S36,0,0.406
CTX,random,RF,onehot,4,RBF-18-0163-2_S39,0,0.326
CTX,random,RF,onehot,4,RBF-18-0214-1_S51,0,0.036
CTX,random,RF,onehot,4,RBF-18-0227-1_S53,0,0.448
CTX,random,RF,onehot,4,RBF-18-0296-1_S17,0,0.624
CTX,random,RF,onehot,4,RBF-18-0310-1_S36,0,0.478
CTX,random,RF,onehot,4,RBF-18-0338-1_S72,0,0.11
CTX,random,RF,onehot,4,RBF-18-0634-1_S183,1,0.682
CTX,random,RF,onehot,4,RBG-18-0012-1_S3,0,0.168
CTX,random,RF,onehot,4,RBG-18-0017-1_S5,0,0.596
CTX,random,RF,onehot,4,RBG-18-0055-1_S43,0,0.912
CTX,random,RF,onehot,4,RBG-18-0085-1_S11,0,0.188
CTX,random,RF,onehot,4,RBG-18-0129-1_S15_L001,1,0.9271214285714285
CTX,random,RF,onehot,4,RBG-18-0140-1_S14_L001,0,0.83
CTX,random,RF,onehot,4,RBG-18-0153-1_S14,0,0.7332271922521924
CTX,random,RF,onehot,4,RBG-18-0200-1_S18_L001,1,0.8924733438560066
CTX,random,RF,onehot,4,RBG-18-0206-2_S46,0,0.056
CTX,random,RF,onehot,4,RBG-18-0221-1_S47,0,0.368
CTX,random,RF,onehot,4,RBG-18-0279-1_S36,1,0.9628050007611927
CTX,random,RF,onehot,4,RBG-18-0347-1_S22_L001,0,0.594
CTX,random,RF,onehot,4,RBG-18-0352-1_S21_L001,0,0.074
CTX,random,RF,onehot,4,RBG-18-0358-1_S39,1,0.752
CTX,random,RF,onehot,4,RBG-18-0381-1_S49,0,0.0
CTX,random,RF,onehot,4,RBG-18-0383-1_S37,1,0.98
CTX,random,RF,onehot,4,RBG-18-0394-1_S23_L001,0,0.234
CTX,random,RF,onehot,4,RBK-16-007-1_S13,1,0.616
CTX,random,RF,onehot,4,RBK-17-0595-1_S187,1,0.862
CTX,random,RF,onehot,4,RBK-18-0019-1_S195,0,0.032
CTX,random,RF,onehot,4,RBK-18-0047-1_S20,0,0.572
CTX,random,RF,onehot,4,RBK-18-0080-1_S205,0,0.324
CTX,random,RF,onehot,4,RBK-18-0236-2_S52_2,1,0.6
CTX,random,RF,onehot,4,RBKk-18-0108-1_S201,1,0.9905187165775401
CTX,random,RF,onehot,4,RBL-17-0107-1_S150,0,0.332
CTX,random,RF,onehot,4,RBL-17-0117-1_S155,0,0.326
CTX,random,RF,onehot,4,RBL-17-0123-1_S157,0,0.23
CTX,random,RF,onehot,4,RBL-17-0133-1_S159,0,0.184
CTX,random,RF,onehot,4,RBL-17-0138-1_S162,0,0.092
CTX,random,RF,onehot,4,RBL-17-0159-1_S166,0,0.56
CTX,random,RF,onehot,4,RBL-17-0189-1_S172,0,0.052
CTX,random,RF,onehot,4,RBL-17-0199-1_S174,0,0.8770924575424577
CTX,random,RF,onehot,4,RBL-17-0259-1_S99,0,0.36
CTX,random,RF,onehot,4,RBL-17-0261-1_S100,0,0.504
CTX,random,RF,onehot,4,RBL-17-0263-1_S102,0,0.046
CTX,random,RF,onehot,4,RBL-17-0327-1_S116,0,0.016
CTX,random,RF,onehot,4,RBL-17-0328-1_S117,0,0.398
CTX,random,RF,onehot,4,RBL-17-0360-1_S108,0,0.578
CTX,random,RF,onehot,4,RBL-17-0383-1_S119,0,0.118
CTX,random,RF,onehot,4,RBL-17-0390-1_S121,0,0.0
CTX,random,RF,onehot,4,RBL-17-0402-1_S126,0,0.006
CTX,random,RF,onehot,4,RBL-17-0428-1_S70,1,0.986
CTX,random,RF,onehot,4,RBL-17-0432-1_S132,0,0.4536
CTX,random,RF,onehot,4,RBL-17-0434-1_S133,0,0.796
CTX,random,RF,onehot,4,RBL-18-0019-1_S41,0,0.048
CTX,random,RF,onehot,4,RBL-18-0032-1_S167,0,0.222
CTX,random,RF,onehot,4,RBL-18-0048-1_S44,0,0.988591563991564
CTX,random,RF,onehot,4,RBL-18-0059-1_S171,0,0.819759885092548
CTX,random,RF,onehot,4,RBL-18-0343-1_S6,1,0.278
CTX,random,RF,onehot,4,RBT-17-0009-1_S21,0,0.304
CTX,random,RF,onehot,4,RBT-17-0024-1_S23,0,0.138
CTX,random,RF,onehot,4,RBT-17-0090-1_S32,0,0.264
CTX,random,RF,onehot,4,RBT-17-0138-1_S52,0,0.234
CTX,random,RF,onehot,4,RBT-17-0165-1_S60,0,0.048
CTX,random,RF,onehot,4,RBT-17-0168-1_S61,0,0.034
CTX,random,RF,onehot,4,RBT-17-0174-1_S64,0,0.224
CTX,random,RF,onehot,4,RBT-17-0183-1_S67,0,0.376
CTX,random,RF,onehot,4,RBT-17-0238-1_S59,0,0.706
CTX,random,RF,onehot,4,RBT-17-0279-1_S12,0,0.536
CTX,random,RF,onehot,4,RBT-17-0287-1_S10,0,0.434
CTX,random,RF,onehot,4,RBT-17-0328-1_S16,1,0.9296666666666668
CTX,random,RF,onehot,4,RBT-18-0021-1_S56,1,0.8942017820844451
CTX,random,RF,onehot,4,RBT-18-0056-1_S37,0,0.002
CTX,random,RF,onehot,4,RBT-18-0096-1_S20,0,0.046
CTX,random,RF,onehot,4,RBT-18-0103-1_S24,0,0.114
CTX,random,RF,onehot,4,RBT-18-0113-1_S44,0,0.174
CTX,random,RF,onehot,4,RBT-18-0115-1_S45,0,0.266
CTX,random,RF,onehot,4,RBT-18-0121-1_S28,0,0.084
CTX,random,RF,onehot,4,RBT-18-0122-1_S63,0,0.466
CTX,random,RF,onehot,4,RBT-18-0125-1_S50,0,0.15
CTX,random,RF,onehot,4,RBT-18-0205-1_S6,1,0.8996298840048841
CTX,random,RF,onehot,4,RBT-18-0246-1_S52,0,0.144
CTX,random,RF,onehot,4,RBT-18-0247-1_S16,1,0.788
CTX,random,RF,onehot,4,RBT-18-0251-1_S7,0,0.334
CTX,random,RF,onehot,4,RBT-18-0265-1_S59,0,0.202
CTX,random,RF,onehot,4,RBT-18-0308-1_S34,0,0.406
CTX,random,RF,onehot,4,RBT-18-0351-1_S48,0,0.164
CTX,random,RF,onehot,4,RBT-18-0368-1_S32,1,0.17
CTX,random,RF,onehot,4,RBT-18-0372-1_S31,1,0.87375
CTX,random,RF,onehot,4,RBT-18-0377-1_S1,0,0.17
CTX,random,RF,onehot,4,RBT-18-0384-1_S40,0,0.0
CTX,random,RF,onehot,4,RBT-18-0391-1_S35,1,0.9205435512200224
CTX,random,RF,onehot,4,RBT-18-0392-1_S56,1,0.8619563492063491
CTX,random,RF,onehot,4,ResetH10_S1_L001,1,0.212
CTX,random,RF,onehot,4,ResetH139_S3_L001,1,0.908
CTX,random,RF,onehot,4,ResetH24a_S3_2_L001,1,0.984
CTX,random,RF,onehot,4,ResetH44_S3_L001,1,0.426
CTX,random,RF,onehot,4,ResetH63_S7_L001,1,0.8942017820844451
CTX,random,RF,onehot,4,ResetH8_S2_L001,1,0.338
CTX,random,RF,onehot,4,ResetV161_S3_L001,1,0.578
CTX,random,RF,onehot,4,Survcare133_S25,1,0.968
CTX,random,RF,onehot,4,Survcare140_S4_L001,1,0.964
CTX,random,RF,onehot,4,Survcare262_S23_L001,1,0.414
CTX,random,RF,onehot,4,Survcare278_S62,1,0.862
CTX,random,RF,onehot,4,Survcare292_S39,1,0.338
CTX,random,RF,onehot,4,Survcare293_S40,1,0.972
CTX,random,RF,onehot,4,Survcare295_S8_L001,1,0.828
CTX,random,RF,onehot,4,Survcare310_S21_L001,1,0.254
CTX,random,RF,onehot,4,Survcare335_S11,1,0.922
CTX,random,RF,onehot,4,V108_S2_L001,1,0.588
CTX,random,RF,onehot,4,V152_S3_L001,1,0.056
CTX,random,RF,onehot,4,V153_S4_L001,1,0.86
CTX,random,RF,onehot,4,V163_S6_L001,1,0.384
CTX,random,RF,onehot,4,V177_S6_L001,1,0.388
CTX,random,RF,onehot,4,V183_S7_L001,1,0.418
CTX,random,RF,onehot,4,V195_S1_L001,1,0.126
CTX,random,RF,onehot,4,V80_S7_L001,1,0.348
CTX,random,RF,onehot,4,V89_S1_L001,1,0.402
CTX,random,RF,onehot,4,V9_S1_L001,1,0.734
CTX,random,RF,onehot,4,V96_S2_L001,1,0.97
CTX,random,RF,onehot,4,W2RBL-16-018-1_S15,1,0.7296
CTX,random,RF,onehot,4,wdhRBF-17-0567-1_S122,0,0.32
CTX,random,RF,onehot,4,wdhRBF-18-0098-1_S19_L001,0,0.182
CTX,random,RF,onehot,4,WDHRBG-16-049-1_S87,0,0.498
CTX,random,RF,onehot,4,WDHRBG-17-0093-1_S1,1,0.814
CTX,random,RF,onehot,4,WDHRBG-17-122-1_S48,0,0.646
CTX,random,RF,onehot,4,wRBG-17-014-1_S167,0,0.712
CTX,random,RF,onehot,4,wRBG-17-022-1_S43,1,0.884
CTX,random,RF,onehot,4,wRBG-17-081-1_S117,0,0.172
CTX,random,RF,onehot,4,wRBG-17-100-1_S104,0,0.198
CTX,random,RF,onehot,4,wwRBB-17-031-1_S25,1,0.238
CTX,random,RF,onehot,4,wwRBF-17-251-1_S33,1,0.996
CTX,random,RF,onehot,4,wwRBK-17-0148-2_S38,1,0.8942017820844451
CTX,random,RF,onehot,4,wwRBL-17-004-1_S44,1,0.8432255246817169
