antibiotic,split,model,encoding,fold,isolate,y_true,prob
CTX,lineage,LR,label,0,H113_S6_L001,1,0.0005768019473180175
CTX,lineage,LR,label,0,H116_S8_L001,1,0.9996160268783569
CTX,lineage,LR,label,0,H122_S4_L001,1,0.9929022192955017
CTX,lineage,LR,label,0,H141_S6_L001,1,0.07461731135845184
CTX,lineage,LR,label,0,H162_S4_L001,1,0.9999231100082397
CTX,lineage,LR,label,0,H176_S5_L001,1,0.0014966040616855025
CTX,lineage,LR,label,0,H38_S4_L001,1,1.0
CTX,lineage,LR,label,0,NNRBG-17-0196-1_S3,0,1.020361014525406e-05
CTX,lineage,LR,label,0,NNRBG-17-0199-1_S5,0,2.320088242413476e-05
CTX,lineage,LR,label,0,NNRBG-17-0287-1_S17,0,0.9990767240524292
CTX,lineage,LR,label,0,NNRBG-17-0319-1_S24,0,0.02065196819603443
CTX,lineage,LR,label,0,NNRBG-17-0328-1_S25,0,0.023791592568159103
CTX,lineage,LR,label,0,NNRBG-17-0329-1_S26,0,4.761176387546584e-05
CTX,lineage,LR,label,0,NNRBG-17-0399-1_S40,0,0.08256490528583527
CTX,lineage,LR,label,0,NNSurvcare045_S41,1,0.9950456619262695
CTX,lineage,LR,label,0,RBB-18-0129-1_S179,1,0.0041125863790512085
CTX,lineage,LR,label,0,RBB-18-0892-1_S80_2,1,0.9999988079071045
CTX,lineage,LR,label,0,RBB-18-0972-1_S203_2,1,0.9999986886978149
CTX,lineage,LR,label,0,RBB-18-1086-1_S189_2,1,0.9996945858001709
CTX,lineage,LR,label,0,RBB-18-1212-1_S67_2,1,0.9991660118103027
CTX,lineage,LR,label,0,RBB-18-1488-1_S46,1,0.00033704901579767466
CTX,lineage,LR,label,0,RBF-10-0240-1_S12_L001,0,0.0044989497400820255
CTX,lineage,LR,label,0,RBF-16-0064-1_S136,0,0.005945908837020397
CTX,lineage,LR,label,0,RBF-17-0164-1_S137,0,7.311560801248618e-10
CTX,lineage,LR,label,0,RBF-17-0173-1_S138,0,0.04859619215130806
CTX,lineage,LR,label,0,RBF-17-0194-1_S140,0,0.03811461478471756
CTX,lineage,LR,label,0,RBF-17-0520-2_S55,1,4.2866361127380515e-07
CTX,lineage,LR,label,0,RBF-17-0538-1_S82,0,2.6081122996401973e-05
CTX,lineage,LR,label,0,RBF-17-0589-1_S92,0,4.948819132266635e-09
CTX,lineage,LR,label,0,RBF-17-0602-1_S93,0,0.012447601184248924
CTX,lineage,LR,label,0,RBF-17-0647-1_S99,0,0.0003220822545699775
CTX,lineage,LR,label,0,RBF-17-0648-1_S100,0,7.547399662709287e-13
CTX,lineage,LR,label,0,RBF-17-277-1_S73,1,2.0347752074847264e-13
CTX,lineage,LR,label,0,RBF-18-0085-1_S21,0,7.209208433778258e-06
CTX,lineage,LR,label,0,RBF-18-0086-1_S22,0,9.596174965764703e-10
CTX,lineage,LR,label,0,RBF-18-0123-1_S25_L001,1,1.7593790804120747e-14
CTX,lineage,LR,label,0,RBF-18-0127-1_S32,0,0.6698519587516785
CTX,lineage,LR,label,0,RBF-18-0160-1_S37,0,0.9997407793998718
CTX,lineage,LR,label,0,RBF-18-0214-1_S51,0,0.002371567999944091
CTX,lineage,LR,label,0,RBF-18-0217-1_S54,0,5.961054566627766e-12
CTX,lineage,LR,label,0,RBF-18-0252-1_S56,0,0.0029997273813933134
CTX,lineage,LR,label,0,RBF-18-0310-1_S36,0,0.999935507774353
CTX,lineage,LR,label,0,RBF-18-0405-1_S81_2,1,0.6917504072189331
CTX,lineage,LR,label,0,RBG-18-0025-1_S9_L001,0,1.5507069406339724e-08
CTX,lineage,LR,label,0,RBG-18-0029-1_S40,0,2.189400902352645e-06
CTX,lineage,LR,label,0,RBG-18-0185-1_S40,0,0.016257131472229958
CTX,lineage,LR,label,0,RBG-18-0191-1_S11_L001,0,0.0014691274845972657
CTX,lineage,LR,label,0,RBG-18-0202-1_S13_L001,0,0.1189933717250824
CTX,lineage,LR,label,0,RBG-18-0256-1_S8_L001,1,0.0001268920605070889
CTX,lineage,LR,label,0,RBG-18-0265-1_S49,0,0.0005005102138966322
CTX,lineage,LR,label,0,RBG-18-0276-1_S50,0,0.9999040365219116
CTX,lineage,LR,label,0,RBG-18-0301-1_S53,0,0.001174694625660777
CTX,lineage,LR,label,0,RBG-18-0367-1_S57,0,1.2585539479914587e-05
CTX,lineage,LR,label,0,RBG-18-0383-1_S37,1,0.9851696491241455
CTX,lineage,LR,label,0,RBG-18-0394-1_S23_L001,0,0.00048139545833691955
CTX,lineage,LR,label,0,RBG-18-0402-1_S50,1,0.9999719858169556
CTX,lineage,LR,label,0,RBK-18-0019-1_S195,0,0.0017232658574357629
CTX,lineage,LR,label,0,RBK-18-0022-1_S197,0,1.1388921489913217e-12
CTX,lineage,LR,label,0,RBK-18-0038-1_S200,0,0.0006784076686017215
CTX,lineage,LR,label,0,RBL-17-0076-1_S32,0,0.00015982442710082978
CTX,lineage,LR,label,0,RBL-17-0104-1_S149,0,0.019826343283057213
CTX,lineage,LR,label,0,RBL-17-0117-1_S155,0,0.0011532118078321218
CTX,lineage,LR,label,0,RBL-17-0129-1_S158,0,0.0020915947388857603
CTX,lineage,LR,label,0,RBL-17-0133-1_S159,0,0.001925148069858551
CTX,lineage,LR,label,0,RBL-17-0135-1_S160,0,0.022708754986524582
CTX,lineage,LR,label,0,RBL-17-0136-1_S161,0,0.000665424217004329
CTX,lineage,LR,label,0,RBL-17-0138-1_S162,0,5.665340836458199e-07
CTX,lineage,LR,label,0,RBL-17-0155-1_S165,0,0.05280734598636627
CTX,lineage,LR,label,0,RBL-17-0197-1_S173,0,0.00029603386064991355
CTX,lineage,LR,label,0,RBL-17-0235-1_S92,0,0.0007110876613296568
CTX,lineage,LR,label,0,RBL-17-0261-1_S100,0,0.9957382678985596
CTX,lineage,LR,label,0,RBL-17-0300-1_S112,0,0.009144184179604053
CTX,lineage,LR,label,0,RBL-17-0375-1_S117,0,1.0
CTX,lineage,LR,label,0,RBL-17-0391-1_S122,0,7.108777208486572e-05
CTX,lineage,LR,label,0,RBL-17-0393-1_S123,0,0.0011821886291727424
CTX,lineage,LR,label,0,RBL-17-0409-1_S127,0,0.0019901280757039785
CTX,lineage,LR,label,0,RBL-17-0428-1_S70,1,0.994629442691803
CTX,lineage,LR,label,0,RBL-17-0429-1_S130,0,5.158715907782607e-07
CTX,lineage,LR,label,0,RBL-18-0019-1_S41,0,0.00010193430352956057
CTX,lineage,LR,label,0,RBL-18-0032-1_S167,0,0.9983558058738708
CTX,lineage,LR,label,0,RBL-18-0037-1_S168,0,0.6857831478118896
CTX,lineage,LR,label,0,RBL-18-0055-1_S170,0,0.8792446851730347
CTX,lineage,LR,label,0,RBL-18-0131-1_S188_2,1,3.082885086769238e-05
CTX,lineage,LR,label,0,RBT-17-0011-1_S19,0,0.004472894128412008
CTX,lineage,LR,label,0,RBT-17-0019-1_S62,1,0.9979256391525269
CTX,lineage,LR,label,0,RBT-17-0024-1_S23,0,0.011558720842003822
CTX,lineage,LR,label,0,RBT-17-0082-1_S30,0,0.0007073824526742101
CTX,lineage,LR,label,0,RBT-17-0090-1_S32,0,2.8279544039833127e-07
CTX,lineage,LR,label,0,RBT-17-0097-1_S34,1,0.999799907207489
CTX,lineage,LR,label,0,RBT-17-0109-1_S40,0,0.0046112616546452045
CTX,lineage,LR,label,0,RBT-17-0142-1_S53,0,0.0008201246964745224
CTX,lineage,LR,label,0,RBT-17-0149-1_S13,1,1.2013290870527271e-05
CTX,lineage,LR,label,0,RBT-17-0150-1_S54,0,0.00025665920111350715
CTX,lineage,LR,label,0,RBT-17-0156-1_S56,0,0.5424110889434814
CTX,lineage,LR,label,0,RBT-17-0183-1_S67,0,0.003851613262668252
CTX,lineage,LR,label,0,RBT-17-0219-1_S8,1,0.9999878406524658
CTX,lineage,LR,label,0,RBT-17-0243-1_S11,0,0.08812840282917023
CTX,lineage,LR,label,0,RBT-17-0337-1_S19,0,0.09092363715171814
CTX,lineage,LR,label,0,RBT-18-0030-1_S69,0,0.0005261342157609761
CTX,lineage,LR,label,0,RBT-18-0066-1_S40,0,0.15905848145484924
CTX,lineage,LR,label,0,RBT-18-0080-1_S49,1,1.0
CTX,lineage,LR,label,0,RBT-18-0113-1_S44,0,0.0014581471914425492
CTX,lineage,LR,label,0,RBT-18-0125-1_S50,0,0.11199339479207993
CTX,lineage,LR,label,0,RBT-18-0134-1_S29,0,0.04691031202673912
CTX,lineage,LR,label,0,RBT-18-0230-1_S45,0,1.7523885844639153e-06
CTX,lineage,LR,label,0,RBT-18-0303-1_S20,0,0.9809644818305969
CTX,lineage,LR,label,0,RBT-18-0317-1_S27,0,0.002880524843931198
CTX,lineage,LR,label,0,RBT-18-0325-1_S44,0,0.8588712811470032
CTX,lineage,LR,label,0,RBT-18-0360-1_S39,0,0.9766270518302917
CTX,lineage,LR,label,0,ResetH24a_S3_2_L001,1,0.9999058246612549
CTX,lineage,LR,label,0,ResetH68_S1_L001,1,0.007819024845957756
CTX,lineage,LR,label,0,ResetH8_S2_L001,1,0.0002331925497855991
CTX,lineage,LR,label,0,ResetV70_S6_L001,1,0.8926265239715576
CTX,lineage,LR,label,0,ResetV74_S7_L001,1,0.6832537651062012
CTX,lineage,LR,label,0,ResetV76_S7_L001,1,0.0005360341747291386
CTX,lineage,LR,label,0,Survcare0111_S29,1,5.639603894991296e-09
CTX,lineage,LR,label,0,Survcare130_S2,1,0.041749272495508194
CTX,lineage,LR,label,0,Survcare234_S3_L001,1,3.0438163776125293e-06
CTX,lineage,LR,label,0,Survcare244_S9_L001,1,0.00014673921396024525
CTX,lineage,LR,label,0,Survcare262_S23_L001,1,0.0021342055406421423
CTX,lineage,LR,label,0,Survcare310_S21_L001,1,0.03514300286769867
CTX,lineage,LR,label,0,Survcare318_S20_L001,1,0.999855637550354
CTX,lineage,LR,label,0,Survcare319_S16,1,0.23260538280010223
CTX,lineage,LR,label,0,Survcare360_S84,1,0.9999997615814209
CTX,lineage,LR,label,0,V1_S6_L001,1,0.9984210729598999
CTX,lineage,LR,label,0,V114_S5_L001,1,0.9998369216918945
CTX,lineage,LR,label,0,V131_S7_L001,1,4.1748441503841605e-07
CTX,lineage,LR,label,0,V163_S6_L001,1,0.9999592304229736
CTX,lineage,LR,label,0,V177_S6_L001,1,0.9860489368438721
CTX,lineage,LR,label,0,V183_S7_L001,1,0.0069978381507098675
CTX,lineage,LR,label,0,V201_S4_L001,1,0.9988316893577576
CTX,lineage,LR,label,0,V279_S8_L001,1,6.479367129941238e-06
CTX,lineage,LR,label,0,V283_S5_L001,1,7.272690254467307e-06
CTX,lineage,LR,label,0,V292_S6_L001,1,1.0
CTX,lineage,LR,label,0,V41_S2_L001,1,0.9999969005584717
CTX,lineage,LR,label,0,V98_S3_L001,1,0.9992631077766418
CTX,lineage,LR,label,0,W2RBF-17-133-1_S28,1,1.0
CTX,lineage,LR,label,0,wdh-RBB-16-025-1_S20,1,4.9142498028231785e-05
CTX,lineage,LR,label,0,wdhRBF-18-0057_S14_L001,0,0.9361888766288757
CTX,lineage,LR,label,0,wdhRBF-18-0081-1_S18_L001,0,0.3476099967956543
CTX,lineage,LR,label,0,WDHRBG-16-049-1_S87,0,0.40904173254966736
CTX,lineage,LR,label,0,wNRZ-32446_S79,1,2.5975283278967254e-05
CTX,lineage,LR,label,0,wRBG-16-026-1_S163,0,4.7989611630328e-05
CTX,lineage,LR,label,0,wRBG-16-032-1_S142,0,0.0005650631501339376
CTX,lineage,LR,label,0,wRBG-17-021-1_S166,0,9.521108040644322e-06
CTX,lineage,LR,label,0,wRBG-17-025-1_S133,0,7.170420257551768e-09
CTX,lineage,LR,label,0,wRBG-17-058-1_S130,0,1.266024014512368e-06
CTX,lineage,LR,label,0,wRBG-17-072-1_S129,0,4.589381603636866e-07
CTX,lineage,LR,label,0,wRBG-17-081-1_S117,0,3.318737799418159e-05
CTX,lineage,LR,label,0,wRBG-17-100-1_S104,0,0.8902408480644226
CTX,lineage,LR,label,0,wwRBL-16-111-1_S16,1,0.9916592240333557
CTX,lineage,LR,label,0,WWSurvcare043_S43,1,0.033752940595149994
CTX,lineage,LR,label,1,H100_S2_L001,1,0.00015053022070787847
CTX,lineage,LR,label,1,H136_S7_L001,1,1.1281243814664776e-06
CTX,lineage,LR,label,1,H50_S7_L001,1,0.002892733085900545
CTX,lineage,LR,label,1,H69_S6_L001,1,0.9844818115234375
CTX,lineage,LR,label,1,NNRBG-17-0201-1_S6,0,6.732740075676702e-06
CTX,lineage,LR,label,1,NNRBG-17-0308-1_S20,0,9.013467206386849e-05
CTX,lineage,LR,label,1,NNRBG-17-0316-1_S23,0,0.06422264128923416
CTX,lineage,LR,label,1,RBB-18-0490-1_S20_L001,1,0.8118764758110046
CTX,lineage,LR,label,1,RBB-18-0765-1_S191,1,0.8761033415794373
CTX,lineage,LR,label,1,RBF-17-0178-1_S139,0,0.18721067905426025
CTX,lineage,LR,label,1,RBF-17-0195-1_S141,0,0.9870356917381287
CTX,lineage,LR,label,1,RBF-17-0508-1_S73,0,0.974213182926178
CTX,lineage,LR,label,1,RBF-17-0509-1_S74,0,5.823842730023898e-05
CTX,lineage,LR,label,1,RBF-17-0532-1_S80,0,0.00016846935614012182
CTX,lineage,LR,label,1,RBF-17-0532-2_S31,0,4.983619146514684e-05
CTX,lineage,LR,label,1,RBF-17-0540-1_S83,0,0.49141353368759155
CTX,lineage,LR,label,1,RBF-17-0664-1_S63,1,0.6598851680755615
CTX,lineage,LR,label,1,RBF-18-0055-1_S11,0,0.8630573153495789
CTX,lineage,LR,label,1,RBF-18-0069-1_S78,1,0.9998279809951782
CTX,lineage,LR,label,1,RBF-18-0087-1_S23,0,0.0036541041918098927
CTX,lineage,LR,label,1,RBF-18-0088-1_S24,0,1.6548474377486855e-05
CTX,lineage,LR,label,1,RBF-18-0121-1_S28,0,4.027209854484681e-08
CTX,lineage,LR,label,1,RBF-18-0126-1_S31,0,0.0015586740337312222
CTX,lineage,LR,label,1,RBF-18-0135-1_S34,0,1.9639523088699207e-05
CTX,lineage,LR,label,1,RBF-18-0147-1_S36,0,0.00460197776556015
CTX,lineage,LR,label,1,RBF-18-0151-1_S83,1,4.56308816865203e-06
CTX,lineage,LR,label,1,RBF-18-0172-1_S40,0,1.243190439481623e-07
CTX,lineage,LR,label,1,RBF-18-0201-1_S49,0,0.009326995350420475
CTX,lineage,LR,label,1,RBF-18-0333-1_S70,0,4.788766455021687e-05
CTX,lineage,LR,label,1,RBG-18-0023-1_S2,0,0.027948245406150818
CTX,lineage,LR,label,1,RBG-18-0054-1_S42,0,7.974027539603412e-05
CTX,lineage,LR,label,1,RBG-18-0055-1_S43,0,0.0005358581547625363
CTX,lineage,LR,label,1,RBG-18-0077-1_S9,1,0.14869077503681183
CTX,lineage,LR,label,1,RBG-18-0113-1_S13_L001,0,4.8864447308005765e-05
CTX,lineage,LR,label,1,RBG-18-0193-1_S8,0,2.4679962734808214e-05
CTX,lineage,LR,label,1,RBG-18-0194-1_S45,0,7.288858228093886e-08
CTX,lineage,LR,label,1,RBG-18-0206-2_S46,0,0.003845816245302558
CTX,lineage,LR,label,1,RBG-18-0308-1_S54,1,0.9991719722747803
CTX,lineage,LR,label,1,RBG-18-0347-1_S22_L001,0,0.9901385307312012
CTX,lineage,LR,label,1,RBK-16-079-1_S15,1,0.04019097238779068
CTX,lineage,LR,label,1,RBK-16-124-1_S16,1,0.0007323707104660571
CTX,lineage,LR,label,1,RBK-18-0020-1_S19,0,1.968420519915526e-06
CTX,lineage,LR,label,1,RBk-18-0216-1_S231_2,0,0.9984065890312195
CTX,lineage,LR,label,1,RBK-18-0250-1_S235_2,0,0.002476866589859128
CTX,lineage,LR,label,1,RBL-17-0095-1_S147,0,1.1900267054443248e-05
CTX,lineage,LR,label,1,RBL-17-0159-1_S166,0,0.9977832436561584
CTX,lineage,LR,label,1,RBL-17-0232-1_S91,0,0.08998536318540573
CTX,lineage,LR,label,1,RBL-17-0246-1_S94,0,0.0033698200713843107
CTX,lineage,LR,label,1,RBL-17-0263-1_S102,0,5.127315603203897e-07
CTX,lineage,LR,label,1,RBL-17-0283-1_S27,0,0.8813828229904175
CTX,lineage,LR,label,1,RBL-17-0306-1_S50,1,0.011001123115420341
CTX,lineage,LR,label,1,RBL-17-0324-1_S54,1,0.9987459182739258
CTX,lineage,LR,label,1,RBL-17-0349-1_S105,0,0.018079042434692383
CTX,lineage,LR,label,1,RBL-17-0365-1_S112,0,5.737952335493901e-08
CTX,lineage,LR,label,1,RBL-17-0374-1_S116,0,0.017800137400627136
CTX,lineage,LR,label,1,RBL-17-0383-1_S119,0,0.7584201097488403
CTX,lineage,LR,label,1,RBL-17-0397-1_S125,0,0.004220723640173674
CTX,lineage,LR,label,1,RBL-18-0021-1_S42,0,0.9921087622642517
CTX,lineage,LR,label,1,RBL-18-0022-1_S43,0,0.016080370172858238
CTX,lineage,LR,label,1,RBT-17-0008-1_S18,0,0.0016559100477024913
CTX,lineage,LR,label,1,RBT-17-0033-1_S12,1,0.13101743161678314
CTX,lineage,LR,label,1,RBT-17-0079-1_S29,0,0.004381918348371983
CTX,lineage,LR,label,1,RBT-17-0084-1_S31,0,1.3623066479340196e-05
CTX,lineage,LR,label,1,RBT-17-0113-1_S42,0,0.00011793708108598366
CTX,lineage,LR,label,1,RBT-17-0118-1_S45,0,0.9981901049613953
CTX,lineage,LR,label,1,RBT-17-0124-1_S46,0,4.683142469730228e-05
CTX,lineage,LR,label,1,RBT-17-0133-1_S6,0,0.1138526201248169
CTX,lineage,LR,label,1,RBT-17-0163-1_S59,0,0.022160161286592484
CTX,lineage,LR,label,1,RBT-17-0167-1_S27,0,0.008346084505319595
CTX,lineage,LR,label,1,RBT-17-0173-1_S63,0,0.0004249672347214073
CTX,lineage,LR,label,1,RBT-17-0188-1_S68,1,5.875068487259938e-11
CTX,lineage,LR,label,1,RBT-17-0194-1_S30,0,0.00041772989789023995
CTX,lineage,LR,label,1,RBT-17-0217-1_S7,0,0.9996893405914307
CTX,lineage,LR,label,1,RBT-17-0225-1_S9,0,1.3163335097488016e-06
CTX,lineage,LR,label,1,RBT-17-0232-1_S58,0,1.0
CTX,lineage,LR,label,1,RBT-17-0256-1_S25,0,0.9999390840530396
CTX,lineage,LR,label,1,RBT-17-0279-1_S12,0,1.9361871181899915e-06
CTX,lineage,LR,label,1,RBT-17-0291-1_S14,0,4.431934576132335e-05
CTX,lineage,LR,label,1,RBT-18-0004-1_S51,1,0.06727879494428635
CTX,lineage,LR,label,1,RBT-18-0046-1_S2,0,0.9382284879684448
CTX,lineage,LR,label,1,RBT-18-0050-1_S34,0,0.00010113968164660037
CTX,lineage,LR,label,1,RBT-18-0052-1_S35,1,1.74985034391284e-05
CTX,lineage,LR,label,1,RBT-18-0101-1_S22,0,3.743019405533232e-08
CTX,lineage,LR,label,1,RBT-18-0103-1_S24,0,0.9931172132492065
CTX,lineage,LR,label,1,RBT-18-0122-1_S63,0,0.9926733374595642
CTX,lineage,LR,label,1,RBT-18-0127-1_S51,0,3.1621253583580256e-05
CTX,lineage,LR,label,1,RBT-18-0133-1_S30,0,0.4737769365310669
CTX,lineage,LR,label,1,RBT-18-0197-1_S40,0,7.4536951615300495e-06
CTX,lineage,LR,label,1,RBT-18-0224-1_S43,0,0.00015336704382207245
CTX,lineage,LR,label,1,RBT-18-0231-1_S14,1,3.096822911174968e-05
CTX,lineage,LR,label,1,RBT-18-0241-1_S50,0,1.0391003343102057e-05
CTX,lineage,LR,label,1,RBT-18-0246-1_S52,0,7.183746674854774e-06
CTX,lineage,LR,label,1,RBT-18-0247-1_S16,1,0.22995084524154663
CTX,lineage,LR,label,1,RBT-18-0253-1_S54,0,0.9999911785125732
CTX,lineage,LR,label,1,RBT-18-0269-1_S61,0,0.009320094250142574
CTX,lineage,LR,label,1,RBT-18-0271-1_S62,0,1.666786556597799e-05
CTX,lineage,LR,label,1,RBT-18-0292-1_S70,0,0.021589184179902077
CTX,lineage,LR,label,1,RBT-18-0293-1_S71,0,1.0718064913817216e-05
CTX,lineage,LR,label,1,RBT-18-0339-1_S47,0,1.0000951988331508e-05
CTX,lineage,LR,label,1,RBT-18-0361-1_S38,0,2.8307495085755363e-06
CTX,lineage,LR,label,1,RBT-18-0377-1_S1,0,0.0013978260103613138
CTX,lineage,LR,label,1,ResetH16_S2_L001,1,0.35441911220550537
CTX,lineage,LR,label,1,ResetH45_S5_L001,1,9.450683137401938e-06
CTX,lineage,LR,label,1,ResetH92_S4_L001,1,0.9842149615287781
CTX,lineage,LR,label,1,ResetH98_S4_L001,1,0.016614316031336784
CTX,lineage,LR,label,1,ResetV143_S2_L001,1,1.0493904483155347e-05
CTX,lineage,LR,label,1,ResetV210_S4_L001,1,0.9999977350234985
CTX,lineage,LR,label,1,ResetV63_S5_L001,1,0.0004440179036464542
CTX,lineage,LR,label,1,Survcare052_S22,1,0.9999988079071045
CTX,lineage,LR,label,1,Survcare125_S25,1,0.9984523057937622
CTX,lineage,LR,label,1,Survcare190_S35,1,3.216449613319128e-06
CTX,lineage,LR,label,1,Survcare221_S7_L001,1,0.002772351959720254
CTX,lineage,LR,label,1,Survcare230_S17_L001,1,0.9999983310699463
CTX,lineage,LR,label,1,Survcare289_S36,1,0.19038507342338562
CTX,lineage,LR,label,1,Survcare292_S39,1,0.9999992847442627
CTX,lineage,LR,label,1,Survcare293_S40,1,0.25196704268455505
CTX,lineage,LR,label,1,Survcare309_S20_L001,1,0.11305616050958633
CTX,lineage,LR,label,1,Survcare334_S10,1,0.996793806552887
CTX,lineage,LR,label,1,Survcare335_S11,1,0.9999980926513672
CTX,lineage,LR,label,1,Survcare350_S44,1,0.00066999695263803
CTX,lineage,LR,label,1,V123_S1_L001,1,0.09433888643980026
CTX,lineage,LR,label,1,V130_S5_L001,1,0.9999983310699463
CTX,lineage,LR,label,1,V139_S7_L001,1,0.9999934434890747
CTX,lineage,LR,label,1,V152_S3_L001,1,0.4296841323375702
CTX,lineage,LR,label,1,V153_S4_L001,1,0.002953937044367194
CTX,lineage,LR,label,1,V155_S5_L001,1,0.002148448256775737
CTX,lineage,LR,label,1,V158_S4_L001,1,0.9929091930389404
CTX,lineage,LR,label,1,V182_S6_L001,1,0.9287099838256836
CTX,lineage,LR,label,1,V268_S12_L001,1,0.9999994039535522
CTX,lineage,LR,label,1,V271_S13_L001,1,0.999954104423523
CTX,lineage,LR,label,1,V64_S3_L001,1,6.734557246090844e-05
CTX,lineage,LR,label,1,V79_S6_L001,1,0.8621229529380798
CTX,lineage,LR,label,1,V8_S7_L001,1,0.9598350524902344
CTX,lineage,LR,label,1,W2RBF-17-090-1_S26,1,2.146717692497191e-09
CTX,lineage,LR,label,1,wdh2NRZ-29911a_S31,1,6.0340051277307793e-05
CTX,lineage,LR,label,1,wdhRBF-18-0025-1_S11_L001,0,0.995681643486023
CTX,lineage,LR,label,1,wdhRBF-18-0049-1_S13_L001,0,6.008333978932997e-16
CTX,lineage,LR,label,1,wdhRBF-18-0080-1_S17_L001,0,0.8990246057510376
CTX,lineage,LR,label,1,wdhRBF-18-0098-1_S19_L001,0,0.01491027045994997
CTX,lineage,LR,label,1,WDHRBG-16-050-1_S40,1,0.9999951124191284
CTX,lineage,LR,label,1,WDHRBG-16-060-1_S27,0,1.1042060577892698e-05
CTX,lineage,LR,label,1,WDHRBG-17-0093-1_S1,1,0.9998383522033691
CTX,lineage,LR,label,1,WDHRBG-17-121-1_S46,0,0.005608097650110722
CTX,lineage,LR,label,1,wNRZ-33910_S81,1,0.9999985694885254
CTX,lineage,LR,label,1,wRBG-16-034-1_S164,0,1.0
CTX,lineage,LR,label,1,wRBG-17-014-1_S167,0,4.237935158357686e-08
CTX,lineage,LR,label,1,wRBG-17-034-1_S121,0,0.00010591899626888335
CTX,lineage,LR,label,1,wRBG-17-052-1_S120,0,0.0015736432978883386
CTX,lineage,LR,label,1,wRBG-17-082-1_S106,0,2.527733704482671e-05
CTX,lineage,LR,label,1,wRBG-17-112-1_S146,0,2.83571068848687e-07
CTX,lineage,LR,label,1,wwRBF-16-094-1_S13,1,0.00455049891024828
CTX,lineage,LR,label,1,wwRBK-17-0278-1_S41,1,0.9319556951522827
CTX,lineage,LR,label,2,H109_S2_L001,1,0.21369148790836334
CTX,lineage,LR,label,2,H17_S2_L001,1,0.9999997615814209
CTX,lineage,LR,label,2,H37_S3_L001,1,1.0
CTX,lineage,LR,label,2,H66_S1_L001,1,0.9927000403404236
CTX,lineage,LR,label,2,NNRBG-17-0193-1_S2,0,0.0004967577406205237
CTX,lineage,LR,label,2,NNRBG-17-0198-1_S4,0,0.862994372844696
CTX,lineage,LR,label,2,NNRBG-17-0205-1_S7,0,0.9980694651603699
CTX,lineage,LR,label,2,NNRBG-17-0234-1_S9,0,3.2826374081196263e-05
CTX,lineage,LR,label,2,NNRBG-17-0255-1_S14,0,1.0
CTX,lineage,LR,label,2,NNRBG-17-0294-1_S18,0,0.9962770342826843
CTX,lineage,LR,label,2,NNRBG-17-0298-1_S19,0,0.012525620870292187
CTX,lineage,LR,label,2,NNRBG-17-0346-1_S30,0,0.06613834202289581
CTX,lineage,LR,label,2,RBB-18-0519-1_S184,1,8.789407729636878e-06
CTX,lineage,LR,label,2,RBB-18-0546-1_S22_L001,1,0.9999947547912598
CTX,lineage,LR,label,2,RBB-18-0665-1_S23_L001,1,0.9439151883125305
CTX,lineage,LR,label,2,RBB-18-0826-1_S193,1,0.028987599536776543
CTX,lineage,LR,label,2,RBB-18-1312-1_S43,1,0.9999996423721313
CTX,lineage,LR,label,2,RBB-18-1393-1_S48,1,0.9997946619987488
CTX,lineage,LR,label,2,RBB-18-1406-1_S49,1,0.9999998807907104
CTX,lineage,LR,label,2,RBB-18-1502-1_S47,1,0.9999997615814209
CTX,lineage,LR,label,2,RBB-19-0014-1_S44,1,0.0033833924680948257
CTX,lineage,LR,label,2,RBBK18-0189-1_S24_L001,0,0.12561656534671783
CTX,lineage,LR,label,2,RBF-16-073-1_S23,1,0.9993865489959717
CTX,lineage,LR,label,2,RBF-17-0424-1_S15,1,0.9999998807907104
CTX,lineage,LR,label,2,RBF-17-0450-1_S10,1,1.0
CTX,lineage,LR,label,2,RBF-17-0513-1_S76,0,0.9962745904922485
CTX,lineage,LR,label,2,RBF-17-0523-1_S30,0,0.2832019627094269
CTX,lineage,LR,label,2,RBF-17-0614-3_S95,0,4.456911119632423e-05
CTX,lineage,LR,label,2,RBF-17-0630-1_S59,1,3.0161800834704877e-10
CTX,lineage,LR,label,2,RBF-17-0635-1_S98,0,4.196693407720886e-05
CTX,lineage,LR,label,2,RBF-18-0027-1_S5,0,0.999997615814209
CTX,lineage,LR,label,2,RBF-18-0093-1_S80,1,0.9988365769386292
CTX,lineage,LR,label,2,RBF-18-0125-1_S30,0,0.672933042049408
CTX,lineage,LR,label,2,RBF-18-0179-1_S29,0,0.9114887714385986
CTX,lineage,LR,label,2,RBF-18-0200-1_S48,0,4.564470145851374e-05
CTX,lineage,LR,label,2,RBF-18-0208-2_S11_L001,0,0.001296756323426962
CTX,lineage,LR,label,2,RBF-18-0259-1_S33,0,0.0014777107862755656
CTX,lineage,LR,label,2,RBF-18-0339-1_S37,0,0.7708947062492371
CTX,lineage,LR,label,2,RBG-17-0284-1_S59,0,6.334231056337458e-11
CTX,lineage,LR,label,2,RBG-18-0170-1_S41,0,0.006338885519653559
CTX,lineage,LR,label,2,RBG-18-0209-2_S46,0,0.030593091621994972
CTX,lineage,LR,label,2,RBG-18-0223-1_S2,0,5.8805144362850115e-05
CTX,lineage,LR,label,2,RBG-18-0239-1_S4,0,0.5071732401847839
CTX,lineage,LR,label,2,RBG-18-0280-1_S51,0,0.9996166229248047
CTX,lineage,LR,label,2,RBG-18-0312-1_S55,0,0.9990378618240356
CTX,lineage,LR,label,2,RBG-18-0355-1_S19_L001,0,0.26799967885017395
CTX,lineage,LR,label,2,RBG-18-0358-1_S39,1,1.7876113922454806e-09
CTX,lineage,LR,label,2,RBG-18-0417-1_S52,0,0.02483700029551983
CTX,lineage,LR,label,2,RBK-17-049-1_S62,1,0.9825152158737183
CTX,lineage,LR,label,2,RBK-18-0037-1_S199,0,0.9987377524375916
CTX,lineage,LR,label,2,RBK-18-0080-1_S205,0,0.9842777848243713
CTX,lineage,LR,label,2,RBK-18-0104-1_S206,0,1.0120422757609049e-06
CTX,lineage,LR,label,2,RBK-18-0644-1_S180,1,1.7701538845837916e-10
CTX,lineage,LR,label,2,RBL-17-0090-1_S145,0,5.00932458180614e-07
CTX,lineage,LR,label,2,RBL-17-0101-1_S148,0,0.009291286580264568
CTX,lineage,LR,label,2,RBL-17-0123-1_S157,0,0.10925722122192383
CTX,lineage,LR,label,2,RBL-17-0144-1_S163,0,1.0
CTX,lineage,LR,label,2,RBL-17-0172-1_S170,0,0.9998699426651001
CTX,lineage,LR,label,2,RBL-17-0256-1_S98,0,1.8995095842910814e-06
CTX,lineage,LR,label,2,RBL-17-0320-1_S114,0,0.9446458220481873
CTX,lineage,LR,label,2,RBL-17-075-1_S18,1,0.9997438788414001
CTX,lineage,LR,label,2,RBL-18-0002-1_S158,0,0.0012976335128769279
CTX,lineage,LR,label,2,RBT-17-0003-1_S16,0,0.24185822904109955
CTX,lineage,LR,label,2,RBT-17-0022-1_S24,0,0.009689666330814362
CTX,lineage,LR,label,2,RBT-17-0023-1_S25,0,0.1245959997177124
CTX,lineage,LR,label,2,RBT-17-0099-1_S35,0,0.010176427662372589
CTX,lineage,LR,label,2,RBT-17-0107-1_S39,0,9.527989459456876e-05
CTX,lineage,LR,label,2,RBT-17-0130-1_S27,0,0.1013394296169281
CTX,lineage,LR,label,2,RBT-17-0138-1_S52,0,0.9999997615814209
CTX,lineage,LR,label,2,RBT-17-0161-1_S57,0,0.00027317574131302536
CTX,lineage,LR,label,2,RBT-17-0174-1_S64,0,0.1008472666144371
CTX,lineage,LR,label,2,RBT-17-0239-1_S60,0,0.00014776180614717305
CTX,lineage,LR,label,2,RBT-17-0270-1_S65,0,0.9997803568840027
CTX,lineage,LR,label,2,RBT-17-0285-1_S66,0,0.9993184804916382
CTX,lineage,LR,label,2,RBT-17-0295-1_S15,0,0.002071611350402236
CTX,lineage,LR,label,2,RBT-18-0017-1_S67,0,3.1325103918788955e-05
CTX,lineage,LR,label,2,RBT-18-0027-1_S68,0,0.04238074645400047
CTX,lineage,LR,label,2,RBT-18-0042-1_S60,0,0.050171174108982086
CTX,lineage,LR,label,2,RBT-18-0045-1_S70,0,3.3194085649351117e-16
CTX,lineage,LR,label,2,RBT-18-0056-1_S37,0,0.00020429583673831075
CTX,lineage,LR,label,2,RBT-18-0064-1_S15,0,0.47383424639701843
CTX,lineage,LR,label,2,RBT-18-0071-1_S41,0,1.0
CTX,lineage,LR,label,2,RBT-18-0079-1_S16,0,0.9835987091064453
CTX,lineage,LR,label,2,RBT-18-0102-1_S23,0,0.0009843971347436309
CTX,lineage,LR,label,2,RBT-18-0110-1_S27,0,0.016012467443943024
CTX,lineage,LR,label,2,RBT-18-0116-1_S46,0,1.0
CTX,lineage,LR,label,2,RBT-18-0121-1_S28,0,0.9929117560386658
CTX,lineage,LR,label,2,RBT-18-0141-1_S32,0,0.0003930737148039043
CTX,lineage,LR,label,2,RBT-18-0146-1_S55,0,0.9887913465499878
CTX,lineage,LR,label,2,RBT-18-0181-1_S61,1,9.578092431183904e-05
CTX,lineage,LR,label,2,RBT-18-0259-1_S55,0,0.0005001677782274783
CTX,lineage,LR,label,2,RBT-18-0275-1_S63,0,0.6814596652984619
CTX,lineage,LR,label,2,RBT-18-0283-1_S65,0,0.031666889786720276
CTX,lineage,LR,label,2,RBT-18-0288-1_S68,0,1.0
CTX,lineage,LR,label,2,RBT-18-0331-1_S22,0,0.10471030324697495
CTX,lineage,LR,label,2,RBT-18-0334-1_S23,0,0.0012587239034473896
CTX,lineage,LR,label,2,RBT-18-0338-1_S35,0,0.0018924662144854665
CTX,lineage,LR,label,2,RBT-18-0340-1_S36,0,0.4020063281059265
CTX,lineage,LR,label,2,RBT-18-0357-1_S27,0,0.00010321898298570886
CTX,lineage,LR,label,2,RBT-18-0358-1_S28,0,0.03959617018699646
CTX,lineage,LR,label,2,RBT-18-0368-1_S32,1,0.030504189431667328
CTX,lineage,LR,label,2,RBT-18-0384-1_S40,0,0.41923922300338745
CTX,lineage,LR,label,2,RBT-18-0385-1_S34,0,4.27173063144437e-06
CTX,lineage,LR,label,2,ResetH1_S1_L001,1,0.9999998807907104
CTX,lineage,LR,label,2,ResetH10_S1_L001,1,0.6983048319816589
CTX,lineage,LR,label,2,ResetH115_S6_L001,1,1.0
CTX,lineage,LR,label,2,ResetH30_S4_L001,1,1.0
CTX,lineage,LR,label,2,ResetH93_S5_L001,1,0.9589794874191284
CTX,lineage,LR,label,2,ResetH99_S5_L001,1,0.8135215044021606
CTX,lineage,LR,label,2,ResetV161_S3_L001,1,0.9850465059280396
CTX,lineage,LR,label,2,ResetV288_S6_L001,1,0.9999996423721313
CTX,lineage,LR,label,2,RPG-18-0435-1_S32,0,0.00026391330175101757
CTX,lineage,LR,label,2,Survcare0114_S37,1,1.0
CTX,lineage,LR,label,2,Survcare058_S26,1,0.9935611486434937
CTX,lineage,LR,label,2,Survcare104_S16_L001,1,2.8676899432866776e-07
CTX,lineage,LR,label,2,Survcare176_S17_L001,1,1.0
CTX,lineage,LR,label,2,Survcare253_S35,1,0.9754588007926941
CTX,lineage,LR,label,2,Survcare321_S18,1,0.9982208609580994
CTX,lineage,LR,label,2,V111_S3_L001,1,0.31955644488334656
CTX,lineage,LR,label,2,V113_S3_L001,1,1.0
CTX,lineage,LR,label,2,V116_S6_L001,1,0.9983254075050354
CTX,lineage,LR,label,2,V168_S9_L001,1,0.9999699592590332
CTX,lineage,LR,label,2,V172_S5_L001,1,0.004563570022583008
CTX,lineage,LR,label,2,V195_S1_L001,1,1.0161225610944301e-17
CTX,lineage,LR,label,2,V215_S2_L001,1,0.012717576697468758
CTX,lineage,LR,label,2,V238_S11_L001,1,0.00921263825148344
CTX,lineage,LR,label,2,V289_S5_L001,1,1.0
CTX,lineage,LR,label,2,V40_S2_L001,1,0.8111729621887207
CTX,lineage,LR,label,2,V73_S5_L001,1,0.998246431350708
CTX,lineage,LR,label,2,V80_S7_L001,1,4.5713408058922766e-10
CTX,lineage,LR,label,2,V86_S1_L001,1,0.995512068271637
CTX,lineage,LR,label,2,V9_S1_L001,1,0.7955378890037537
CTX,lineage,LR,label,2,V96_S2_L001,1,0.9986178874969482
CTX,lineage,LR,label,2,w2RBG-16-037-1_S34,0,0.999993085861206
CTX,lineage,LR,label,2,wdh-RBL-17-0431-1_S46,0,0.26849454641342163
CTX,lineage,LR,label,2,wdhRBF-17-0558-1_S121,0,0.2927466928958893
CTX,lineage,LR,label,2,wdhRBF-17-0564-1_S230,1,0.5864909887313843
CTX,lineage,LR,label,2,wdhRBF-18-0059-1_S15_L001,0,1.4180470770952525e-06
CTX,lineage,LR,label,2,WDHRBG-17-005-2_S61,0,0.2957826256752014
CTX,lineage,LR,label,2,WDHRBG-17-0256-1_S17,0,0.0006291290046647191
CTX,lineage,LR,label,2,wdhRBL-17-0370-1_S232,0,0.9848862290382385
CTX,lineage,LR,label,2,wRBG-16-027-1_S174,0,4.400399484438822e-05
CTX,lineage,LR,label,2,wRBG-17-022-1_S43,1,0.9999997615814209
CTX,lineage,LR,label,2,wRBG-17-047-1_S153,0,0.05868542939424515
CTX,lineage,LR,label,2,wRBG-17-073-1_S118,0,0.0063217319548130035
CTX,lineage,LR,label,2,wRBG-17-102-1_S169,0,2.899973487800571e-14
CTX,lineage,LR,label,2,wwRBB-17-031-1_S25,1,0.9999958276748657
CTX,lineage,LR,label,2,wwRBF-17-148-1_S27,1,0.022576576098799706
CTX,lineage,LR,label,2,wwRBF-17-251-1_S33,1,0.9510190486907959
CTX,lineage,LR,label,2,wwRBK-17-0298-1_S42,1,0.9052118062973022
CTX,lineage,LR,label,3,H105_S3_L001,1,0.9616497159004211
CTX,lineage,LR,label,3,H148_S4_L001,1,0.4390430748462677
CTX,lineage,LR,label,3,H3_S1_L001,1,0.4091123342514038
CTX,lineage,LR,label,3,H51_S5_L001,1,0.9719617366790771
CTX,lineage,LR,label,3,H53_S4_L001,1,0.9740672707557678
CTX,lineage,LR,label,3,H71_S1_L001,1,0.05217282101511955
CTX,lineage,LR,label,3,H86_S1_L001,1,0.09690729528665543
CTX,lineage,LR,label,3,NNRBG-17-0191-1_S1,0,0.32572051882743835
CTX,lineage,LR,label,3,NNRBG-17-0242-1_S11,0,0.515996515750885
CTX,lineage,LR,label,3,NNRBG-17-0243-1_S12,0,0.01479402370750904
CTX,lineage,LR,label,3,NNRBG-17-0249-1_S13,0,0.051331084221601486
CTX,lineage,LR,label,3,NNRBG-17-0378-1_S37,0,0.854160726070404
CTX,lineage,LR,label,3,NNRBG-17-0382-1_S38,0,3.156513001282765e-14
CTX,lineage,LR,label,3,RBB-17-011-1_S40,1,0.9676616191864014
CTX,lineage,LR,label,3,RBB-17-171-1_S52,1,0.2408323585987091
CTX,lineage,LR,label,3,RBB-18-0537-1_S21_L001,1,0.9631439447402954
CTX,lineage,LR,label,3,RBB-18-0668-1_S188,1,0.2872784435749054
CTX,lineage,LR,label,3,RBB-18-1309-1_S42,1,0.3628298044204712
CTX,lineage,LR,label,3,RBB-18-1460-1_S45,1,0.059211716055870056
CTX,lineage,LR,label,3,RBF-16-004-1_S18,1,0.25714823603630066
CTX,lineage,LR,label,3,RBF-16-060-1_S22,1,0.9694780707359314
CTX,lineage,LR,label,3,RBF-17-0340-1_S81,1,0.999467670917511
CTX,lineage,LR,label,3,RBF-17-0438-1_S9,1,0.9676616191864014
CTX,lineage,LR,label,3,RBF-17-0467-1_S12,1,0.9599485993385315
CTX,lineage,LR,label,3,RBF-17-0489-1_S13,1,0.41331997513771057
CTX,lineage,LR,label,3,RBF-17-0521-1_S78,0,0.8872031569480896
CTX,lineage,LR,label,3,RBF-17-0537-1_S56,1,0.9528197646141052
CTX,lineage,LR,label,3,RBF-17-0553-1_S85,0,0.8640421032905579
CTX,lineage,LR,label,3,RBF-17-0572-2_S89,0,0.9515420198440552
CTX,lineage,LR,label,3,RBF-17-067-1_S54,1,0.9097715616226196
CTX,lineage,LR,label,3,RBF-17-094-1_S56,1,0.9643028974533081
CTX,lineage,LR,label,3,RBF-17-170-1_S66,1,0.14767393469810486
CTX,lineage,LR,label,3,RBF-17-186-1_S69,1,0.9676616191864014
CTX,lineage,LR,label,3,RBF-17-318-1_S77,1,0.9898902177810669
CTX,lineage,LR,label,3,RBF-18-0019-1_S2,0,0.8752289414405823
CTX,lineage,LR,label,3,RBF-18-0035-1_S6,0,0.0028515891171991825
CTX,lineage,LR,label,3,RBF-18-0068-1_S77,1,0.018056180328130722
CTX,lineage,LR,label,3,RBF-18-0075-1_S79,1,0.12760590016841888
CTX,lineage,LR,label,3,RBF-18-0132-1_S26,0,0.9208388328552246
CTX,lineage,LR,label,3,RBF-18-0163-2_S39,0,0.04070080816745758
CTX,lineage,LR,label,3,RBF-18-0173-1_S27,0,0.9990866184234619
CTX,lineage,LR,label,3,RBF-18-0174-1_S28,1,0.9931847453117371
CTX,lineage,LR,label,3,RBF-18-0187-1_S31,1,0.9992592930793762
CTX,lineage,LR,label,3,RBF-18-0194-1_S86,1,0.0457378588616848
CTX,lineage,LR,label,3,RBF-18-0196-1_S46,0,0.9553646445274353
CTX,lineage,LR,label,3,RBF-18-0199-1_S47,0,0.9914591312408447
CTX,lineage,LR,label,3,RBF-18-0227-1_S53,0,9.515369310975075e-05
CTX,lineage,LR,label,3,RBF-18-0253-1_S13_L001,0,0.999983549118042
CTX,lineage,LR,label,3,RBF-18-0277-1_S61,0,0.9661712646484375
CTX,lineage,LR,label,3,RBF-18-0282-1_S63,0,0.9999901056289673
CTX,lineage,LR,label,3,RBF-18-0321-1_S69,0,1.1277812745902338e-06
CTX,lineage,LR,label,3,RBF-18-0585-1_S48,1,0.8907826542854309
CTX,lineage,LR,label,3,RBF-18-0714-2_S204_2,1,0.7434784173965454
CTX,lineage,LR,label,3,RBG-17-0269-1_S41,0,0.9999876022338867
CTX,lineage,LR,label,3,RBG-17-0351-1_S20_L001,1,0.978446364402771
CTX,lineage,LR,label,3,RBG-17-0383-1_S44,0,0.0011837617494165897
CTX,lineage,LR,label,3,RBG-18-0004-1_S1,1,0.9676616191864014
CTX,lineage,LR,label,3,RBG-18-0012-1_S3,0,0.0019888936076313257
CTX,lineage,LR,label,3,RBG-18-0041-1_S6,0,0.9975710511207581
CTX,lineage,LR,label,3,RBG-18-0071-1_S44,0,0.9993793964385986
CTX,lineage,LR,label,3,RBG-18-0072-1_S8,0,0.13154244422912598
CTX,lineage,LR,label,3,RBG-18-0083-1_S12,0,0.33146369457244873
CTX,lineage,LR,label,3,RBG-18-0085-1_S11,0,0.00011655344860628247
CTX,lineage,LR,label,3,RBG-18-0099-1_S14,1,0.9676616191864014
CTX,lineage,LR,label,3,RBG-18-0129-1_S15_L001,1,0.024846546351909637
CTX,lineage,LR,label,3,RBG-18-0153-1_S14,0,0.989997386932373
CTX,lineage,LR,label,3,RBG-18-0177-1_S17_L001,1,0.9769797325134277
CTX,lineage,LR,label,3,RBG-18-0200-1_S18_L001,1,0.6776848435401917
CTX,lineage,LR,label,3,RBG-18-0221-1_S47,0,0.9979615211486816
CTX,lineage,LR,label,3,RBG-18-0224-1_S24_L001,1,0.966548502445221
CTX,lineage,LR,label,3,RBG-18-0279-1_S36,1,0.9451655745506287
CTX,lineage,LR,label,3,RBG-18-0289-1_S37,1,0.29172012209892273
CTX,lineage,LR,label,3,RBG-18-0380-1_S48,0,0.9676616191864014
CTX,lineage,LR,label,3,RBG-18-0388-1_S21_L001,1,0.9887653589248657
CTX,lineage,LR,label,3,RBG-18-0391-1_S22_L001,1,0.9997108578681946
CTX,lineage,LR,label,3,RBG-18-0410-1_S12,1,0.9847192764282227
CTX,lineage,LR,label,3,RBG-18-0421-1_S53,1,0.9726616740226746
CTX,lineage,LR,label,3,RBG-18-0437-1_S54,1,0.5308833122253418
CTX,lineage,LR,label,3,RBK-17-0457-1_S6,1,0.8948160409927368
CTX,lineage,LR,label,3,RBK-17-0492-1_S8,1,0.00018528314831200987
CTX,lineage,LR,label,3,RBK-17-0588-1_S24,1,0.9580450654029846
CTX,lineage,LR,label,3,RBK-17-0601-1_S25,1,0.9676616191864014
CTX,lineage,LR,label,3,RBK-17-0612-1_S27,1,0.9648228883743286
CTX,lineage,LR,label,3,RBK-17-0655-5_S182,1,0.9612236022949219
CTX,lineage,LR,label,3,RBK-18-0060-1_S22,0,1.0
CTX,lineage,LR,label,3,RBK-18-0077-1_S212,1,0.9648228883743286
CTX,lineage,LR,label,3,RBK-18-0236-2_S52_2,1,0.2710191011428833
CTX,lineage,LR,label,3,RBKk-18-0108-1_S201,1,0.9445244669914246
CTX,lineage,LR,label,3,RBL-17-0093-1_S146,0,0.29923567175865173
CTX,lineage,LR,label,3,RBL-17-0107-1_S150,0,0.4489750564098358
CTX,lineage,LR,label,3,RBL-17-0113-1_S153,0,0.9272288680076599
CTX,lineage,LR,label,3,RBL-17-0118-1_S156,0,0.014003640040755272
CTX,lineage,LR,label,3,RBL-17-0165-1_S167,0,0.00010204537102254108
CTX,lineage,LR,label,3,RBL-17-0189-1_S172,0,0.33595138788223267
CTX,lineage,LR,label,3,RBL-17-0199-1_S174,0,0.9544335603713989
CTX,lineage,LR,label,3,RBL-17-0217-1_S176,0,0.8205543160438538
CTX,lineage,LR,label,3,RBL-17-0226-1_S41,1,0.9515675902366638
CTX,lineage,LR,label,3,RBL-17-0242-1_S42,1,0.9818276762962341
CTX,lineage,LR,label,3,RBL-17-0244-1_S44,1,0.9643178582191467
CTX,lineage,LR,label,3,RBL-17-0264-1_S103,0,0.0002912453783210367
CTX,lineage,LR,label,3,RBL-17-0267-1_S104,0,0.6940003037452698
CTX,lineage,LR,label,3,RBL-17-0305-1_S49,1,0.9957451224327087
CTX,lineage,LR,label,3,RBL-17-0307-1_S51,1,0.9676616191864014
CTX,lineage,LR,label,3,RBL-17-0323-1_S115,0,0.01012404914945364
CTX,lineage,LR,label,3,RBL-17-0328-1_S117,0,0.007805478759109974
CTX,lineage,LR,label,3,RBL-17-0332-1_S118,0,0.9999358654022217
CTX,lineage,LR,label,3,RBL-17-0350-1_S106,0,0.9993482232093811
CTX,lineage,LR,label,3,RBL-17-0359-1_S66,1,0.9973830580711365
CTX,lineage,LR,label,3,RBL-17-0392-1_S69,1,0.9957451224327087
CTX,lineage,LR,label,3,RBL-17-0411-1_S128,0,4.949751541971636e-07
CTX,lineage,LR,label,3,RBL-17-0432-1_S132,0,0.9999972581863403
CTX,lineage,LR,label,3,RBL-17-0434-1_S133,0,0.9999475479125977
CTX,lineage,LR,label,3,RBL-17-060-1_S17,1,0.6431930065155029
CTX,lineage,LR,label,3,RBL-18-0048-1_S44,0,0.9989781379699707
CTX,lineage,LR,label,3,RBL-18-0059-1_S171,0,0.9996724128723145
CTX,lineage,LR,label,3,RBL-18-0076-1_S47,1,0.9724550247192383
CTX,lineage,LR,label,3,RBL-18-0090-1_S48,1,0.8831272125244141
CTX,lineage,LR,label,3,RBL-18-0093-1_S49,0,0.7203949689865112
CTX,lineage,LR,label,3,RBL-18-0098-1_S178,0,0.9121819138526917
CTX,lineage,LR,label,3,RBL-18-0194-1_S195_2,1,0.4631766080856323
CTX,lineage,LR,label,3,RBL-18-0242-1_S51,0,1.2321102076384705e-06
CTX,lineage,LR,label,3,RBL-18-0343-1_S6,1,0.021358409896492958
CTX,lineage,LR,label,3,RBL-18-0467-1_S228_2,1,0.9995759129524231
CTX,lineage,LR,label,3,RBL-18-0500-1_S230_2,1,0.9944639801979065
CTX,lineage,LR,label,3,RBT-16-0024-1_S10,1,0.9229442477226257
CTX,lineage,LR,label,3,RBT-16-0038-1_S11,1,0.0032007682602852583
CTX,lineage,LR,label,3,RBT-17-0009-1_S21,0,0.9747747182846069
CTX,lineage,LR,label,3,RBT-17-0039-1_S28,1,0.2429458647966385
CTX,lineage,LR,label,3,RBT-17-0102-1_S37,0,0.9423179030418396
CTX,lineage,LR,label,3,RBT-17-0168-1_S61,0,0.3371157944202423
CTX,lineage,LR,label,3,RBT-17-0249-1_S61,1,0.9234641790390015
CTX,lineage,LR,label,3,RBT-17-0328-1_S16,1,0.7568167448043823
CTX,lineage,LR,label,3,RBT-17-0339-1_S20,0,0.9653412699699402
CTX,lineage,LR,label,3,RBT-18-0021-1_S56,1,0.9676616191864014
CTX,lineage,LR,label,3,RBT-18-0053-1_S36,1,0.9004693627357483
CTX,lineage,LR,label,3,RBT-18-0129-1_S52,0,0.7891103625297546
CTX,lineage,LR,label,3,RBT-18-0179-1_S37,0,0.9970574378967285
CTX,lineage,LR,label,3,RBT-18-0205-1_S6,1,0.9599688649177551
CTX,lineage,LR,label,3,RBT-18-0227-1_S46,1,0.927926242351532
CTX,lineage,LR,label,3,RBT-18-0232-1_S47,0,0.8867527842521667
CTX,lineage,LR,label,3,RBT-18-0234-1_S15,1,0.9796097874641418
CTX,lineage,LR,label,3,RBT-18-0263-1_S58,0,0.0009416756802238524
CTX,lineage,LR,label,3,RBT-18-0265-1_S59,0,9.29985510822462e-09
CTX,lineage,LR,label,3,RBT-18-0278-1_S64,0,0.9999996423721313
CTX,lineage,LR,label,3,RBT-18-0284-1_S66,1,0.878222644329071
CTX,lineage,LR,label,3,RBT-18-0296-1_S72,1,0.9469777345657349
CTX,lineage,LR,label,3,RBT-18-0308-1_S34,0,0.7621512413024902
CTX,lineage,LR,label,3,RBT-18-0324-1_S57,1,0.91690993309021
CTX,lineage,LR,label,3,RBT-18-0335-1_S41,0,0.9963884353637695
CTX,lineage,LR,label,3,RBT-18-0337-1_S46,1,0.2921713590621948
CTX,lineage,LR,label,3,RBT-18-0351-1_S48,0,0.970139741897583
CTX,lineage,LR,label,3,RBT-18-0363-1_S72,1,0.851250946521759
CTX,lineage,LR,label,3,RBT-18-0365-1_S30,0,0.9793429374694824
CTX,lineage,LR,label,3,RBT-18-0370-1_S33,0,1.4704052773595322e-05
CTX,lineage,LR,label,3,RBT-18-0372-1_S31,1,0.9393624067306519
CTX,lineage,LR,label,3,RBT-18-0391-1_S35,1,0.9130761027336121
CTX,lineage,LR,label,3,RBT-18-0392-1_S56,1,0.9128949642181396
CTX,lineage,LR,label,3,RBT-18-0401-1_S43,0,0.5444791316986084
CTX,lineage,LR,label,3,ResetH127_S6_L001,1,0.9740839004516602
CTX,lineage,LR,label,3,ResetH129_S7_L001,1,0.9736812710762024
CTX,lineage,LR,label,3,ResetH131_S7_L001,1,0.9613193273544312
CTX,lineage,LR,label,3,ResetH132_S1_L001,1,0.9043033123016357
CTX,lineage,LR,label,3,ResetH49b_S6_L001,1,0.5103995203971863
CTX,lineage,LR,label,3,ResetH63_S7_L001,1,0.9676616191864014
CTX,lineage,LR,label,3,ResetH75_S2_L001,1,0.9628620147705078
CTX,lineage,LR,label,3,ResetV260_S5_L001,1,0.9986118078231812
CTX,lineage,LR,label,3,Survcare187_S32,1,0.9669814109802246
CTX,lineage,LR,label,3,Survcare236_S5_L001,1,0.00830894336104393
CTX,lineage,LR,label,3,Survcare265_S20,1,0.06017202511429787
CTX,lineage,LR,label,3,Survcare327_S1,1,0.9405697584152222
CTX,lineage,LR,label,3,Survcare341_S25,1,0.9527015686035156
CTX,lineage,LR,label,3,V282_S4_L001,1,0.995976984500885
CTX,lineage,LR,label,3,V291_S5_L001,1,0.9731685519218445
CTX,lineage,LR,label,3,V295_S7_L001,1,0.9745053052902222
CTX,lineage,LR,label,3,W2RBK-17-168-1_S33,1,0.1163300946354866
CTX,lineage,LR,label,3,W2RBK-17-169-1_S34,1,0.0320814810693264
CTX,lineage,LR,label,3,W2RBL-16-018-1_S15,1,0.00827313493937254
CTX,lineage,LR,label,3,wdh-RBB-17-170-1_S16,1,0.9035857319831848
CTX,lineage,LR,label,3,wdh-RBF-17-0572-1_S43,0,0.9330124855041504
CTX,lineage,LR,label,3,wdhRBF-10-0002-1_S10_L001,1,0.9974154233932495
CTX,lineage,LR,label,3,wdhRBF-17-0567-1_S122,0,0.0002541801368352026
CTX,lineage,LR,label,3,WDHRBG-17-008-1_S83,0,0.0016886884113773704
CTX,lineage,LR,label,3,WDHRBG-17-122-1_S48,0,0.9976498484611511
CTX,lineage,LR,label,3,wRBF-17-0146-1_S35,1,0.9234641790390015
CTX,lineage,LR,label,3,wRBG-16-024-1_S152,0,0.9999881982803345
CTX,lineage,LR,label,3,wRBG-16-033-1_S153,0,0.05036257579922676
CTX,lineage,LR,label,3,wRBG-17-028-1_S100,0,0.00039341559750027955
CTX,lineage,LR,label,3,wRBG-17-031-1_S154,0,0.0013647342566400766
CTX,lineage,LR,label,3,wRBG-17-049-1_S142,0,0.948664665222168
CTX,lineage,LR,label,3,wRBG-17-055-1_S163,0,0.7605944871902466
CTX,lineage,LR,label,3,wRBG-17-057-1_S141,0,2.1374120478867553e-05
CTX,lineage,LR,label,3,wRBG-17-106-1_S125,0,0.39621639251708984
CTX,lineage,LR,label,3,wRBG-17-110-1_S168,0,0.2829039990901947
CTX,lineage,LR,label,3,wwRBB-16-112-1_S1,1,0.4650823771953583
CTX,lineage,LR,label,3,wwRBF-16-007-1_S10,1,0.639863908290863
CTX,lineage,LR,label,3,wwRBF-17-167-1_S31,1,0.8462463021278381
CTX,lineage,LR,label,3,wwRBF-17-189-1_S32,1,0.9955992698669434
CTX,lineage,LR,label,3,wwRBF-17-209-1_S34,0,0.9980936646461487
CTX,lineage,LR,label,3,wwRBK-16-023-1_S5,1,0.0427953265607357
CTX,lineage,LR,label,3,wwRBK-17-0148-1_S37,1,0.9084084630012512
CTX,lineage,LR,label,3,wwRBK-17-0148-2_S38,1,0.986350953578949
CTX,lineage,LR,label,3,wwRBK-17-0197-1_S39,1,0.8772947192192078
CTX,lineage,LR,label,3,wwRBK-17-075-1_S28,1,0.9073794484138489
CTX,lineage,LR,label,3,wwRBL-17-004-1_S44,1,0.9716672301292419
CTX,lineage,LR,label,4,H108_S5_L001,1,0.21007277071475983
CTX,lineage,LR,label,4,H119_S7_L001,1,0.9999545812606812
CTX,lineage,LR,label,4,H123_S1_L001,1,0.9998716115951538
CTX,lineage,LR,label,4,H130_S2_L001,1,0.4764920771121979
CTX,lineage,LR,label,4,H153_S1_L001,1,0.7439143061637878
CTX,lineage,LR,label,4,H154_S2_L001,1,0.9233434796333313
CTX,lineage,LR,label,4,H157_S3_L001,1,0.9995905756950378
CTX,lineage,LR,label,4,H160_S3_L001,1,0.7529852986335754
CTX,lineage,LR,label,4,H164_S3_L001,1,0.9864948987960815
CTX,lineage,LR,label,4,H28_S10_L001,1,0.0009516453137621284
CTX,lineage,LR,label,4,H83_S7_L001,1,0.9745855927467346
CTX,lineage,LR,label,4,NNRBG-17-0227-1_S8,0,0.013716467656195164
CTX,lineage,LR,label,4,NNRBG-17-0239-1_S10,0,0.9255684018135071
CTX,lineage,LR,label,4,NNRBG-17-0278-1_S16,0,0.014791819266974926
CTX,lineage,LR,label,4,RBB-18-0674-1_S189,1,0.9999998807907104
CTX,lineage,LR,label,4,RBB-18-0772-1_S192,1,0.04024159908294678
CTX,lineage,LR,label,4,RBF-17-0550-1_S84,0,0.998075008392334
CTX,lineage,LR,label,4,RBF-17-0587-1_S91,0,0.29719656705856323
CTX,lineage,LR,label,4,RBF-17-0605-1_S94,0,0.9997811913490295
CTX,lineage,LR,label,4,RBF-17-0616-1_S96,0,0.001480891602113843
CTX,lineage,LR,label,4,RBF-17-0632-1_S97,0,0.02257777564227581
CTX,lineage,LR,label,4,RBF-17-0645-1_S61,1,1.0
CTX,lineage,LR,label,4,RBF-17-0651-1_S62,1,0.9998496770858765
CTX,lineage,LR,label,4,RBF-17-0653-1_S101,0,0.0011261296458542347
CTX,lineage,LR,label,4,RBF-17-266-1_S70,1,0.9999849796295166
CTX,lineage,LR,label,4,RBF-18-0013-1_S25_L001,0,0.9648166298866272
CTX,lineage,LR,label,4,RBF-18-0036-1_S7,0,1.7482818748248974e-08
CTX,lineage,LR,label,4,RBF-18-0064-2_S14,0,0.0027578689623624086
CTX,lineage,LR,label,4,RBF-18-0066-1_S15,0,1.180583240056876e-06
CTX,lineage,LR,label,4,RBF-18-0072-1_S16,0,7.212863420136273e-05
CTX,lineage,LR,label,4,RBF-18-0099-1_S26,0,0.051900509744882584
CTX,lineage,LR,label,4,RBF-18-0139-1_S35,0,1.3040551971599257e-10
CTX,lineage,LR,label,4,RBF-18-0184-1_S30,0,0.8180596828460693
CTX,lineage,LR,label,4,RBF-18-0192-1_S44,0,0.00011408061254769564
CTX,lineage,LR,label,4,RBF-18-0251-1_S55,0,0.9999706745147705
CTX,lineage,LR,label,4,RBF-18-0280-1_S62,0,0.006375950761139393
CTX,lineage,LR,label,4,RBF-18-0294-1_S64,0,0.0003595285234041512
CTX,lineage,LR,label,4,RBF-18-0296-1_S17,0,0.7088996171951294
CTX,lineage,LR,label,4,RBF-18-0338-1_S72,0,2.0685154922261972e-08
CTX,lineage,LR,label,4,RBF-18-0634-1_S183,1,4.379864549264312e-05
CTX,lineage,LR,label,4,RBF-18-0664-1_S190,1,0.9994150400161743
CTX,lineage,LR,label,4,RBG-17-013-1_S16,1,0.9764179587364197
CTX,lineage,LR,label,4,RBg-17-123-2_S12,0,0.9999926090240479
CTX,lineage,LR,label,4,RBG-18-0017-1_S5,0,1.1820072698398576e-10
CTX,lineage,LR,label,4,RBG-18-0076-1_S10,0,0.9999986886978149
CTX,lineage,LR,label,4,RBG-18-0108-1_S16,0,0.03799864649772644
CTX,lineage,LR,label,4,RBG-18-0140-1_S14_L001,0,0.15548625588417053
CTX,lineage,LR,label,4,RBG-18-0144-1_S38,0,4.2038170278146936e-08
CTX,lineage,LR,label,4,RBG-18-0166-1_S10_L001,0,0.9628182649612427
CTX,lineage,LR,label,4,RBG-18-0204-1_S23_L001,0,0.00046286004362627864
CTX,lineage,LR,label,4,RBG-18-0211-1_S35,1,0.02342006377875805
CTX,lineage,LR,label,4,RBG-18-0300-1_S52,0,0.18759362399578094
CTX,lineage,LR,label,4,RBG-18-0352-1_S21_L001,0,0.024780552834272385
CTX,lineage,LR,label,4,RBG-18-0381-1_S49,0,0.037234917283058167
CTX,lineage,LR,label,4,RBK-16-007-1_S13,1,6.537760333102938e-10
CTX,lineage,LR,label,4,RBK-16-073-1_S14,1,0.9999980926513672
CTX,lineage,LR,label,4,RBK-17-0595-1_S187,1,0.9999992847442627
CTX,lineage,LR,label,4,RBK-18-0002-1_S38,1,0.6194314956665039
CTX,lineage,LR,label,4,RBK-18-0005-1_S18,0,7.889135389405055e-08
CTX,lineage,LR,label,4,RBK-18-0047-1_S20,0,0.4768284857273102
CTX,lineage,LR,label,4,RBK-18-0062-2_S203,0,0.9999998807907104
CTX,lineage,LR,label,4,RBK-18-0414-1_S59,0,5.113188876748609e-07
CTX,lineage,LR,label,4,RBL-17-0108-1_S151,0,0.7116300463676453
CTX,lineage,LR,label,4,RBL-17-0116-1_S154,0,0.01998984068632126
CTX,lineage,LR,label,4,RBL-17-0205-1_S175,0,0.003724699607118964
CTX,lineage,LR,label,4,RBL-17-0259-1_S99,0,0.18328334391117096
CTX,lineage,LR,label,4,RBL-17-0274-2_S105,0,3.976718607190399e-11
CTX,lineage,LR,label,4,RBL-17-0327-1_S116,0,1.5678380123063107e-06
CTX,lineage,LR,label,4,RBL-17-0340-1_S102,0,0.4946586787700653
CTX,lineage,LR,label,4,RBL-17-0342-1_S103,0,0.7998321652412415
CTX,lineage,LR,label,4,RBL-17-0347-1_S104,0,0.009945979341864586
CTX,lineage,LR,label,4,RBL-17-0360-1_S108,0,2.2492199605039787e-06
CTX,lineage,LR,label,4,RBL-17-0366-1_S113,0,1.7663554646718538e-11
CTX,lineage,LR,label,4,RBL-17-0368-1_S114,0,0.19532416760921478
CTX,lineage,LR,label,4,RBL-17-0390-1_S121,0,0.000207575096283108
CTX,lineage,LR,label,4,RBL-17-0395-1_S124,0,0.08003826439380646
CTX,lineage,LR,label,4,RBL-17-0402-1_S126,0,0.07162594050168991
CTX,lineage,LR,label,4,RBL-17-0435-1_S134,0,0.41618266701698303
CTX,lineage,LR,label,4,RBL-18-0010-1_S159,0,0.00024379542446695268
CTX,lineage,LR,label,4,RBL-18-0016-1_S161,0,0.14536510407924652
CTX,lineage,LR,label,4,RBL-18-0066-1_S173,0,0.00019418982265051454
CTX,lineage,LR,label,4,RBL-18-0085-1_S176,0,0.26599857211112976
CTX,lineage,LR,label,4,RBT-16-0045-1_S58,1,0.008906912058591843
CTX,lineage,LR,label,4,RBT-17-0027-1_S3,0,0.9770900011062622
CTX,lineage,LR,label,4,RBT-17-0100-1_S36,1,8.899258933936505e-12
CTX,lineage,LR,label,4,RBT-17-0112-1_S41,0,0.8863751292228699
CTX,lineage,LR,label,4,RBT-17-0165-1_S60,0,2.418991243757773e-06
CTX,lineage,LR,label,4,RBT-17-0177-1_S65,0,0.0047027068212628365
CTX,lineage,LR,label,4,RBT-17-0177-2_S7,0,0.0047880201600492
CTX,lineage,LR,label,4,RBT-17-0178-1_S66,0,0.0007198309758678079
CTX,lineage,LR,label,4,RBT-17-0210-1_S55,0,0.012818221002817154
CTX,lineage,LR,label,4,RBT-17-0228-1_S10,0,0.517832338809967
CTX,lineage,LR,label,4,RBT-17-0238-1_S59,0,1.6756157492636703e-05
CTX,lineage,LR,label,4,RBT-17-0251-1_S62,1,1.0
CTX,lineage,LR,label,4,RBT-17-0287-1_S10,0,6.1766706949129e-07
CTX,lineage,LR,label,4,RBT-18-0023-1_S14,0,6.3530302440995e-07
CTX,lineage,LR,label,4,RBT-18-0057-1_S38,0,4.4907861592946574e-05
CTX,lineage,LR,label,4,RBT-18-0091-1_S42,0,0.02020924538373947
CTX,lineage,LR,label,4,RBT-18-0095-1_S19,0,0.9916365742683411
CTX,lineage,LR,label,4,RBT-18-0096-1_S20,0,0.9995445609092712
CTX,lineage,LR,label,4,RBT-18-0100-1_S21,0,0.9999990463256836
CTX,lineage,LR,label,4,RBT-18-0115-1_S45,0,0.17770874500274658
CTX,lineage,LR,label,4,RBT-18-0120-1_S48,0,0.9999946355819702
CTX,lineage,LR,label,4,RBT-18-0164-1_S34,0,3.3509819918897676e-11
CTX,lineage,LR,label,4,RBT-18-0173-1_S35,0,4.543667455436662e-05
CTX,lineage,LR,label,4,RBT-18-0184-1_S38,1,1.939558583186063e-11
CTX,lineage,LR,label,4,RBT-18-0185-1_S39,0,3.181838837917894e-05
CTX,lineage,LR,label,4,RBT-18-0236-1_S48,1,1.9453607127961625e-11
CTX,lineage,LR,label,4,RBT-18-0251-1_S7,0,0.9727758765220642
CTX,lineage,LR,label,4,RBT-18-0252-1_S53,0,0.9999452829360962
CTX,lineage,LR,label,4,RBT-18-0316-1_S43,0,0.012541401199996471
CTX,lineage,LR,label,4,RBT-18-0341-1_S24,0,0.004115997813642025
CTX,lineage,LR,label,4,RBT-18-0364-1_S29,0,0.9999529123306274
CTX,lineage,LR,label,4,ResetH134_S8_L001,1,0.9825596809387207
CTX,lineage,LR,label,4,ResetH139_S3_L001,1,0.24629533290863037
CTX,lineage,LR,label,4,ResetH152_S4_L001,1,0.9838268160820007
CTX,lineage,LR,label,4,ResetH44_S3_L001,1,0.9997783303260803
CTX,lineage,LR,label,4,ResetH89_S3_L001,1,0.9999827146530151
CTX,lineage,LR,label,4,ResetV105_S1_L001,1,1.0
CTX,lineage,LR,label,4,Survcare129_S1,1,5.451378910947824e-06
CTX,lineage,LR,label,4,Survcare133_S25,1,0.9999996423721313
CTX,lineage,LR,label,4,Survcare134_S26,1,0.9999750852584839
CTX,lineage,LR,label,4,Survcare140_S4_L001,1,1.0
CTX,lineage,LR,label,4,Survcare184_S19,1,0.00027534316177479923
CTX,lineage,LR,label,4,Survcare254_S36,1,0.9999997615814209
CTX,lineage,LR,label,4,Survcare275_S38,1,0.0005844864062964916
CTX,lineage,LR,label,4,Survcare278_S62,1,0.9999767541885376
CTX,lineage,LR,label,4,Survcare291_S38,1,0.003122097346931696
CTX,lineage,LR,label,4,Survcare295_S8_L001,1,1.0
CTX,lineage,LR,label,4,Survcare303_S15_L001,1,0.9999980926513672
CTX,lineage,LR,label,4,Survcare313_S24_L001,1,1.0
CTX,lineage,LR,label,4,Survcare317_S5_L001,1,0.5296026468276978
CTX,lineage,LR,label,4,Survcare329_S3,1,0.8010280728340149
CTX,lineage,LR,label,4,Survcare337_S12,1,0.0002044784341705963
CTX,lineage,LR,label,4,V108_S2_L001,1,0.010622144676744938
CTX,lineage,LR,label,4,V120_S5_L001,1,0.9999997615814209
CTX,lineage,LR,label,4,V173_S6_L001,1,1.102884198189713e-05
CTX,lineage,LR,label,4,V205_S3_L001,1,0.9993007183074951
CTX,lineage,LR,label,4,V228_S8_L001,1,0.7079148292541504
CTX,lineage,LR,label,4,V229_S10_L001,1,0.7206274271011353
CTX,lineage,LR,label,4,V232_S3_L001,1,0.04025860130786896
CTX,lineage,LR,label,4,V71_S4_L001,1,0.9999618530273438
CTX,lineage,LR,label,4,V89_S1_L001,1,0.0001375288120470941
CTX,lineage,LR,label,4,wdh-RBL-17-0361-1_S44,0,0.029304059222340584
CTX,lineage,LR,label,4,wdh-Survcare119_S44,1,0.025464877486228943
CTX,lineage,LR,label,4,wdhRBF-18-0048-1_S12_L001,0,1.2361502399471647e-07
CTX,lineage,LR,label,4,WDHRBG-16-062-1_S49,0,0.0001052264851750806
CTX,lineage,LR,label,4,WDHRBG-17-001-1_S82,0,4.719597976321488e-11
CTX,lineage,LR,label,4,wRBG-17-023-1_S155,0,1.5570575939705122e-09
CTX,lineage,LR,label,4,wRBG-17-030-1_S165,0,0.928478479385376
CTX,lineage,LR,label,4,wRBG-17-075-1_S96,0,0.011261161416769028
CTX,lineage,SVM,label,0,H113_S6_L001,1,0.40504181683216217
CTX,lineage,SVM,label,0,H116_S8_L001,1,0.9825383456759116
CTX,lineage,SVM,label,0,H122_S4_L001,1,0.7167363705718847
CTX,lineage,SVM,label,0,H141_S6_L001,1,0.3149015335570042
CTX,lineage,SVM,label,0,H162_S4_L001,1,0.8565812287067461
CTX,lineage,SVM,label,0,H176_S5_L001,1,0.1106866517344914
CTX,lineage,SVM,label,0,H38_S4_L001,1,0.9989852400695771
CTX,lineage,SVM,label,0,NNRBG-17-0196-1_S3,0,0.02938027175483028
CTX,lineage,SVM,label,0,NNRBG-17-0199-1_S5,0,0.03435321129067535
CTX,lineage,SVM,label,0,NNRBG-17-0287-1_S17,0,0.9842714150222805
CTX,lineage,SVM,label,0,NNRBG-17-0319-1_S24,0,0.12408999331239977
CTX,lineage,SVM,label,0,NNRBG-17-0328-1_S25,0,0.14299246673103505
CTX,lineage,SVM,label,0,NNRBG-17-0329-1_S26,0,0.06555698634342616
CTX,lineage,SVM,label,0,NNRBG-17-0399-1_S40,0,0.1891914162223846
CTX,lineage,SVM,label,0,NNSurvcare045_S41,1,0.43910129182165436
CTX,lineage,SVM,label,0,RBB-18-0129-1_S179,1,0.3229306423371857
CTX,lineage,SVM,label,0,RBB-18-0892-1_S80_2,1,0.9796390740349752
CTX,lineage,SVM,label,0,RBB-18-0972-1_S203_2,1,0.9938377172748805
CTX,lineage,SVM,label,0,RBB-18-1086-1_S189_2,1,0.9461177504597704
CTX,lineage,SVM,label,0,RBB-18-1212-1_S67_2,1,0.7632363254951338
CTX,lineage,SVM,label,0,RBB-18-1488-1_S46,1,0.07542899510068655
CTX,lineage,SVM,label,0,RBF-10-0240-1_S12_L001,0,0.11697577118777347
CTX,lineage,SVM,label,0,RBF-16-0064-1_S136,0,0.10193318356337988
CTX,lineage,SVM,label,0,RBF-17-0164-1_S137,0,0.0022564476380547223
CTX,lineage,SVM,label,0,RBF-17-0173-1_S138,0,0.2709053902428585
CTX,lineage,SVM,label,0,RBF-17-0194-1_S140,0,0.1298231466255106
CTX,lineage,SVM,label,0,RBF-17-0520-2_S55,1,0.004981175065062704
CTX,lineage,SVM,label,0,RBF-17-0538-1_S82,0,0.07825392509084758
CTX,lineage,SVM,label,0,RBF-17-0589-1_S92,0,0.003451250055835473
CTX,lineage,SVM,label,0,RBF-17-0602-1_S93,0,0.12268649240435281
CTX,lineage,SVM,label,0,RBF-17-0647-1_S99,0,0.05647589163547031
CTX,lineage,SVM,label,0,RBF-17-0648-1_S100,0,0.00039706026191071417
CTX,lineage,SVM,label,0,RBF-17-277-1_S73,1,0.002346161799318625
CTX,lineage,SVM,label,0,RBF-18-0085-1_S21,0,0.011636923535628538
CTX,lineage,SVM,label,0,RBF-18-0086-1_S22,0,0.0003315049711641159
CTX,lineage,SVM,label,0,RBF-18-0123-1_S25_L001,1,0.00013058712775862187
CTX,lineage,SVM,label,0,RBF-18-0127-1_S32,0,0.5972921524468401
CTX,lineage,SVM,label,0,RBF-18-0160-1_S37,0,0.9792048394098753
CTX,lineage,SVM,label,0,RBF-18-0214-1_S51,0,0.0450248270370165
CTX,lineage,SVM,label,0,RBF-18-0217-1_S54,0,0.00036231994420075333
CTX,lineage,SVM,label,0,RBF-18-0252-1_S56,0,0.5761558401461107
CTX,lineage,SVM,label,0,RBF-18-0310-1_S36,0,0.929810801464912
CTX,lineage,SVM,label,0,RBF-18-0405-1_S81_2,1,0.8307548053219507
CTX,lineage,SVM,label,0,RBG-18-0025-1_S9_L001,0,0.0013265439040042286
CTX,lineage,SVM,label,0,RBG-18-0029-1_S40,0,0.020428037557758714
CTX,lineage,SVM,label,0,RBG-18-0185-1_S40,0,0.1326684532203549
CTX,lineage,SVM,label,0,RBG-18-0191-1_S11_L001,0,0.11593089020227738
CTX,lineage,SVM,label,0,RBG-18-0202-1_S13_L001,0,0.3049170243637614
CTX,lineage,SVM,label,0,RBG-18-0256-1_S8_L001,1,0.06646802269729778
CTX,lineage,SVM,label,0,RBG-18-0265-1_S49,0,0.10401920171985414
CTX,lineage,SVM,label,0,RBG-18-0276-1_S50,0,0.747630595177581
CTX,lineage,SVM,label,0,RBG-18-0301-1_S53,0,0.12011219402831555
CTX,lineage,SVM,label,0,RBG-18-0367-1_S57,0,0.208444625011484
CTX,lineage,SVM,label,0,RBG-18-0383-1_S37,1,0.9333009761573051
CTX,lineage,SVM,label,0,RBG-18-0394-1_S23_L001,0,0.0663164148721244
CTX,lineage,SVM,label,0,RBG-18-0402-1_S50,1,0.9118629221046767
CTX,lineage,SVM,label,0,RBK-18-0019-1_S195,0,0.12612501675483748
CTX,lineage,SVM,label,0,RBK-18-0022-1_S197,0,0.0007748040636775302
CTX,lineage,SVM,label,0,RBK-18-0038-1_S200,0,0.08541395280393502
CTX,lineage,SVM,label,0,RBL-17-0076-1_S32,0,0.37672149443061703
CTX,lineage,SVM,label,0,RBL-17-0104-1_S149,0,0.1238974671189482
CTX,lineage,SVM,label,0,RBL-17-0117-1_S155,0,0.1355287885558348
CTX,lineage,SVM,label,0,RBL-17-0129-1_S158,0,0.09347150011010157
CTX,lineage,SVM,label,0,RBL-17-0133-1_S159,0,0.019294181797744284
CTX,lineage,SVM,label,0,RBL-17-0135-1_S160,0,0.17301100487433135
CTX,lineage,SVM,label,0,RBL-17-0136-1_S161,0,0.10556368091824388
CTX,lineage,SVM,label,0,RBL-17-0138-1_S162,0,0.010873857809426459
CTX,lineage,SVM,label,0,RBL-17-0155-1_S165,0,0.17354753757760522
CTX,lineage,SVM,label,0,RBL-17-0197-1_S173,0,0.05698180362824031
CTX,lineage,SVM,label,0,RBL-17-0235-1_S92,0,0.12133852213931433
CTX,lineage,SVM,label,0,RBL-17-0261-1_S100,0,0.35911419003890355
CTX,lineage,SVM,label,0,RBL-17-0300-1_S112,0,0.24787358368566817
CTX,lineage,SVM,label,0,RBL-17-0375-1_S117,0,0.9948799718775097
CTX,lineage,SVM,label,0,RBL-17-0391-1_S122,0,0.07334304273312428
CTX,lineage,SVM,label,0,RBL-17-0393-1_S123,0,0.1198940343972185
CTX,lineage,SVM,label,0,RBL-17-0409-1_S127,0,0.09739557880400855
CTX,lineage,SVM,label,0,RBL-17-0428-1_S70,1,0.9549741802263231
CTX,lineage,SVM,label,0,RBL-17-0429-1_S130,0,0.01337057350181249
CTX,lineage,SVM,label,0,RBL-18-0019-1_S41,0,0.033400141470658146
CTX,lineage,SVM,label,0,RBL-18-0032-1_S167,0,0.8570527438853802
CTX,lineage,SVM,label,0,RBL-18-0037-1_S168,0,0.32866960954355634
CTX,lineage,SVM,label,0,RBL-18-0055-1_S170,0,0.8449958246337466
CTX,lineage,SVM,label,0,RBL-18-0131-1_S188_2,1,0.03126941000536409
CTX,lineage,SVM,label,0,RBT-17-0011-1_S19,0,0.12537696753351954
CTX,lineage,SVM,label,0,RBT-17-0019-1_S62,1,0.7385162551251958
CTX,lineage,SVM,label,0,RBT-17-0024-1_S23,0,0.08391855819998367
CTX,lineage,SVM,label,0,RBT-17-0082-1_S30,0,0.10143062906563328
CTX,lineage,SVM,label,0,RBT-17-0090-1_S32,0,0.004289755744908561
CTX,lineage,SVM,label,0,RBT-17-0097-1_S34,1,0.9173371333869206
CTX,lineage,SVM,label,0,RBT-17-0109-1_S40,0,0.10346400814804771
CTX,lineage,SVM,label,0,RBT-17-0142-1_S53,0,0.047431786815155016
CTX,lineage,SVM,label,0,RBT-17-0149-1_S13,1,0.1460081840648508
CTX,lineage,SVM,label,0,RBT-17-0150-1_S54,0,0.06580635635971432
CTX,lineage,SVM,label,0,RBT-17-0156-1_S56,0,0.2604531028961702
CTX,lineage,SVM,label,0,RBT-17-0183-1_S67,0,0.0639777294520574
CTX,lineage,SVM,label,0,RBT-17-0219-1_S8,1,0.9286345686670983
CTX,lineage,SVM,label,0,RBT-17-0243-1_S11,0,0.19085885268833422
CTX,lineage,SVM,label,0,RBT-17-0337-1_S19,0,0.3081140682521733
CTX,lineage,SVM,label,0,RBT-18-0030-1_S69,0,0.04083188926136534
CTX,lineage,SVM,label,0,RBT-18-0066-1_S40,0,0.42095531926991064
CTX,lineage,SVM,label,0,RBT-18-0080-1_S49,1,0.9775406183415232
CTX,lineage,SVM,label,0,RBT-18-0113-1_S44,0,0.1470772739419721
CTX,lineage,SVM,label,0,RBT-18-0125-1_S50,0,0.2926284729815779
CTX,lineage,SVM,label,0,RBT-18-0134-1_S29,0,0.3079865523099222
CTX,lineage,SVM,label,0,RBT-18-0230-1_S45,0,0.006384100463455025
CTX,lineage,SVM,label,0,RBT-18-0303-1_S20,0,0.3825182323822274
CTX,lineage,SVM,label,0,RBT-18-0317-1_S27,0,0.10984453447904174
CTX,lineage,SVM,label,0,RBT-18-0325-1_S44,0,0.7904727912505023
CTX,lineage,SVM,label,0,RBT-18-0360-1_S39,0,0.41780394971487866
CTX,lineage,SVM,label,0,ResetH24a_S3_2_L001,1,0.9914532453228438
CTX,lineage,SVM,label,0,ResetH68_S1_L001,1,0.1951921307349204
CTX,lineage,SVM,label,0,ResetH8_S2_L001,1,0.02150668310962764
CTX,lineage,SVM,label,0,ResetV70_S6_L001,1,0.885613199220798
CTX,lineage,SVM,label,0,ResetV74_S7_L001,1,0.7830485373873276
CTX,lineage,SVM,label,0,ResetV76_S7_L001,1,0.2847342371935917
CTX,lineage,SVM,label,0,Survcare0111_S29,1,0.004797500407404169
CTX,lineage,SVM,label,0,Survcare130_S2,1,0.1725604557292045
CTX,lineage,SVM,label,0,Survcare234_S3_L001,1,0.008441064740454807
CTX,lineage,SVM,label,0,Survcare244_S9_L001,1,0.08398465700878809
CTX,lineage,SVM,label,0,Survcare262_S23_L001,1,0.21572522989401516
CTX,lineage,SVM,label,0,Survcare310_S21_L001,1,0.7855429115376246
CTX,lineage,SVM,label,0,Survcare318_S20_L001,1,0.958034844987257
CTX,lineage,SVM,label,0,Survcare319_S16,1,0.4944748075482339
CTX,lineage,SVM,label,0,Survcare360_S84,1,0.9786142608094534
CTX,lineage,SVM,label,0,V1_S6_L001,1,0.7883888973793597
CTX,lineage,SVM,label,0,V114_S5_L001,1,0.8643462694839678
CTX,lineage,SVM,label,0,V131_S7_L001,1,0.025928342185135428
CTX,lineage,SVM,label,0,V163_S6_L001,1,0.5685350831309358
CTX,lineage,SVM,label,0,V177_S6_L001,1,0.7478749835989346
CTX,lineage,SVM,label,0,V183_S7_L001,1,0.048894665234860864
CTX,lineage,SVM,label,0,V201_S4_L001,1,0.7831313911617453
CTX,lineage,SVM,label,0,V279_S8_L001,1,0.05573771954556926
CTX,lineage,SVM,label,0,V283_S5_L001,1,0.04153258020733779
CTX,lineage,SVM,label,0,V292_S6_L001,1,0.9951938659184402
CTX,lineage,SVM,label,0,V41_S2_L001,1,0.9121975991627976
CTX,lineage,SVM,label,0,V98_S3_L001,1,0.9793379149503069
CTX,lineage,SVM,label,0,W2RBF-17-133-1_S28,1,0.9926702915974341
CTX,lineage,SVM,label,0,wdh-RBB-16-025-1_S20,1,0.0734389197671396
CTX,lineage,SVM,label,0,wdhRBF-18-0057_S14_L001,0,0.4807602431505035
CTX,lineage,SVM,label,0,wdhRBF-18-0081-1_S18_L001,0,0.7619983893752863
CTX,lineage,SVM,label,0,WDHRBG-16-049-1_S87,0,0.3702945227386169
CTX,lineage,SVM,label,0,wNRZ-32446_S79,1,0.06036785024430615
CTX,lineage,SVM,label,0,wRBG-16-026-1_S163,0,0.0302509535697491
CTX,lineage,SVM,label,0,wRBG-16-032-1_S142,0,0.10602734786304537
CTX,lineage,SVM,label,0,wRBG-17-021-1_S166,0,0.03514956262055748
CTX,lineage,SVM,label,0,wRBG-17-025-1_S133,0,0.001293625164254347
CTX,lineage,SVM,label,0,wRBG-17-058-1_S130,0,0.03014840314472733
CTX,lineage,SVM,label,0,wRBG-17-072-1_S129,0,0.008553601953770326
CTX,lineage,SVM,label,0,wRBG-17-081-1_S117,0,0.059468437374591544
CTX,lineage,SVM,label,0,wRBG-17-100-1_S104,0,0.40622503262274157
CTX,lineage,SVM,label,0,wwRBL-16-111-1_S16,1,0.6474816684663149
CTX,lineage,SVM,label,0,WWSurvcare043_S43,1,0.03121205229787947
CTX,lineage,SVM,label,1,H100_S2_L001,1,0.1178591386931179
CTX,lineage,SVM,label,1,H136_S7_L001,1,0.007977216286391477
CTX,lineage,SVM,label,1,H50_S7_L001,1,0.37072408783108757
CTX,lineage,SVM,label,1,H69_S6_L001,1,0.8401122069269032
CTX,lineage,SVM,label,1,NNRBG-17-0201-1_S6,0,0.030674046306829576
CTX,lineage,SVM,label,1,NNRBG-17-0308-1_S20,0,0.14923259561204716
CTX,lineage,SVM,label,1,NNRBG-17-0316-1_S23,0,0.2887921088065158
CTX,lineage,SVM,label,1,RBB-18-0490-1_S20_L001,1,0.8180389089471297
CTX,lineage,SVM,label,1,RBB-18-0765-1_S191,1,0.7796677975465865
CTX,lineage,SVM,label,1,RBF-17-0178-1_S139,0,0.3673065984900626
CTX,lineage,SVM,label,1,RBF-17-0195-1_S141,0,0.621535393627318
CTX,lineage,SVM,label,1,RBF-17-0508-1_S73,0,0.8740089489206884
CTX,lineage,SVM,label,1,RBF-17-0509-1_S74,0,0.24689474497786248
CTX,lineage,SVM,label,1,RBF-17-0532-1_S80,0,0.21623763349788747
CTX,lineage,SVM,label,1,RBF-17-0532-2_S31,0,0.1638725408388794
CTX,lineage,SVM,label,1,RBF-17-0540-1_S83,0,0.4679086705368533
CTX,lineage,SVM,label,1,RBF-17-0664-1_S63,1,0.5466727907035885
CTX,lineage,SVM,label,1,RBF-18-0055-1_S11,0,0.8304718396495111
CTX,lineage,SVM,label,1,RBF-18-0069-1_S78,1,0.9351580970650379
CTX,lineage,SVM,label,1,RBF-18-0087-1_S23,0,0.046248577672481396
CTX,lineage,SVM,label,1,RBF-18-0088-1_S24,0,0.09738590481182739
CTX,lineage,SVM,label,1,RBF-18-0121-1_S28,0,0.003500514623172572
CTX,lineage,SVM,label,1,RBF-18-0126-1_S31,0,0.08347192106299017
CTX,lineage,SVM,label,1,RBF-18-0135-1_S34,0,0.05627671226079561
CTX,lineage,SVM,label,1,RBF-18-0147-1_S36,0,0.10077723967540404
CTX,lineage,SVM,label,1,RBF-18-0151-1_S83,1,0.07833451296105862
CTX,lineage,SVM,label,1,RBF-18-0172-1_S40,0,0.003070934915954536
CTX,lineage,SVM,label,1,RBF-18-0201-1_S49,0,0.2592483009405564
CTX,lineage,SVM,label,1,RBF-18-0333-1_S70,0,0.10723686957825304
CTX,lineage,SVM,label,1,RBG-18-0023-1_S2,0,0.7073398131700218
CTX,lineage,SVM,label,1,RBG-18-0054-1_S42,0,0.10560085974900939
CTX,lineage,SVM,label,1,RBG-18-0055-1_S43,0,0.15782278272319197
CTX,lineage,SVM,label,1,RBG-18-0077-1_S9,1,0.36660141023025034
CTX,lineage,SVM,label,1,RBG-18-0113-1_S13_L001,0,0.0915749166984479
CTX,lineage,SVM,label,1,RBG-18-0193-1_S8,0,0.0498915976823111
CTX,lineage,SVM,label,1,RBG-18-0194-1_S45,0,0.014924418783455564
CTX,lineage,SVM,label,1,RBG-18-0206-2_S46,0,0.4064799374575955
CTX,lineage,SVM,label,1,RBG-18-0308-1_S54,1,0.7905605023328135
CTX,lineage,SVM,label,1,RBG-18-0347-1_S22_L001,0,0.8874997978870779
CTX,lineage,SVM,label,1,RBK-16-079-1_S15,1,0.309890166762075
CTX,lineage,SVM,label,1,RBK-16-124-1_S16,1,0.6422342046017947
CTX,lineage,SVM,label,1,RBK-18-0020-1_S19,0,0.04413613267441384
CTX,lineage,SVM,label,1,RBk-18-0216-1_S231_2,0,0.5721162067695199
CTX,lineage,SVM,label,1,RBK-18-0250-1_S235_2,0,0.09366251904630961
CTX,lineage,SVM,label,1,RBL-17-0095-1_S147,0,0.044709070742398646
CTX,lineage,SVM,label,1,RBL-17-0159-1_S166,0,0.7634870829107411
CTX,lineage,SVM,label,1,RBL-17-0232-1_S91,0,0.5102627159814889
CTX,lineage,SVM,label,1,RBL-17-0246-1_S94,0,0.19208697386660795
CTX,lineage,SVM,label,1,RBL-17-0263-1_S102,0,0.015982329903342186
CTX,lineage,SVM,label,1,RBL-17-0283-1_S27,0,0.7841279048481431
CTX,lineage,SVM,label,1,RBL-17-0306-1_S50,1,0.2877597138512336
CTX,lineage,SVM,label,1,RBL-17-0324-1_S54,1,0.9382932495392466
CTX,lineage,SVM,label,1,RBL-17-0349-1_S105,0,0.5712554449376777
CTX,lineage,SVM,label,1,RBL-17-0365-1_S112,0,0.006068216581780895
CTX,lineage,SVM,label,1,RBL-17-0374-1_S116,0,0.2146625951125473
CTX,lineage,SVM,label,1,RBL-17-0383-1_S119,0,0.8466437454763452
CTX,lineage,SVM,label,1,RBL-17-0397-1_S125,0,0.34733987928393184
CTX,lineage,SVM,label,1,RBL-18-0021-1_S42,0,0.7446002232332996
CTX,lineage,SVM,label,1,RBL-18-0022-1_S43,0,0.31599746881562757
CTX,lineage,SVM,label,1,RBT-17-0008-1_S18,0,0.38863657471315965
CTX,lineage,SVM,label,1,RBT-17-0033-1_S12,1,0.3409583035573095
CTX,lineage,SVM,label,1,RBT-17-0079-1_S29,0,0.43158278520759397
CTX,lineage,SVM,label,1,RBT-17-0084-1_S31,0,0.06657138294381705
CTX,lineage,SVM,label,1,RBT-17-0113-1_S42,0,0.13234799535038563
CTX,lineage,SVM,label,1,RBT-17-0118-1_S45,0,0.9459760865222566
CTX,lineage,SVM,label,1,RBT-17-0124-1_S46,0,0.07112684231600792
CTX,lineage,SVM,label,1,RBT-17-0133-1_S6,0,0.3853324451045001
CTX,lineage,SVM,label,1,RBT-17-0163-1_S59,0,0.242442994650966
CTX,lineage,SVM,label,1,RBT-17-0167-1_S27,0,0.24847755745859063
CTX,lineage,SVM,label,1,RBT-17-0173-1_S63,0,0.0954227216991606
CTX,lineage,SVM,label,1,RBT-17-0188-1_S68,1,0.007705259838621456
CTX,lineage,SVM,label,1,RBT-17-0194-1_S30,0,0.1684732677042593
CTX,lineage,SVM,label,1,RBT-17-0217-1_S7,0,0.8646922906069695
CTX,lineage,SVM,label,1,RBT-17-0225-1_S9,0,0.0360835165206687
CTX,lineage,SVM,label,1,RBT-17-0232-1_S58,0,0.9890289154148532
CTX,lineage,SVM,label,1,RBT-17-0256-1_S25,0,0.7087764277430466
CTX,lineage,SVM,label,1,RBT-17-0279-1_S12,0,0.022945099454246415
CTX,lineage,SVM,label,1,RBT-17-0291-1_S14,0,0.07974106307862516
CTX,lineage,SVM,label,1,RBT-18-0004-1_S51,1,0.3379138602792471
CTX,lineage,SVM,label,1,RBT-18-0046-1_S2,0,0.8798275449044877
CTX,lineage,SVM,label,1,RBT-18-0050-1_S34,0,0.11974675195856159
CTX,lineage,SVM,label,1,RBT-18-0052-1_S35,1,0.06906904180739117
CTX,lineage,SVM,label,1,RBT-18-0101-1_S22,0,0.0014018080719338955
CTX,lineage,SVM,label,1,RBT-18-0103-1_S24,0,0.8341423281888162
CTX,lineage,SVM,label,1,RBT-18-0122-1_S63,0,0.6053910819589331
CTX,lineage,SVM,label,1,RBT-18-0127-1_S51,0,0.104234016524029
CTX,lineage,SVM,label,1,RBT-18-0133-1_S30,0,0.6692085610284233
CTX,lineage,SVM,label,1,RBT-18-0197-1_S40,0,0.036543827159765216
CTX,lineage,SVM,label,1,RBT-18-0224-1_S43,0,0.12758032634395114
CTX,lineage,SVM,label,1,RBT-18-0231-1_S14,1,0.07339431001275863
CTX,lineage,SVM,label,1,RBT-18-0241-1_S50,0,0.07414771621215202
CTX,lineage,SVM,label,1,RBT-18-0246-1_S52,0,0.05308172429127304
CTX,lineage,SVM,label,1,RBT-18-0247-1_S16,1,0.3897033302827423
CTX,lineage,SVM,label,1,RBT-18-0253-1_S54,0,0.9692615620749828
CTX,lineage,SVM,label,1,RBT-18-0269-1_S61,0,0.4830920574400916
CTX,lineage,SVM,label,1,RBT-18-0271-1_S62,0,0.07362349253780881
CTX,lineage,SVM,label,1,RBT-18-0292-1_S70,0,0.32790608050774867
CTX,lineage,SVM,label,1,RBT-18-0293-1_S71,0,0.07381831708093542
CTX,lineage,SVM,label,1,RBT-18-0339-1_S47,0,0.006963106175666188
CTX,lineage,SVM,label,1,RBT-18-0361-1_S38,0,0.022059274323824735
CTX,lineage,SVM,label,1,RBT-18-0377-1_S1,0,0.19665860967583984
CTX,lineage,SVM,label,1,ResetH16_S2_L001,1,0.20778346629582825
CTX,lineage,SVM,label,1,ResetH45_S5_L001,1,0.08643172649329531
CTX,lineage,SVM,label,1,ResetH92_S4_L001,1,0.8100626758160522
CTX,lineage,SVM,label,1,ResetH98_S4_L001,1,0.4346707106755892
CTX,lineage,SVM,label,1,ResetV143_S2_L001,1,0.0821443079943607
CTX,lineage,SVM,label,1,ResetV210_S4_L001,1,0.9517643694722645
CTX,lineage,SVM,label,1,ResetV63_S5_L001,1,0.23302566145846304
CTX,lineage,SVM,label,1,Survcare052_S22,1,0.9829045400452067
CTX,lineage,SVM,label,1,Survcare125_S25,1,0.7013299420338847
CTX,lineage,SVM,label,1,Survcare190_S35,1,0.010305048813320549
CTX,lineage,SVM,label,1,Survcare221_S7_L001,1,0.1892009895159918
CTX,lineage,SVM,label,1,Survcare230_S17_L001,1,0.8201613629032484
CTX,lineage,SVM,label,1,Survcare289_S36,1,0.01575185245130583
CTX,lineage,SVM,label,1,Survcare292_S39,1,0.9606811821408572
CTX,lineage,SVM,label,1,Survcare293_S40,1,0.023207832578623657
CTX,lineage,SVM,label,1,Survcare309_S20_L001,1,0.018381829636700563
CTX,lineage,SVM,label,1,Survcare334_S10,1,0.6567783910138754
CTX,lineage,SVM,label,1,Survcare335_S11,1,0.9834177416140508
CTX,lineage,SVM,label,1,Survcare350_S44,1,0.13045531720694073
CTX,lineage,SVM,label,1,V123_S1_L001,1,0.40573290105050647
CTX,lineage,SVM,label,1,V130_S5_L001,1,0.9841582154961536
CTX,lineage,SVM,label,1,V139_S7_L001,1,0.9750914201843235
CTX,lineage,SVM,label,1,V152_S3_L001,1,0.5792047366279511
CTX,lineage,SVM,label,1,V153_S4_L001,1,0.21367195300138017
CTX,lineage,SVM,label,1,V155_S5_L001,1,0.1777007589575756
CTX,lineage,SVM,label,1,V158_S4_L001,1,0.6612719441894599
CTX,lineage,SVM,label,1,V182_S6_L001,1,0.7079873321513628
CTX,lineage,SVM,label,1,V268_S12_L001,1,0.9861233312675308
CTX,lineage,SVM,label,1,V271_S13_L001,1,0.952215177527453
CTX,lineage,SVM,label,1,V64_S3_L001,1,0.1912255868825606
CTX,lineage,SVM,label,1,V79_S6_L001,1,0.6924518728882632
CTX,lineage,SVM,label,1,V8_S7_L001,1,0.42400059594457257
CTX,lineage,SVM,label,1,W2RBF-17-090-1_S26,1,0.0009101326244295709
CTX,lineage,SVM,label,1,wdh2NRZ-29911a_S31,1,0.03329422496479592
CTX,lineage,SVM,label,1,wdhRBF-18-0025-1_S11_L001,0,0.6908005713162739
CTX,lineage,SVM,label,1,wdhRBF-18-0049-1_S13_L001,0,3.832695519085529e-05
CTX,lineage,SVM,label,1,wdhRBF-18-0080-1_S17_L001,0,0.7656160483479305
CTX,lineage,SVM,label,1,wdhRBF-18-0098-1_S19_L001,0,0.2884232518069797
CTX,lineage,SVM,label,1,WDHRBG-16-050-1_S40,1,0.9634743798878127
CTX,lineage,SVM,label,1,WDHRBG-16-060-1_S27,0,0.0216780314376597
CTX,lineage,SVM,label,1,WDHRBG-17-0093-1_S1,1,0.9147532871299139
CTX,lineage,SVM,label,1,WDHRBG-17-121-1_S46,0,0.08765760767076274
CTX,lineage,SVM,label,1,wNRZ-33910_S81,1,0.8167764705601208
CTX,lineage,SVM,label,1,wRBG-16-034-1_S164,0,0.9950813143208981
CTX,lineage,SVM,label,1,wRBG-17-014-1_S167,0,0.00597014482016543
CTX,lineage,SVM,label,1,wRBG-17-034-1_S121,0,0.061163671568071995
CTX,lineage,SVM,label,1,wRBG-17-052-1_S120,0,0.21720026373567985
CTX,lineage,SVM,label,1,wRBG-17-082-1_S106,0,0.08912883096717882
CTX,lineage,SVM,label,1,wRBG-17-112-1_S146,0,0.026092414389545567
CTX,lineage,SVM,label,1,wwRBF-16-094-1_S13,1,0.05937390204783848
CTX,lineage,SVM,label,1,wwRBK-17-0278-1_S41,1,0.6933335760126068
CTX,lineage,SVM,label,2,H109_S2_L001,1,0.6102783179438733
CTX,lineage,SVM,label,2,H17_S2_L001,1,0.9467606753223176
CTX,lineage,SVM,label,2,H37_S3_L001,1,0.9908232369100962
CTX,lineage,SVM,label,2,H66_S1_L001,1,0.3271629587216363
CTX,lineage,SVM,label,2,NNRBG-17-0193-1_S2,0,0.07466909974673158
CTX,lineage,SVM,label,2,NNRBG-17-0198-1_S4,0,0.5569028960724905
CTX,lineage,SVM,label,2,NNRBG-17-0205-1_S7,0,0.9820941479221826
CTX,lineage,SVM,label,2,NNRBG-17-0234-1_S9,0,0.028969033921863795
CTX,lineage,SVM,label,2,NNRBG-17-0255-1_S14,0,0.9925076692950296
CTX,lineage,SVM,label,2,NNRBG-17-0294-1_S18,0,0.8349234720904273
CTX,lineage,SVM,label,2,NNRBG-17-0298-1_S19,0,0.36444876202656307
CTX,lineage,SVM,label,2,NNRBG-17-0346-1_S30,0,0.46974516854910914
CTX,lineage,SVM,label,2,RBB-18-0519-1_S184,1,0.1621098244485432
CTX,lineage,SVM,label,2,RBB-18-0546-1_S22_L001,1,0.923262423520863
CTX,lineage,SVM,label,2,RBB-18-0665-1_S23_L001,1,0.6494350539152729
CTX,lineage,SVM,label,2,RBB-18-0826-1_S193,1,0.30819559988797307
CTX,lineage,SVM,label,2,RBB-18-1312-1_S43,1,0.9796205076361757
CTX,lineage,SVM,label,2,RBB-18-1393-1_S48,1,0.8437247624695643
CTX,lineage,SVM,label,2,RBB-18-1406-1_S49,1,0.941777479203849
CTX,lineage,SVM,label,2,RBB-18-1502-1_S47,1,0.9953981433879643
CTX,lineage,SVM,label,2,RBB-19-0014-1_S44,1,0.5164330313055338
CTX,lineage,SVM,label,2,RBBK18-0189-1_S24_L001,0,0.4707075459768124
CTX,lineage,SVM,label,2,RBF-16-073-1_S23,1,0.9738856906746156
CTX,lineage,SVM,label,2,RBF-17-0424-1_S15,1,0.9804150927923581
CTX,lineage,SVM,label,2,RBF-17-0450-1_S10,1,0.9919569149144115
CTX,lineage,SVM,label,2,RBF-17-0513-1_S76,0,0.8757064920648419
CTX,lineage,SVM,label,2,RBF-17-0523-1_S30,0,0.5482187951640841
CTX,lineage,SVM,label,2,RBF-17-0614-3_S95,0,0.05756606234378761
CTX,lineage,SVM,label,2,RBF-17-0630-1_S59,1,0.004896885540915434
CTX,lineage,SVM,label,2,RBF-17-0635-1_S98,0,0.045452457834572565
CTX,lineage,SVM,label,2,RBF-18-0027-1_S5,0,0.9511161723533512
CTX,lineage,SVM,label,2,RBF-18-0093-1_S80,1,0.4594929667336185
CTX,lineage,SVM,label,2,RBF-18-0125-1_S30,0,0.6432271789350944
CTX,lineage,SVM,label,2,RBF-18-0179-1_S29,0,0.8406962693617436
CTX,lineage,SVM,label,2,RBF-18-0200-1_S48,0,0.09626235722543562
CTX,lineage,SVM,label,2,RBF-18-0208-2_S11_L001,0,0.08336281351696137
CTX,lineage,SVM,label,2,RBF-18-0259-1_S33,0,0.23894981908557747
CTX,lineage,SVM,label,2,RBF-18-0339-1_S37,0,0.7824436300987442
CTX,lineage,SVM,label,2,RBG-17-0284-1_S59,0,0.01889244280425662
CTX,lineage,SVM,label,2,RBG-18-0170-1_S41,0,0.27520911040658225
CTX,lineage,SVM,label,2,RBG-18-0209-2_S46,0,0.3585086618928574
CTX,lineage,SVM,label,2,RBG-18-0223-1_S2,0,0.09504071349293128
CTX,lineage,SVM,label,2,RBG-18-0239-1_S4,0,0.40592518558013163
CTX,lineage,SVM,label,2,RBG-18-0280-1_S51,0,0.6438723116641576
CTX,lineage,SVM,label,2,RBG-18-0312-1_S55,0,0.7937555130977585
CTX,lineage,SVM,label,2,RBG-18-0355-1_S19_L001,0,0.46323791552656096
CTX,lineage,SVM,label,2,RBG-18-0358-1_S39,1,0.004769513211088415
CTX,lineage,SVM,label,2,RBG-18-0417-1_S52,0,0.5749019118145501
CTX,lineage,SVM,label,2,RBK-17-049-1_S62,1,0.5680448477273886
CTX,lineage,SVM,label,2,RBK-18-0037-1_S199,0,0.1665438680458298
CTX,lineage,SVM,label,2,RBK-18-0080-1_S205,0,0.4987637366925989
CTX,lineage,SVM,label,2,RBK-18-0104-1_S206,0,0.006954409373795113
CTX,lineage,SVM,label,2,RBK-18-0644-1_S180,1,0.0026217872027253964
CTX,lineage,SVM,label,2,RBL-17-0090-1_S145,0,0.005704025159197117
CTX,lineage,SVM,label,2,RBL-17-0101-1_S148,0,0.27439558212202847
CTX,lineage,SVM,label,2,RBL-17-0123-1_S157,0,0.7067915717920875
CTX,lineage,SVM,label,2,RBL-17-0144-1_S163,0,0.9991032531135773
CTX,lineage,SVM,label,2,RBL-17-0172-1_S170,0,0.9890592100237177
CTX,lineage,SVM,label,2,RBL-17-0256-1_S98,0,0.002863489165373276
CTX,lineage,SVM,label,2,RBL-17-0320-1_S114,0,0.4445874915020744
CTX,lineage,SVM,label,2,RBL-17-075-1_S18,1,0.814554526288925
CTX,lineage,SVM,label,2,RBL-18-0002-1_S158,0,0.08062852355845342
CTX,lineage,SVM,label,2,RBT-17-0003-1_S16,0,0.2378147689903407
CTX,lineage,SVM,label,2,RBT-17-0022-1_S24,0,0.1971838752361503
CTX,lineage,SVM,label,2,RBT-17-0023-1_S25,0,0.5289314077380501
CTX,lineage,SVM,label,2,RBT-17-0099-1_S35,0,0.09091172920628543
CTX,lineage,SVM,label,2,RBT-17-0107-1_S39,0,0.018147710823596366
CTX,lineage,SVM,label,2,RBT-17-0130-1_S27,0,0.3377972959398928
CTX,lineage,SVM,label,2,RBT-17-0138-1_S52,0,0.9819670649587423
CTX,lineage,SVM,label,2,RBT-17-0161-1_S57,0,0.08211584417088831
CTX,lineage,SVM,label,2,RBT-17-0174-1_S64,0,0.5430587156926124
CTX,lineage,SVM,label,2,RBT-17-0239-1_S60,0,0.19109859081166378
CTX,lineage,SVM,label,2,RBT-17-0270-1_S65,0,0.7077083595150107
CTX,lineage,SVM,label,2,RBT-17-0285-1_S66,0,0.8138646187845268
CTX,lineage,SVM,label,2,RBT-17-0295-1_S15,0,0.25143599277927076
CTX,lineage,SVM,label,2,RBT-18-0017-1_S67,0,0.031157042048521967
CTX,lineage,SVM,label,2,RBT-18-0027-1_S68,0,0.36600931305837475
CTX,lineage,SVM,label,2,RBT-18-0042-1_S60,0,0.7045621928452397
CTX,lineage,SVM,label,2,RBT-18-0045-1_S70,0,0.00019746923745172005
CTX,lineage,SVM,label,2,RBT-18-0056-1_S37,0,0.14718161301147126
CTX,lineage,SVM,label,2,RBT-18-0064-1_S15,0,0.47776853682835013
CTX,lineage,SVM,label,2,RBT-18-0071-1_S41,0,0.9863821111452565
CTX,lineage,SVM,label,2,RBT-18-0079-1_S16,0,0.786728849870276
CTX,lineage,SVM,label,2,RBT-18-0102-1_S23,0,0.3735113558472831
CTX,lineage,SVM,label,2,RBT-18-0110-1_S27,0,0.10930864114884911
CTX,lineage,SVM,label,2,RBT-18-0116-1_S46,0,0.9845021579214179
CTX,lineage,SVM,label,2,RBT-18-0121-1_S28,0,0.7934302635088152
CTX,lineage,SVM,label,2,RBT-18-0141-1_S32,0,0.23875175947452776
CTX,lineage,SVM,label,2,RBT-18-0146-1_S55,0,0.8547288850314888
CTX,lineage,SVM,label,2,RBT-18-0181-1_S61,1,0.35556147541780836
CTX,lineage,SVM,label,2,RBT-18-0259-1_S55,0,0.34480339903593143
CTX,lineage,SVM,label,2,RBT-18-0275-1_S63,0,0.6327648040718761
CTX,lineage,SVM,label,2,RBT-18-0283-1_S65,0,0.6284439013572872
CTX,lineage,SVM,label,2,RBT-18-0288-1_S68,0,0.9697626527888333
CTX,lineage,SVM,label,2,RBT-18-0331-1_S22,0,0.8307233081550748
CTX,lineage,SVM,label,2,RBT-18-0334-1_S23,0,0.13596926026935166
CTX,lineage,SVM,label,2,RBT-18-0338-1_S35,0,0.2516189883816863
CTX,lineage,SVM,label,2,RBT-18-0340-1_S36,0,0.7912146851119463
CTX,lineage,SVM,label,2,RBT-18-0357-1_S27,0,0.08571252761512653
CTX,lineage,SVM,label,2,RBT-18-0358-1_S28,0,0.5003386621639463
CTX,lineage,SVM,label,2,RBT-18-0368-1_S32,1,0.7036859475332453
CTX,lineage,SVM,label,2,RBT-18-0384-1_S40,0,0.6809333480553901
CTX,lineage,SVM,label,2,RBT-18-0385-1_S34,0,0.0738823995435858
CTX,lineage,SVM,label,2,ResetH1_S1_L001,1,0.9802710843139775
CTX,lineage,SVM,label,2,ResetH10_S1_L001,1,0.9370196871816497
CTX,lineage,SVM,label,2,ResetH115_S6_L001,1,0.9809923578223565
CTX,lineage,SVM,label,2,ResetH30_S4_L001,1,0.995728541493144
CTX,lineage,SVM,label,2,ResetH93_S5_L001,1,0.7873519984894725
CTX,lineage,SVM,label,2,ResetH99_S5_L001,1,0.8662651695842171
CTX,lineage,SVM,label,2,ResetV161_S3_L001,1,0.5808478875816281
CTX,lineage,SVM,label,2,ResetV288_S6_L001,1,0.9948443927995396
CTX,lineage,SVM,label,2,RPG-18-0435-1_S32,0,0.10077534322123484
CTX,lineage,SVM,label,2,Survcare0114_S37,1,0.9926524434832611
CTX,lineage,SVM,label,2,Survcare058_S26,1,0.4281190131155725
CTX,lineage,SVM,label,2,Survcare104_S16_L001,1,0.039844721140679384
CTX,lineage,SVM,label,2,Survcare176_S17_L001,1,0.9975341349931592
CTX,lineage,SVM,label,2,Survcare253_S35,1,0.7144237871791467
CTX,lineage,SVM,label,2,Survcare321_S18,1,0.5344097423736742
CTX,lineage,SVM,label,2,V111_S3_L001,1,0.44993741479635074
CTX,lineage,SVM,label,2,V113_S3_L001,1,0.9855711913636114
CTX,lineage,SVM,label,2,V116_S6_L001,1,0.9802545737462561
CTX,lineage,SVM,label,2,V168_S9_L001,1,0.8563850692628834
CTX,lineage,SVM,label,2,V172_S5_L001,1,0.38278682340478737
CTX,lineage,SVM,label,2,V195_S1_L001,1,0.00026779028118663686
CTX,lineage,SVM,label,2,V215_S2_L001,1,0.6296038774985178
CTX,lineage,SVM,label,2,V238_S11_L001,1,0.7216526842208674
CTX,lineage,SVM,label,2,V289_S5_L001,1,0.9974231800112412
CTX,lineage,SVM,label,2,V40_S2_L001,1,0.7364204435042203
CTX,lineage,SVM,label,2,V73_S5_L001,1,0.7437207045249095
CTX,lineage,SVM,label,2,V80_S7_L001,1,0.011867805284843647
CTX,lineage,SVM,label,2,V86_S1_L001,1,0.7216636669233643
CTX,lineage,SVM,label,2,V9_S1_L001,1,0.7435385357825496
CTX,lineage,SVM,label,2,V96_S2_L001,1,0.7873784403827802
CTX,lineage,SVM,label,2,w2RBG-16-037-1_S34,0,0.9648932955493615
CTX,lineage,SVM,label,2,wdh-RBL-17-0431-1_S46,0,0.5283717138438431
CTX,lineage,SVM,label,2,wdhRBF-17-0558-1_S121,0,0.6267513590493144
CTX,lineage,SVM,label,2,wdhRBF-17-0564-1_S230,1,0.11663824533165451
CTX,lineage,SVM,label,2,wdhRBF-18-0059-1_S15_L001,0,0.09400610110627165
CTX,lineage,SVM,label,2,WDHRBG-17-005-2_S61,0,0.6891680260863012
CTX,lineage,SVM,label,2,WDHRBG-17-0256-1_S17,0,0.15017859134401898
CTX,lineage,SVM,label,2,wdhRBL-17-0370-1_S232,0,0.5871739820007511
CTX,lineage,SVM,label,2,wRBG-16-027-1_S174,0,0.03215678141773076
CTX,lineage,SVM,label,2,wRBG-17-022-1_S43,1,0.972022805400897
CTX,lineage,SVM,label,2,wRBG-17-047-1_S153,0,0.2852165123876663
CTX,lineage,SVM,label,2,wRBG-17-073-1_S118,0,0.3231545501177255
CTX,lineage,SVM,label,2,wRBG-17-102-1_S169,0,0.00012487252896175408
CTX,lineage,SVM,label,2,wwRBB-17-031-1_S25,1,0.9589764426428183
CTX,lineage,SVM,label,2,wwRBF-17-148-1_S27,1,0.4620010363988963
CTX,lineage,SVM,label,2,wwRBF-17-251-1_S33,1,0.5199024785268542
CTX,lineage,SVM,label,2,wwRBK-17-0298-1_S42,1,0.3263050727465935
CTX,lineage,SVM,label,3,H105_S3_L001,1,0.6451046593233166
CTX,lineage,SVM,label,3,H148_S4_L001,1,0.4479824173108502
CTX,lineage,SVM,label,3,H3_S1_L001,1,0.4261951163190579
CTX,lineage,SVM,label,3,H51_S5_L001,1,0.657436849235675
CTX,lineage,SVM,label,3,H53_S4_L001,1,0.6734959510428554
CTX,lineage,SVM,label,3,H71_S1_L001,1,0.280341454916173
CTX,lineage,SVM,label,3,H86_S1_L001,1,0.29396754666297087
CTX,lineage,SVM,label,3,NNRBG-17-0191-1_S1,0,0.4668930123580921
CTX,lineage,SVM,label,3,NNRBG-17-0242-1_S11,0,0.4320392210394526
CTX,lineage,SVM,label,3,NNRBG-17-0243-1_S12,0,0.08202893974209982
CTX,lineage,SVM,label,3,NNRBG-17-0249-1_S13,0,0.31776903204803203
CTX,lineage,SVM,label,3,NNRBG-17-0378-1_S37,0,0.5751992045172118
CTX,lineage,SVM,label,3,NNRBG-17-0382-1_S38,0,0.00039863862999212345
CTX,lineage,SVM,label,3,RBB-17-011-1_S40,1,0.6509659466655408
CTX,lineage,SVM,label,3,RBB-17-171-1_S52,1,0.46412004265037937
CTX,lineage,SVM,label,3,RBB-18-0537-1_S21_L001,1,0.6652319508474931
CTX,lineage,SVM,label,3,RBB-18-0668-1_S188,1,0.4114429865471912
CTX,lineage,SVM,label,3,RBB-18-1309-1_S42,1,0.4217370602952726
CTX,lineage,SVM,label,3,RBB-18-1460-1_S45,1,0.29368910584085445
CTX,lineage,SVM,label,3,RBF-16-004-1_S18,1,0.4701715416080901
CTX,lineage,SVM,label,3,RBF-16-060-1_S22,1,0.6578333861529216
CTX,lineage,SVM,label,3,RBF-17-0340-1_S81,1,0.7859788364807031
CTX,lineage,SVM,label,3,RBF-17-0438-1_S9,1,0.6509659466655408
CTX,lineage,SVM,label,3,RBF-17-0467-1_S12,1,0.6491514510398347
CTX,lineage,SVM,label,3,RBF-17-0489-1_S13,1,0.477129633347951
CTX,lineage,SVM,label,3,RBF-17-0521-1_S78,0,0.5587691559606944
CTX,lineage,SVM,label,3,RBF-17-0537-1_S56,1,0.6173738053702781
CTX,lineage,SVM,label,3,RBF-17-0553-1_S85,0,0.5909395196551465
CTX,lineage,SVM,label,3,RBF-17-0572-2_S89,0,0.5035824237992984
CTX,lineage,SVM,label,3,RBF-17-067-1_S54,1,0.5352831622344352
CTX,lineage,SVM,label,3,RBF-17-094-1_S56,1,0.6535302028190677
CTX,lineage,SVM,label,3,RBF-17-170-1_S66,1,0.47051000697953355
CTX,lineage,SVM,label,3,RBF-17-186-1_S69,1,0.6509659466655408
CTX,lineage,SVM,label,3,RBF-17-318-1_S77,1,0.6195252338372637
CTX,lineage,SVM,label,3,RBF-18-0019-1_S2,0,0.5937985452184507
CTX,lineage,SVM,label,3,RBF-18-0035-1_S6,0,0.2778676342367389
CTX,lineage,SVM,label,3,RBF-18-0068-1_S77,1,0.19635602750370862
CTX,lineage,SVM,label,3,RBF-18-0075-1_S79,1,0.28771242706296074
CTX,lineage,SVM,label,3,RBF-18-0132-1_S26,0,0.7641758388730499
CTX,lineage,SVM,label,3,RBF-18-0163-2_S39,0,0.5680782526369635
CTX,lineage,SVM,label,3,RBF-18-0173-1_S27,0,0.8390153974478617
CTX,lineage,SVM,label,3,RBF-18-0174-1_S28,1,0.6661947871678616
CTX,lineage,SVM,label,3,RBF-18-0187-1_S31,1,0.8137214045117309
CTX,lineage,SVM,label,3,RBF-18-0194-1_S86,1,0.14873161125347495
CTX,lineage,SVM,label,3,RBF-18-0196-1_S46,0,0.6620823568758668
CTX,lineage,SVM,label,3,RBF-18-0199-1_S47,0,0.734931857334239
CTX,lineage,SVM,label,3,RBF-18-0227-1_S53,0,0.0428391484011828
CTX,lineage,SVM,label,3,RBF-18-0253-1_S13_L001,0,0.9274249504069105
CTX,lineage,SVM,label,3,RBF-18-0277-1_S61,0,0.6146162687016251
CTX,lineage,SVM,label,3,RBF-18-0282-1_S63,0,0.9596747061677215
CTX,lineage,SVM,label,3,RBF-18-0321-1_S69,0,0.2612154878671533
CTX,lineage,SVM,label,3,RBF-18-0585-1_S48,1,0.5118868378590158
CTX,lineage,SVM,label,3,RBF-18-0714-2_S204_2,1,0.6326440162971915
CTX,lineage,SVM,label,3,RBG-17-0269-1_S41,0,0.9560742816434552
CTX,lineage,SVM,label,3,RBG-17-0351-1_S20_L001,1,0.6196121987917772
CTX,lineage,SVM,label,3,RBG-17-0383-1_S44,0,0.085016171570795
CTX,lineage,SVM,label,3,RBG-18-0004-1_S1,1,0.6509659466655408
CTX,lineage,SVM,label,3,RBG-18-0012-1_S3,0,0.35532664769299915
CTX,lineage,SVM,label,3,RBG-18-0041-1_S6,0,0.7398032425151255
CTX,lineage,SVM,label,3,RBG-18-0071-1_S44,0,0.788170191180053
CTX,lineage,SVM,label,3,RBG-18-0072-1_S8,0,0.392546126457914
CTX,lineage,SVM,label,3,RBG-18-0083-1_S12,0,0.4734336401633383
CTX,lineage,SVM,label,3,RBG-18-0085-1_S11,0,0.13090326549751138
CTX,lineage,SVM,label,3,RBG-18-0099-1_S14,1,0.6509659466655408
CTX,lineage,SVM,label,3,RBG-18-0129-1_S15_L001,1,0.2332931595345641
CTX,lineage,SVM,label,3,RBG-18-0153-1_S14,0,0.7040225721658669
CTX,lineage,SVM,label,3,RBG-18-0177-1_S17_L001,1,0.7376523463536501
CTX,lineage,SVM,label,3,RBG-18-0200-1_S18_L001,1,0.44716514597225737
CTX,lineage,SVM,label,3,RBG-18-0221-1_S47,0,0.6610454184658824
CTX,lineage,SVM,label,3,RBG-18-0224-1_S24_L001,1,0.653035007400709
CTX,lineage,SVM,label,3,RBG-18-0279-1_S36,1,0.6080857236049769
CTX,lineage,SVM,label,3,RBG-18-0289-1_S37,1,0.39301059537018695
CTX,lineage,SVM,label,3,RBG-18-0380-1_S48,0,0.6509659466655408
CTX,lineage,SVM,label,3,RBG-18-0388-1_S21_L001,1,0.7771704902182047
CTX,lineage,SVM,label,3,RBG-18-0391-1_S22_L001,1,0.9054789305768794
CTX,lineage,SVM,label,3,RBG-18-0410-1_S12,1,0.5838010759576642
CTX,lineage,SVM,label,3,RBG-18-0421-1_S53,1,0.6653813009981521
CTX,lineage,SVM,label,3,RBG-18-0437-1_S54,1,0.24605495440249095
CTX,lineage,SVM,label,3,RBK-17-0457-1_S6,1,0.5285922695305293
CTX,lineage,SVM,label,3,RBK-17-0492-1_S8,1,0.06451171552674984
CTX,lineage,SVM,label,3,RBK-17-0588-1_S24,1,0.6182254100727617
CTX,lineage,SVM,label,3,RBK-17-0601-1_S25,1,0.6509659466655408
CTX,lineage,SVM,label,3,RBK-17-0612-1_S27,1,0.6460286652337226
CTX,lineage,SVM,label,3,RBK-17-0655-5_S182,1,0.6178644490333747
CTX,lineage,SVM,label,3,RBK-18-0060-1_S22,0,0.9898938338120004
CTX,lineage,SVM,label,3,RBK-18-0077-1_S212,1,0.6460286652337226
CTX,lineage,SVM,label,3,RBK-18-0236-2_S52_2,1,0.5150381153809644
CTX,lineage,SVM,label,3,RBKk-18-0108-1_S201,1,0.6057391664480499
CTX,lineage,SVM,label,3,RBL-17-0093-1_S146,0,0.3961676371631129
CTX,lineage,SVM,label,3,RBL-17-0107-1_S150,0,0.47759541741303735
CTX,lineage,SVM,label,3,RBL-17-0113-1_S153,0,0.6623922092052585
CTX,lineage,SVM,label,3,RBL-17-0118-1_S156,0,0.3398883690052917
CTX,lineage,SVM,label,3,RBL-17-0165-1_S167,0,0.0482092647580005
CTX,lineage,SVM,label,3,RBL-17-0189-1_S172,0,0.47518139587224456
CTX,lineage,SVM,label,3,RBL-17-0199-1_S174,0,0.6358610539566566
CTX,lineage,SVM,label,3,RBL-17-0217-1_S176,0,0.8662282922631303
CTX,lineage,SVM,label,3,RBL-17-0226-1_S41,1,0.6169450451377985
CTX,lineage,SVM,label,3,RBL-17-0242-1_S42,1,0.6818006403454581
CTX,lineage,SVM,label,3,RBL-17-0244-1_S44,1,0.6536754925419114
CTX,lineage,SVM,label,3,RBL-17-0264-1_S103,0,0.09277533622539115
CTX,lineage,SVM,label,3,RBL-17-0267-1_S104,0,0.35603055285467333
CTX,lineage,SVM,label,3,RBL-17-0305-1_S49,1,0.7536224889756615
CTX,lineage,SVM,label,3,RBL-17-0307-1_S51,1,0.6509659466655408
CTX,lineage,SVM,label,3,RBL-17-0323-1_S115,0,0.11903389388669941
CTX,lineage,SVM,label,3,RBL-17-0328-1_S117,0,0.18240380074661824
CTX,lineage,SVM,label,3,RBL-17-0332-1_S118,0,0.9451754014074542
CTX,lineage,SVM,label,3,RBL-17-0350-1_S106,0,0.8540491433673453
CTX,lineage,SVM,label,3,RBL-17-0359-1_S66,1,0.8045533880265588
CTX,lineage,SVM,label,3,RBL-17-0392-1_S69,1,0.7536224889756615
CTX,lineage,SVM,label,3,RBL-17-0411-1_S128,0,0.014504941505040551
CTX,lineage,SVM,label,3,RBL-17-0432-1_S132,0,0.9304680122092645
CTX,lineage,SVM,label,3,RBL-17-0434-1_S133,0,0.8053586969973712
CTX,lineage,SVM,label,3,RBL-17-060-1_S17,1,0.4874153532929767
CTX,lineage,SVM,label,3,RBL-18-0048-1_S44,0,0.7483152338918526
CTX,lineage,SVM,label,3,RBL-18-0059-1_S171,0,0.8765892235822035
CTX,lineage,SVM,label,3,RBL-18-0076-1_S47,1,0.5599377560659836
CTX,lineage,SVM,label,3,RBL-18-0090-1_S48,1,0.5539729640167214
CTX,lineage,SVM,label,3,RBL-18-0093-1_S49,0,0.49727430107187115
CTX,lineage,SVM,label,3,RBL-18-0098-1_S178,0,0.5703930464928777
CTX,lineage,SVM,label,3,RBL-18-0194-1_S195_2,1,0.41726289126578986
CTX,lineage,SVM,label,3,RBL-18-0242-1_S51,0,0.01390067144879234
CTX,lineage,SVM,label,3,RBL-18-0343-1_S6,1,0.2241290148986969
CTX,lineage,SVM,label,3,RBL-18-0467-1_S228_2,1,0.8333266365998879
CTX,lineage,SVM,label,3,RBL-18-0500-1_S230_2,1,0.6887571205886325
CTX,lineage,SVM,label,3,RBT-16-0024-1_S10,1,0.6791972322001796
CTX,lineage,SVM,label,3,RBT-16-0038-1_S11,1,0.13831500830810983
CTX,lineage,SVM,label,3,RBT-17-0009-1_S21,0,0.6771760949298509
CTX,lineage,SVM,label,3,RBT-17-0039-1_S28,1,0.3598823957660281
CTX,lineage,SVM,label,3,RBT-17-0102-1_S37,0,0.6640045013303655
CTX,lineage,SVM,label,3,RBT-17-0168-1_S61,0,0.45903007868516127
CTX,lineage,SVM,label,3,RBT-17-0249-1_S61,1,0.5971737414949342
CTX,lineage,SVM,label,3,RBT-17-0328-1_S16,1,0.6209681434083215
CTX,lineage,SVM,label,3,RBT-17-0339-1_S20,0,0.7028671938612785
CTX,lineage,SVM,label,3,RBT-18-0021-1_S56,1,0.6509659466655408
CTX,lineage,SVM,label,3,RBT-18-0053-1_S36,1,0.615704135385009
CTX,lineage,SVM,label,3,RBT-18-0129-1_S52,0,0.6208219515999058
CTX,lineage,SVM,label,3,RBT-18-0179-1_S37,0,0.9184778281793152
CTX,lineage,SVM,label,3,RBT-18-0205-1_S6,1,0.7068079751126205
CTX,lineage,SVM,label,3,RBT-18-0227-1_S46,1,0.6520070733075437
CTX,lineage,SVM,label,3,RBT-18-0232-1_S47,0,0.42878435628567413
CTX,lineage,SVM,label,3,RBT-18-0234-1_S15,1,0.7953698730822282
CTX,lineage,SVM,label,3,RBT-18-0263-1_S58,0,0.10513866726978427
CTX,lineage,SVM,label,3,RBT-18-0265-1_S59,0,0.006768502178427128
CTX,lineage,SVM,label,3,RBT-18-0278-1_S64,0,0.957058301165175
CTX,lineage,SVM,label,3,RBT-18-0284-1_S66,1,0.5802598584480573
CTX,lineage,SVM,label,3,RBT-18-0296-1_S72,1,0.68402996226559
CTX,lineage,SVM,label,3,RBT-18-0308-1_S34,0,0.5741137914920661
CTX,lineage,SVM,label,3,RBT-18-0324-1_S57,1,0.6127917808884293
CTX,lineage,SVM,label,3,RBT-18-0335-1_S41,0,0.8094300326581646
CTX,lineage,SVM,label,3,RBT-18-0337-1_S46,1,0.27697222511178476
CTX,lineage,SVM,label,3,RBT-18-0351-1_S48,0,0.8599122902776981
CTX,lineage,SVM,label,3,RBT-18-0363-1_S72,1,0.5878189100752346
CTX,lineage,SVM,label,3,RBT-18-0365-1_S30,0,0.7527295990242194
CTX,lineage,SVM,label,3,RBT-18-0370-1_S33,0,0.09785377443017643
CTX,lineage,SVM,label,3,RBT-18-0372-1_S31,1,0.6951344280031359
CTX,lineage,SVM,label,3,RBT-18-0391-1_S35,1,0.5881523432400936
CTX,lineage,SVM,label,3,RBT-18-0392-1_S56,1,0.6166114445782727
CTX,lineage,SVM,label,3,RBT-18-0401-1_S43,0,0.4695966592119941
CTX,lineage,SVM,label,3,ResetH127_S6_L001,1,0.7128549793459602
CTX,lineage,SVM,label,3,ResetH129_S7_L001,1,0.645917166360469
CTX,lineage,SVM,label,3,ResetH131_S7_L001,1,0.6403777044911712
CTX,lineage,SVM,label,3,ResetH132_S1_L001,1,0.6866466475666401
CTX,lineage,SVM,label,3,ResetH49b_S6_L001,1,0.4089315015013903
CTX,lineage,SVM,label,3,ResetH63_S7_L001,1,0.6509659466655408
CTX,lineage,SVM,label,3,ResetH75_S2_L001,1,0.6445997128806591
CTX,lineage,SVM,label,3,ResetV260_S5_L001,1,0.8582170007475319
CTX,lineage,SVM,label,3,Survcare187_S32,1,0.6886197919404264
CTX,lineage,SVM,label,3,Survcare236_S5_L001,1,0.20431972029085457
CTX,lineage,SVM,label,3,Survcare265_S20,1,0.22146690648079811
CTX,lineage,SVM,label,3,Survcare327_S1,1,0.6082614637471047
CTX,lineage,SVM,label,3,Survcare341_S25,1,0.54760561396216
CTX,lineage,SVM,label,3,V282_S4_L001,1,0.7951710268699606
CTX,lineage,SVM,label,3,V291_S5_L001,1,0.6754980319893891
CTX,lineage,SVM,label,3,V295_S7_L001,1,0.6681363226521682
CTX,lineage,SVM,label,3,W2RBK-17-168-1_S33,1,0.38814125911999026
CTX,lineage,SVM,label,3,W2RBK-17-169-1_S34,1,0.2390954754723784
CTX,lineage,SVM,label,3,W2RBL-16-018-1_S15,1,0.17802971291212183
CTX,lineage,SVM,label,3,wdh-RBB-17-170-1_S16,1,0.579792260471892
CTX,lineage,SVM,label,3,wdh-RBF-17-0572-1_S43,0,0.48167077927600804
CTX,lineage,SVM,label,3,wdhRBF-10-0002-1_S10_L001,1,0.8578528466004822
CTX,lineage,SVM,label,3,wdhRBF-17-0567-1_S122,0,0.09501284473923453
CTX,lineage,SVM,label,3,WDHRBG-17-008-1_S83,0,0.2341325126544046
CTX,lineage,SVM,label,3,WDHRBG-17-122-1_S48,0,0.8844364279871348
CTX,lineage,SVM,label,3,wRBF-17-0146-1_S35,1,0.5971737414949342
CTX,lineage,SVM,label,3,wRBG-16-024-1_S152,0,0.8955625760757926
CTX,lineage,SVM,label,3,wRBG-16-033-1_S153,0,0.23801858563124237
CTX,lineage,SVM,label,3,wRBG-17-028-1_S100,0,0.1688661476086518
CTX,lineage,SVM,label,3,wRBG-17-031-1_S154,0,0.41225956775658174
CTX,lineage,SVM,label,3,wRBG-17-049-1_S142,0,0.7036503220952254
CTX,lineage,SVM,label,3,wRBG-17-055-1_S163,0,0.5336119400749542
CTX,lineage,SVM,label,3,wRBG-17-057-1_S141,0,0.02492472769878909
CTX,lineage,SVM,label,3,wRBG-17-106-1_S125,0,0.3693967812727536
CTX,lineage,SVM,label,3,wRBG-17-110-1_S168,0,0.20715911197711925
CTX,lineage,SVM,label,3,wwRBB-16-112-1_S1,1,0.3928437899182426
CTX,lineage,SVM,label,3,wwRBF-16-007-1_S10,1,0.4830966473058721
CTX,lineage,SVM,label,3,wwRBF-17-167-1_S31,1,0.5388552139255162
CTX,lineage,SVM,label,3,wwRBF-17-189-1_S32,1,0.7756148494825317
CTX,lineage,SVM,label,3,wwRBF-17-209-1_S34,0,0.813893520328669
CTX,lineage,SVM,label,3,wwRBK-16-023-1_S5,1,0.194615170577822
CTX,lineage,SVM,label,3,wwRBK-17-0148-1_S37,1,0.5716310332988338
CTX,lineage,SVM,label,3,wwRBK-17-0148-2_S38,1,0.7270703715602752
CTX,lineage,SVM,label,3,wwRBK-17-0197-1_S39,1,0.6682041914086696
CTX,lineage,SVM,label,3,wwRBK-17-075-1_S28,1,0.5824807614568626
CTX,lineage,SVM,label,3,wwRBL-17-004-1_S44,1,0.655500399308169
CTX,lineage,SVM,label,4,H108_S5_L001,1,0.3167022499023717
CTX,lineage,SVM,label,4,H119_S7_L001,1,0.9938373476220438
CTX,lineage,SVM,label,4,H123_S1_L001,1,0.9791558987859789
CTX,lineage,SVM,label,4,H130_S2_L001,1,0.381311647815652
CTX,lineage,SVM,label,4,H153_S1_L001,1,0.35136558719793143
CTX,lineage,SVM,label,4,H154_S2_L001,1,0.43810584512326384
CTX,lineage,SVM,label,4,H157_S3_L001,1,0.9509498464217632
CTX,lineage,SVM,label,4,H160_S3_L001,1,0.34332729748784596
CTX,lineage,SVM,label,4,H164_S3_L001,1,0.6496878207569585
CTX,lineage,SVM,label,4,H28_S10_L001,1,0.08862177626949623
CTX,lineage,SVM,label,4,H83_S7_L001,1,0.903821359045218
CTX,lineage,SVM,label,4,NNRBG-17-0227-1_S8,0,0.12863288402061707
CTX,lineage,SVM,label,4,NNRBG-17-0239-1_S10,0,0.6486933029886892
CTX,lineage,SVM,label,4,NNRBG-17-0278-1_S16,0,0.25915666303942714
CTX,lineage,SVM,label,4,RBB-18-0674-1_S189,1,0.941506566287233
CTX,lineage,SVM,label,4,RBB-18-0772-1_S192,1,0.32614617266290186
CTX,lineage,SVM,label,4,RBF-17-0550-1_S84,0,0.9283705613870622
CTX,lineage,SVM,label,4,RBF-17-0587-1_S91,0,0.32647412609794146
CTX,lineage,SVM,label,4,RBF-17-0605-1_S94,0,0.8042950829838824
CTX,lineage,SVM,label,4,RBF-17-0616-1_S96,0,0.3708190621795625
CTX,lineage,SVM,label,4,RBF-17-0632-1_S97,0,0.17724009826712578
CTX,lineage,SVM,label,4,RBF-17-0645-1_S61,1,0.7989825368104772
CTX,lineage,SVM,label,4,RBF-17-0651-1_S62,1,0.8179308595010908
CTX,lineage,SVM,label,4,RBF-17-0653-1_S101,0,0.1347089360309964
CTX,lineage,SVM,label,4,RBF-17-266-1_S70,1,0.8924329219514882
CTX,lineage,SVM,label,4,RBF-18-0013-1_S25_L001,0,0.6489526926443392
CTX,lineage,SVM,label,4,RBF-18-0036-1_S7,0,0.0037326875879924487
CTX,lineage,SVM,label,4,RBF-18-0064-2_S14,0,0.2769338269754421
CTX,lineage,SVM,label,4,RBF-18-0066-1_S15,0,0.2521379073993706
CTX,lineage,SVM,label,4,RBF-18-0072-1_S16,0,0.04163990858174609
CTX,lineage,SVM,label,4,RBF-18-0099-1_S26,0,0.3065300164436741
CTX,lineage,SVM,label,4,RBF-18-0139-1_S35,0,0.004757314829148751
CTX,lineage,SVM,label,4,RBF-18-0184-1_S30,0,0.4583167170344643
CTX,lineage,SVM,label,4,RBF-18-0192-1_S44,0,0.02911411750635929
CTX,lineage,SVM,label,4,RBF-18-0251-1_S55,0,0.8827694946961443
CTX,lineage,SVM,label,4,RBF-18-0280-1_S62,0,0.09889751395827061
CTX,lineage,SVM,label,4,RBF-18-0294-1_S64,0,0.06536131725192869
CTX,lineage,SVM,label,4,RBF-18-0296-1_S17,0,0.5720689496843914
CTX,lineage,SVM,label,4,RBF-18-0338-1_S72,0,0.006555784556090665
CTX,lineage,SVM,label,4,RBF-18-0634-1_S183,1,0.04996516231130119
CTX,lineage,SVM,label,4,RBF-18-0664-1_S190,1,0.8254591610784203
CTX,lineage,SVM,label,4,RBG-17-013-1_S16,1,0.6926677982503984
CTX,lineage,SVM,label,4,RBg-17-123-2_S12,0,0.9447971045169062
CTX,lineage,SVM,label,4,RBG-18-0017-1_S5,0,0.008170624660106358
CTX,lineage,SVM,label,4,RBG-18-0076-1_S10,0,0.9572826752763074
CTX,lineage,SVM,label,4,RBG-18-0108-1_S16,0,0.19685685754321797
CTX,lineage,SVM,label,4,RBG-18-0140-1_S14_L001,0,0.3345992673296292
CTX,lineage,SVM,label,4,RBG-18-0144-1_S38,0,0.053125252665278906
CTX,lineage,SVM,label,4,RBG-18-0166-1_S10_L001,0,0.658435607990841
CTX,lineage,SVM,label,4,RBG-18-0204-1_S23_L001,0,0.06966008711875282
CTX,lineage,SVM,label,4,RBG-18-0211-1_S35,1,0.32125828028420694
CTX,lineage,SVM,label,4,RBG-18-0300-1_S52,0,0.2331183283686779
CTX,lineage,SVM,label,4,RBG-18-0352-1_S21_L001,0,0.8204633713706088
CTX,lineage,SVM,label,4,RBG-18-0381-1_S49,0,0.20905022670957912
CTX,lineage,SVM,label,4,RBK-16-007-1_S13,1,0.012051238706278436
CTX,lineage,SVM,label,4,RBK-16-073-1_S14,1,0.9575019265625286
CTX,lineage,SVM,label,4,RBK-17-0595-1_S187,1,0.9889777359607628
CTX,lineage,SVM,label,4,RBK-18-0002-1_S38,1,0.47620794937151834
CTX,lineage,SVM,label,4,RBK-18-0005-1_S18,0,0.09052261465904937
CTX,lineage,SVM,label,4,RBK-18-0047-1_S20,0,0.3594557061268025
CTX,lineage,SVM,label,4,RBK-18-0062-2_S203,0,0.415738949427993
CTX,lineage,SVM,label,4,RBK-18-0414-1_S59,0,0.00022518265231000076
CTX,lineage,SVM,label,4,RBL-17-0108-1_S151,0,0.43837669277583097
CTX,lineage,SVM,label,4,RBL-17-0116-1_S154,0,0.1897185831948437
CTX,lineage,SVM,label,4,RBL-17-0205-1_S175,0,0.11984723791399396
CTX,lineage,SVM,label,4,RBL-17-0259-1_S99,0,0.45477691891487093
CTX,lineage,SVM,label,4,RBL-17-0274-2_S105,0,0.00034426556326448726
CTX,lineage,SVM,label,4,RBL-17-0327-1_S116,0,0.01152825323223198
CTX,lineage,SVM,label,4,RBL-17-0340-1_S102,0,0.527915300211497
CTX,lineage,SVM,label,4,RBL-17-0342-1_S103,0,0.67036178276955
CTX,lineage,SVM,label,4,RBL-17-0347-1_S104,0,0.17508225593554336
CTX,lineage,SVM,label,4,RBL-17-0360-1_S108,0,0.012372382119973251
CTX,lineage,SVM,label,4,RBL-17-0366-1_S113,0,0.004023354709047526
CTX,lineage,SVM,label,4,RBL-17-0368-1_S114,0,0.4056679620044519
CTX,lineage,SVM,label,4,RBL-17-0390-1_S121,0,0.041642369215792535
CTX,lineage,SVM,label,4,RBL-17-0395-1_S124,0,0.26301952316570204
CTX,lineage,SVM,label,4,RBL-17-0402-1_S126,0,0.31613216191556937
CTX,lineage,SVM,label,4,RBL-17-0435-1_S134,0,0.35501746915592863
CTX,lineage,SVM,label,4,RBL-18-0010-1_S159,0,0.013744365467277258
CTX,lineage,SVM,label,4,RBL-18-0016-1_S161,0,0.29629458945256615
CTX,lineage,SVM,label,4,RBL-18-0066-1_S173,0,0.025198418832359876
CTX,lineage,SVM,label,4,RBL-18-0085-1_S176,0,0.6315446849944973
CTX,lineage,SVM,label,4,RBT-16-0045-1_S58,1,0.16815659469909064
CTX,lineage,SVM,label,4,RBT-17-0027-1_S3,0,0.7278187255001931
CTX,lineage,SVM,label,4,RBT-17-0100-1_S36,1,0.0020439838374728464
CTX,lineage,SVM,label,4,RBT-17-0112-1_S41,0,0.34953275007542295
CTX,lineage,SVM,label,4,RBT-17-0165-1_S60,0,0.11589783352350219
CTX,lineage,SVM,label,4,RBT-17-0177-1_S65,0,0.06463367675406577
CTX,lineage,SVM,label,4,RBT-17-0177-2_S7,0,0.07130945861078455
CTX,lineage,SVM,label,4,RBT-17-0178-1_S66,0,0.07236232370351399
CTX,lineage,SVM,label,4,RBT-17-0210-1_S55,0,0.10416570428524503
CTX,lineage,SVM,label,4,RBT-17-0228-1_S10,0,0.6186571867890522
CTX,lineage,SVM,label,4,RBT-17-0238-1_S59,0,0.036627771855966156
CTX,lineage,SVM,label,4,RBT-17-0251-1_S62,1,0.9603124927131104
CTX,lineage,SVM,label,4,RBT-17-0287-1_S10,0,0.0008347926791162602
CTX,lineage,SVM,label,4,RBT-18-0023-1_S14,0,0.17533167407518757
CTX,lineage,SVM,label,4,RBT-18-0057-1_S38,0,0.03658828476224455
CTX,lineage,SVM,label,4,RBT-18-0091-1_S42,0,0.27436558157822794
CTX,lineage,SVM,label,4,RBT-18-0095-1_S19,0,0.7020346650638744
CTX,lineage,SVM,label,4,RBT-18-0096-1_S20,0,0.8836516835356552
CTX,lineage,SVM,label,4,RBT-18-0100-1_S21,0,0.971900356206563
CTX,lineage,SVM,label,4,RBT-18-0115-1_S45,0,0.41221413008420715
CTX,lineage,SVM,label,4,RBT-18-0120-1_S48,0,0.9325989949759506
CTX,lineage,SVM,label,4,RBT-18-0164-1_S34,0,0.002793801697569184
CTX,lineage,SVM,label,4,RBT-18-0173-1_S35,0,0.36386720770928477
CTX,lineage,SVM,label,4,RBT-18-0184-1_S38,1,0.0030324496038781614
CTX,lineage,SVM,label,4,RBT-18-0185-1_S39,0,0.06843502148298664
CTX,lineage,SVM,label,4,RBT-18-0236-1_S48,1,0.002734801388017049
CTX,lineage,SVM,label,4,RBT-18-0251-1_S7,0,0.3728236636902923
CTX,lineage,SVM,label,4,RBT-18-0252-1_S53,0,0.9304307758702531
CTX,lineage,SVM,label,4,RBT-18-0316-1_S43,0,0.3028883326631297
CTX,lineage,SVM,label,4,RBT-18-0341-1_S24,0,0.0621188782273104
CTX,lineage,SVM,label,4,RBT-18-0364-1_S29,0,0.7488017168424365
CTX,lineage,SVM,label,4,ResetH134_S8_L001,1,0.8231184856061471
CTX,lineage,SVM,label,4,ResetH139_S3_L001,1,0.33647760831039075
CTX,lineage,SVM,label,4,ResetH152_S4_L001,1,0.6415720212681238
CTX,lineage,SVM,label,4,ResetH44_S3_L001,1,0.9458985324361701
CTX,lineage,SVM,label,4,ResetH89_S3_L001,1,0.9308552224812418
CTX,lineage,SVM,label,4,ResetV105_S1_L001,1,0.9996438801939553
CTX,lineage,SVM,label,4,Survcare129_S1,1,0.022485626276445302
CTX,lineage,SVM,label,4,Survcare133_S25,1,0.9800094811300795
CTX,lineage,SVM,label,4,Survcare134_S26,1,0.8331794477845821
CTX,lineage,SVM,label,4,Survcare140_S4_L001,1,0.9936510457590717
CTX,lineage,SVM,label,4,Survcare184_S19,1,0.03475870911238914
CTX,lineage,SVM,label,4,Survcare254_S36,1,0.9232224031362888
CTX,lineage,SVM,label,4,Survcare275_S38,1,0.0649401967077947
CTX,lineage,SVM,label,4,Survcare278_S62,1,0.9260591057711969
CTX,lineage,SVM,label,4,Survcare291_S38,1,0.05406977537636385
CTX,lineage,SVM,label,4,Survcare295_S8_L001,1,0.9985842963425401
CTX,lineage,SVM,label,4,Survcare303_S15_L001,1,0.9740623049779877
CTX,lineage,SVM,label,4,Survcare313_S24_L001,1,0.9893300313194399
CTX,lineage,SVM,label,4,Survcare317_S5_L001,1,0.52391869347008
CTX,lineage,SVM,label,4,Survcare329_S3,1,0.01933920872978963
CTX,lineage,SVM,label,4,Survcare337_S12,1,0.04496912752302747
CTX,lineage,SVM,label,4,V108_S2_L001,1,0.054533830918492225
CTX,lineage,SVM,label,4,V120_S5_L001,1,0.9844407779155021
CTX,lineage,SVM,label,4,V173_S6_L001,1,0.12291257406478255
CTX,lineage,SVM,label,4,V205_S3_L001,1,0.835111841056742
CTX,lineage,SVM,label,4,V228_S8_L001,1,0.43738892451308875
CTX,lineage,SVM,label,4,V229_S10_L001,1,0.43161258893259963
CTX,lineage,SVM,label,4,V232_S3_L001,1,0.05231121691058497
CTX,lineage,SVM,label,4,V71_S4_L001,1,0.993944810895901
CTX,lineage,SVM,label,4,V89_S1_L001,1,0.1309486944374974
CTX,lineage,SVM,label,4,wdh-RBL-17-0361-1_S44,0,0.1505557348415483
CTX,lineage,SVM,label,4,wdh-Survcare119_S44,1,0.25300239638057054
CTX,lineage,SVM,label,4,wdhRBF-18-0048-1_S12_L001,0,0.001695458756354377
CTX,lineage,SVM,label,4,WDHRBG-16-062-1_S49,0,0.0384834483332109
CTX,lineage,SVM,label,4,WDHRBG-17-001-1_S82,0,0.004654431293606791
CTX,lineage,SVM,label,4,wRBG-17-023-1_S155,0,0.03567154897919071
CTX,lineage,SVM,label,4,wRBG-17-030-1_S165,0,0.49316035260787655
CTX,lineage,SVM,label,4,wRBG-17-075-1_S96,0,0.3299522721932256
CTX,lineage,RF,label,0,H113_S6_L001,1,0.164
CTX,lineage,RF,label,0,H116_S8_L001,1,0.53
CTX,lineage,RF,label,0,H122_S4_L001,1,0.806
CTX,lineage,RF,label,0,H141_S6_L001,1,0.526
CTX,lineage,RF,label,0,H162_S4_L001,1,0.798
CTX,lineage,RF,label,0,H176_S5_L001,1,0.34
CTX,lineage,RF,label,0,H38_S4_L001,1,0.698
CTX,lineage,RF,label,0,NNRBG-17-0196-1_S3,0,0.12647068487068486
CTX,lineage,RF,label,0,NNRBG-17-0199-1_S5,0,0.12647068487068486
CTX,lineage,RF,label,0,NNRBG-17-0287-1_S17,0,0.43
CTX,lineage,RF,label,0,NNRBG-17-0319-1_S24,0,0.17396556776556776
CTX,lineage,RF,label,0,NNRBG-17-0328-1_S25,0,0.17378374958374956
CTX,lineage,RF,label,0,NNRBG-17-0329-1_S26,0,0.1221179487179487
CTX,lineage,RF,label,0,NNRBG-17-0399-1_S40,0,0.1770065934065934
CTX,lineage,RF,label,0,NNSurvcare045_S41,1,0.682
CTX,lineage,RF,label,0,RBB-18-0129-1_S179,1,0.42
CTX,lineage,RF,label,0,RBB-18-0892-1_S80_2,1,0.964
CTX,lineage,RF,label,0,RBB-18-0972-1_S203_2,1,0.734
CTX,lineage,RF,label,0,RBB-18-1086-1_S189_2,1,0.512
CTX,lineage,RF,label,0,RBB-18-1212-1_S67_2,1,0.966
CTX,lineage,RF,label,0,RBB-18-1488-1_S46,1,0.12294357864357862
CTX,lineage,RF,label,0,RBF-10-0240-1_S12_L001,0,0.1297179487179487
CTX,lineage,RF,label,0,RBF-16-0064-1_S136,0,0.16
CTX,lineage,RF,label,0,RBF-17-0164-1_S137,0,0.2270747252747253
CTX,lineage,RF,label,0,RBF-17-0173-1_S138,0,0.17904444444444445
CTX,lineage,RF,label,0,RBF-17-0194-1_S140,0,0.17627326007326008
CTX,lineage,RF,label,0,RBF-17-0520-2_S55,1,0.428
CTX,lineage,RF,label,0,RBF-17-0538-1_S82,0,0.396
CTX,lineage,RF,label,0,RBF-17-0589-1_S92,0,0.22371428571428573
CTX,lineage,RF,label,0,RBF-17-0602-1_S93,0,0.12609377289377288
CTX,lineage,RF,label,0,RBF-17-0647-1_S99,0,0.1417168387168387
CTX,lineage,RF,label,0,RBF-17-0648-1_S100,0,0.338
CTX,lineage,RF,label,0,RBF-17-277-1_S73,1,0.186
CTX,lineage,RF,label,0,RBF-18-0085-1_S21,0,0.12359999999999999
CTX,lineage,RF,label,0,RBF-18-0086-1_S22,0,0.104
CTX,lineage,RF,label,0,RBF-18-0123-1_S25_L001,1,0.374
CTX,lineage,RF,label,0,RBF-18-0127-1_S32,0,0.18
CTX,lineage,RF,label,0,RBF-18-0160-1_S37,0,0.684
CTX,lineage,RF,label,0,RBF-18-0214-1_S51,0,0.16855897435897435
CTX,lineage,RF,label,0,RBF-18-0217-1_S54,0,0.168
CTX,lineage,RF,label,0,RBF-18-0252-1_S56,0,0.472
CTX,lineage,RF,label,0,RBF-18-0310-1_S36,0,0.542
CTX,lineage,RF,label,0,RBF-18-0405-1_S81_2,1,0.524
CTX,lineage,RF,label,0,RBG-18-0025-1_S9_L001,0,0.09759999999999999
CTX,lineage,RF,label,0,RBG-18-0029-1_S40,0,0.11999547119547117
CTX,lineage,RF,label,0,RBG-18-0185-1_S40,0,0.17578374958374957
CTX,lineage,RF,label,0,RBG-18-0191-1_S11_L001,0,0.12836689976689974
CTX,lineage,RF,label,0,RBG-18-0202-1_S13_L001,0,0.514
CTX,lineage,RF,label,0,RBG-18-0256-1_S8_L001,1,0.15623846153846155
CTX,lineage,RF,label,0,RBG-18-0265-1_S49,0,0.15423846153846155
CTX,lineage,RF,label,0,RBG-18-0276-1_S50,0,0.722
CTX,lineage,RF,label,0,RBG-18-0301-1_S53,0,0.12557324897324892
CTX,lineage,RF,label,0,RBG-18-0367-1_S57,0,0.196
CTX,lineage,RF,label,0,RBG-18-0383-1_S37,1,0.528
CTX,lineage,RF,label,0,RBG-18-0394-1_S23_L001,0,0.12030316350316347
CTX,lineage,RF,label,0,RBG-18-0402-1_S50,1,0.772
CTX,lineage,RF,label,0,RBK-18-0019-1_S195,0,0.12693504273504272
CTX,lineage,RF,label,0,RBK-18-0022-1_S197,0,0.422
CTX,lineage,RF,label,0,RBK-18-0038-1_S200,0,0.16718461538461538
CTX,lineage,RF,label,0,RBL-17-0076-1_S32,0,0.168
CTX,lineage,RF,label,0,RBL-17-0104-1_S149,0,0.152
CTX,lineage,RF,label,0,RBL-17-0117-1_S155,0,0.12385530025530023
CTX,lineage,RF,label,0,RBL-17-0129-1_S158,0,0.16563247863247862
CTX,lineage,RF,label,0,RBL-17-0133-1_S159,0,0.1711104895104895
CTX,lineage,RF,label,0,RBL-17-0135-1_S160,0,0.17467326007326006
CTX,lineage,RF,label,0,RBL-17-0136-1_S161,0,0.09181818181818181
CTX,lineage,RF,label,0,RBL-17-0138-1_S162,0,0.20133246753246756
CTX,lineage,RF,label,0,RBL-17-0155-1_S165,0,0.712
CTX,lineage,RF,label,0,RBL-17-0197-1_S173,0,0.14
CTX,lineage,RF,label,0,RBL-17-0235-1_S92,0,0.178
CTX,lineage,RF,label,0,RBL-17-0261-1_S100,0,0.49
CTX,lineage,RF,label,0,RBL-17-0300-1_S112,0,0.138
CTX,lineage,RF,label,0,RBL-17-0375-1_S117,0,0.87
CTX,lineage,RF,label,0,RBL-17-0391-1_S122,0,0.34
CTX,lineage,RF,label,0,RBL-17-0393-1_S123,0,0.12608118548118544
CTX,lineage,RF,label,0,RBL-17-0409-1_S127,0,0.11387326007326007
CTX,lineage,RF,label,0,RBL-17-0428-1_S70,1,0.524
CTX,lineage,RF,label,0,RBL-17-0429-1_S130,0,0.1647025641025641
CTX,lineage,RF,label,0,RBL-18-0019-1_S41,0,0.12117777777777777
CTX,lineage,RF,label,0,RBL-18-0032-1_S167,0,0.2
CTX,lineage,RF,label,0,RBL-18-0037-1_S168,0,0.274
CTX,lineage,RF,label,0,RBL-18-0055-1_S170,0,0.258
CTX,lineage,RF,label,0,RBL-18-0131-1_S188_2,1,0.792
CTX,lineage,RF,label,0,RBT-17-0011-1_S19,0,0.1777142857142857
CTX,lineage,RF,label,0,RBT-17-0019-1_S62,1,0.956
CTX,lineage,RF,label,0,RBT-17-0024-1_S23,0,0.19
CTX,lineage,RF,label,0,RBT-17-0082-1_S30,0,0.1358
CTX,lineage,RF,label,0,RBT-17-0090-1_S32,0,0.104
CTX,lineage,RF,label,0,RBT-17-0097-1_S34,1,0.84
CTX,lineage,RF,label,0,RBT-17-0109-1_S40,0,0.16707326007326007
CTX,lineage,RF,label,0,RBT-17-0142-1_S53,0,0.16518461538461537
CTX,lineage,RF,label,0,RBT-17-0149-1_S13,1,0.294
CTX,lineage,RF,label,0,RBT-17-0150-1_S54,0,0.11487008547008547
CTX,lineage,RF,label,0,RBT-17-0156-1_S56,0,0.786
CTX,lineage,RF,label,0,RBT-17-0183-1_S67,0,0.404
CTX,lineage,RF,label,0,RBT-17-0219-1_S8,1,0.488
CTX,lineage,RF,label,0,RBT-17-0243-1_S11,0,0.17578374958374957
CTX,lineage,RF,label,0,RBT-17-0337-1_S19,0,0.13744444444444445
CTX,lineage,RF,label,0,RBT-18-0030-1_S69,0,0.12544615384615385
CTX,lineage,RF,label,0,RBT-18-0066-1_S40,0,0.12808118548118547
CTX,lineage,RF,label,0,RBT-18-0080-1_S49,1,0.854
CTX,lineage,RF,label,0,RBT-18-0113-1_S44,0,0.12579547119547116
CTX,lineage,RF,label,0,RBT-18-0125-1_S50,0,0.156
CTX,lineage,RF,label,0,RBT-18-0134-1_S29,0,0.12608118548118544
CTX,lineage,RF,label,0,RBT-18-0230-1_S45,0,0.13744724164724165
CTX,lineage,RF,label,0,RBT-18-0303-1_S20,0,0.816
CTX,lineage,RF,label,0,RBT-18-0317-1_S27,0,0.1588065934065934
CTX,lineage,RF,label,0,RBT-18-0325-1_S44,0,0.412
CTX,lineage,RF,label,0,RBT-18-0360-1_S39,0,0.814
CTX,lineage,RF,label,0,ResetH24a_S3_2_L001,1,0.528
CTX,lineage,RF,label,0,ResetH68_S1_L001,1,0.12839547119547115
CTX,lineage,RF,label,0,ResetH8_S2_L001,1,0.306
CTX,lineage,RF,label,0,ResetV70_S6_L001,1,0.528
CTX,lineage,RF,label,0,ResetV74_S7_L001,1,0.414
CTX,lineage,RF,label,0,ResetV76_S7_L001,1,0.13
CTX,lineage,RF,label,0,Survcare0111_S29,1,0.572
CTX,lineage,RF,label,0,Survcare130_S2,1,0.17707326007326005
CTX,lineage,RF,label,0,Survcare234_S3_L001,1,0.14584615384615385
CTX,lineage,RF,label,0,Survcare244_S9_L001,1,0.588
CTX,lineage,RF,label,0,Survcare262_S23_L001,1,0.322
CTX,lineage,RF,label,0,Survcare310_S21_L001,1,0.304
CTX,lineage,RF,label,0,Survcare318_S20_L001,1,0.952
CTX,lineage,RF,label,0,Survcare319_S16,1,0.9
CTX,lineage,RF,label,0,Survcare360_S84,1,0.83
CTX,lineage,RF,label,0,V1_S6_L001,1,0.878
CTX,lineage,RF,label,0,V114_S5_L001,1,0.628
CTX,lineage,RF,label,0,V131_S7_L001,1,0.208
CTX,lineage,RF,label,0,V163_S6_L001,1,0.692
CTX,lineage,RF,label,0,V177_S6_L001,1,0.672
CTX,lineage,RF,label,0,V183_S7_L001,1,0.362
CTX,lineage,RF,label,0,V201_S4_L001,1,0.626
CTX,lineage,RF,label,0,V279_S8_L001,1,0.212
CTX,lineage,RF,label,0,V283_S5_L001,1,0.216
CTX,lineage,RF,label,0,V292_S6_L001,1,0.964
CTX,lineage,RF,label,0,V41_S2_L001,1,0.814
CTX,lineage,RF,label,0,V98_S3_L001,1,0.528
CTX,lineage,RF,label,0,W2RBF-17-133-1_S28,1,0.482
CTX,lineage,RF,label,0,wdh-RBB-16-025-1_S20,1,0.308
CTX,lineage,RF,label,0,wdhRBF-18-0057_S14_L001,0,0.172
CTX,lineage,RF,label,0,wdhRBF-18-0081-1_S18_L001,0,0.274
CTX,lineage,RF,label,0,WDHRBG-16-049-1_S87,0,0.488
CTX,lineage,RF,label,0,wNRZ-32446_S79,1,0.308
CTX,lineage,RF,label,0,wRBG-16-026-1_S163,0,0.12140792540792539
CTX,lineage,RF,label,0,wRBG-16-032-1_S142,0,0.12579547119547116
CTX,lineage,RF,label,0,wRBG-17-021-1_S166,0,0.11987092907092907
CTX,lineage,RF,label,0,wRBG-17-025-1_S133,0,0.126
CTX,lineage,RF,label,0,wRBG-17-058-1_S130,0,0.11977777777777777
CTX,lineage,RF,label,0,wRBG-17-072-1_S129,0,0.114
CTX,lineage,RF,label,0,wRBG-17-081-1_S117,0,0.152
CTX,lineage,RF,label,0,wRBG-17-100-1_S104,0,0.744
CTX,lineage,RF,label,0,wwRBL-16-111-1_S16,1,0.794
CTX,lineage,RF,label,0,WWSurvcare043_S43,1,0.664
CTX,lineage,RF,label,1,H100_S2_L001,1,0.044
CTX,lineage,RF,label,1,H136_S7_L001,1,0.424
CTX,lineage,RF,label,1,H50_S7_L001,1,0.298
CTX,lineage,RF,label,1,H69_S6_L001,1,0.826
CTX,lineage,RF,label,1,NNRBG-17-0201-1_S6,0,0.366
CTX,lineage,RF,label,1,NNRBG-17-0308-1_S20,0,0.29773333333333335
CTX,lineage,RF,label,1,NNRBG-17-0316-1_S23,0,0.342
CTX,lineage,RF,label,1,RBB-18-0490-1_S20_L001,1,0.504
CTX,lineage,RF,label,1,RBB-18-0765-1_S191,1,0.482
CTX,lineage,RF,label,1,RBF-17-0178-1_S139,0,0.782
CTX,lineage,RF,label,1,RBF-17-0195-1_S141,0,0.424
CTX,lineage,RF,label,1,RBF-17-0508-1_S73,0,0.316
CTX,lineage,RF,label,1,RBF-17-0509-1_S74,0,0.36373333333333335
CTX,lineage,RF,label,1,RBF-17-0532-1_S80,0,0.228
CTX,lineage,RF,label,1,RBF-17-0532-2_S31,0,0.224
CTX,lineage,RF,label,1,RBF-17-0540-1_S83,0,0.306
CTX,lineage,RF,label,1,RBF-17-0664-1_S63,1,0.324
CTX,lineage,RF,label,1,RBF-18-0055-1_S11,0,0.336
CTX,lineage,RF,label,1,RBF-18-0069-1_S78,1,0.546
CTX,lineage,RF,label,1,RBF-18-0087-1_S23,0,0.372
CTX,lineage,RF,label,1,RBF-18-0088-1_S24,0,0.21
CTX,lineage,RF,label,1,RBF-18-0121-1_S28,0,0.408
CTX,lineage,RF,label,1,RBF-18-0126-1_S31,0,0.322
CTX,lineage,RF,label,1,RBF-18-0135-1_S34,0,0.234
CTX,lineage,RF,label,1,RBF-18-0147-1_S36,0,0.354
CTX,lineage,RF,label,1,RBF-18-0151-1_S83,1,0.2778
CTX,lineage,RF,label,1,RBF-18-0172-1_S40,0,0.412
CTX,lineage,RF,label,1,RBF-18-0201-1_S49,0,0.298
CTX,lineage,RF,label,1,RBF-18-0333-1_S70,0,0.248
CTX,lineage,RF,label,1,RBG-18-0023-1_S2,0,0.33973333333333333
CTX,lineage,RF,label,1,RBG-18-0054-1_S42,0,0.214
CTX,lineage,RF,label,1,RBG-18-0055-1_S43,0,0.27
CTX,lineage,RF,label,1,RBG-18-0077-1_S9,1,0.562
CTX,lineage,RF,label,1,RBG-18-0113-1_S13_L001,0,0.056
CTX,lineage,RF,label,1,RBG-18-0193-1_S8,0,0.248
CTX,lineage,RF,label,1,RBG-18-0194-1_S45,0,0.228
CTX,lineage,RF,label,1,RBG-18-0206-2_S46,0,0.338
CTX,lineage,RF,label,1,RBG-18-0308-1_S54,1,0.674
CTX,lineage,RF,label,1,RBG-18-0347-1_S22_L001,0,0.604
CTX,lineage,RF,label,1,RBK-16-079-1_S15,1,0.3
CTX,lineage,RF,label,1,RBK-16-124-1_S16,1,0.296
CTX,lineage,RF,label,1,RBK-18-0020-1_S19,0,0.234
CTX,lineage,RF,label,1,RBk-18-0216-1_S231_2,0,0.482
CTX,lineage,RF,label,1,RBK-18-0250-1_S235_2,0,0.338
CTX,lineage,RF,label,1,RBL-17-0095-1_S147,0,0.298
CTX,lineage,RF,label,1,RBL-17-0159-1_S166,0,0.518
CTX,lineage,RF,label,1,RBL-17-0232-1_S91,0,0.356
CTX,lineage,RF,label,1,RBL-17-0246-1_S94,0,0.33
CTX,lineage,RF,label,1,RBL-17-0263-1_S102,0,0.328
CTX,lineage,RF,label,1,RBL-17-0283-1_S27,0,0.30173333333333335
CTX,lineage,RF,label,1,RBL-17-0306-1_S50,1,0.53
CTX,lineage,RF,label,1,RBL-17-0324-1_S54,1,0.49
CTX,lineage,RF,label,1,RBL-17-0349-1_S105,0,0.348
CTX,lineage,RF,label,1,RBL-17-0365-1_S112,0,0.028
CTX,lineage,RF,label,1,RBL-17-0374-1_S116,0,0.292
CTX,lineage,RF,label,1,RBL-17-0383-1_S119,0,0.29
CTX,lineage,RF,label,1,RBL-17-0397-1_S125,0,0.318
CTX,lineage,RF,label,1,RBL-18-0021-1_S42,0,0.404
CTX,lineage,RF,label,1,RBL-18-0022-1_S43,0,0.06954761904761904
CTX,lineage,RF,label,1,RBT-17-0008-1_S18,0,0.31773333333333337
CTX,lineage,RF,label,1,RBT-17-0033-1_S12,1,0.312
CTX,lineage,RF,label,1,RBT-17-0079-1_S29,0,0.24183333333333334
CTX,lineage,RF,label,1,RBT-17-0084-1_S31,0,0.29
CTX,lineage,RF,label,1,RBT-17-0113-1_S42,0,0.312
CTX,lineage,RF,label,1,RBT-17-0118-1_S45,0,0.542
CTX,lineage,RF,label,1,RBT-17-0124-1_S46,0,0.296
CTX,lineage,RF,label,1,RBT-17-0133-1_S6,0,0.75
CTX,lineage,RF,label,1,RBT-17-0163-1_S59,0,0.288
CTX,lineage,RF,label,1,RBT-17-0167-1_S27,0,0.322
CTX,lineage,RF,label,1,RBT-17-0173-1_S63,0,0.28173333333333334
CTX,lineage,RF,label,1,RBT-17-0188-1_S68,1,0.42
CTX,lineage,RF,label,1,RBT-17-0194-1_S30,0,0.314
CTX,lineage,RF,label,1,RBT-17-0217-1_S7,0,0.772
CTX,lineage,RF,label,1,RBT-17-0225-1_S9,0,0.304
CTX,lineage,RF,label,1,RBT-17-0232-1_S58,0,0.632
CTX,lineage,RF,label,1,RBT-17-0256-1_S25,0,0.438
CTX,lineage,RF,label,1,RBT-17-0279-1_S12,0,0.306
CTX,lineage,RF,label,1,RBT-17-0291-1_S14,0,0.334
CTX,lineage,RF,label,1,RBT-18-0004-1_S51,1,0.76
CTX,lineage,RF,label,1,RBT-18-0046-1_S2,0,0.46
CTX,lineage,RF,label,1,RBT-18-0050-1_S34,0,0.336
CTX,lineage,RF,label,1,RBT-18-0052-1_S35,1,0.30573333333333336
CTX,lineage,RF,label,1,RBT-18-0101-1_S22,0,0.558
CTX,lineage,RF,label,1,RBT-18-0103-1_S24,0,0.312
CTX,lineage,RF,label,1,RBT-18-0122-1_S63,0,0.474
CTX,lineage,RF,label,1,RBT-18-0127-1_S51,0,0.289447619047619
CTX,lineage,RF,label,1,RBT-18-0133-1_S30,0,0.06971428571428573
CTX,lineage,RF,label,1,RBT-18-0197-1_S40,0,0.276
CTX,lineage,RF,label,1,RBT-18-0224-1_S43,0,0.288
CTX,lineage,RF,label,1,RBT-18-0231-1_S14,1,0.23
CTX,lineage,RF,label,1,RBT-18-0241-1_S50,0,0.06
CTX,lineage,RF,label,1,RBT-18-0246-1_S52,0,0.284
CTX,lineage,RF,label,1,RBT-18-0247-1_S16,1,0.764
CTX,lineage,RF,label,1,RBT-18-0253-1_S54,0,0.6
CTX,lineage,RF,label,1,RBT-18-0269-1_S61,0,0.27183333333333337
CTX,lineage,RF,label,1,RBT-18-0271-1_S62,0,0.306
CTX,lineage,RF,label,1,RBT-18-0292-1_S70,0,0.072
CTX,lineage,RF,label,1,RBT-18-0293-1_S71,0,0.287447619047619
CTX,lineage,RF,label,1,RBT-18-0339-1_S47,0,0.284
CTX,lineage,RF,label,1,RBT-18-0361-1_S38,0,0.35
CTX,lineage,RF,label,1,RBT-18-0377-1_S1,0,0.21
CTX,lineage,RF,label,1,ResetH16_S2_L001,1,0.848
CTX,lineage,RF,label,1,ResetH45_S5_L001,1,0.29
CTX,lineage,RF,label,1,ResetH92_S4_L001,1,0.828
CTX,lineage,RF,label,1,ResetH98_S4_L001,1,0.11135064935064935
CTX,lineage,RF,label,1,ResetV143_S2_L001,1,0.258
CTX,lineage,RF,label,1,ResetV210_S4_L001,1,0.628
CTX,lineage,RF,label,1,ResetV63_S5_L001,1,0.27
CTX,lineage,RF,label,1,Survcare052_S22,1,0.732
CTX,lineage,RF,label,1,Survcare125_S25,1,0.926
CTX,lineage,RF,label,1,Survcare190_S35,1,0.358
CTX,lineage,RF,label,1,Survcare221_S7_L001,1,0.302
CTX,lineage,RF,label,1,Survcare230_S17_L001,1,0.686
CTX,lineage,RF,label,1,Survcare289_S36,1,0.78
CTX,lineage,RF,label,1,Survcare292_S39,1,0.624
CTX,lineage,RF,label,1,Survcare293_S40,1,0.778
CTX,lineage,RF,label,1,Survcare309_S20_L001,1,0.756
CTX,lineage,RF,label,1,Survcare334_S10,1,0.918
CTX,lineage,RF,label,1,Survcare335_S11,1,0.928
CTX,lineage,RF,label,1,Survcare350_S44,1,0.42
CTX,lineage,RF,label,1,V123_S1_L001,1,0.34
CTX,lineage,RF,label,1,V130_S5_L001,1,0.644
CTX,lineage,RF,label,1,V139_S7_L001,1,0.654
CTX,lineage,RF,label,1,V152_S3_L001,1,0.096
CTX,lineage,RF,label,1,V153_S4_L001,1,0.516
CTX,lineage,RF,label,1,V155_S5_L001,1,0.516
CTX,lineage,RF,label,1,V158_S4_L001,1,0.404
CTX,lineage,RF,label,1,V182_S6_L001,1,0.824
CTX,lineage,RF,label,1,V268_S12_L001,1,0.646
CTX,lineage,RF,label,1,V271_S13_L001,1,0.65
CTX,lineage,RF,label,1,V64_S3_L001,1,0.27
CTX,lineage,RF,label,1,V79_S6_L001,1,0.438
CTX,lineage,RF,label,1,V8_S7_L001,1,0.812
CTX,lineage,RF,label,1,W2RBF-17-090-1_S26,1,0.556
CTX,lineage,RF,label,1,wdh2NRZ-29911a_S31,1,0.324
CTX,lineage,RF,label,1,wdhRBF-18-0025-1_S11_L001,0,0.388
CTX,lineage,RF,label,1,wdhRBF-18-0049-1_S13_L001,0,0.324
CTX,lineage,RF,label,1,wdhRBF-18-0080-1_S17_L001,0,0.726
CTX,lineage,RF,label,1,wdhRBF-18-0098-1_S19_L001,0,0.152
CTX,lineage,RF,label,1,WDHRBG-16-050-1_S40,1,0.66
CTX,lineage,RF,label,1,WDHRBG-16-060-1_S27,0,0.33
CTX,lineage,RF,label,1,WDHRBG-17-0093-1_S1,1,0.696
CTX,lineage,RF,label,1,WDHRBG-17-121-1_S46,0,0.08
CTX,lineage,RF,label,1,wNRZ-33910_S81,1,0.494
CTX,lineage,RF,label,1,wRBG-16-034-1_S164,0,0.384
CTX,lineage,RF,label,1,wRBG-17-014-1_S167,0,0.368
CTX,lineage,RF,label,1,wRBG-17-034-1_S121,0,0.25
CTX,lineage,RF,label,1,wRBG-17-052-1_S120,0,0.358
CTX,lineage,RF,label,1,wRBG-17-082-1_S106,0,0.352
CTX,lineage,RF,label,1,wRBG-17-112-1_S146,0,0.356
CTX,lineage,RF,label,1,wwRBF-16-094-1_S13,1,0.358
CTX,lineage,RF,label,1,wwRBK-17-0278-1_S41,1,0.68
CTX,lineage,RF,label,2,H109_S2_L001,1,0.506
CTX,lineage,RF,label,2,H17_S2_L001,1,0.696
CTX,lineage,RF,label,2,H37_S3_L001,1,0.692
CTX,lineage,RF,label,2,H66_S1_L001,1,0.906
CTX,lineage,RF,label,2,NNRBG-17-0193-1_S2,0,0.168
CTX,lineage,RF,label,2,NNRBG-17-0198-1_S4,0,0.472
CTX,lineage,RF,label,2,NNRBG-17-0205-1_S7,0,0.424
CTX,lineage,RF,label,2,NNRBG-17-0234-1_S9,0,0.216
CTX,lineage,RF,label,2,NNRBG-17-0255-1_S14,0,0.476
CTX,lineage,RF,label,2,NNRBG-17-0294-1_S18,0,0.362
CTX,lineage,RF,label,2,NNRBG-17-0298-1_S19,0,0.19
CTX,lineage,RF,label,2,NNRBG-17-0346-1_S30,0,0.766
CTX,lineage,RF,label,2,RBB-18-0519-1_S184,1,0.452
CTX,lineage,RF,label,2,RBB-18-0546-1_S22_L001,1,0.888
CTX,lineage,RF,label,2,RBB-18-0665-1_S23_L001,1,0.85
CTX,lineage,RF,label,2,RBB-18-0826-1_S193,1,0.648
CTX,lineage,RF,label,2,RBB-18-1312-1_S43,1,0.568
CTX,lineage,RF,label,2,RBB-18-1393-1_S48,1,0.908
CTX,lineage,RF,label,2,RBB-18-1406-1_S49,1,0.666
CTX,lineage,RF,label,2,RBB-18-1502-1_S47,1,0.516
CTX,lineage,RF,label,2,RBB-19-0014-1_S44,1,0.24
CTX,lineage,RF,label,2,RBBK18-0189-1_S24_L001,0,0.598
CTX,lineage,RF,label,2,RBF-16-073-1_S23,1,0.706
CTX,lineage,RF,label,2,RBF-17-0424-1_S15,1,0.762
CTX,lineage,RF,label,2,RBF-17-0450-1_S10,1,0.762
CTX,lineage,RF,label,2,RBF-17-0513-1_S76,0,0.74
CTX,lineage,RF,label,2,RBF-17-0523-1_S30,0,0.384
CTX,lineage,RF,label,2,RBF-17-0614-3_S95,0,0.156
CTX,lineage,RF,label,2,RBF-17-0630-1_S59,1,0.308
CTX,lineage,RF,label,2,RBF-17-0635-1_S98,0,0.502
CTX,lineage,RF,label,2,RBF-18-0027-1_S5,0,0.828
CTX,lineage,RF,label,2,RBF-18-0093-1_S80,1,0.83
CTX,lineage,RF,label,2,RBF-18-0125-1_S30,0,0.268
CTX,lineage,RF,label,2,RBF-18-0179-1_S29,0,0.452
CTX,lineage,RF,label,2,RBF-18-0200-1_S48,0,0.306
CTX,lineage,RF,label,2,RBF-18-0208-2_S11_L001,0,0.2815
CTX,lineage,RF,label,2,RBF-18-0259-1_S33,0,0.3649666666666667
CTX,lineage,RF,label,2,RBF-18-0339-1_S37,0,0.346
CTX,lineage,RF,label,2,RBG-17-0284-1_S59,0,0.184
CTX,lineage,RF,label,2,RBG-18-0170-1_S41,0,0.184
CTX,lineage,RF,label,2,RBG-18-0209-2_S46,0,0.118
CTX,lineage,RF,label,2,RBG-18-0223-1_S2,0,0.196
CTX,lineage,RF,label,2,RBG-18-0239-1_S4,0,0.33
CTX,lineage,RF,label,2,RBG-18-0280-1_S51,0,0.68
CTX,lineage,RF,label,2,RBG-18-0312-1_S55,0,0.796
CTX,lineage,RF,label,2,RBG-18-0355-1_S19_L001,0,0.364
CTX,lineage,RF,label,2,RBG-18-0358-1_S39,1,0.248
CTX,lineage,RF,label,2,RBG-18-0417-1_S52,0,0.344
CTX,lineage,RF,label,2,RBK-17-049-1_S62,1,0.888
CTX,lineage,RF,label,2,RBK-18-0037-1_S199,0,0.73
CTX,lineage,RF,label,2,RBK-18-0080-1_S205,0,0.492
CTX,lineage,RF,label,2,RBK-18-0104-1_S206,0,0.136
CTX,lineage,RF,label,2,RBK-18-0644-1_S180,1,0.244
CTX,lineage,RF,label,2,RBL-17-0090-1_S145,0,0.1598
CTX,lineage,RF,label,2,RBL-17-0101-1_S148,0,0.15583333333333332
CTX,lineage,RF,label,2,RBL-17-0123-1_S157,0,0.386
CTX,lineage,RF,label,2,RBL-17-0144-1_S163,0,0.496
CTX,lineage,RF,label,2,RBL-17-0172-1_S170,0,0.18
CTX,lineage,RF,label,2,RBL-17-0256-1_S98,0,0.438
CTX,lineage,RF,label,2,RBL-17-0320-1_S114,0,0.882
CTX,lineage,RF,label,2,RBL-17-075-1_S18,1,0.88
CTX,lineage,RF,label,2,RBL-18-0002-1_S158,0,0.332
CTX,lineage,RF,label,2,RBT-17-0003-1_S16,0,0.268
CTX,lineage,RF,label,2,RBT-17-0022-1_S24,0,0.38781818181818184
CTX,lineage,RF,label,2,RBT-17-0023-1_S25,0,0.722
CTX,lineage,RF,label,2,RBT-17-0099-1_S35,0,0.774
CTX,lineage,RF,label,2,RBT-17-0107-1_S39,0,0.212
CTX,lineage,RF,label,2,RBT-17-0130-1_S27,0,0.354
CTX,lineage,RF,label,2,RBT-17-0138-1_S52,0,0.808
CTX,lineage,RF,label,2,RBT-17-0161-1_S57,0,0.13
CTX,lineage,RF,label,2,RBT-17-0174-1_S64,0,0.18
CTX,lineage,RF,label,2,RBT-17-0239-1_S60,0,0.146
CTX,lineage,RF,label,2,RBT-17-0270-1_S65,0,0.682
CTX,lineage,RF,label,2,RBT-17-0285-1_S66,0,0.84
CTX,lineage,RF,label,2,RBT-17-0295-1_S15,0,0.15183333333333332
CTX,lineage,RF,label,2,RBT-18-0017-1_S67,0,0.124
CTX,lineage,RF,label,2,RBT-18-0027-1_S68,0,0.15526190476190477
CTX,lineage,RF,label,2,RBT-18-0042-1_S60,0,0.128
CTX,lineage,RF,label,2,RBT-18-0045-1_S70,0,0.422
CTX,lineage,RF,label,2,RBT-18-0056-1_S37,0,0.124
CTX,lineage,RF,label,2,RBT-18-0064-1_S15,0,0.416
CTX,lineage,RF,label,2,RBT-18-0071-1_S41,0,0.446
CTX,lineage,RF,label,2,RBT-18-0079-1_S16,0,0.34666984126984124
CTX,lineage,RF,label,2,RBT-18-0102-1_S23,0,0.126
CTX,lineage,RF,label,2,RBT-18-0110-1_S27,0,0.774
CTX,lineage,RF,label,2,RBT-18-0116-1_S46,0,0.692
CTX,lineage,RF,label,2,RBT-18-0121-1_S28,0,0.28725
CTX,lineage,RF,label,2,RBT-18-0141-1_S32,0,0.154
CTX,lineage,RF,label,2,RBT-18-0146-1_S55,0,0.484
CTX,lineage,RF,label,2,RBT-18-0181-1_S61,1,0.458
CTX,lineage,RF,label,2,RBT-18-0259-1_S55,0,0.276
CTX,lineage,RF,label,2,RBT-18-0275-1_S63,0,0.38
CTX,lineage,RF,label,2,RBT-18-0283-1_S65,0,0.12133333333333333
CTX,lineage,RF,label,2,RBT-18-0288-1_S68,0,0.69
CTX,lineage,RF,label,2,RBT-18-0331-1_S22,0,0.134
CTX,lineage,RF,label,2,RBT-18-0334-1_S23,0,0.16985714285714287
CTX,lineage,RF,label,2,RBT-18-0338-1_S35,0,0.14983333333333332
CTX,lineage,RF,label,2,RBT-18-0340-1_S36,0,0.136
CTX,lineage,RF,label,2,RBT-18-0357-1_S27,0,0.122
CTX,lineage,RF,label,2,RBT-18-0358-1_S28,0,0.1551920634920635
CTX,lineage,RF,label,2,RBT-18-0368-1_S32,1,0.152
CTX,lineage,RF,label,2,RBT-18-0384-1_S40,0,0.372
CTX,lineage,RF,label,2,RBT-18-0385-1_S34,0,0.124
CTX,lineage,RF,label,2,ResetH1_S1_L001,1,0.696
CTX,lineage,RF,label,2,ResetH10_S1_L001,1,0.416
CTX,lineage,RF,label,2,ResetH115_S6_L001,1,0.798
CTX,lineage,RF,label,2,ResetH30_S4_L001,1,0.498
CTX,lineage,RF,label,2,ResetH93_S5_L001,1,0.424
CTX,lineage,RF,label,2,ResetH99_S5_L001,1,0.274
CTX,lineage,RF,label,2,ResetV161_S3_L001,1,0.568
CTX,lineage,RF,label,2,ResetV288_S6_L001,1,0.876
CTX,lineage,RF,label,2,RPG-18-0435-1_S32,0,0.118
CTX,lineage,RF,label,2,Survcare0114_S37,1,0.7
CTX,lineage,RF,label,2,Survcare058_S26,1,0.896
CTX,lineage,RF,label,2,Survcare104_S16_L001,1,0.41
CTX,lineage,RF,label,2,Survcare176_S17_L001,1,0.694
CTX,lineage,RF,label,2,Survcare253_S35,1,0.724
CTX,lineage,RF,label,2,Survcare321_S18,1,0.89
CTX,lineage,RF,label,2,V111_S3_L001,1,0.486
CTX,lineage,RF,label,2,V113_S3_L001,1,0.556
CTX,lineage,RF,label,2,V116_S6_L001,1,0.644
CTX,lineage,RF,label,2,V168_S9_L001,1,0.794
CTX,lineage,RF,label,2,V172_S5_L001,1,0.232
CTX,lineage,RF,label,2,V195_S1_L001,1,0.15
CTX,lineage,RF,label,2,V215_S2_L001,1,0.316
CTX,lineage,RF,label,2,V238_S11_L001,1,0.57
CTX,lineage,RF,label,2,V289_S5_L001,1,0.874
CTX,lineage,RF,label,2,V40_S2_L001,1,0.61
CTX,lineage,RF,label,2,V73_S5_L001,1,0.72
CTX,lineage,RF,label,2,V80_S7_L001,1,0.482
CTX,lineage,RF,label,2,V86_S1_L001,1,0.722
CTX,lineage,RF,label,2,V9_S1_L001,1,0.606
CTX,lineage,RF,label,2,V96_S2_L001,1,0.724
CTX,lineage,RF,label,2,w2RBG-16-037-1_S34,0,0.728
CTX,lineage,RF,label,2,wdh-RBL-17-0431-1_S46,0,0.632
CTX,lineage,RF,label,2,wdhRBF-17-0558-1_S121,0,0.726
CTX,lineage,RF,label,2,wdhRBF-17-0564-1_S230,1,0.898
CTX,lineage,RF,label,2,wdhRBF-18-0059-1_S15_L001,0,0.194
CTX,lineage,RF,label,2,WDHRBG-17-005-2_S61,0,0.194
CTX,lineage,RF,label,2,WDHRBG-17-0256-1_S17,0,0.624
CTX,lineage,RF,label,2,wdhRBL-17-0370-1_S232,0,0.856
CTX,lineage,RF,label,2,wRBG-16-027-1_S174,0,0.396
CTX,lineage,RF,label,2,wRBG-17-022-1_S43,1,0.776
CTX,lineage,RF,label,2,wRBG-17-047-1_S153,0,0.124
CTX,lineage,RF,label,2,wRBG-17-073-1_S118,0,0.312
CTX,lineage,RF,label,2,wRBG-17-102-1_S169,0,0.514
CTX,lineage,RF,label,2,wwRBB-17-031-1_S25,1,0.854
CTX,lineage,RF,label,2,wwRBF-17-148-1_S27,1,0.15335873015873017
CTX,lineage,RF,label,2,wwRBF-17-251-1_S33,1,0.894
CTX,lineage,RF,label,2,wwRBK-17-0298-1_S42,1,0.888
CTX,lineage,RF,label,3,H105_S3_L001,1,0.416
CTX,lineage,RF,label,3,H148_S4_L001,1,0.478
CTX,lineage,RF,label,3,H3_S1_L001,1,0.474
CTX,lineage,RF,label,3,H51_S5_L001,1,0.416
CTX,lineage,RF,label,3,H53_S4_L001,1,0.416
CTX,lineage,RF,label,3,H71_S1_L001,1,0.408
CTX,lineage,RF,label,3,H86_S1_L001,1,0.414
CTX,lineage,RF,label,3,NNRBG-17-0191-1_S1,0,0.338
CTX,lineage,RF,label,3,NNRBG-17-0242-1_S11,0,0.342
CTX,lineage,RF,label,3,NNRBG-17-0243-1_S12,0,0.71
CTX,lineage,RF,label,3,NNRBG-17-0249-1_S13,0,0.34
CTX,lineage,RF,label,3,NNRBG-17-0378-1_S37,0,0.416
CTX,lineage,RF,label,3,NNRBG-17-0382-1_S38,0,0.508
CTX,lineage,RF,label,3,RBB-17-011-1_S40,1,0.416
CTX,lineage,RF,label,3,RBB-17-171-1_S52,1,0.456
CTX,lineage,RF,label,3,RBB-18-0537-1_S21_L001,1,0.43
CTX,lineage,RF,label,3,RBB-18-0668-1_S188,1,0.412
CTX,lineage,RF,label,3,RBB-18-1309-1_S42,1,0.424
CTX,lineage,RF,label,3,RBB-18-1460-1_S45,1,0.408
CTX,lineage,RF,label,3,RBF-16-004-1_S18,1,0.438
CTX,lineage,RF,label,3,RBF-16-060-1_S22,1,0.422
CTX,lineage,RF,label,3,RBF-17-0340-1_S81,1,0.536
CTX,lineage,RF,label,3,RBF-17-0438-1_S9,1,0.416
CTX,lineage,RF,label,3,RBF-17-0467-1_S12,1,0.416
CTX,lineage,RF,label,3,RBF-17-0489-1_S13,1,0.422
CTX,lineage,RF,label,3,RBF-17-0521-1_S78,0,0.416
CTX,lineage,RF,label,3,RBF-17-0537-1_S56,1,0.416
CTX,lineage,RF,label,3,RBF-17-0553-1_S85,0,0.42
CTX,lineage,RF,label,3,RBF-17-0572-2_S89,0,0.712
CTX,lineage,RF,label,3,RBF-17-067-1_S54,1,0.416
CTX,lineage,RF,label,3,RBF-17-094-1_S56,1,0.43
CTX,lineage,RF,label,3,RBF-17-170-1_S66,1,0.438
CTX,lineage,RF,label,3,RBF-17-186-1_S69,1,0.416
CTX,lineage,RF,label,3,RBF-17-318-1_S77,1,0.458
CTX,lineage,RF,label,3,RBF-18-0019-1_S2,0,0.42
CTX,lineage,RF,label,3,RBF-18-0035-1_S6,0,0.632
CTX,lineage,RF,label,3,RBF-18-0068-1_S77,1,0.532
CTX,lineage,RF,label,3,RBF-18-0075-1_S79,1,0.432
CTX,lineage,RF,label,3,RBF-18-0132-1_S26,0,0.272
CTX,lineage,RF,label,3,RBF-18-0163-2_S39,0,0.4
CTX,lineage,RF,label,3,RBF-18-0173-1_S27,0,0.358
CTX,lineage,RF,label,3,RBF-18-0174-1_S28,1,0.422
CTX,lineage,RF,label,3,RBF-18-0187-1_S31,1,0.418
CTX,lineage,RF,label,3,RBF-18-0194-1_S86,1,0.436
CTX,lineage,RF,label,3,RBF-18-0196-1_S46,0,0.412
CTX,lineage,RF,label,3,RBF-18-0199-1_S47,0,0.422
CTX,lineage,RF,label,3,RBF-18-0227-1_S53,0,0.412
CTX,lineage,RF,label,3,RBF-18-0253-1_S13_L001,0,0.654
CTX,lineage,RF,label,3,RBF-18-0277-1_S61,0,0.42
CTX,lineage,RF,label,3,RBF-18-0282-1_S63,0,0.648
CTX,lineage,RF,label,3,RBF-18-0321-1_S69,0,0.268
CTX,lineage,RF,label,3,RBF-18-0585-1_S48,1,0.43
CTX,lineage,RF,label,3,RBF-18-0714-2_S204_2,1,0.408
CTX,lineage,RF,label,3,RBG-17-0269-1_S41,0,0.492
CTX,lineage,RF,label,3,RBG-17-0351-1_S20_L001,1,0.42
CTX,lineage,RF,label,3,RBG-17-0383-1_S44,0,0.32
CTX,lineage,RF,label,3,RBG-18-0004-1_S1,1,0.416
CTX,lineage,RF,label,3,RBG-18-0012-1_S3,0,0.434
CTX,lineage,RF,label,3,RBG-18-0041-1_S6,0,0.55
CTX,lineage,RF,label,3,RBG-18-0071-1_S44,0,0.548
CTX,lineage,RF,label,3,RBG-18-0072-1_S8,0,0.344
CTX,lineage,RF,label,3,RBG-18-0083-1_S12,0,0.664
CTX,lineage,RF,label,3,RBG-18-0085-1_S11,0,0.36
CTX,lineage,RF,label,3,RBG-18-0099-1_S14,1,0.416
CTX,lineage,RF,label,3,RBG-18-0129-1_S15_L001,1,0.412
CTX,lineage,RF,label,3,RBG-18-0153-1_S14,0,0.456
CTX,lineage,RF,label,3,RBG-18-0177-1_S17_L001,1,0.424
CTX,lineage,RF,label,3,RBG-18-0200-1_S18_L001,1,0.414
CTX,lineage,RF,label,3,RBG-18-0221-1_S47,0,0.474
CTX,lineage,RF,label,3,RBG-18-0224-1_S24_L001,1,0.418
CTX,lineage,RF,label,3,RBG-18-0279-1_S36,1,0.416
CTX,lineage,RF,label,3,RBG-18-0289-1_S37,1,0.406
CTX,lineage,RF,label,3,RBG-18-0380-1_S48,0,0.416
CTX,lineage,RF,label,3,RBG-18-0388-1_S21_L001,1,0.44
CTX,lineage,RF,label,3,RBG-18-0391-1_S22_L001,1,0.564
CTX,lineage,RF,label,3,RBG-18-0410-1_S12,1,0.432
CTX,lineage,RF,label,3,RBG-18-0421-1_S53,1,0.432
CTX,lineage,RF,label,3,RBG-18-0437-1_S54,1,0.476
CTX,lineage,RF,label,3,RBK-17-0457-1_S6,1,0.426
CTX,lineage,RF,label,3,RBK-17-0492-1_S8,1,0.414
CTX,lineage,RF,label,3,RBK-17-0588-1_S24,1,0.456
CTX,lineage,RF,label,3,RBK-17-0601-1_S25,1,0.416
CTX,lineage,RF,label,3,RBK-17-0612-1_S27,1,0.418
CTX,lineage,RF,label,3,RBK-17-0655-5_S182,1,0.41
CTX,lineage,RF,label,3,RBK-18-0060-1_S22,0,0.652
CTX,lineage,RF,label,3,RBK-18-0077-1_S212,1,0.418
CTX,lineage,RF,label,3,RBK-18-0236-2_S52_2,1,0.44
CTX,lineage,RF,label,3,RBKk-18-0108-1_S201,1,0.416
CTX,lineage,RF,label,3,RBL-17-0093-1_S146,0,0.414
CTX,lineage,RF,label,3,RBL-17-0107-1_S150,0,0.414
CTX,lineage,RF,label,3,RBL-17-0113-1_S153,0,0.434
CTX,lineage,RF,label,3,RBL-17-0118-1_S156,0,0.41
CTX,lineage,RF,label,3,RBL-17-0165-1_S167,0,0.468
CTX,lineage,RF,label,3,RBL-17-0189-1_S172,0,0.374
CTX,lineage,RF,label,3,RBL-17-0199-1_S174,0,0.418
CTX,lineage,RF,label,3,RBL-17-0217-1_S176,0,0.414
CTX,lineage,RF,label,3,RBL-17-0226-1_S41,1,0.416
CTX,lineage,RF,label,3,RBL-17-0242-1_S42,1,0.42
CTX,lineage,RF,label,3,RBL-17-0244-1_S44,1,0.414
CTX,lineage,RF,label,3,RBL-17-0264-1_S103,0,0.42
CTX,lineage,RF,label,3,RBL-17-0267-1_S104,0,0.268
CTX,lineage,RF,label,3,RBL-17-0305-1_S49,1,0.46
CTX,lineage,RF,label,3,RBL-17-0307-1_S51,1,0.416
CTX,lineage,RF,label,3,RBL-17-0323-1_S115,0,0.374
CTX,lineage,RF,label,3,RBL-17-0328-1_S117,0,0.336
CTX,lineage,RF,label,3,RBL-17-0332-1_S118,0,0.498
CTX,lineage,RF,label,3,RBL-17-0350-1_S106,0,0.506
CTX,lineage,RF,label,3,RBL-17-0359-1_S66,1,0.428
CTX,lineage,RF,label,3,RBL-17-0392-1_S69,1,0.46
CTX,lineage,RF,label,3,RBL-17-0411-1_S128,0,0.308
CTX,lineage,RF,label,3,RBL-17-0432-1_S132,0,0.744
CTX,lineage,RF,label,3,RBL-17-0434-1_S133,0,0.764
CTX,lineage,RF,label,3,RBL-17-060-1_S17,1,0.416
CTX,lineage,RF,label,3,RBL-18-0048-1_S44,0,0.46
CTX,lineage,RF,label,3,RBL-18-0059-1_S171,0,0.464
CTX,lineage,RF,label,3,RBL-18-0076-1_S47,1,0.43
CTX,lineage,RF,label,3,RBL-18-0090-1_S48,1,0.418
CTX,lineage,RF,label,3,RBL-18-0093-1_S49,0,0.428
CTX,lineage,RF,label,3,RBL-18-0098-1_S178,0,0.416
CTX,lineage,RF,label,3,RBL-18-0194-1_S195_2,1,0.412
CTX,lineage,RF,label,3,RBL-18-0242-1_S51,0,0.424
CTX,lineage,RF,label,3,RBL-18-0343-1_S6,1,0.408
CTX,lineage,RF,label,3,RBL-18-0467-1_S228_2,1,0.438
CTX,lineage,RF,label,3,RBL-18-0500-1_S230_2,1,0.448
CTX,lineage,RF,label,3,RBT-16-0024-1_S10,1,0.438
CTX,lineage,RF,label,3,RBT-16-0038-1_S11,1,0.42
CTX,lineage,RF,label,3,RBT-17-0009-1_S21,0,0.362
CTX,lineage,RF,label,3,RBT-17-0039-1_S28,1,0.418
CTX,lineage,RF,label,3,RBT-17-0102-1_S37,0,0.42
CTX,lineage,RF,label,3,RBT-17-0168-1_S61,0,0.682
CTX,lineage,RF,label,3,RBT-17-0249-1_S61,1,0.416
CTX,lineage,RF,label,3,RBT-17-0328-1_S16,1,0.426
CTX,lineage,RF,label,3,RBT-17-0339-1_S20,0,0.436
CTX,lineage,RF,label,3,RBT-18-0021-1_S56,1,0.416
CTX,lineage,RF,label,3,RBT-18-0053-1_S36,1,0.416
CTX,lineage,RF,label,3,RBT-18-0129-1_S52,0,0.678
CTX,lineage,RF,label,3,RBT-18-0179-1_S37,0,0.492
CTX,lineage,RF,label,3,RBT-18-0205-1_S6,1,0.416
CTX,lineage,RF,label,3,RBT-18-0227-1_S46,1,0.42
CTX,lineage,RF,label,3,RBT-18-0232-1_S47,0,0.6
CTX,lineage,RF,label,3,RBT-18-0234-1_S15,1,0.418
CTX,lineage,RF,label,3,RBT-18-0263-1_S58,0,0.222
CTX,lineage,RF,label,3,RBT-18-0265-1_S59,0,0.234
CTX,lineage,RF,label,3,RBT-18-0278-1_S64,0,0.77
CTX,lineage,RF,label,3,RBT-18-0284-1_S66,1,0.414
CTX,lineage,RF,label,3,RBT-18-0296-1_S72,1,0.42
CTX,lineage,RF,label,3,RBT-18-0308-1_S34,0,0.34
CTX,lineage,RF,label,3,RBT-18-0324-1_S57,1,0.422
CTX,lineage,RF,label,3,RBT-18-0335-1_S41,0,0.45
CTX,lineage,RF,label,3,RBT-18-0337-1_S46,1,0.39
CTX,lineage,RF,label,3,RBT-18-0351-1_S48,0,0.494
CTX,lineage,RF,label,3,RBT-18-0363-1_S72,1,0.422
CTX,lineage,RF,label,3,RBT-18-0365-1_S30,0,0.508
CTX,lineage,RF,label,3,RBT-18-0370-1_S33,0,0.37
CTX,lineage,RF,label,3,RBT-18-0372-1_S31,1,0.426
CTX,lineage,RF,label,3,RBT-18-0391-1_S35,1,0.416
CTX,lineage,RF,label,3,RBT-18-0392-1_S56,1,0.416
CTX,lineage,RF,label,3,RBT-18-0401-1_S43,0,0.416
CTX,lineage,RF,label,3,ResetH127_S6_L001,1,0.43
CTX,lineage,RF,label,3,ResetH129_S7_L001,1,0.42
CTX,lineage,RF,label,3,ResetH131_S7_L001,1,0.418
CTX,lineage,RF,label,3,ResetH132_S1_L001,1,0.414
CTX,lineage,RF,label,3,ResetH49b_S6_L001,1,0.418
CTX,lineage,RF,label,3,ResetH63_S7_L001,1,0.416
CTX,lineage,RF,label,3,ResetH75_S2_L001,1,0.418
CTX,lineage,RF,label,3,ResetV260_S5_L001,1,0.426
CTX,lineage,RF,label,3,Survcare187_S32,1,0.42
CTX,lineage,RF,label,3,Survcare236_S5_L001,1,0.344
CTX,lineage,RF,label,3,Survcare265_S20,1,0.32
CTX,lineage,RF,label,3,Survcare327_S1,1,0.422
CTX,lineage,RF,label,3,Survcare341_S25,1,0.48
CTX,lineage,RF,label,3,V282_S4_L001,1,0.486
CTX,lineage,RF,label,3,V291_S5_L001,1,0.418
CTX,lineage,RF,label,3,V295_S7_L001,1,0.42
CTX,lineage,RF,label,3,W2RBK-17-168-1_S33,1,0.436
CTX,lineage,RF,label,3,W2RBK-17-169-1_S34,1,0.474
CTX,lineage,RF,label,3,W2RBL-16-018-1_S15,1,0.418
CTX,lineage,RF,label,3,wdh-RBB-17-170-1_S16,1,0.412
CTX,lineage,RF,label,3,wdh-RBF-17-0572-1_S43,0,0.716
CTX,lineage,RF,label,3,wdhRBF-10-0002-1_S10_L001,1,0.42
CTX,lineage,RF,label,3,wdhRBF-17-0567-1_S122,0,0.338
CTX,lineage,RF,label,3,WDHRBG-17-008-1_S83,0,0.572
CTX,lineage,RF,label,3,WDHRBG-17-122-1_S48,0,0.734
CTX,lineage,RF,label,3,wRBF-17-0146-1_S35,1,0.416
CTX,lineage,RF,label,3,wRBG-16-024-1_S152,0,0.858
CTX,lineage,RF,label,3,wRBG-16-033-1_S153,0,0.412
CTX,lineage,RF,label,3,wRBG-17-028-1_S100,0,0.37
CTX,lineage,RF,label,3,wRBG-17-031-1_S154,0,0.398
CTX,lineage,RF,label,3,wRBG-17-049-1_S142,0,0.67
CTX,lineage,RF,label,3,wRBG-17-055-1_S163,0,0.416
CTX,lineage,RF,label,3,wRBG-17-057-1_S141,0,0.366
CTX,lineage,RF,label,3,wRBG-17-106-1_S125,0,0.416
CTX,lineage,RF,label,3,wRBG-17-110-1_S168,0,0.674
CTX,lineage,RF,label,3,wwRBB-16-112-1_S1,1,0.412
CTX,lineage,RF,label,3,wwRBF-16-007-1_S10,1,0.418
CTX,lineage,RF,label,3,wwRBF-17-167-1_S31,1,0.424
CTX,lineage,RF,label,3,wwRBF-17-189-1_S32,1,0.424
CTX,lineage,RF,label,3,wwRBF-17-209-1_S34,0,0.51
CTX,lineage,RF,label,3,wwRBK-16-023-1_S5,1,0.574
CTX,lineage,RF,label,3,wwRBK-17-0148-1_S37,1,0.414
CTX,lineage,RF,label,3,wwRBK-17-0148-2_S38,1,0.414
CTX,lineage,RF,label,3,wwRBK-17-0197-1_S39,1,0.416
CTX,lineage,RF,label,3,wwRBK-17-075-1_S28,1,0.416
CTX,lineage,RF,label,3,wwRBL-17-004-1_S44,1,0.434
CTX,lineage,RF,label,4,H108_S5_L001,1,0.528
CTX,lineage,RF,label,4,H119_S7_L001,1,0.814
CTX,lineage,RF,label,4,H123_S1_L001,1,0.694
CTX,lineage,RF,label,4,H130_S2_L001,1,0.532
CTX,lineage,RF,label,4,H153_S1_L001,1,0.49
CTX,lineage,RF,label,4,H154_S2_L001,1,0.494
CTX,lineage,RF,label,4,H157_S3_L001,1,0.766
CTX,lineage,RF,label,4,H160_S3_L001,1,0.49
CTX,lineage,RF,label,4,H164_S3_L001,1,0.492
CTX,lineage,RF,label,4,H28_S10_L001,1,0.402
CTX,lineage,RF,label,4,H83_S7_L001,1,0.43577777777777776
CTX,lineage,RF,label,4,NNRBG-17-0227-1_S8,0,0.12289047619047619
CTX,lineage,RF,label,4,NNRBG-17-0239-1_S10,0,0.18041976911976912
CTX,lineage,RF,label,4,NNRBG-17-0278-1_S16,0,0.636
CTX,lineage,RF,label,4,RBB-18-0674-1_S189,1,0.902
CTX,lineage,RF,label,4,RBB-18-0772-1_S192,1,0.836
CTX,lineage,RF,label,4,RBF-17-0550-1_S84,0,0.54
CTX,lineage,RF,label,4,RBF-17-0587-1_S91,0,0.11620329670329668
CTX,lineage,RF,label,4,RBF-17-0605-1_S94,0,0.546
CTX,lineage,RF,label,4,RBF-17-0616-1_S96,0,0.498
CTX,lineage,RF,label,4,RBF-17-0632-1_S97,0,0.1526611111111111
CTX,lineage,RF,label,4,RBF-17-0645-1_S61,1,0.61
CTX,lineage,RF,label,4,RBF-17-0651-1_S62,1,0.628
CTX,lineage,RF,label,4,RBF-17-0653-1_S101,0,0.12715151515151515
CTX,lineage,RF,label,4,RBF-17-266-1_S70,1,0.434
CTX,lineage,RF,label,4,RBF-18-0013-1_S25_L001,0,0.12420329670329669
CTX,lineage,RF,label,4,RBF-18-0036-1_S7,0,0.156
CTX,lineage,RF,label,4,RBF-18-0064-2_S14,0,0.146
CTX,lineage,RF,label,4,RBF-18-0066-1_S15,0,0.426
CTX,lineage,RF,label,4,RBF-18-0072-1_S16,0,0.122
CTX,lineage,RF,label,4,RBF-18-0099-1_S26,0,0.1386611111111111
CTX,lineage,RF,label,4,RBF-18-0139-1_S35,0,0.338
CTX,lineage,RF,label,4,RBF-18-0184-1_S30,0,0.866
CTX,lineage,RF,label,4,RBF-18-0192-1_S44,0,0.638
CTX,lineage,RF,label,4,RBF-18-0251-1_S55,0,0.878
CTX,lineage,RF,label,4,RBF-18-0280-1_S62,0,0.5
CTX,lineage,RF,label,4,RBF-18-0294-1_S64,0,0.1371904761904762
CTX,lineage,RF,label,4,RBF-18-0296-1_S17,0,0.18135791104320512
CTX,lineage,RF,label,4,RBF-18-0338-1_S72,0,0.154
CTX,lineage,RF,label,4,RBF-18-0634-1_S183,1,0.612
CTX,lineage,RF,label,4,RBF-18-0664-1_S190,1,0.876
CTX,lineage,RF,label,4,RBG-17-013-1_S16,1,0.9
CTX,lineage,RF,label,4,RBg-17-123-2_S12,0,0.568
CTX,lineage,RF,label,4,RBG-18-0017-1_S5,0,0.112
CTX,lineage,RF,label,4,RBG-18-0076-1_S10,0,0.524
CTX,lineage,RF,label,4,RBG-18-0108-1_S16,0,0.1306611111111111
CTX,lineage,RF,label,4,RBG-18-0140-1_S14_L001,0,0.53
CTX,lineage,RF,label,4,RBG-18-0144-1_S38,0,0.19
CTX,lineage,RF,label,4,RBG-18-0166-1_S10_L001,0,0.1586611111111111
CTX,lineage,RF,label,4,RBG-18-0204-1_S23_L001,0,0.228
CTX,lineage,RF,label,4,RBG-18-0211-1_S35,1,0.476
CTX,lineage,RF,label,4,RBG-18-0300-1_S52,0,0.11620329670329668
CTX,lineage,RF,label,4,RBG-18-0352-1_S21_L001,0,0.22
CTX,lineage,RF,label,4,RBG-18-0381-1_S49,0,0.16066111111111112
CTX,lineage,RF,label,4,RBK-16-007-1_S13,1,0.1
CTX,lineage,RF,label,4,RBK-16-073-1_S14,1,0.88
CTX,lineage,RF,label,4,RBK-17-0595-1_S187,1,0.854
CTX,lineage,RF,label,4,RBK-18-0002-1_S38,1,0.18287073155602565
CTX,lineage,RF,label,4,RBK-18-0005-1_S18,0,0.186
CTX,lineage,RF,label,4,RBK-18-0047-1_S20,0,0.522
CTX,lineage,RF,label,4,RBK-18-0062-2_S203,0,0.656
CTX,lineage,RF,label,4,RBK-18-0414-1_S59,0,0.544
CTX,lineage,RF,label,4,RBL-17-0108-1_S151,0,0.13303663003663002
CTX,lineage,RF,label,4,RBL-17-0116-1_S154,0,0.17774393417040477
CTX,lineage,RF,label,4,RBL-17-0205-1_S175,0,0.12308333333333332
CTX,lineage,RF,label,4,RBL-17-0259-1_S99,0,0.16563492063492063
CTX,lineage,RF,label,4,RBL-17-0274-2_S105,0,0.392
CTX,lineage,RF,label,4,RBL-17-0327-1_S116,0,0.132
CTX,lineage,RF,label,4,RBL-17-0340-1_S102,0,0.11103663003663003
CTX,lineage,RF,label,4,RBL-17-0342-1_S103,0,0.17301127238774297
CTX,lineage,RF,label,4,RBL-17-0347-1_S104,0,0.10985714285714286
CTX,lineage,RF,label,4,RBL-17-0360-1_S108,0,0.566
CTX,lineage,RF,label,4,RBL-17-0366-1_S113,0,0.126
CTX,lineage,RF,label,4,RBL-17-0368-1_S114,0,0.1235
CTX,lineage,RF,label,4,RBL-17-0390-1_S121,0,0.1466611111111111
CTX,lineage,RF,label,4,RBL-17-0395-1_S124,0,0.124
CTX,lineage,RF,label,4,RBL-17-0402-1_S126,0,0.1275
CTX,lineage,RF,label,4,RBL-17-0435-1_S134,0,0.11653663003663003
CTX,lineage,RF,label,4,RBL-18-0010-1_S159,0,0.34
CTX,lineage,RF,label,4,RBL-18-0016-1_S161,0,0.11435714285714285
CTX,lineage,RF,label,4,RBL-18-0066-1_S173,0,0.17152380952380952
CTX,lineage,RF,label,4,RBL-18-0085-1_S176,0,0.176
CTX,lineage,RF,label,4,RBT-16-0045-1_S58,1,0.826
CTX,lineage,RF,label,4,RBT-17-0027-1_S3,0,0.17713333333333336
CTX,lineage,RF,label,4,RBT-17-0100-1_S36,1,0.102
CTX,lineage,RF,label,4,RBT-17-0112-1_S41,0,0.158
CTX,lineage,RF,label,4,RBT-17-0165-1_S60,0,0.234
CTX,lineage,RF,label,4,RBT-17-0177-1_S65,0,0.486
CTX,lineage,RF,label,4,RBT-17-0177-2_S7,0,0.484
CTX,lineage,RF,label,4,RBT-17-0178-1_S66,0,0.13713333333333333
CTX,lineage,RF,label,4,RBT-17-0210-1_S55,0,0.112
CTX,lineage,RF,label,4,RBT-17-0228-1_S10,0,0.388
CTX,lineage,RF,label,4,RBT-17-0238-1_S59,0,0.202
CTX,lineage,RF,label,4,RBT-17-0251-1_S62,1,0.9
CTX,lineage,RF,label,4,RBT-17-0287-1_S10,0,0.604
CTX,lineage,RF,label,4,RBT-18-0023-1_S14,0,0.192
CTX,lineage,RF,label,4,RBT-18-0057-1_S38,0,0.518
CTX,lineage,RF,label,4,RBT-18-0091-1_S42,0,0.28752777777777777
CTX,lineage,RF,label,4,RBT-18-0095-1_S19,0,0.13
CTX,lineage,RF,label,4,RBT-18-0096-1_S20,0,0.15503663003663004
CTX,lineage,RF,label,4,RBT-18-0100-1_S21,0,0.516
CTX,lineage,RF,label,4,RBT-18-0115-1_S45,0,0.32515151515151514
CTX,lineage,RF,label,4,RBT-18-0120-1_S48,0,0.524
CTX,lineage,RF,label,4,RBT-18-0164-1_S34,0,0.102
CTX,lineage,RF,label,4,RBT-18-0173-1_S35,0,0.236
CTX,lineage,RF,label,4,RBT-18-0184-1_S38,1,0.102
CTX,lineage,RF,label,4,RBT-18-0185-1_S39,0,0.186
CTX,lineage,RF,label,4,RBT-18-0236-1_S48,1,0.102
CTX,lineage,RF,label,4,RBT-18-0251-1_S7,0,0.288
CTX,lineage,RF,label,4,RBT-18-0252-1_S53,0,0.862
CTX,lineage,RF,label,4,RBT-18-0316-1_S43,0,0.16066111111111112
CTX,lineage,RF,label,4,RBT-18-0341-1_S24,0,0.47
CTX,lineage,RF,label,4,RBT-18-0364-1_S29,0,0.58
CTX,lineage,RF,label,4,ResetH134_S8_L001,1,0.526
CTX,lineage,RF,label,4,ResetH139_S3_L001,1,0.528
CTX,lineage,RF,label,4,ResetH152_S4_L001,1,0.49
CTX,lineage,RF,label,4,ResetH44_S3_L001,1,0.632
CTX,lineage,RF,label,4,ResetH89_S3_L001,1,0.442
CTX,lineage,RF,label,4,ResetV105_S1_L001,1,0.722
CTX,lineage,RF,label,4,Survcare129_S1,1,0.102
CTX,lineage,RF,label,4,Survcare133_S25,1,0.7954571428571429
CTX,lineage,RF,label,4,Survcare134_S26,1,0.7958571428571429
CTX,lineage,RF,label,4,Survcare140_S4_L001,1,0.7936
CTX,lineage,RF,label,4,Survcare184_S19,1,0.192
CTX,lineage,RF,label,4,Survcare254_S36,1,0.898
CTX,lineage,RF,label,4,Survcare275_S38,1,0.202
CTX,lineage,RF,label,4,Survcare278_S62,1,0.84
CTX,lineage,RF,label,4,Survcare291_S38,1,0.172
CTX,lineage,RF,label,4,Survcare295_S8_L001,1,0.826
CTX,lineage,RF,label,4,Survcare303_S15_L001,1,0.794
CTX,lineage,RF,label,4,Survcare313_S24_L001,1,0.902
CTX,lineage,RF,label,4,Survcare317_S5_L001,1,0.628
CTX,lineage,RF,label,4,Survcare329_S3,1,0.556
CTX,lineage,RF,label,4,Survcare337_S12,1,0.358
CTX,lineage,RF,label,4,V108_S2_L001,1,0.558
CTX,lineage,RF,label,4,V120_S5_L001,1,0.52
CTX,lineage,RF,label,4,V173_S6_L001,1,0.394
CTX,lineage,RF,label,4,V205_S3_L001,1,0.502
CTX,lineage,RF,label,4,V228_S8_L001,1,0.728
CTX,lineage,RF,label,4,V229_S10_L001,1,0.73
CTX,lineage,RF,label,4,V232_S3_L001,1,0.18
CTX,lineage,RF,label,4,V71_S4_L001,1,0.81
CTX,lineage,RF,label,4,V89_S1_L001,1,0.514
CTX,lineage,RF,label,4,wdh-RBL-17-0361-1_S44,0,0.12
CTX,lineage,RF,label,4,wdh-Survcare119_S44,1,0.4478461538461539
CTX,lineage,RF,label,4,wdhRBF-18-0048-1_S12_L001,0,0.554
CTX,lineage,RF,label,4,WDHRBG-16-062-1_S49,0,0.138
CTX,lineage,RF,label,4,WDHRBG-17-001-1_S82,0,0.104
CTX,lineage,RF,label,4,wRBG-17-023-1_S155,0,0.192
CTX,lineage,RF,label,4,wRBG-17-030-1_S165,0,0.558
CTX,lineage,RF,label,4,wRBG-17-075-1_S96,0,0.152
CTX,lineage,LR,onehot,0,H113_S6_L001,1,0.0008998990524560213
CTX,lineage,LR,onehot,0,H116_S8_L001,1,0.9043281674385071
CTX,lineage,LR,onehot,0,H122_S4_L001,1,0.8878348469734192
CTX,lineage,LR,onehot,0,H141_S6_L001,1,0.1107083112001419
CTX,lineage,LR,onehot,0,H162_S4_L001,1,0.9991046786308289
CTX,lineage,LR,onehot,0,H176_S5_L001,1,0.04047704115509987
CTX,lineage,LR,onehot,0,H38_S4_L001,1,0.9986121654510498
CTX,lineage,LR,onehot,0,NNRBG-17-0196-1_S3,0,0.002648863708600402
CTX,lineage,LR,onehot,0,NNRBG-17-0199-1_S5,0,0.0033269436098635197
CTX,lineage,LR,onehot,0,NNRBG-17-0287-1_S17,0,0.6649513244628906
CTX,lineage,LR,onehot,0,NNRBG-17-0319-1_S24,0,0.20716127753257751
CTX,lineage,LR,onehot,0,NNRBG-17-0328-1_S25,0,0.3587173819541931
CTX,lineage,LR,onehot,0,NNRBG-17-0329-1_S26,0,0.003760205116122961
CTX,lineage,LR,onehot,0,NNRBG-17-0399-1_S40,0,0.4335598647594452
CTX,lineage,LR,onehot,0,NNSurvcare045_S41,1,0.992236316204071
CTX,lineage,LR,onehot,0,RBB-18-0129-1_S179,1,0.010385720990598202
CTX,lineage,LR,onehot,0,RBB-18-0892-1_S80_2,1,0.9999773502349854
CTX,lineage,LR,onehot,0,RBB-18-0972-1_S203_2,1,0.9940415024757385
CTX,lineage,LR,onehot,0,RBB-18-1086-1_S189_2,1,0.9306893348693848
CTX,lineage,LR,onehot,0,RBB-18-1212-1_S67_2,1,0.9992875456809998
CTX,lineage,LR,onehot,0,RBB-18-1488-1_S46,1,0.015818731859326363
CTX,lineage,LR,onehot,0,RBF-10-0240-1_S12_L001,0,0.02714044786989689
CTX,lineage,LR,onehot,0,RBF-16-0064-1_S136,0,0.11241810023784637
CTX,lineage,LR,onehot,0,RBF-17-0164-1_S137,0,1.1545133020263165e-05
CTX,lineage,LR,onehot,0,RBF-17-0173-1_S138,0,0.3000457286834717
CTX,lineage,LR,onehot,0,RBF-17-0194-1_S140,0,0.2613694369792938
CTX,lineage,LR,onehot,0,RBF-17-0520-2_S55,1,0.0004248238692525774
CTX,lineage,LR,onehot,0,RBF-17-0538-1_S82,0,7.216750964289531e-05
CTX,lineage,LR,onehot,0,RBF-17-0589-1_S92,0,5.795073229819536e-05
CTX,lineage,LR,onehot,0,RBF-17-0602-1_S93,0,0.11244669556617737
CTX,lineage,LR,onehot,0,RBF-17-0647-1_S99,0,0.009111850522458553
CTX,lineage,LR,onehot,0,RBF-17-0648-1_S100,0,5.0251665015821345e-06
CTX,lineage,LR,onehot,0,RBF-17-277-1_S73,1,4.2991345594600716e-08
CTX,lineage,LR,onehot,0,RBF-18-0085-1_S21,0,0.003441487206146121
CTX,lineage,LR,onehot,0,RBF-18-0086-1_S22,0,4.9472869250166696e-06
CTX,lineage,LR,onehot,0,RBF-18-0123-1_S25_L001,1,2.734655613068071e-09
CTX,lineage,LR,onehot,0,RBF-18-0127-1_S32,0,0.8079689741134644
CTX,lineage,LR,onehot,0,RBF-18-0160-1_S37,0,0.9871561527252197
CTX,lineage,LR,onehot,0,RBF-18-0214-1_S51,0,0.20490409433841705
CTX,lineage,LR,onehot,0,RBF-18-0217-1_S54,0,1.65785206718283e-06
CTX,lineage,LR,onehot,0,RBF-18-0252-1_S56,0,0.0009432453662157059
CTX,lineage,LR,onehot,0,RBF-18-0310-1_S36,0,0.976325273513794
CTX,lineage,LR,onehot,0,RBF-18-0405-1_S81_2,1,0.1824263036251068
CTX,lineage,LR,onehot,0,RBG-18-0025-1_S9_L001,0,5.368081110646017e-05
CTX,lineage,LR,onehot,0,RBG-18-0029-1_S40,0,0.0024637498427182436
CTX,lineage,LR,onehot,0,RBG-18-0185-1_S40,0,0.23822720348834991
CTX,lineage,LR,onehot,0,RBG-18-0191-1_S11_L001,0,0.035350192338228226
CTX,lineage,LR,onehot,0,RBG-18-0202-1_S13_L001,0,0.06686195731163025
CTX,lineage,LR,onehot,0,RBG-18-0256-1_S8_L001,1,0.029004791751503944
CTX,lineage,LR,onehot,0,RBG-18-0265-1_S49,0,0.03658701851963997
CTX,lineage,LR,onehot,0,RBG-18-0276-1_S50,0,0.9999727010726929
CTX,lineage,LR,onehot,0,RBG-18-0301-1_S53,0,0.03518574312329292
CTX,lineage,LR,onehot,0,RBG-18-0367-1_S57,0,0.0003602583019528538
CTX,lineage,LR,onehot,0,RBG-18-0383-1_S37,1,0.4442719519138336
CTX,lineage,LR,onehot,0,RBG-18-0394-1_S23_L001,0,0.02717168815433979
CTX,lineage,LR,onehot,0,RBG-18-0402-1_S50,1,0.9988808035850525
CTX,lineage,LR,onehot,0,RBK-18-0019-1_S195,0,0.05971590057015419
CTX,lineage,LR,onehot,0,RBK-18-0022-1_S197,0,3.958501437750783e-08
CTX,lineage,LR,onehot,0,RBK-18-0038-1_S200,0,0.026572922244668007
CTX,lineage,LR,onehot,0,RBL-17-0076-1_S32,0,0.0008485855651088059
CTX,lineage,LR,onehot,0,RBL-17-0104-1_S149,0,0.0813257023692131
CTX,lineage,LR,onehot,0,RBL-17-0117-1_S155,0,0.04037066549062729
CTX,lineage,LR,onehot,0,RBL-17-0129-1_S158,0,0.057298172265291214
CTX,lineage,LR,onehot,0,RBL-17-0133-1_S159,0,0.2685154378414154
CTX,lineage,LR,onehot,0,RBL-17-0135-1_S160,0,0.32631877064704895
CTX,lineage,LR,onehot,0,RBL-17-0136-1_S161,0,0.18294845521450043
CTX,lineage,LR,onehot,0,RBL-17-0138-1_S162,0,0.0019779191352427006
CTX,lineage,LR,onehot,0,RBL-17-0155-1_S165,0,0.8552520275115967
CTX,lineage,LR,onehot,0,RBL-17-0197-1_S173,0,0.02948582172393799
CTX,lineage,LR,onehot,0,RBL-17-0235-1_S92,0,0.04544518142938614
CTX,lineage,LR,onehot,0,RBL-17-0261-1_S100,0,0.9879859089851379
CTX,lineage,LR,onehot,0,RBL-17-0300-1_S112,0,0.006986118387430906
CTX,lineage,LR,onehot,0,RBL-17-0375-1_S117,0,0.9999998807907104
CTX,lineage,LR,onehot,0,RBL-17-0391-1_S122,0,0.00039160516462288797
CTX,lineage,LR,onehot,0,RBL-17-0393-1_S123,0,0.029757879674434662
CTX,lineage,LR,onehot,0,RBL-17-0409-1_S127,0,0.05937277898192406
CTX,lineage,LR,onehot,0,RBL-17-0428-1_S70,1,0.597415566444397
CTX,lineage,LR,onehot,0,RBL-17-0429-1_S130,0,0.00017981903511099517
CTX,lineage,LR,onehot,0,RBL-18-0019-1_S41,0,0.009227038361132145
CTX,lineage,LR,onehot,0,RBL-18-0032-1_S167,0,0.9202702045440674
CTX,lineage,LR,onehot,0,RBL-18-0037-1_S168,0,0.05409615859389305
CTX,lineage,LR,onehot,0,RBL-18-0055-1_S170,0,0.3933628797531128
CTX,lineage,LR,onehot,0,RBL-18-0131-1_S188_2,1,0.06925220042467117
CTX,lineage,LR,onehot,0,RBT-17-0011-1_S19,0,0.08263547718524933
CTX,lineage,LR,onehot,0,RBT-17-0019-1_S62,1,0.9993901252746582
CTX,lineage,LR,onehot,0,RBT-17-0024-1_S23,0,0.2659069001674652
CTX,lineage,LR,onehot,0,RBT-17-0082-1_S30,0,0.014854783192276955
CTX,lineage,LR,onehot,0,RBT-17-0090-1_S32,0,0.000678457785397768
CTX,lineage,LR,onehot,0,RBT-17-0097-1_S34,1,0.9940891265869141
CTX,lineage,LR,onehot,0,RBT-17-0109-1_S40,0,0.08609040081501007
CTX,lineage,LR,onehot,0,RBT-17-0142-1_S53,0,0.07079876214265823
CTX,lineage,LR,onehot,0,RBT-17-0149-1_S13,1,0.0005607372149825096
CTX,lineage,LR,onehot,0,RBT-17-0150-1_S54,0,0.011379832401871681
CTX,lineage,LR,onehot,0,RBT-17-0156-1_S56,0,0.9503373503684998
CTX,lineage,LR,onehot,0,RBT-17-0183-1_S67,0,0.5654781460762024
CTX,lineage,LR,onehot,0,RBT-17-0219-1_S8,1,0.8307966589927673
CTX,lineage,LR,onehot,0,RBT-17-0243-1_S11,0,0.5218269228935242
CTX,lineage,LR,onehot,0,RBT-17-0337-1_S19,0,0.14304862916469574
CTX,lineage,LR,onehot,0,RBT-18-0030-1_S69,0,0.008958002552390099
CTX,lineage,LR,onehot,0,RBT-18-0066-1_S40,0,0.14656762778759003
CTX,lineage,LR,onehot,0,RBT-18-0080-1_S49,1,0.9999960660934448
CTX,lineage,LR,onehot,0,RBT-18-0113-1_S44,0,0.034728311002254486
CTX,lineage,LR,onehot,0,RBT-18-0125-1_S50,0,0.35976311564445496
CTX,lineage,LR,onehot,0,RBT-18-0134-1_S29,0,0.08041940629482269
CTX,lineage,LR,onehot,0,RBT-18-0230-1_S45,0,0.008269255049526691
CTX,lineage,LR,onehot,0,RBT-18-0303-1_S20,0,0.9930908679962158
CTX,lineage,LR,onehot,0,RBT-18-0317-1_S27,0,0.09057267010211945
CTX,lineage,LR,onehot,0,RBT-18-0325-1_S44,0,0.14999441802501678
CTX,lineage,LR,onehot,0,RBT-18-0360-1_S39,0,0.9864034652709961
CTX,lineage,LR,onehot,0,ResetH24a_S3_2_L001,1,0.9522891044616699
CTX,lineage,LR,onehot,0,ResetH68_S1_L001,1,0.130963996052742
CTX,lineage,LR,onehot,0,ResetH8_S2_L001,1,0.011092567816376686
CTX,lineage,LR,onehot,0,ResetV70_S6_L001,1,0.5457395315170288
CTX,lineage,LR,onehot,0,ResetV74_S7_L001,1,0.13028621673583984
CTX,lineage,LR,onehot,0,ResetV76_S7_L001,1,0.002139891730621457
CTX,lineage,LR,onehot,0,Survcare0111_S29,1,3.64918605555431e-06
CTX,lineage,LR,onehot,0,Survcare130_S2,1,0.3652777671813965
CTX,lineage,LR,onehot,0,Survcare234_S3_L001,1,5.2227405831217766e-05
CTX,lineage,LR,onehot,0,Survcare244_S9_L001,1,0.008169316686689854
CTX,lineage,LR,onehot,0,Survcare262_S23_L001,1,1.9103868908132426e-05
CTX,lineage,LR,onehot,0,Survcare310_S21_L001,1,8.142166916513816e-05
CTX,lineage,LR,onehot,0,Survcare318_S20_L001,1,0.9955541491508484
CTX,lineage,LR,onehot,0,Survcare319_S16,1,0.7241783142089844
CTX,lineage,LR,onehot,0,Survcare360_S84,1,0.999924898147583
CTX,lineage,LR,onehot,0,V1_S6_L001,1,0.9956839084625244
CTX,lineage,LR,onehot,0,V114_S5_L001,1,0.9745566248893738
CTX,lineage,LR,onehot,0,V131_S7_L001,1,0.0008846838609315455
CTX,lineage,LR,onehot,0,V163_S6_L001,1,0.9995654225349426
CTX,lineage,LR,onehot,0,V177_S6_L001,1,0.9706449508666992
CTX,lineage,LR,onehot,0,V183_S7_L001,1,0.0005518542020581663
CTX,lineage,LR,onehot,0,V201_S4_L001,1,0.9313336610794067
CTX,lineage,LR,onehot,0,V279_S8_L001,1,0.0012707156129181385
CTX,lineage,LR,onehot,0,V283_S5_L001,1,0.0009881184669211507
CTX,lineage,LR,onehot,0,V292_S6_L001,1,0.9999983310699463
CTX,lineage,LR,onehot,0,V41_S2_L001,1,0.9999107122421265
CTX,lineage,LR,onehot,0,V98_S3_L001,1,0.8152695298194885
CTX,lineage,LR,onehot,0,W2RBF-17-133-1_S28,1,0.9990782737731934
CTX,lineage,LR,onehot,0,wdh-RBB-16-025-1_S20,1,0.0015657746698707342
CTX,lineage,LR,onehot,0,wdhRBF-18-0057_S14_L001,0,0.8828855156898499
CTX,lineage,LR,onehot,0,wdhRBF-18-0081-1_S18_L001,0,0.7148741483688354
CTX,lineage,LR,onehot,0,WDHRBG-16-049-1_S87,0,0.8714158535003662
CTX,lineage,LR,onehot,0,wNRZ-32446_S79,1,0.0003841915458906442
CTX,lineage,LR,onehot,0,wRBG-16-026-1_S163,0,0.007079591508954763
CTX,lineage,LR,onehot,0,wRBG-16-032-1_S142,0,0.023435218259692192
CTX,lineage,LR,onehot,0,wRBG-17-021-1_S166,0,0.004354376345872879
CTX,lineage,LR,onehot,0,wRBG-17-025-1_S133,0,6.24164313194342e-05
CTX,lineage,LR,onehot,0,wRBG-17-058-1_S130,0,0.0005776326870545745
CTX,lineage,LR,onehot,0,wRBG-17-072-1_S129,0,0.0009544542990624905
CTX,lineage,LR,onehot,0,wRBG-17-081-1_S117,0,0.003825439140200615
CTX,lineage,LR,onehot,0,wRBG-17-100-1_S104,0,0.9621310234069824
CTX,lineage,LR,onehot,0,wwRBL-16-111-1_S16,1,0.998221218585968
CTX,lineage,LR,onehot,0,WWSurvcare043_S43,1,0.720723032951355
CTX,lineage,LR,onehot,1,H100_S2_L001,1,0.00011156804976053536
CTX,lineage,LR,onehot,1,H136_S7_L001,1,0.0006488848011940718
CTX,lineage,LR,onehot,1,H50_S7_L001,1,0.0035598694812506437
CTX,lineage,LR,onehot,1,H69_S6_L001,1,0.9506872892379761
CTX,lineage,LR,onehot,1,NNRBG-17-0201-1_S6,0,0.005639456212520599
CTX,lineage,LR,onehot,1,NNRBG-17-0308-1_S20,0,0.003469056449830532
CTX,lineage,LR,onehot,1,NNRBG-17-0316-1_S23,0,0.7721781134605408
CTX,lineage,LR,onehot,1,RBB-18-0490-1_S20_L001,1,0.6747927665710449
CTX,lineage,LR,onehot,1,RBB-18-0765-1_S191,1,0.343688428401947
CTX,lineage,LR,onehot,1,RBF-17-0178-1_S139,0,0.6792739033699036
CTX,lineage,LR,onehot,1,RBF-17-0195-1_S141,0,0.3649631142616272
CTX,lineage,LR,onehot,1,RBF-17-0508-1_S73,0,0.7018272280693054
CTX,lineage,LR,onehot,1,RBF-17-0509-1_S74,0,0.0002700990589801222
CTX,lineage,LR,onehot,1,RBF-17-0532-1_S80,0,0.005268898792564869
CTX,lineage,LR,onehot,1,RBF-17-0532-2_S31,0,0.0010910211130976677
CTX,lineage,LR,onehot,1,RBF-17-0540-1_S83,0,0.11919110268354416
CTX,lineage,LR,onehot,1,RBF-17-0664-1_S63,1,0.47635966539382935
CTX,lineage,LR,onehot,1,RBF-18-0055-1_S11,0,0.12610875070095062
CTX,lineage,LR,onehot,1,RBF-18-0069-1_S78,1,0.9905134439468384
CTX,lineage,LR,onehot,1,RBF-18-0087-1_S23,0,0.004222718067467213
CTX,lineage,LR,onehot,1,RBF-18-0088-1_S24,0,0.0006076686549931765
CTX,lineage,LR,onehot,1,RBF-18-0121-1_S28,0,0.00010896608728216961
CTX,lineage,LR,onehot,1,RBF-18-0126-1_S31,0,0.12845832109451294
CTX,lineage,LR,onehot,1,RBF-18-0135-1_S34,0,0.0012883794261142612
CTX,lineage,LR,onehot,1,RBF-18-0147-1_S36,0,0.051144082099199295
CTX,lineage,LR,onehot,1,RBF-18-0151-1_S83,1,2.3104636056814343e-05
CTX,lineage,LR,onehot,1,RBF-18-0172-1_S40,0,0.00034288392635062337
CTX,lineage,LR,onehot,1,RBF-18-0201-1_S49,0,0.014178410172462463
CTX,lineage,LR,onehot,1,RBF-18-0333-1_S70,0,0.07460374385118484
CTX,lineage,LR,onehot,1,RBG-18-0023-1_S2,0,0.003709909738972783
CTX,lineage,LR,onehot,1,RBG-18-0054-1_S42,0,0.007364134769886732
CTX,lineage,LR,onehot,1,RBG-18-0055-1_S43,0,0.006596586667001247
CTX,lineage,LR,onehot,1,RBG-18-0077-1_S9,1,0.20907869935035706
CTX,lineage,LR,onehot,1,RBG-18-0113-1_S13_L001,0,6.806156306993216e-05
CTX,lineage,LR,onehot,1,RBG-18-0193-1_S8,0,0.0020665840711444616
CTX,lineage,LR,onehot,1,RBG-18-0194-1_S45,0,5.1144175813533366e-05
CTX,lineage,LR,onehot,1,RBG-18-0206-2_S46,0,0.002538661239668727
CTX,lineage,LR,onehot,1,RBG-18-0308-1_S54,1,0.9880373477935791
CTX,lineage,LR,onehot,1,RBG-18-0347-1_S22_L001,0,0.2928852438926697
CTX,lineage,LR,onehot,1,RBK-16-079-1_S15,1,0.06577321887016296
CTX,lineage,LR,onehot,1,RBK-16-124-1_S16,1,0.0007233787328004837
CTX,lineage,LR,onehot,1,RBK-18-0020-1_S19,0,0.0005618398427031934
CTX,lineage,LR,onehot,1,RBk-18-0216-1_S231_2,0,0.9983762502670288
CTX,lineage,LR,onehot,1,RBK-18-0250-1_S235_2,0,0.10425283759832382
CTX,lineage,LR,onehot,1,RBL-17-0095-1_S147,0,0.0010889361146837473
CTX,lineage,LR,onehot,1,RBL-17-0159-1_S166,0,0.7004820108413696
CTX,lineage,LR,onehot,1,RBL-17-0232-1_S91,0,0.024743035435676575
CTX,lineage,LR,onehot,1,RBL-17-0246-1_S94,0,0.48785942792892456
CTX,lineage,LR,onehot,1,RBL-17-0263-1_S102,0,0.0011986854951828718
CTX,lineage,LR,onehot,1,RBL-17-0283-1_S27,0,0.3669966161251068
CTX,lineage,LR,onehot,1,RBL-17-0306-1_S50,1,0.007439307402819395
CTX,lineage,LR,onehot,1,RBL-17-0324-1_S54,1,0.5370559096336365
CTX,lineage,LR,onehot,1,RBL-17-0349-1_S105,0,0.0063607702031731606
CTX,lineage,LR,onehot,1,RBL-17-0365-1_S112,0,1.8738572180154733e-05
CTX,lineage,LR,onehot,1,RBL-17-0374-1_S116,0,0.08608774840831757
CTX,lineage,LR,onehot,1,RBL-17-0383-1_S119,0,0.12767080962657928
CTX,lineage,LR,onehot,1,RBL-17-0397-1_S125,0,0.0452922023832798
CTX,lineage,LR,onehot,1,RBL-18-0021-1_S42,0,0.9889422655105591
CTX,lineage,LR,onehot,1,RBL-18-0022-1_S43,0,0.040396176278591156
CTX,lineage,LR,onehot,1,RBT-17-0008-1_S18,0,0.0013814021367579699
CTX,lineage,LR,onehot,1,RBT-17-0033-1_S12,1,0.08163230866193771
CTX,lineage,LR,onehot,1,RBT-17-0079-1_S29,0,0.006930986884981394
CTX,lineage,LR,onehot,1,RBT-17-0084-1_S31,0,0.0009849697817116976
CTX,lineage,LR,onehot,1,RBT-17-0113-1_S42,0,0.00010791343811433762
CTX,lineage,LR,onehot,1,RBT-17-0118-1_S45,0,0.987809419631958
CTX,lineage,LR,onehot,1,RBT-17-0124-1_S46,0,0.0006543610361404717
CTX,lineage,LR,onehot,1,RBT-17-0133-1_S6,0,0.2232181578874588
CTX,lineage,LR,onehot,1,RBT-17-0163-1_S59,0,0.02306418865919113
CTX,lineage,LR,onehot,1,RBT-17-0167-1_S27,0,0.09448979794979095
CTX,lineage,LR,onehot,1,RBT-17-0173-1_S63,0,0.006882000714540482
CTX,lineage,LR,onehot,1,RBT-17-0188-1_S68,1,0.00013963380479253829
CTX,lineage,LR,onehot,1,RBT-17-0194-1_S30,0,0.0035049684811383486
CTX,lineage,LR,onehot,1,RBT-17-0217-1_S7,0,0.998891294002533
CTX,lineage,LR,onehot,1,RBT-17-0225-1_S9,0,0.0007027284009382129
CTX,lineage,LR,onehot,1,RBT-17-0232-1_S58,0,0.9999997615814209
CTX,lineage,LR,onehot,1,RBT-17-0256-1_S25,0,0.9997937083244324
CTX,lineage,LR,onehot,1,RBT-17-0279-1_S12,0,0.00035423823283053935
CTX,lineage,LR,onehot,1,RBT-17-0291-1_S14,0,0.0035204109735786915
CTX,lineage,LR,onehot,1,RBT-18-0004-1_S51,1,0.16171003878116608
CTX,lineage,LR,onehot,1,RBT-18-0046-1_S2,0,0.7801868319511414
CTX,lineage,LR,onehot,1,RBT-18-0050-1_S34,0,0.003316615941002965
CTX,lineage,LR,onehot,1,RBT-18-0052-1_S35,1,0.002583554480224848
CTX,lineage,LR,onehot,1,RBT-18-0101-1_S22,0,0.0008734792354516685
CTX,lineage,LR,onehot,1,RBT-18-0103-1_S24,0,0.6317914128303528
CTX,lineage,LR,onehot,1,RBT-18-0122-1_S63,0,0.7535333633422852
CTX,lineage,LR,onehot,1,RBT-18-0127-1_S51,0,0.0037902977783232927
CTX,lineage,LR,onehot,1,RBT-18-0133-1_S30,0,0.17589831352233887
CTX,lineage,LR,onehot,1,RBT-18-0197-1_S40,0,0.0007208215538412333
CTX,lineage,LR,onehot,1,RBT-18-0224-1_S43,0,0.01513651292771101
CTX,lineage,LR,onehot,1,RBT-18-0231-1_S14,1,0.0023984017316251993
CTX,lineage,LR,onehot,1,RBT-18-0241-1_S50,0,5.0215934606967494e-05
CTX,lineage,LR,onehot,1,RBT-18-0246-1_S52,0,0.0008725625229999423
CTX,lineage,LR,onehot,1,RBT-18-0247-1_S16,1,0.27439919114112854
CTX,lineage,LR,onehot,1,RBT-18-0253-1_S54,0,0.999969482421875
CTX,lineage,LR,onehot,1,RBT-18-0269-1_S61,0,0.032582055777311325
CTX,lineage,LR,onehot,1,RBT-18-0271-1_S62,0,0.0014748458052054048
CTX,lineage,LR,onehot,1,RBT-18-0292-1_S70,0,0.04570406302809715
CTX,lineage,LR,onehot,1,RBT-18-0293-1_S71,0,0.0013284632004797459
CTX,lineage,LR,onehot,1,RBT-18-0339-1_S47,0,0.002975983079522848
CTX,lineage,LR,onehot,1,RBT-18-0361-1_S38,0,0.0002528382174205035
CTX,lineage,LR,onehot,1,RBT-18-0377-1_S1,0,0.0052713085897266865
CTX,lineage,LR,onehot,1,ResetH16_S2_L001,1,0.3140535056591034
CTX,lineage,LR,onehot,1,ResetH45_S5_L001,1,0.0001351590472040698
CTX,lineage,LR,onehot,1,ResetH92_S4_L001,1,0.9691554307937622
CTX,lineage,LR,onehot,1,ResetH98_S4_L001,1,0.003686321899294853
CTX,lineage,LR,onehot,1,ResetV143_S2_L001,1,0.00018688909767661244
CTX,lineage,LR,onehot,1,ResetV210_S4_L001,1,0.9991165995597839
CTX,lineage,LR,onehot,1,ResetV63_S5_L001,1,0.0014813400339335203
CTX,lineage,LR,onehot,1,Survcare052_S22,1,0.9982367753982544
CTX,lineage,LR,onehot,1,Survcare125_S25,1,0.9994163513183594
CTX,lineage,LR,onehot,1,Survcare190_S35,1,0.02210783027112484
CTX,lineage,LR,onehot,1,Survcare221_S7_L001,1,0.005192106124013662
CTX,lineage,LR,onehot,1,Survcare230_S17_L001,1,0.998963475227356
CTX,lineage,LR,onehot,1,Survcare289_S36,1,0.9797287583351135
CTX,lineage,LR,onehot,1,Survcare292_S39,1,0.9999945163726807
CTX,lineage,LR,onehot,1,Survcare293_S40,1,0.9573884606361389
CTX,lineage,LR,onehot,1,Survcare309_S20_L001,1,0.9433592557907104
CTX,lineage,LR,onehot,1,Survcare334_S10,1,0.9991980195045471
CTX,lineage,LR,onehot,1,Survcare335_S11,1,0.9967588782310486
CTX,lineage,LR,onehot,1,Survcare350_S44,1,0.0662623941898346
CTX,lineage,LR,onehot,1,V123_S1_L001,1,0.7108256220817566
CTX,lineage,LR,onehot,1,V130_S5_L001,1,0.9989627599716187
CTX,lineage,LR,onehot,1,V139_S7_L001,1,0.9979571104049683
CTX,lineage,LR,onehot,1,V152_S3_L001,1,0.3018973767757416
CTX,lineage,LR,onehot,1,V153_S4_L001,1,0.8009539842605591
CTX,lineage,LR,onehot,1,V155_S5_L001,1,0.7481696009635925
CTX,lineage,LR,onehot,1,V158_S4_L001,1,0.9984719157218933
CTX,lineage,LR,onehot,1,V182_S6_L001,1,0.889056384563446
CTX,lineage,LR,onehot,1,V268_S12_L001,1,0.9995809197425842
CTX,lineage,LR,onehot,1,V271_S13_L001,1,0.9983276724815369
CTX,lineage,LR,onehot,1,V64_S3_L001,1,0.0009970103856176138
CTX,lineage,LR,onehot,1,V79_S6_L001,1,0.9168750643730164
CTX,lineage,LR,onehot,1,V8_S7_L001,1,0.9241931438446045
CTX,lineage,LR,onehot,1,W2RBF-17-090-1_S26,1,0.00015120967873372138
CTX,lineage,LR,onehot,1,wdh2NRZ-29911a_S31,1,0.03518769517540932
CTX,lineage,LR,onehot,1,wdhRBF-18-0025-1_S11_L001,0,0.9491878747940063
CTX,lineage,LR,onehot,1,wdhRBF-18-0049-1_S13_L001,0,8.579061766544882e-11
CTX,lineage,LR,onehot,1,wdhRBF-18-0080-1_S17_L001,0,0.6088285446166992
CTX,lineage,LR,onehot,1,wdhRBF-18-0098-1_S19_L001,0,0.022028807550668716
CTX,lineage,LR,onehot,1,WDHRBG-16-050-1_S40,1,0.9711323380470276
CTX,lineage,LR,onehot,1,WDHRBG-16-060-1_S27,0,0.00997382402420044
CTX,lineage,LR,onehot,1,WDHRBG-17-0093-1_S1,1,0.9999191761016846
CTX,lineage,LR,onehot,1,WDHRBG-17-121-1_S46,0,0.00031876203138381243
CTX,lineage,LR,onehot,1,wNRZ-33910_S81,1,1.0
CTX,lineage,LR,onehot,1,wRBG-16-034-1_S164,0,0.9999923706054688
CTX,lineage,LR,onehot,1,wRBG-17-014-1_S167,0,0.002710753818973899
CTX,lineage,LR,onehot,1,wRBG-17-034-1_S121,0,0.006972912698984146
CTX,lineage,LR,onehot,1,wRBG-17-052-1_S120,0,0.0012538825394585729
CTX,lineage,LR,onehot,1,wRBG-17-082-1_S106,0,1.410201184626203e-05
CTX,lineage,LR,onehot,1,wRBG-17-112-1_S146,0,0.0002063758292933926
CTX,lineage,LR,onehot,1,wwRBF-16-094-1_S13,1,0.15456761419773102
CTX,lineage,LR,onehot,1,wwRBK-17-0278-1_S41,1,0.9908344745635986
CTX,lineage,LR,onehot,2,H109_S2_L001,1,0.06337942183017731
CTX,lineage,LR,onehot,2,H17_S2_L001,1,0.9996229410171509
CTX,lineage,LR,onehot,2,H37_S3_L001,1,0.9999357461929321
CTX,lineage,LR,onehot,2,H66_S1_L001,1,0.9999656677246094
CTX,lineage,LR,onehot,2,NNRBG-17-0193-1_S2,0,5.067679740022868e-05
CTX,lineage,LR,onehot,2,NNRBG-17-0198-1_S4,0,0.3017379641532898
CTX,lineage,LR,onehot,2,NNRBG-17-0205-1_S7,0,0.8143758773803711
CTX,lineage,LR,onehot,2,NNRBG-17-0234-1_S9,0,0.018804743885993958
CTX,lineage,LR,onehot,2,NNRBG-17-0255-1_S14,0,1.0
CTX,lineage,LR,onehot,2,NNRBG-17-0294-1_S18,0,0.7007139921188354
CTX,lineage,LR,onehot,2,NNRBG-17-0298-1_S19,0,0.01676999405026436
CTX,lineage,LR,onehot,2,NNRBG-17-0346-1_S30,0,0.6405391097068787
CTX,lineage,LR,onehot,2,RBB-18-0519-1_S184,1,2.4281940568471327e-05
CTX,lineage,LR,onehot,2,RBB-18-0546-1_S22_L001,1,0.9999843835830688
CTX,lineage,LR,onehot,2,RBB-18-0665-1_S23_L001,1,0.9830024838447571
CTX,lineage,LR,onehot,2,RBB-18-0826-1_S193,1,0.5147414207458496
CTX,lineage,LR,onehot,2,RBB-18-1312-1_S43,1,0.9985191226005554
CTX,lineage,LR,onehot,2,RBB-18-1393-1_S48,1,0.9999970197677612
CTX,lineage,LR,onehot,2,RBB-18-1406-1_S49,1,0.9991455078125
CTX,lineage,LR,onehot,2,RBB-18-1502-1_S47,1,0.1999048888683319
CTX,lineage,LR,onehot,2,RBB-19-0014-1_S44,1,0.013388760387897491
CTX,lineage,LR,onehot,2,RBBK18-0189-1_S24_L001,0,0.03624380752444267
CTX,lineage,LR,onehot,2,RBF-16-073-1_S23,1,0.984230101108551
CTX,lineage,LR,onehot,2,RBF-17-0424-1_S15,1,0.9999427795410156
CTX,lineage,LR,onehot,2,RBF-17-0450-1_S10,1,0.9999790191650391
CTX,lineage,LR,onehot,2,RBF-17-0513-1_S76,0,0.9898287653923035
CTX,lineage,LR,onehot,2,RBF-17-0523-1_S30,0,0.14953956007957458
CTX,lineage,LR,onehot,2,RBF-17-0614-3_S95,0,0.00010498354095034301
CTX,lineage,LR,onehot,2,RBF-17-0630-1_S59,1,5.403411478255293e-07
CTX,lineage,LR,onehot,2,RBF-17-0635-1_S98,0,0.00871873740106821
CTX,lineage,LR,onehot,2,RBF-18-0027-1_S5,0,0.9999752044677734
CTX,lineage,LR,onehot,2,RBF-18-0093-1_S80,1,0.995305597782135
CTX,lineage,LR,onehot,2,RBF-18-0125-1_S30,0,0.05062473565340042
CTX,lineage,LR,onehot,2,RBF-18-0179-1_S29,0,0.029615791514515877
CTX,lineage,LR,onehot,2,RBF-18-0200-1_S48,0,0.003672088496387005
CTX,lineage,LR,onehot,2,RBF-18-0208-2_S11_L001,0,0.012217112816870213
CTX,lineage,LR,onehot,2,RBF-18-0259-1_S33,0,0.008888783864676952
CTX,lineage,LR,onehot,2,RBF-18-0339-1_S37,0,0.18585816025733948
CTX,lineage,LR,onehot,2,RBG-17-0284-1_S59,0,4.700326826423407e-06
CTX,lineage,LR,onehot,2,RBG-18-0170-1_S41,0,3.720791937666945e-05
CTX,lineage,LR,onehot,2,RBG-18-0209-2_S46,0,0.13594208657741547
CTX,lineage,LR,onehot,2,RBG-18-0223-1_S2,0,0.00011833992903120816
CTX,lineage,LR,onehot,2,RBG-18-0239-1_S4,0,0.22904451191425323
CTX,lineage,LR,onehot,2,RBG-18-0280-1_S51,0,0.9787953495979309
CTX,lineage,LR,onehot,2,RBG-18-0312-1_S55,0,0.9553897976875305
CTX,lineage,LR,onehot,2,RBG-18-0355-1_S19_L001,0,0.17775686085224152
CTX,lineage,LR,onehot,2,RBG-18-0358-1_S39,1,2.6154478405260306e-07
CTX,lineage,LR,onehot,2,RBG-18-0417-1_S52,0,0.08452235907316208
CTX,lineage,LR,onehot,2,RBK-17-049-1_S62,1,0.9997127652168274
CTX,lineage,LR,onehot,2,RBK-18-0037-1_S199,0,0.999886155128479
CTX,lineage,LR,onehot,2,RBK-18-0080-1_S205,0,0.9960150122642517
CTX,lineage,LR,onehot,2,RBK-18-0104-1_S206,0,0.0013221469707787037
CTX,lineage,LR,onehot,2,RBK-18-0644-1_S180,1,8.954032892916075e-08
CTX,lineage,LR,onehot,2,RBL-17-0090-1_S145,0,0.0006949945818632841
CTX,lineage,LR,onehot,2,RBL-17-0101-1_S148,0,0.0010096888290718198
CTX,lineage,LR,onehot,2,RBL-17-0123-1_S157,0,0.04223804175853729
CTX,lineage,LR,onehot,2,RBL-17-0144-1_S163,0,0.9999951124191284
CTX,lineage,LR,onehot,2,RBL-17-0172-1_S170,0,0.6626685857772827
CTX,lineage,LR,onehot,2,RBL-17-0256-1_S98,0,0.1701229065656662
CTX,lineage,LR,onehot,2,RBL-17-0320-1_S114,0,0.939900279045105
CTX,lineage,LR,onehot,2,RBL-17-075-1_S18,1,0.9998774528503418
CTX,lineage,LR,onehot,2,RBL-18-0002-1_S158,0,0.1482328176498413
CTX,lineage,LR,onehot,2,RBT-17-0003-1_S16,0,0.06142397224903107
CTX,lineage,LR,onehot,2,RBT-17-0022-1_S24,0,0.03640922158956528
CTX,lineage,LR,onehot,2,RBT-17-0023-1_S25,0,0.11631561815738678
CTX,lineage,LR,onehot,2,RBT-17-0099-1_S35,0,0.746472954750061
CTX,lineage,LR,onehot,2,RBT-17-0107-1_S39,0,0.008510949090123177
CTX,lineage,LR,onehot,2,RBT-17-0130-1_S27,0,0.3508380651473999
CTX,lineage,LR,onehot,2,RBT-17-0138-1_S52,0,0.9999040365219116
CTX,lineage,LR,onehot,2,RBT-17-0161-1_S57,0,3.5716828278964385e-05
CTX,lineage,LR,onehot,2,RBT-17-0174-1_S64,0,0.0003265789709985256
CTX,lineage,LR,onehot,2,RBT-17-0239-1_S60,0,6.394031061063288e-06
CTX,lineage,LR,onehot,2,RBT-17-0270-1_S65,0,0.981387734413147
CTX,lineage,LR,onehot,2,RBT-17-0285-1_S66,0,0.9985199570655823
CTX,lineage,LR,onehot,2,RBT-17-0295-1_S15,0,9.448505443288013e-05
CTX,lineage,LR,onehot,2,RBT-18-0017-1_S67,0,9.264455002266914e-05
CTX,lineage,LR,onehot,2,RBT-18-0027-1_S68,0,0.0013036900199949741
CTX,lineage,LR,onehot,2,RBT-18-0042-1_S60,0,0.008931870572268963
CTX,lineage,LR,onehot,2,RBT-18-0045-1_S70,0,1.9633997205836806e-10
CTX,lineage,LR,onehot,2,RBT-18-0056-1_S37,0,0.0005564502207562327
CTX,lineage,LR,onehot,2,RBT-18-0064-1_S15,0,0.9908460974693298
CTX,lineage,LR,onehot,2,RBT-18-0071-1_S41,0,0.9999997615814209
CTX,lineage,LR,onehot,2,RBT-18-0079-1_S16,0,0.13979962468147278
CTX,lineage,LR,onehot,2,RBT-18-0102-1_S23,0,0.0014900813112035394
CTX,lineage,LR,onehot,2,RBT-18-0110-1_S27,0,0.705653965473175
CTX,lineage,LR,onehot,2,RBT-18-0116-1_S46,0,0.9999465942382812
CTX,lineage,LR,onehot,2,RBT-18-0121-1_S28,0,0.641668975353241
CTX,lineage,LR,onehot,2,RBT-18-0141-1_S32,0,0.0005821230006404221
CTX,lineage,LR,onehot,2,RBT-18-0146-1_S55,0,0.48759692907333374
CTX,lineage,LR,onehot,2,RBT-18-0181-1_S61,1,0.00016587911522947252
CTX,lineage,LR,onehot,2,RBT-18-0259-1_S55,0,0.0017339992336928844
CTX,lineage,LR,onehot,2,RBT-18-0275-1_S63,0,0.31915411353111267
CTX,lineage,LR,onehot,2,RBT-18-0283-1_S65,0,0.01144016906619072
CTX,lineage,LR,onehot,2,RBT-18-0288-1_S68,0,0.9999557733535767
CTX,lineage,LR,onehot,2,RBT-18-0331-1_S22,0,0.009978165850043297
CTX,lineage,LR,onehot,2,RBT-18-0334-1_S23,0,0.0033603243064135313
CTX,lineage,LR,onehot,2,RBT-18-0338-1_S35,0,0.00015633048315066844
CTX,lineage,LR,onehot,2,RBT-18-0340-1_S36,0,0.022910799831151962
CTX,lineage,LR,onehot,2,RBT-18-0357-1_S27,0,0.00045095584937371314
CTX,lineage,LR,onehot,2,RBT-18-0358-1_S28,0,0.0008119035046547651
CTX,lineage,LR,onehot,2,RBT-18-0368-1_S32,1,0.0001278107229154557
CTX,lineage,LR,onehot,2,RBT-18-0384-1_S40,0,0.12832094728946686
CTX,lineage,LR,onehot,2,RBT-18-0385-1_S34,0,5.0135739002143964e-05
CTX,lineage,LR,onehot,2,ResetH1_S1_L001,1,0.9996763467788696
CTX,lineage,LR,onehot,2,ResetH10_S1_L001,1,0.3076455593109131
CTX,lineage,LR,onehot,2,ResetH115_S6_L001,1,0.9999927282333374
CTX,lineage,LR,onehot,2,ResetH30_S4_L001,1,0.9998860359191895
CTX,lineage,LR,onehot,2,ResetH93_S5_L001,1,0.9795785546302795
CTX,lineage,LR,onehot,2,ResetH99_S5_L001,1,0.015191160142421722
CTX,lineage,LR,onehot,2,ResetV161_S3_L001,1,0.9988310933113098
CTX,lineage,LR,onehot,2,ResetV288_S6_L001,1,0.9999572038650513
CTX,lineage,LR,onehot,2,RPG-18-0435-1_S32,0,0.0001683455629972741
CTX,lineage,LR,onehot,2,Survcare0114_S37,1,0.9999901056289673
CTX,lineage,LR,onehot,2,Survcare058_S26,1,0.9998651742935181
CTX,lineage,LR,onehot,2,Survcare104_S16_L001,1,0.008865738287568092
CTX,lineage,LR,onehot,2,Survcare176_S17_L001,1,0.9999412298202515
CTX,lineage,LR,onehot,2,Survcare253_S35,1,0.7009957432746887
CTX,lineage,LR,onehot,2,Survcare321_S18,1,0.9999382495880127
CTX,lineage,LR,onehot,2,V111_S3_L001,1,0.3338243365287781
CTX,lineage,LR,onehot,2,V113_S3_L001,1,0.1547272503376007
CTX,lineage,LR,onehot,2,V116_S6_L001,1,0.8742515444755554
CTX,lineage,LR,onehot,2,V168_S9_L001,1,0.9993417859077454
CTX,lineage,LR,onehot,2,V172_S5_L001,1,0.006002139300107956
CTX,lineage,LR,onehot,2,V195_S1_L001,1,1.888961209672857e-10
CTX,lineage,LR,onehot,2,V215_S2_L001,1,0.00416896166279912
CTX,lineage,LR,onehot,2,V238_S11_L001,1,0.11827093362808228
CTX,lineage,LR,onehot,2,V289_S5_L001,1,0.9999903440475464
CTX,lineage,LR,onehot,2,V40_S2_L001,1,0.5675531029701233
CTX,lineage,LR,onehot,2,V73_S5_L001,1,0.9579018354415894
CTX,lineage,LR,onehot,2,V80_S7_L001,1,7.493258181057172e-06
CTX,lineage,LR,onehot,2,V86_S1_L001,1,0.932312548160553
CTX,lineage,LR,onehot,2,V9_S1_L001,1,0.48236948251724243
CTX,lineage,LR,onehot,2,V96_S2_L001,1,0.9695690870285034
CTX,lineage,LR,onehot,2,w2RBG-16-037-1_S34,0,0.9993044137954712
CTX,lineage,LR,onehot,2,wdh-RBL-17-0431-1_S46,0,0.9821460843086243
CTX,lineage,LR,onehot,2,wdhRBF-17-0558-1_S121,0,0.48009243607521057
CTX,lineage,LR,onehot,2,wdhRBF-17-0564-1_S230,1,0.9996587038040161
CTX,lineage,LR,onehot,2,wdhRBF-18-0059-1_S15_L001,0,0.00043101515620946884
CTX,lineage,LR,onehot,2,WDHRBG-17-005-2_S61,0,0.0356689877808094
CTX,lineage,LR,onehot,2,WDHRBG-17-0256-1_S17,0,0.0003773393982555717
CTX,lineage,LR,onehot,2,wdhRBL-17-0370-1_S232,0,0.9875558018684387
CTX,lineage,LR,onehot,2,wRBG-16-027-1_S174,0,0.021586168557405472
CTX,lineage,LR,onehot,2,wRBG-17-022-1_S43,1,0.9999717473983765
CTX,lineage,LR,onehot,2,wRBG-17-047-1_S153,0,0.002189153339713812
CTX,lineage,LR,onehot,2,wRBG-17-073-1_S118,0,0.016605889424681664
CTX,lineage,LR,onehot,2,wRBG-17-102-1_S169,0,1.158010377366736e-06
CTX,lineage,LR,onehot,2,wwRBB-17-031-1_S25,1,0.9993756413459778
CTX,lineage,LR,onehot,2,wwRBF-17-148-1_S27,1,0.0005149173084646463
CTX,lineage,LR,onehot,2,wwRBF-17-251-1_S33,1,0.9992316961288452
CTX,lineage,LR,onehot,2,wwRBK-17-0298-1_S42,1,0.9998205304145813
CTX,lineage,LR,onehot,3,H105_S3_L001,1,0.9901129007339478
CTX,lineage,LR,onehot,3,H148_S4_L001,1,0.9689317345619202
CTX,lineage,LR,onehot,3,H3_S1_L001,1,0.9667744636535645
CTX,lineage,LR,onehot,3,H51_S5_L001,1,0.9921879768371582
CTX,lineage,LR,onehot,3,H53_S4_L001,1,0.9927549958229065
CTX,lineage,LR,onehot,3,H71_S1_L001,1,0.8153501749038696
CTX,lineage,LR,onehot,3,H86_S1_L001,1,0.43725958466529846
CTX,lineage,LR,onehot,3,NNRBG-17-0191-1_S1,0,0.8696399927139282
CTX,lineage,LR,onehot,3,NNRBG-17-0242-1_S11,0,0.8705936670303345
CTX,lineage,LR,onehot,3,NNRBG-17-0243-1_S12,0,0.3467647433280945
CTX,lineage,LR,onehot,3,NNRBG-17-0249-1_S13,0,0.5997987389564514
CTX,lineage,LR,onehot,3,NNRBG-17-0378-1_S37,0,0.9751920700073242
CTX,lineage,LR,onehot,3,NNRBG-17-0382-1_S38,0,5.289741125125147e-07
CTX,lineage,LR,onehot,3,RBB-17-011-1_S40,1,0.9917148947715759
CTX,lineage,LR,onehot,3,RBB-17-171-1_S52,1,0.8044865131378174
CTX,lineage,LR,onehot,3,RBB-18-0537-1_S21_L001,1,0.9879279732704163
CTX,lineage,LR,onehot,3,RBB-18-0668-1_S188,1,0.9538606405258179
CTX,lineage,LR,onehot,3,RBB-18-1309-1_S42,1,0.9080668687820435
CTX,lineage,LR,onehot,3,RBB-18-1460-1_S45,1,0.5581796169281006
CTX,lineage,LR,onehot,3,RBF-16-004-1_S18,1,0.6034131050109863
CTX,lineage,LR,onehot,3,RBF-16-060-1_S22,1,0.9909231066703796
CTX,lineage,LR,onehot,3,RBF-17-0340-1_S81,1,0.9991610050201416
CTX,lineage,LR,onehot,3,RBF-17-0438-1_S9,1,0.9917148947715759
CTX,lineage,LR,onehot,3,RBF-17-0467-1_S12,1,0.9876493811607361
CTX,lineage,LR,onehot,3,RBF-17-0489-1_S13,1,0.9459150433540344
CTX,lineage,LR,onehot,3,RBF-17-0521-1_S78,0,0.9884689450263977
CTX,lineage,LR,onehot,3,RBF-17-0537-1_S56,1,0.9814004898071289
CTX,lineage,LR,onehot,3,RBF-17-0553-1_S85,0,0.9753510355949402
CTX,lineage,LR,onehot,3,RBF-17-0572-2_S89,0,0.9915739893913269
CTX,lineage,LR,onehot,3,RBF-17-067-1_S54,1,0.972083568572998
CTX,lineage,LR,onehot,3,RBF-17-094-1_S56,1,0.9802640676498413
CTX,lineage,LR,onehot,3,RBF-17-170-1_S66,1,0.3915070593357086
CTX,lineage,LR,onehot,3,RBF-17-186-1_S69,1,0.9917148947715759
CTX,lineage,LR,onehot,3,RBF-17-318-1_S77,1,0.9946910738945007
CTX,lineage,LR,onehot,3,RBF-18-0019-1_S2,0,0.9836312532424927
CTX,lineage,LR,onehot,3,RBF-18-0035-1_S6,0,0.00589818274602294
CTX,lineage,LR,onehot,3,RBF-18-0068-1_S77,1,0.9233540892601013
CTX,lineage,LR,onehot,3,RBF-18-0075-1_S79,1,0.7208292484283447
CTX,lineage,LR,onehot,3,RBF-18-0132-1_S26,0,0.7879724502563477
CTX,lineage,LR,onehot,3,RBF-18-0163-2_S39,0,0.6818909645080566
CTX,lineage,LR,onehot,3,RBF-18-0173-1_S27,0,0.995751142501831
CTX,lineage,LR,onehot,3,RBF-18-0174-1_S28,1,0.9891816973686218
CTX,lineage,LR,onehot,3,RBF-18-0187-1_S31,1,0.9991559982299805
CTX,lineage,LR,onehot,3,RBF-18-0194-1_S86,1,0.2402869313955307
CTX,lineage,LR,onehot,3,RBF-18-0196-1_S46,0,0.9638188481330872
CTX,lineage,LR,onehot,3,RBF-18-0199-1_S47,0,0.9949076771736145
CTX,lineage,LR,onehot,3,RBF-18-0227-1_S53,0,0.03133238106966019
CTX,lineage,LR,onehot,3,RBF-18-0253-1_S13_L001,0,0.9998904466629028
CTX,lineage,LR,onehot,3,RBF-18-0277-1_S61,0,0.9934989213943481
CTX,lineage,LR,onehot,3,RBF-18-0282-1_S63,0,0.9999552965164185
CTX,lineage,LR,onehot,3,RBF-18-0321-1_S69,0,0.10155702382326126
CTX,lineage,LR,onehot,3,RBF-18-0585-1_S48,1,0.960403323173523
CTX,lineage,LR,onehot,3,RBF-18-0714-2_S204_2,1,0.8413876295089722
CTX,lineage,LR,onehot,3,RBG-17-0269-1_S41,0,0.9568442702293396
CTX,lineage,LR,onehot,3,RBG-17-0351-1_S20_L001,1,0.9954988360404968
CTX,lineage,LR,onehot,3,RBG-17-0383-1_S44,0,0.14469002187252045
CTX,lineage,LR,onehot,3,RBG-18-0004-1_S1,1,0.9917148947715759
CTX,lineage,LR,onehot,3,RBG-18-0012-1_S3,0,0.03788822889328003
CTX,lineage,LR,onehot,3,RBG-18-0041-1_S6,0,0.9586862325668335
CTX,lineage,LR,onehot,3,RBG-18-0071-1_S44,0,0.9795118570327759
CTX,lineage,LR,onehot,3,RBG-18-0072-1_S8,0,0.8287990689277649
CTX,lineage,LR,onehot,3,RBG-18-0083-1_S12,0,0.7755493521690369
CTX,lineage,LR,onehot,3,RBG-18-0085-1_S11,0,0.0022063651122152805
CTX,lineage,LR,onehot,3,RBG-18-0099-1_S14,1,0.9917148947715759
CTX,lineage,LR,onehot,3,RBG-18-0129-1_S15_L001,1,0.41025060415267944
CTX,lineage,LR,onehot,3,RBG-18-0153-1_S14,0,0.9917848110198975
CTX,lineage,LR,onehot,3,RBG-18-0177-1_S17_L001,1,0.9922616481781006
CTX,lineage,LR,onehot,3,RBG-18-0200-1_S18_L001,1,0.9531152248382568
CTX,lineage,LR,onehot,3,RBG-18-0221-1_S47,0,0.9713497757911682
CTX,lineage,LR,onehot,3,RBG-18-0224-1_S24_L001,1,0.9906986355781555
CTX,lineage,LR,onehot,3,RBG-18-0279-1_S36,1,0.9783309698104858
CTX,lineage,LR,onehot,3,RBG-18-0289-1_S37,1,0.2655019462108612
CTX,lineage,LR,onehot,3,RBG-18-0380-1_S48,0,0.9917148947715759
CTX,lineage,LR,onehot,3,RBG-18-0388-1_S21_L001,1,0.9878266453742981
CTX,lineage,LR,onehot,3,RBG-18-0391-1_S22_L001,1,0.9983311295509338
CTX,lineage,LR,onehot,3,RBG-18-0410-1_S12,1,0.9816544055938721
CTX,lineage,LR,onehot,3,RBG-18-0421-1_S53,1,0.988973081111908
CTX,lineage,LR,onehot,3,RBG-18-0437-1_S54,1,0.9403722882270813
CTX,lineage,LR,onehot,3,RBK-17-0457-1_S6,1,0.9640708565711975
CTX,lineage,LR,onehot,3,RBK-17-0492-1_S8,1,0.13620397448539734
CTX,lineage,LR,onehot,3,RBK-17-0588-1_S24,1,0.9770615696907043
CTX,lineage,LR,onehot,3,RBK-17-0601-1_S25,1,0.9917148947715759
CTX,lineage,LR,onehot,3,RBK-17-0612-1_S27,1,0.9915255904197693
CTX,lineage,LR,onehot,3,RBK-17-0655-5_S182,1,0.9923279881477356
CTX,lineage,LR,onehot,3,RBK-18-0060-1_S22,0,0.9999996423721313
CTX,lineage,LR,onehot,3,RBK-18-0077-1_S212,1,0.9915255904197693
CTX,lineage,LR,onehot,3,RBK-18-0236-2_S52_2,1,0.42217057943344116
CTX,lineage,LR,onehot,3,RBKk-18-0108-1_S201,1,0.9689722657203674
CTX,lineage,LR,onehot,3,RBL-17-0093-1_S146,0,0.4785673916339874
CTX,lineage,LR,onehot,3,RBL-17-0107-1_S150,0,0.6612986922264099
CTX,lineage,LR,onehot,3,RBL-17-0113-1_S153,0,0.9712238311767578
CTX,lineage,LR,onehot,3,RBL-17-0118-1_S156,0,0.29112547636032104
CTX,lineage,LR,onehot,3,RBL-17-0165-1_S167,0,0.0011041773250326514
CTX,lineage,LR,onehot,3,RBL-17-0189-1_S172,0,0.5170724391937256
CTX,lineage,LR,onehot,3,RBL-17-0199-1_S174,0,0.97002112865448
CTX,lineage,LR,onehot,3,RBL-17-0217-1_S176,0,0.9908716082572937
CTX,lineage,LR,onehot,3,RBL-17-0226-1_S41,1,0.9794768691062927
CTX,lineage,LR,onehot,3,RBL-17-0242-1_S42,1,0.996151864528656
CTX,lineage,LR,onehot,3,RBL-17-0244-1_S44,1,0.9825344681739807
CTX,lineage,LR,onehot,3,RBL-17-0264-1_S103,0,0.0739302933216095
CTX,lineage,LR,onehot,3,RBL-17-0267-1_S104,0,0.2055189609527588
CTX,lineage,LR,onehot,3,RBL-17-0305-1_S49,1,0.9814146161079407
CTX,lineage,LR,onehot,3,RBL-17-0307-1_S51,1,0.9917148947715759
CTX,lineage,LR,onehot,3,RBL-17-0323-1_S115,0,0.7617077827453613
CTX,lineage,LR,onehot,3,RBL-17-0328-1_S117,0,0.024410180747509003
CTX,lineage,LR,onehot,3,RBL-17-0332-1_S118,0,0.9991046786308289
CTX,lineage,LR,onehot,3,RBL-17-0350-1_S106,0,0.9955008625984192
CTX,lineage,LR,onehot,3,RBL-17-0359-1_S66,1,0.9954751133918762
CTX,lineage,LR,onehot,3,RBL-17-0392-1_S69,1,0.9814146161079407
CTX,lineage,LR,onehot,3,RBL-17-0411-1_S128,0,0.0008399055222980678
CTX,lineage,LR,onehot,3,RBL-17-0432-1_S132,0,0.9999935626983643
CTX,lineage,LR,onehot,3,RBL-17-0434-1_S133,0,0.99944669008255
CTX,lineage,LR,onehot,3,RBL-17-060-1_S17,1,0.9467675089836121
CTX,lineage,LR,onehot,3,RBL-18-0048-1_S44,0,0.9994038343429565
CTX,lineage,LR,onehot,3,RBL-18-0059-1_S171,0,0.9982200264930725
CTX,lineage,LR,onehot,3,RBL-18-0076-1_S47,1,0.9981439113616943
CTX,lineage,LR,onehot,3,RBL-18-0090-1_S48,1,0.9444276094436646
CTX,lineage,LR,onehot,3,RBL-18-0093-1_S49,0,0.9487120509147644
CTX,lineage,LR,onehot,3,RBL-18-0098-1_S178,0,0.9844505190849304
CTX,lineage,LR,onehot,3,RBL-18-0194-1_S195_2,1,0.9491786956787109
CTX,lineage,LR,onehot,3,RBL-18-0242-1_S51,0,0.00025145875406451523
CTX,lineage,LR,onehot,3,RBL-18-0343-1_S6,1,0.15615946054458618
CTX,lineage,LR,onehot,3,RBL-18-0467-1_S228_2,1,0.99013352394104
CTX,lineage,LR,onehot,3,RBL-18-0500-1_S230_2,1,0.9978957176208496
CTX,lineage,LR,onehot,3,RBT-16-0024-1_S10,1,0.9715055227279663
CTX,lineage,LR,onehot,3,RBT-16-0038-1_S11,1,0.419174462556839
CTX,lineage,LR,onehot,3,RBT-17-0009-1_S21,0,0.9830255508422852
CTX,lineage,LR,onehot,3,RBT-17-0039-1_S28,1,0.797848105430603
CTX,lineage,LR,onehot,3,RBT-17-0102-1_S37,0,0.9913274645805359
CTX,lineage,LR,onehot,3,RBT-17-0168-1_S61,0,0.8481425046920776
CTX,lineage,LR,onehot,3,RBT-17-0249-1_S61,1,0.9877111315727234
CTX,lineage,LR,onehot,3,RBT-17-0328-1_S16,1,0.9606142640113831
CTX,lineage,LR,onehot,3,RBT-17-0339-1_S20,0,0.9791776537895203
CTX,lineage,LR,onehot,3,RBT-18-0021-1_S56,1,0.9917148947715759
CTX,lineage,LR,onehot,3,RBT-18-0053-1_S36,1,0.9821521639823914
CTX,lineage,LR,onehot,3,RBT-18-0129-1_S52,0,0.5920708179473877
CTX,lineage,LR,onehot,3,RBT-18-0179-1_S37,0,0.09596466273069382
CTX,lineage,LR,onehot,3,RBT-18-0205-1_S6,1,0.9830322265625
CTX,lineage,LR,onehot,3,RBT-18-0227-1_S46,1,0.9852375388145447
CTX,lineage,LR,onehot,3,RBT-18-0232-1_S47,0,0.6244941353797913
CTX,lineage,LR,onehot,3,RBT-18-0234-1_S15,1,0.9875054359436035
CTX,lineage,LR,onehot,3,RBT-18-0263-1_S58,0,0.03984507918357849
CTX,lineage,LR,onehot,3,RBT-18-0265-1_S59,0,1.2782323892679415e-06
CTX,lineage,LR,onehot,3,RBT-18-0278-1_S64,0,0.9999983310699463
CTX,lineage,LR,onehot,3,RBT-18-0284-1_S66,1,0.935080885887146
CTX,lineage,LR,onehot,3,RBT-18-0296-1_S72,1,0.9828277826309204
CTX,lineage,LR,onehot,3,RBT-18-0308-1_S34,0,0.9794475436210632
CTX,lineage,LR,onehot,3,RBT-18-0324-1_S57,1,0.9763859510421753
CTX,lineage,LR,onehot,3,RBT-18-0335-1_S41,0,0.9957084655761719
CTX,lineage,LR,onehot,3,RBT-18-0337-1_S46,1,0.9598040580749512
CTX,lineage,LR,onehot,3,RBT-18-0351-1_S48,0,0.039976976811885834
CTX,lineage,LR,onehot,3,RBT-18-0363-1_S72,1,0.9506640434265137
CTX,lineage,LR,onehot,3,RBT-18-0365-1_S30,0,0.9867222309112549
CTX,lineage,LR,onehot,3,RBT-18-0370-1_S33,0,0.0004556415369734168
CTX,lineage,LR,onehot,3,RBT-18-0372-1_S31,1,0.9806249141693115
CTX,lineage,LR,onehot,3,RBT-18-0391-1_S35,1,0.9867255687713623
CTX,lineage,LR,onehot,3,RBT-18-0392-1_S56,1,0.9826410412788391
CTX,lineage,LR,onehot,3,RBT-18-0401-1_S43,0,0.9696927070617676
CTX,lineage,LR,onehot,3,ResetH127_S6_L001,1,0.9822750091552734
CTX,lineage,LR,onehot,3,ResetH129_S7_L001,1,0.9911733269691467
CTX,lineage,LR,onehot,3,ResetH131_S7_L001,1,0.9842356443405151
CTX,lineage,LR,onehot,3,ResetH132_S1_L001,1,0.8342192769050598
CTX,lineage,LR,onehot,3,ResetH49b_S6_L001,1,0.8217136859893799
CTX,lineage,LR,onehot,3,ResetH63_S7_L001,1,0.9917148947715759
CTX,lineage,LR,onehot,3,ResetH75_S2_L001,1,0.9871368408203125
CTX,lineage,LR,onehot,3,ResetV260_S5_L001,1,0.994281530380249
CTX,lineage,LR,onehot,3,Survcare187_S32,1,0.9919773936271667
CTX,lineage,LR,onehot,3,Survcare236_S5_L001,1,0.8981578946113586
CTX,lineage,LR,onehot,3,Survcare265_S20,1,0.9077457189559937
CTX,lineage,LR,onehot,3,Survcare327_S1,1,0.9665206670761108
CTX,lineage,LR,onehot,3,Survcare341_S25,1,0.9739806652069092
CTX,lineage,LR,onehot,3,V282_S4_L001,1,0.9950579404830933
CTX,lineage,LR,onehot,3,V291_S5_L001,1,0.991865336894989
CTX,lineage,LR,onehot,3,V295_S7_L001,1,0.9917654395103455
CTX,lineage,LR,onehot,3,W2RBK-17-168-1_S33,1,0.8988410830497742
CTX,lineage,LR,onehot,3,W2RBK-17-169-1_S34,1,0.3775063753128052
CTX,lineage,LR,onehot,3,W2RBL-16-018-1_S15,1,0.6419299244880676
CTX,lineage,LR,onehot,3,wdh-RBB-17-170-1_S16,1,0.9674187302589417
CTX,lineage,LR,onehot,3,wdh-RBF-17-0572-1_S43,0,0.9902443885803223
CTX,lineage,LR,onehot,3,wdhRBF-10-0002-1_S10_L001,1,0.9972344040870667
CTX,lineage,LR,onehot,3,wdhRBF-17-0567-1_S122,0,0.02124665305018425
CTX,lineage,LR,onehot,3,WDHRBG-17-008-1_S83,0,0.007556214462965727
CTX,lineage,LR,onehot,3,WDHRBG-17-122-1_S48,0,0.30931416153907776
CTX,lineage,LR,onehot,3,wRBF-17-0146-1_S35,1,0.9877111315727234
CTX,lineage,LR,onehot,3,wRBG-16-024-1_S152,0,0.9998044371604919
CTX,lineage,LR,onehot,3,wRBG-16-033-1_S153,0,0.3872259855270386
CTX,lineage,LR,onehot,3,wRBG-17-028-1_S100,0,0.0036327075213193893
CTX,lineage,LR,onehot,3,wRBG-17-031-1_S154,0,0.0020757694728672504
CTX,lineage,LR,onehot,3,wRBG-17-049-1_S142,0,0.9702732563018799
CTX,lineage,LR,onehot,3,wRBG-17-055-1_S163,0,0.9809720516204834
CTX,lineage,LR,onehot,3,wRBG-17-057-1_S141,0,0.013609999790787697
CTX,lineage,LR,onehot,3,wRBG-17-106-1_S125,0,0.49600693583488464
CTX,lineage,LR,onehot,3,wRBG-17-110-1_S168,0,0.3847755491733551
CTX,lineage,LR,onehot,3,wwRBB-16-112-1_S1,1,0.8927338123321533
CTX,lineage,LR,onehot,3,wwRBF-16-007-1_S10,1,0.9721727967262268
CTX,lineage,LR,onehot,3,wwRBF-17-167-1_S31,1,0.9894917011260986
CTX,lineage,LR,onehot,3,wwRBF-17-189-1_S32,1,0.9986187219619751
CTX,lineage,LR,onehot,3,wwRBF-17-209-1_S34,0,0.9891285300254822
CTX,lineage,LR,onehot,3,wwRBK-16-023-1_S5,1,0.896852433681488
CTX,lineage,LR,onehot,3,wwRBK-17-0148-1_S37,1,0.9825711846351624
CTX,lineage,LR,onehot,3,wwRBK-17-0148-2_S38,1,0.9951321482658386
CTX,lineage,LR,onehot,3,wwRBK-17-0197-1_S39,1,0.9111862182617188
CTX,lineage,LR,onehot,3,wwRBK-17-075-1_S28,1,0.9788660407066345
CTX,lineage,LR,onehot,3,wwRBL-17-004-1_S44,1,0.992856502532959
CTX,lineage,LR,onehot,4,H108_S5_L001,1,0.06455370038747787
CTX,lineage,LR,onehot,4,H119_S7_L001,1,0.999900221824646
CTX,lineage,LR,onehot,4,H123_S1_L001,1,0.9855135083198547
CTX,lineage,LR,onehot,4,H130_S2_L001,1,0.11816970258951187
CTX,lineage,LR,onehot,4,H153_S1_L001,1,0.6633811593055725
CTX,lineage,LR,onehot,4,H154_S2_L001,1,0.8609387874603271
CTX,lineage,LR,onehot,4,H157_S3_L001,1,0.9980771541595459
CTX,lineage,LR,onehot,4,H160_S3_L001,1,0.6121747493743896
CTX,lineage,LR,onehot,4,H164_S3_L001,1,0.8566479682922363
CTX,lineage,LR,onehot,4,H28_S10_L001,1,0.009127621538937092
CTX,lineage,LR,onehot,4,H83_S7_L001,1,0.3058861494064331
CTX,lineage,LR,onehot,4,NNRBG-17-0227-1_S8,0,0.18975979089736938
CTX,lineage,LR,onehot,4,NNRBG-17-0239-1_S10,0,0.7923649549484253
CTX,lineage,LR,onehot,4,NNRBG-17-0278-1_S16,0,0.2816413342952728
CTX,lineage,LR,onehot,4,RBB-18-0674-1_S189,1,0.999695897102356
CTX,lineage,LR,onehot,4,RBB-18-0772-1_S192,1,0.02749742940068245
CTX,lineage,LR,onehot,4,RBF-17-0550-1_S84,0,0.9999592304229736
CTX,lineage,LR,onehot,4,RBF-17-0587-1_S91,0,0.2119942605495453
CTX,lineage,LR,onehot,4,RBF-17-0605-1_S94,0,0.9157804250717163
CTX,lineage,LR,onehot,4,RBF-17-0616-1_S96,0,0.07692757993936539
CTX,lineage,LR,onehot,4,RBF-17-0632-1_S97,0,0.039923716336488724
CTX,lineage,LR,onehot,4,RBF-17-0645-1_S61,1,0.9999994039535522
CTX,lineage,LR,onehot,4,RBF-17-0651-1_S62,1,0.9890350699424744
CTX,lineage,LR,onehot,4,RBF-17-0653-1_S101,0,0.0046536740846931934
CTX,lineage,LR,onehot,4,RBF-17-266-1_S70,1,0.9975099563598633
CTX,lineage,LR,onehot,4,RBF-18-0013-1_S25_L001,0,0.7347344160079956
CTX,lineage,LR,onehot,4,RBF-18-0036-1_S7,0,6.373468204401433e-05
CTX,lineage,LR,onehot,4,RBF-18-0064-2_S14,0,0.024158397689461708
CTX,lineage,LR,onehot,4,RBF-18-0066-1_S15,0,2.827813477779273e-05
CTX,lineage,LR,onehot,4,RBF-18-0072-1_S16,0,0.008667164482176304
CTX,lineage,LR,onehot,4,RBF-18-0099-1_S26,0,0.010468092747032642
CTX,lineage,LR,onehot,4,RBF-18-0139-1_S35,0,3.3890830763994018e-06
CTX,lineage,LR,onehot,4,RBF-18-0184-1_S30,0,0.7414994239807129
CTX,lineage,LR,onehot,4,RBF-18-0192-1_S44,0,0.12715457379817963
CTX,lineage,LR,onehot,4,RBF-18-0251-1_S55,0,0.9492125511169434
CTX,lineage,LR,onehot,4,RBF-18-0280-1_S62,0,0.03435637801885605
CTX,lineage,LR,onehot,4,RBF-18-0294-1_S64,0,0.010718423873186111
CTX,lineage,LR,onehot,4,RBF-18-0296-1_S17,0,0.6291062235832214
CTX,lineage,LR,onehot,4,RBF-18-0338-1_S72,0,4.0264352719532326e-05
CTX,lineage,LR,onehot,4,RBF-18-0634-1_S183,1,0.03647330775856972
CTX,lineage,LR,onehot,4,RBF-18-0664-1_S190,1,0.6626518368721008
CTX,lineage,LR,onehot,4,RBG-17-013-1_S16,1,0.9375985264778137
CTX,lineage,LR,onehot,4,RBg-17-123-2_S12,0,0.9934300780296326
CTX,lineage,LR,onehot,4,RBG-18-0017-1_S5,0,2.0581571789080044e-06
CTX,lineage,LR,onehot,4,RBG-18-0076-1_S10,0,0.9998175501823425
CTX,lineage,LR,onehot,4,RBG-18-0108-1_S16,0,0.0014034616760909557
CTX,lineage,LR,onehot,4,RBG-18-0140-1_S14_L001,0,0.04623240604996681
CTX,lineage,LR,onehot,4,RBG-18-0144-1_S38,0,8.263990736168125e-08
CTX,lineage,LR,onehot,4,RBG-18-0166-1_S10_L001,0,0.3341549038887024
CTX,lineage,LR,onehot,4,RBG-18-0204-1_S23_L001,0,0.20644457638263702
CTX,lineage,LR,onehot,4,RBG-18-0211-1_S35,1,0.007522736210376024
CTX,lineage,LR,onehot,4,RBG-18-0300-1_S52,0,0.2298869490623474
CTX,lineage,LR,onehot,4,RBG-18-0352-1_S21_L001,0,5.4934567742748186e-05
CTX,lineage,LR,onehot,4,RBG-18-0381-1_S49,0,0.018178721889853477
CTX,lineage,LR,onehot,4,RBK-16-007-1_S13,1,8.823901225696318e-06
CTX,lineage,LR,onehot,4,RBK-16-073-1_S14,1,0.9907637238502502
CTX,lineage,LR,onehot,4,RBK-17-0595-1_S187,1,0.9771938323974609
CTX,lineage,LR,onehot,4,RBK-18-0002-1_S38,1,0.654538631439209
CTX,lineage,LR,onehot,4,RBK-18-0005-1_S18,0,3.8681722003275354e-07
CTX,lineage,LR,onehot,4,RBK-18-0047-1_S20,0,0.05686521902680397
CTX,lineage,LR,onehot,4,RBK-18-0062-2_S203,0,0.9999977350234985
CTX,lineage,LR,onehot,4,RBK-18-0414-1_S59,0,0.4964293837547302
CTX,lineage,LR,onehot,4,RBL-17-0108-1_S151,0,0.879493772983551
CTX,lineage,LR,onehot,4,RBL-17-0116-1_S154,0,0.22101210057735443
CTX,lineage,LR,onehot,4,RBL-17-0205-1_S175,0,0.31957918405532837
CTX,lineage,LR,onehot,4,RBL-17-0259-1_S99,0,0.6603063941001892
CTX,lineage,LR,onehot,4,RBL-17-0274-2_S105,0,1.0130956979992334e-06
CTX,lineage,LR,onehot,4,RBL-17-0327-1_S116,0,5.8490106312092394e-05
CTX,lineage,LR,onehot,4,RBL-17-0340-1_S102,0,0.4565078318119049
CTX,lineage,LR,onehot,4,RBL-17-0342-1_S103,0,0.504517138004303
CTX,lineage,LR,onehot,4,RBL-17-0347-1_S104,0,0.16170711815357208
CTX,lineage,LR,onehot,4,RBL-17-0360-1_S108,0,0.0034380971919745207
CTX,lineage,LR,onehot,4,RBL-17-0366-1_S113,0,1.4421443665924016e-06
CTX,lineage,LR,onehot,4,RBL-17-0368-1_S114,0,0.26269933581352234
CTX,lineage,LR,onehot,4,RBL-17-0390-1_S121,0,0.0012062053428962827
CTX,lineage,LR,onehot,4,RBL-17-0395-1_S124,0,0.20355641841888428
CTX,lineage,LR,onehot,4,RBL-17-0402-1_S126,0,0.17844630777835846
CTX,lineage,LR,onehot,4,RBL-17-0435-1_S134,0,0.2769525349140167
CTX,lineage,LR,onehot,4,RBL-18-0010-1_S159,0,3.557575473678298e-05
CTX,lineage,LR,onehot,4,RBL-18-0016-1_S161,0,0.1627131700515747
CTX,lineage,LR,onehot,4,RBL-18-0066-1_S173,0,0.02877652272582054
CTX,lineage,LR,onehot,4,RBL-18-0085-1_S176,0,0.15592342615127563
CTX,lineage,LR,onehot,4,RBT-16-0045-1_S58,1,0.024594800546765327
CTX,lineage,LR,onehot,4,RBT-17-0027-1_S3,0,0.2847786843776703
CTX,lineage,LR,onehot,4,RBT-17-0100-1_S36,1,3.1960257729224395e-07
CTX,lineage,LR,onehot,4,RBT-17-0112-1_S41,0,0.006103827618062496
CTX,lineage,LR,onehot,4,RBT-17-0165-1_S60,0,1.8726926782619557e-06
CTX,lineage,LR,onehot,4,RBT-17-0177-1_S65,0,0.9308435916900635
CTX,lineage,LR,onehot,4,RBT-17-0177-2_S7,0,0.9074680209159851
CTX,lineage,LR,onehot,4,RBT-17-0178-1_S66,0,0.0011688565136864781
CTX,lineage,LR,onehot,4,RBT-17-0210-1_S55,0,0.03465684875845909
CTX,lineage,LR,onehot,4,RBT-17-0228-1_S10,0,0.7616053223609924
CTX,lineage,LR,onehot,4,RBT-17-0238-1_S59,0,0.0035468286368995905
CTX,lineage,LR,onehot,4,RBT-17-0251-1_S62,1,0.9996154308319092
CTX,lineage,LR,onehot,4,RBT-17-0287-1_S10,0,0.510535717010498
CTX,lineage,LR,onehot,4,RBT-18-0023-1_S14,0,9.057227430275816e-07
CTX,lineage,LR,onehot,4,RBT-18-0057-1_S38,0,0.00023288014926947653
CTX,lineage,LR,onehot,4,RBT-18-0091-1_S42,0,0.31688541173934937
CTX,lineage,LR,onehot,4,RBT-18-0095-1_S19,0,0.7294070720672607
CTX,lineage,LR,onehot,4,RBT-18-0096-1_S20,0,0.9939337372779846
CTX,lineage,LR,onehot,4,RBT-18-0100-1_S21,0,0.9996621608734131
CTX,lineage,LR,onehot,4,RBT-18-0115-1_S45,0,0.004037724807858467
CTX,lineage,LR,onehot,4,RBT-18-0120-1_S48,0,0.9995788931846619
CTX,lineage,LR,onehot,4,RBT-18-0164-1_S34,0,1.0146098929908476e-06
CTX,lineage,LR,onehot,4,RBT-18-0173-1_S35,0,4.0624938264954835e-05
CTX,lineage,LR,onehot,4,RBT-18-0184-1_S38,1,9.34859372136998e-07
CTX,lineage,LR,onehot,4,RBT-18-0185-1_S39,0,0.005374298896640539
CTX,lineage,LR,onehot,4,RBT-18-0236-1_S48,1,8.787687875155825e-07
CTX,lineage,LR,onehot,4,RBT-18-0251-1_S7,0,0.9085016250610352
CTX,lineage,LR,onehot,4,RBT-18-0252-1_S53,0,0.999455988407135
CTX,lineage,LR,onehot,4,RBT-18-0316-1_S43,0,0.02809971757233143
CTX,lineage,LR,onehot,4,RBT-18-0341-1_S24,0,0.5149264335632324
CTX,lineage,LR,onehot,4,RBT-18-0364-1_S29,0,0.9992332458496094
CTX,lineage,LR,onehot,4,ResetH134_S8_L001,1,0.8289020657539368
CTX,lineage,LR,onehot,4,ResetH139_S3_L001,1,0.07141366600990295
CTX,lineage,LR,onehot,4,ResetH152_S4_L001,1,0.8392939567565918
CTX,lineage,LR,onehot,4,ResetH44_S3_L001,1,0.9999653100967407
CTX,lineage,LR,onehot,4,ResetH89_S3_L001,1,0.996650755405426
CTX,lineage,LR,onehot,4,ResetV105_S1_L001,1,0.9999988079071045
CTX,lineage,LR,onehot,4,Survcare129_S1,1,0.0015915819676592946
CTX,lineage,LR,onehot,4,Survcare133_S25,1,0.9979515671730042
CTX,lineage,LR,onehot,4,Survcare134_S26,1,0.9897291660308838
CTX,lineage,LR,onehot,4,Survcare140_S4_L001,1,0.9993415474891663
CTX,lineage,LR,onehot,4,Survcare184_S19,1,0.21738208830356598
CTX,lineage,LR,onehot,4,Survcare254_S36,1,0.9985890984535217
CTX,lineage,LR,onehot,4,Survcare275_S38,1,0.06919965893030167
CTX,lineage,LR,onehot,4,Survcare278_S62,1,0.9166668653488159
CTX,lineage,LR,onehot,4,Survcare291_S38,1,0.34559157490730286
CTX,lineage,LR,onehot,4,Survcare295_S8_L001,1,1.0
CTX,lineage,LR,onehot,4,Survcare303_S15_L001,1,0.9829672574996948
CTX,lineage,LR,onehot,4,Survcare313_S24_L001,1,0.9999566078186035
CTX,lineage,LR,onehot,4,Survcare317_S5_L001,1,0.4993901550769806
CTX,lineage,LR,onehot,4,Survcare329_S3,1,0.9842929244041443
CTX,lineage,LR,onehot,4,Survcare337_S12,1,0.012346358969807625
CTX,lineage,LR,onehot,4,V108_S2_L001,1,0.45427629351615906
CTX,lineage,LR,onehot,4,V120_S5_L001,1,0.9997032284736633
CTX,lineage,LR,onehot,4,V173_S6_L001,1,0.0003138832689728588
CTX,lineage,LR,onehot,4,V205_S3_L001,1,0.9937022924423218
CTX,lineage,LR,onehot,4,V228_S8_L001,1,0.5561374425888062
CTX,lineage,LR,onehot,4,V229_S10_L001,1,0.607997477054596
CTX,lineage,LR,onehot,4,V232_S3_L001,1,0.0029137625824660063
CTX,lineage,LR,onehot,4,V71_S4_L001,1,0.9998096823692322
CTX,lineage,LR,onehot,4,V89_S1_L001,1,0.0034123053774237633
CTX,lineage,LR,onehot,4,wdh-RBL-17-0361-1_S44,0,0.2076369673013687
CTX,lineage,LR,onehot,4,wdh-Survcare119_S44,1,0.34564507007598877
CTX,lineage,LR,onehot,4,wdhRBF-18-0048-1_S12_L001,0,0.07180159538984299
CTX,lineage,LR,onehot,4,WDHRBG-16-062-1_S49,0,0.00178903725463897
CTX,lineage,LR,onehot,4,WDHRBG-17-001-1_S82,0,8.769236501393607e-07
CTX,lineage,LR,onehot,4,wRBG-17-023-1_S155,0,2.6881703973913318e-08
CTX,lineage,LR,onehot,4,wRBG-17-030-1_S165,0,0.9933549165725708
CTX,lineage,LR,onehot,4,wRBG-17-075-1_S96,0,0.06233183294534683
CTX,lineage,SVM,onehot,0,H113_S6_L001,1,0.30594254221652945
CTX,lineage,SVM,onehot,0,H116_S8_L001,1,0.9712057786788011
CTX,lineage,SVM,onehot,0,H122_S4_L001,1,0.4680891438724363
CTX,lineage,SVM,onehot,0,H141_S6_L001,1,0.41298438431953743
CTX,lineage,SVM,onehot,0,H162_S4_L001,1,0.6921089456205576
CTX,lineage,SVM,onehot,0,H176_S5_L001,1,0.3712154560978565
CTX,lineage,SVM,onehot,0,H38_S4_L001,1,0.9980623723127862
CTX,lineage,SVM,onehot,0,NNRBG-17-0196-1_S3,0,0.10557454510755115
CTX,lineage,SVM,onehot,0,NNRBG-17-0199-1_S5,0,0.10833549638277006
CTX,lineage,SVM,onehot,0,NNRBG-17-0287-1_S17,0,0.9608531825051085
CTX,lineage,SVM,onehot,0,NNRBG-17-0319-1_S24,0,0.37293931413233
CTX,lineage,SVM,onehot,0,NNRBG-17-0328-1_S25,0,0.5758049999859982
CTX,lineage,SVM,onehot,0,NNRBG-17-0329-1_S26,0,0.2191718945158744
CTX,lineage,SVM,onehot,0,NNRBG-17-0399-1_S40,0,0.5432573021905478
CTX,lineage,SVM,onehot,0,NNSurvcare045_S41,1,0.7918705276162991
CTX,lineage,SVM,onehot,0,RBB-18-0129-1_S179,1,0.2570212043716048
CTX,lineage,SVM,onehot,0,RBB-18-0892-1_S80_2,1,0.9295453878536951
CTX,lineage,SVM,onehot,0,RBB-18-0972-1_S203_2,1,0.991194018558653
CTX,lineage,SVM,onehot,0,RBB-18-1086-1_S189_2,1,0.6620104971358678
CTX,lineage,SVM,onehot,0,RBB-18-1212-1_S67_2,1,0.6087406950485491
CTX,lineage,SVM,onehot,0,RBB-18-1488-1_S46,1,0.15136665300548788
CTX,lineage,SVM,onehot,0,RBF-10-0240-1_S12_L001,0,0.18795143866687514
CTX,lineage,SVM,onehot,0,RBF-16-0064-1_S136,0,0.2911860286304113
CTX,lineage,SVM,onehot,0,RBF-17-0164-1_S137,0,0.010024012010760834
CTX,lineage,SVM,onehot,0,RBF-17-0173-1_S138,0,0.6187501280177179
CTX,lineage,SVM,onehot,0,RBF-17-0194-1_S140,0,0.381424587576086
CTX,lineage,SVM,onehot,0,RBF-17-0520-2_S55,1,0.00687251939974097
CTX,lineage,SVM,onehot,0,RBF-17-0538-1_S82,0,0.0478270020579799
CTX,lineage,SVM,onehot,0,RBF-17-0589-1_S92,0,0.014111083256996011
CTX,lineage,SVM,onehot,0,RBF-17-0602-1_S93,0,0.42189410722914067
CTX,lineage,SVM,onehot,0,RBF-17-0647-1_S99,0,0.16725762759662963
CTX,lineage,SVM,onehot,0,RBF-17-0648-1_S100,0,0.005339875387400245
CTX,lineage,SVM,onehot,0,RBF-17-277-1_S73,1,0.0035318005152734176
CTX,lineage,SVM,onehot,0,RBF-18-0085-1_S21,0,0.06701062131260967
CTX,lineage,SVM,onehot,0,RBF-18-0086-1_S22,0,0.0007891563631622451
CTX,lineage,SVM,onehot,0,RBF-18-0123-1_S25_L001,1,0.00011070055963717777
CTX,lineage,SVM,onehot,0,RBF-18-0127-1_S32,0,0.9275629927068991
CTX,lineage,SVM,onehot,0,RBF-18-0160-1_S37,0,0.9652049725431977
CTX,lineage,SVM,onehot,0,RBF-18-0214-1_S51,0,0.29946312819388743
CTX,lineage,SVM,onehot,0,RBF-18-0217-1_S54,0,0.002337460474342549
CTX,lineage,SVM,onehot,0,RBF-18-0252-1_S56,0,0.2546224388728822
CTX,lineage,SVM,onehot,0,RBF-18-0310-1_S36,0,0.9012376119123973
CTX,lineage,SVM,onehot,0,RBF-18-0405-1_S81_2,1,0.8252535717013965
CTX,lineage,SVM,onehot,0,RBG-18-0025-1_S9_L001,0,0.0018816268621799513
CTX,lineage,SVM,onehot,0,RBG-18-0029-1_S40,0,0.11031227283749792
CTX,lineage,SVM,onehot,0,RBG-18-0185-1_S40,0,0.45616029391888735
CTX,lineage,SVM,onehot,0,RBG-18-0191-1_S11_L001,0,0.28335483398710326
CTX,lineage,SVM,onehot,0,RBG-18-0202-1_S13_L001,0,0.18677013978375384
CTX,lineage,SVM,onehot,0,RBG-18-0256-1_S8_L001,1,0.2109819733787637
CTX,lineage,SVM,onehot,0,RBG-18-0265-1_S49,0,0.23728195960397017
CTX,lineage,SVM,onehot,0,RBG-18-0276-1_S50,0,0.9767020578594745
CTX,lineage,SVM,onehot,0,RBG-18-0301-1_S53,0,0.31428459450931145
CTX,lineage,SVM,onehot,0,RBG-18-0367-1_S57,0,0.13030737425757954
CTX,lineage,SVM,onehot,0,RBG-18-0383-1_S37,1,0.8901491659754602
CTX,lineage,SVM,onehot,0,RBG-18-0394-1_S23_L001,0,0.26063246000004525
CTX,lineage,SVM,onehot,0,RBG-18-0402-1_S50,1,0.8266316285855289
CTX,lineage,SVM,onehot,0,RBK-18-0019-1_S195,0,0.4076071005553096
CTX,lineage,SVM,onehot,0,RBK-18-0022-1_S197,0,0.0009844793673926219
CTX,lineage,SVM,onehot,0,RBK-18-0038-1_S200,0,0.34584196000606804
CTX,lineage,SVM,onehot,0,RBL-17-0076-1_S32,0,0.28680710972117
CTX,lineage,SVM,onehot,0,RBL-17-0104-1_S149,0,0.16658973514816422
CTX,lineage,SVM,onehot,0,RBL-17-0117-1_S155,0,0.39987706612615737
CTX,lineage,SVM,onehot,0,RBL-17-0129-1_S158,0,0.27476606401335996
CTX,lineage,SVM,onehot,0,RBL-17-0133-1_S159,0,0.16121887216326716
CTX,lineage,SVM,onehot,0,RBL-17-0135-1_S160,0,0.609666347193563
CTX,lineage,SVM,onehot,0,RBL-17-0136-1_S161,0,0.4248731836544829
CTX,lineage,SVM,onehot,0,RBL-17-0138-1_S162,0,0.09102136590789565
CTX,lineage,SVM,onehot,0,RBL-17-0155-1_S165,0,0.607461565738544
CTX,lineage,SVM,onehot,0,RBL-17-0197-1_S173,0,0.18018480201110054
CTX,lineage,SVM,onehot,0,RBL-17-0235-1_S92,0,0.37986795285218855
CTX,lineage,SVM,onehot,0,RBL-17-0261-1_S100,0,0.5443048131132412
CTX,lineage,SVM,onehot,0,RBL-17-0300-1_S112,0,0.11404676602357151
CTX,lineage,SVM,onehot,0,RBL-17-0375-1_S117,0,0.9979277590904607
CTX,lineage,SVM,onehot,0,RBL-17-0391-1_S122,0,0.024542873143062204
CTX,lineage,SVM,onehot,0,RBL-17-0393-1_S123,0,0.29100386183972066
CTX,lineage,SVM,onehot,0,RBL-17-0409-1_S127,0,0.33675559618420464
CTX,lineage,SVM,onehot,0,RBL-17-0428-1_S70,1,0.9260536561916468
CTX,lineage,SVM,onehot,0,RBL-17-0429-1_S130,0,0.025272860048894688
CTX,lineage,SVM,onehot,0,RBL-18-0019-1_S41,0,0.05661020141301136
CTX,lineage,SVM,onehot,0,RBL-18-0032-1_S167,0,0.7881960276434672
CTX,lineage,SVM,onehot,0,RBL-18-0037-1_S168,0,0.27295937071510473
CTX,lineage,SVM,onehot,0,RBL-18-0055-1_S170,0,0.7928276214593698
CTX,lineage,SVM,onehot,0,RBL-18-0131-1_S188_2,1,0.17707290595161657
CTX,lineage,SVM,onehot,0,RBT-17-0011-1_S19,0,0.365669534214756
CTX,lineage,SVM,onehot,0,RBT-17-0019-1_S62,1,0.5375191677460678
CTX,lineage,SVM,onehot,0,RBT-17-0024-1_S23,0,0.3642336556168436
CTX,lineage,SVM,onehot,0,RBT-17-0082-1_S30,0,0.18059533123568286
CTX,lineage,SVM,onehot,0,RBT-17-0090-1_S32,0,0.011140328270063133
CTX,lineage,SVM,onehot,0,RBT-17-0097-1_S34,1,0.8582937492219922
CTX,lineage,SVM,onehot,0,RBT-17-0109-1_S40,0,0.4227310048752394
CTX,lineage,SVM,onehot,0,RBT-17-0142-1_S53,0,0.16920233480825952
CTX,lineage,SVM,onehot,0,RBT-17-0149-1_S13,1,0.11979665194740385
CTX,lineage,SVM,onehot,0,RBT-17-0150-1_S54,0,0.12021668873242754
CTX,lineage,SVM,onehot,0,RBT-17-0156-1_S56,0,0.341923878853395
CTX,lineage,SVM,onehot,0,RBT-17-0183-1_S67,0,0.3877933893694686
CTX,lineage,SVM,onehot,0,RBT-17-0219-1_S8,1,0.36560841243673775
CTX,lineage,SVM,onehot,0,RBT-17-0243-1_S11,0,0.6265540834478681
CTX,lineage,SVM,onehot,0,RBT-17-0337-1_S19,0,0.39975013836471146
CTX,lineage,SVM,onehot,0,RBT-18-0030-1_S69,0,0.045253182877682985
CTX,lineage,SVM,onehot,0,RBT-18-0066-1_S40,0,0.5353739286656838
CTX,lineage,SVM,onehot,0,RBT-18-0080-1_S49,1,0.9440052245247781
CTX,lineage,SVM,onehot,0,RBT-18-0113-1_S44,0,0.3709930034764615
CTX,lineage,SVM,onehot,0,RBT-18-0125-1_S50,0,0.6079316601231434
CTX,lineage,SVM,onehot,0,RBT-18-0134-1_S29,0,0.4034485778806442
CTX,lineage,SVM,onehot,0,RBT-18-0230-1_S45,0,0.11979615234966677
CTX,lineage,SVM,onehot,0,RBT-18-0303-1_S20,0,0.4186461317243287
CTX,lineage,SVM,onehot,0,RBT-18-0317-1_S27,0,0.27489784268087963
CTX,lineage,SVM,onehot,0,RBT-18-0325-1_S44,0,0.5108676177902632
CTX,lineage,SVM,onehot,0,RBT-18-0360-1_S39,0,0.3051559522776166
CTX,lineage,SVM,onehot,0,ResetH24a_S3_2_L001,1,0.9834692770773082
CTX,lineage,SVM,onehot,0,ResetH68_S1_L001,1,0.5074026618620201
CTX,lineage,SVM,onehot,0,ResetH8_S2_L001,1,0.006104275061488734
CTX,lineage,SVM,onehot,0,ResetV70_S6_L001,1,0.9163542535977786
CTX,lineage,SVM,onehot,0,ResetV74_S7_L001,1,0.6541081407558903
CTX,lineage,SVM,onehot,0,ResetV76_S7_L001,1,0.3350254045210014
CTX,lineage,SVM,onehot,0,Survcare0111_S29,1,0.0032008937412163654
CTX,lineage,SVM,onehot,0,Survcare130_S2,1,0.6030429248914252
CTX,lineage,SVM,onehot,0,Survcare234_S3_L001,1,0.00457527504968346
CTX,lineage,SVM,onehot,0,Survcare244_S9_L001,1,0.11556652224175366
CTX,lineage,SVM,onehot,0,Survcare262_S23_L001,1,0.006020832319374226
CTX,lineage,SVM,onehot,0,Survcare310_S21_L001,1,0.30813127398311146
CTX,lineage,SVM,onehot,0,Survcare318_S20_L001,1,0.9645641049437297
CTX,lineage,SVM,onehot,0,Survcare319_S16,1,0.6349687200782148
CTX,lineage,SVM,onehot,0,Survcare360_S84,1,0.9373852561182311
CTX,lineage,SVM,onehot,0,V1_S6_L001,1,0.865695955378688
CTX,lineage,SVM,onehot,0,V114_S5_L001,1,0.7513489951538481
CTX,lineage,SVM,onehot,0,V131_S7_L001,1,0.06611939172835862
CTX,lineage,SVM,onehot,0,V163_S6_L001,1,0.5643611045366733
CTX,lineage,SVM,onehot,0,V177_S6_L001,1,0.7453135087156763
CTX,lineage,SVM,onehot,0,V183_S7_L001,1,0.014217599680783935
CTX,lineage,SVM,onehot,0,V201_S4_L001,1,0.6501101168475052
CTX,lineage,SVM,onehot,0,V279_S8_L001,1,0.1460586525668931
CTX,lineage,SVM,onehot,0,V283_S5_L001,1,0.10620817118289069
CTX,lineage,SVM,onehot,0,V292_S6_L001,1,0.9674194271981125
CTX,lineage,SVM,onehot,0,V41_S2_L001,1,0.8218685166472475
CTX,lineage,SVM,onehot,0,V98_S3_L001,1,0.9606972082614722
CTX,lineage,SVM,onehot,0,W2RBF-17-133-1_S28,1,0.8380671726020963
CTX,lineage,SVM,onehot,0,wdh-RBB-16-025-1_S20,1,0.08498616113960927
CTX,lineage,SVM,onehot,0,wdhRBF-18-0057_S14_L001,0,0.6361407584499894
CTX,lineage,SVM,onehot,0,wdhRBF-18-0081-1_S18_L001,0,0.9677478750634344
CTX,lineage,SVM,onehot,0,WDHRBG-16-049-1_S87,0,0.6902287888258831
CTX,lineage,SVM,onehot,0,wNRZ-32446_S79,1,0.02036297231890298
CTX,lineage,SVM,onehot,0,wRBG-16-026-1_S163,0,0.06482659844473328
CTX,lineage,SVM,onehot,0,wRBG-16-032-1_S142,0,0.2908503530940323
CTX,lineage,SVM,onehot,0,wRBG-17-021-1_S166,0,0.10978977135675429
CTX,lineage,SVM,onehot,0,wRBG-17-025-1_S133,0,0.0024426382095596774
CTX,lineage,SVM,onehot,0,wRBG-17-058-1_S130,0,0.09027276985786446
CTX,lineage,SVM,onehot,0,wRBG-17-072-1_S129,0,0.018742167466091465
CTX,lineage,SVM,onehot,0,wRBG-17-081-1_S117,0,0.1030671690165727
CTX,lineage,SVM,onehot,0,wRBG-17-100-1_S104,0,0.2579803595400409
CTX,lineage,SVM,onehot,0,wwRBL-16-111-1_S16,1,0.8660655591685347
CTX,lineage,SVM,onehot,0,WWSurvcare043_S43,1,0.2187475932488884
CTX,lineage,SVM,onehot,1,H100_S2_L001,1,0.06201548862840354
CTX,lineage,SVM,onehot,1,H136_S7_L001,1,0.03544324869817776
CTX,lineage,SVM,onehot,1,H50_S7_L001,1,0.29602943351702676
CTX,lineage,SVM,onehot,1,H69_S6_L001,1,0.857590589221661
CTX,lineage,SVM,onehot,1,NNRBG-17-0201-1_S6,0,0.24815535212676962
CTX,lineage,SVM,onehot,1,NNRBG-17-0308-1_S20,0,0.2084111584980594
CTX,lineage,SVM,onehot,1,NNRBG-17-0316-1_S23,0,0.5685226524545616
CTX,lineage,SVM,onehot,1,RBB-18-0490-1_S20_L001,1,0.7048842769809147
CTX,lineage,SVM,onehot,1,RBB-18-0765-1_S191,1,0.4648543038092438
CTX,lineage,SVM,onehot,1,RBF-17-0178-1_S139,0,0.5398587877521087
CTX,lineage,SVM,onehot,1,RBF-17-0195-1_S141,0,0.1889454253581009
CTX,lineage,SVM,onehot,1,RBF-17-0508-1_S73,0,0.8014677562242446
CTX,lineage,SVM,onehot,1,RBF-17-0509-1_S74,0,0.18676467426840393
CTX,lineage,SVM,onehot,1,RBF-17-0532-1_S80,0,0.24479141267976806
CTX,lineage,SVM,onehot,1,RBF-17-0532-2_S31,0,0.1331969925758457
CTX,lineage,SVM,onehot,1,RBF-17-0540-1_S83,0,0.22819589891750544
CTX,lineage,SVM,onehot,1,RBF-17-0664-1_S63,1,0.7416281186398377
CTX,lineage,SVM,onehot,1,RBF-18-0055-1_S11,0,0.5942593478684972
CTX,lineage,SVM,onehot,1,RBF-18-0069-1_S78,1,0.7990584950871772
CTX,lineage,SVM,onehot,1,RBF-18-0087-1_S23,0,0.03797082380984787
CTX,lineage,SVM,onehot,1,RBF-18-0088-1_S24,0,0.09311005529698836
CTX,lineage,SVM,onehot,1,RBF-18-0121-1_S28,0,0.01299602983785865
CTX,lineage,SVM,onehot,1,RBF-18-0126-1_S31,0,0.3503743156778141
CTX,lineage,SVM,onehot,1,RBF-18-0135-1_S34,0,0.07255236631636271
CTX,lineage,SVM,onehot,1,RBF-18-0147-1_S36,0,0.32217994638099307
CTX,lineage,SVM,onehot,1,RBF-18-0151-1_S83,1,0.05702195325361292
CTX,lineage,SVM,onehot,1,RBF-18-0172-1_S40,0,0.02182378855260428
CTX,lineage,SVM,onehot,1,RBF-18-0201-1_S49,0,0.32314520388384793
CTX,lineage,SVM,onehot,1,RBF-18-0333-1_S70,0,0.4461854946922708
CTX,lineage,SVM,onehot,1,RBG-18-0023-1_S2,0,0.39080600601101684
CTX,lineage,SVM,onehot,1,RBG-18-0054-1_S42,0,0.29840016626309535
CTX,lineage,SVM,onehot,1,RBG-18-0055-1_S43,0,0.16783851653097684
CTX,lineage,SVM,onehot,1,RBG-18-0077-1_S9,1,0.4732316897413898
CTX,lineage,SVM,onehot,1,RBG-18-0113-1_S13_L001,0,0.05327015418870686
CTX,lineage,SVM,onehot,1,RBG-18-0193-1_S8,0,0.14433867781198975
CTX,lineage,SVM,onehot,1,RBG-18-0194-1_S45,0,0.008106986879320289
CTX,lineage,SVM,onehot,1,RBG-18-0206-2_S46,0,0.23175826212858947
CTX,lineage,SVM,onehot,1,RBG-18-0308-1_S54,1,0.8052646745566736
CTX,lineage,SVM,onehot,1,RBG-18-0347-1_S22_L001,0,0.8207317666034933
CTX,lineage,SVM,onehot,1,RBK-16-079-1_S15,1,0.2495828073731044
CTX,lineage,SVM,onehot,1,RBK-16-124-1_S16,1,0.46016877698148756
CTX,lineage,SVM,onehot,1,RBK-18-0020-1_S19,0,0.06790352038210669
CTX,lineage,SVM,onehot,1,RBk-18-0216-1_S231_2,0,0.6693763792824559
CTX,lineage,SVM,onehot,1,RBK-18-0250-1_S235_2,0,0.24499509831560914
CTX,lineage,SVM,onehot,1,RBL-17-0095-1_S147,0,0.10482039548432735
CTX,lineage,SVM,onehot,1,RBL-17-0159-1_S166,0,0.43854775658806605
CTX,lineage,SVM,onehot,1,RBL-17-0232-1_S91,0,0.4466675041545687
CTX,lineage,SVM,onehot,1,RBL-17-0246-1_S94,0,0.6221725814893427
CTX,lineage,SVM,onehot,1,RBL-17-0263-1_S102,0,0.10570404872048832
CTX,lineage,SVM,onehot,1,RBL-17-0283-1_S27,0,0.6852965003982288
CTX,lineage,SVM,onehot,1,RBL-17-0306-1_S50,1,0.13688904665632287
CTX,lineage,SVM,onehot,1,RBL-17-0324-1_S54,1,0.9641714650980187
CTX,lineage,SVM,onehot,1,RBL-17-0349-1_S105,0,0.4472669889902146
CTX,lineage,SVM,onehot,1,RBL-17-0365-1_S112,0,0.032287540855451116
CTX,lineage,SVM,onehot,1,RBL-17-0374-1_S116,0,0.2689341645677681
CTX,lineage,SVM,onehot,1,RBL-17-0383-1_S119,0,0.6069521929834972
CTX,lineage,SVM,onehot,1,RBL-17-0397-1_S125,0,0.5147285012919915
CTX,lineage,SVM,onehot,1,RBL-18-0021-1_S42,0,0.7342780161880741
CTX,lineage,SVM,onehot,1,RBL-18-0022-1_S43,0,0.32936191303690165
CTX,lineage,SVM,onehot,1,RBT-17-0008-1_S18,0,0.26218067283380375
CTX,lineage,SVM,onehot,1,RBT-17-0033-1_S12,1,0.28869902056677044
CTX,lineage,SVM,onehot,1,RBT-17-0079-1_S29,0,0.23160040964268783
CTX,lineage,SVM,onehot,1,RBT-17-0084-1_S31,0,0.13879750691203413
CTX,lineage,SVM,onehot,1,RBT-17-0113-1_S42,0,0.039887730626044796
CTX,lineage,SVM,onehot,1,RBT-17-0118-1_S45,0,0.9217812919796795
CTX,lineage,SVM,onehot,1,RBT-17-0124-1_S46,0,0.07768218693801904
CTX,lineage,SVM,onehot,1,RBT-17-0133-1_S6,0,0.47988026436948367
CTX,lineage,SVM,onehot,1,RBT-17-0163-1_S59,0,0.14449987458635835
CTX,lineage,SVM,onehot,1,RBT-17-0167-1_S27,0,0.3581872433157244
CTX,lineage,SVM,onehot,1,RBT-17-0173-1_S63,0,0.12193174561289562
CTX,lineage,SVM,onehot,1,RBT-17-0188-1_S68,1,0.01773452689081627
CTX,lineage,SVM,onehot,1,RBT-17-0194-1_S30,0,0.2707073179808327
CTX,lineage,SVM,onehot,1,RBT-17-0217-1_S7,0,0.8831213227091704
CTX,lineage,SVM,onehot,1,RBT-17-0225-1_S9,0,0.12088663991008888
CTX,lineage,SVM,onehot,1,RBT-17-0232-1_S58,0,0.9796176434188878
CTX,lineage,SVM,onehot,1,RBT-17-0256-1_S25,0,0.8429403281851563
CTX,lineage,SVM,onehot,1,RBT-17-0279-1_S12,0,0.06954956595168137
CTX,lineage,SVM,onehot,1,RBT-17-0291-1_S14,0,0.11660235738175408
CTX,lineage,SVM,onehot,1,RBT-18-0004-1_S51,1,0.4457644683142254
CTX,lineage,SVM,onehot,1,RBT-18-0046-1_S2,0,0.8541464356895155
CTX,lineage,SVM,onehot,1,RBT-18-0050-1_S34,0,0.19771875988518708
CTX,lineage,SVM,onehot,1,RBT-18-0052-1_S35,1,0.2144187837682425
CTX,lineage,SVM,onehot,1,RBT-18-0101-1_S22,0,0.010771673897421757
CTX,lineage,SVM,onehot,1,RBT-18-0103-1_S24,0,0.6000790214308325
CTX,lineage,SVM,onehot,1,RBT-18-0122-1_S63,0,0.45220409679999574
CTX,lineage,SVM,onehot,1,RBT-18-0127-1_S51,0,0.27823913352070995
CTX,lineage,SVM,onehot,1,RBT-18-0133-1_S30,0,0.587190859413521
CTX,lineage,SVM,onehot,1,RBT-18-0197-1_S40,0,0.10001201656650038
CTX,lineage,SVM,onehot,1,RBT-18-0224-1_S43,0,0.3814876326435168
CTX,lineage,SVM,onehot,1,RBT-18-0231-1_S14,1,0.16191605305931747
CTX,lineage,SVM,onehot,1,RBT-18-0241-1_S50,0,0.06701402615517645
CTX,lineage,SVM,onehot,1,RBT-18-0246-1_S52,0,0.1599252363298974
CTX,lineage,SVM,onehot,1,RBT-18-0247-1_S16,1,0.4715123995061615
CTX,lineage,SVM,onehot,1,RBT-18-0253-1_S54,0,0.9930250684125556
CTX,lineage,SVM,onehot,1,RBT-18-0269-1_S61,0,0.36977023726109504
CTX,lineage,SVM,onehot,1,RBT-18-0271-1_S62,0,0.16611091222975208
CTX,lineage,SVM,onehot,1,RBT-18-0292-1_S70,0,0.32929490624025165
CTX,lineage,SVM,onehot,1,RBT-18-0293-1_S71,0,0.19042760001875844
CTX,lineage,SVM,onehot,1,RBT-18-0339-1_S47,0,0.026368043654866894
CTX,lineage,SVM,onehot,1,RBT-18-0361-1_S38,0,0.03567589507372792
CTX,lineage,SVM,onehot,1,RBT-18-0377-1_S1,0,0.2575920519727974
CTX,lineage,SVM,onehot,1,ResetH16_S2_L001,1,0.15001030495618242
CTX,lineage,SVM,onehot,1,ResetH45_S5_L001,1,0.0681227546442162
CTX,lineage,SVM,onehot,1,ResetH92_S4_L001,1,0.8508749793139054
CTX,lineage,SVM,onehot,1,ResetH98_S4_L001,1,0.20457974356790218
CTX,lineage,SVM,onehot,1,ResetV143_S2_L001,1,0.087849028689182
CTX,lineage,SVM,onehot,1,ResetV210_S4_L001,1,0.8664721898199584
CTX,lineage,SVM,onehot,1,ResetV63_S5_L001,1,0.1601924434644863
CTX,lineage,SVM,onehot,1,Survcare052_S22,1,0.9343435410940324
CTX,lineage,SVM,onehot,1,Survcare125_S25,1,0.9482310735617362
CTX,lineage,SVM,onehot,1,Survcare190_S35,1,0.09851241359910566
CTX,lineage,SVM,onehot,1,Survcare221_S7_L001,1,0.1941287496362721
CTX,lineage,SVM,onehot,1,Survcare230_S17_L001,1,0.5666612051145479
CTX,lineage,SVM,onehot,1,Survcare289_S36,1,0.11378912541392665
CTX,lineage,SVM,onehot,1,Survcare292_S39,1,0.956226572661853
CTX,lineage,SVM,onehot,1,Survcare293_S40,1,0.12538495847281278
CTX,lineage,SVM,onehot,1,Survcare309_S20_L001,1,0.09499594032708002
CTX,lineage,SVM,onehot,1,Survcare334_S10,1,0.945602805433696
CTX,lineage,SVM,onehot,1,Survcare335_S11,1,0.8855856278173126
CTX,lineage,SVM,onehot,1,Survcare350_S44,1,0.21894228509731067
CTX,lineage,SVM,onehot,1,V123_S1_L001,1,0.5854828942621371
CTX,lineage,SVM,onehot,1,V130_S5_L001,1,0.9327626649540488
CTX,lineage,SVM,onehot,1,V139_S7_L001,1,0.875072483714042
CTX,lineage,SVM,onehot,1,V152_S3_L001,1,0.5681632389902893
CTX,lineage,SVM,onehot,1,V153_S4_L001,1,0.5739178892367328
CTX,lineage,SVM,onehot,1,V155_S5_L001,1,0.5118064746154789
CTX,lineage,SVM,onehot,1,V158_S4_L001,1,0.8350388821371586
CTX,lineage,SVM,onehot,1,V182_S6_L001,1,0.7295083661078148
CTX,lineage,SVM,onehot,1,V268_S12_L001,1,0.9320501094442172
CTX,lineage,SVM,onehot,1,V271_S13_L001,1,0.878380803204625
CTX,lineage,SVM,onehot,1,V64_S3_L001,1,0.1809885188042654
CTX,lineage,SVM,onehot,1,V79_S6_L001,1,0.8496367030319223
CTX,lineage,SVM,onehot,1,V8_S7_L001,1,0.6272511225364852
CTX,lineage,SVM,onehot,1,W2RBF-17-090-1_S26,1,0.006102805755766272
CTX,lineage,SVM,onehot,1,wdh2NRZ-29911a_S31,1,0.1276944416436214
CTX,lineage,SVM,onehot,1,wdhRBF-18-0025-1_S11_L001,0,0.7404130291826805
CTX,lineage,SVM,onehot,1,wdhRBF-18-0049-1_S13_L001,0,0.0007428024215134273
CTX,lineage,SVM,onehot,1,wdhRBF-18-0080-1_S17_L001,0,0.7143639995747836
CTX,lineage,SVM,onehot,1,wdhRBF-18-0098-1_S19_L001,0,0.14351416177910448
CTX,lineage,SVM,onehot,1,WDHRBG-16-050-1_S40,1,0.5639504254792931
CTX,lineage,SVM,onehot,1,WDHRBG-16-060-1_S27,0,0.09458562247579222
CTX,lineage,SVM,onehot,1,WDHRBG-17-0093-1_S1,1,0.9844005469167382
CTX,lineage,SVM,onehot,1,WDHRBG-17-121-1_S46,0,0.04809727570182397
CTX,lineage,SVM,onehot,1,wNRZ-33910_S81,1,0.9587635773662122
CTX,lineage,SVM,onehot,1,wRBG-16-034-1_S164,0,0.9967397594965095
CTX,lineage,SVM,onehot,1,wRBG-17-014-1_S167,0,0.2570364096580821
CTX,lineage,SVM,onehot,1,wRBG-17-034-1_S121,0,0.19212614912392387
CTX,lineage,SVM,onehot,1,wRBG-17-052-1_S120,0,0.1854130834412915
CTX,lineage,SVM,onehot,1,wRBG-17-082-1_S106,0,0.012041590518089932
CTX,lineage,SVM,onehot,1,wRBG-17-112-1_S146,0,0.07529049690991552
CTX,lineage,SVM,onehot,1,wwRBF-16-094-1_S13,1,0.1486430930959079
CTX,lineage,SVM,onehot,1,wwRBK-17-0278-1_S41,1,0.8596206561667664
CTX,lineage,SVM,onehot,2,H109_S2_L001,1,0.360912161847687
CTX,lineage,SVM,onehot,2,H17_S2_L001,1,0.7884148171476374
CTX,lineage,SVM,onehot,2,H37_S3_L001,1,0.9564572141241828
CTX,lineage,SVM,onehot,2,H66_S1_L001,1,0.6241123026227328
CTX,lineage,SVM,onehot,2,NNRBG-17-0193-1_S2,0,0.014098839026510886
CTX,lineage,SVM,onehot,2,NNRBG-17-0198-1_S4,0,0.4310375863189943
CTX,lineage,SVM,onehot,2,NNRBG-17-0205-1_S7,0,0.9683985346232574
CTX,lineage,SVM,onehot,2,NNRBG-17-0234-1_S9,0,0.08922799890014156
CTX,lineage,SVM,onehot,2,NNRBG-17-0255-1_S14,0,0.9977163642444364
CTX,lineage,SVM,onehot,2,NNRBG-17-0294-1_S18,0,0.7923415095954125
CTX,lineage,SVM,onehot,2,NNRBG-17-0298-1_S19,0,0.5073873167387694
CTX,lineage,SVM,onehot,2,NNRBG-17-0346-1_S30,0,0.6065832260194552
CTX,lineage,SVM,onehot,2,RBB-18-0519-1_S184,1,0.03341377404632462
CTX,lineage,SVM,onehot,2,RBB-18-0546-1_S22_L001,1,0.9159610366724964
CTX,lineage,SVM,onehot,2,RBB-18-0665-1_S23_L001,1,0.2903942982363612
CTX,lineage,SVM,onehot,2,RBB-18-0826-1_S193,1,0.7672651661108608
CTX,lineage,SVM,onehot,2,RBB-18-1312-1_S43,1,0.8996583116453164
CTX,lineage,SVM,onehot,2,RBB-18-1393-1_S48,1,0.925784477250982
CTX,lineage,SVM,onehot,2,RBB-18-1406-1_S49,1,0.7847266738010557
CTX,lineage,SVM,onehot,2,RBB-18-1502-1_S47,1,0.3617162821919604
CTX,lineage,SVM,onehot,2,RBB-19-0014-1_S44,1,0.8630401224689538
CTX,lineage,SVM,onehot,2,RBBK18-0189-1_S24_L001,0,0.2374141816863069
CTX,lineage,SVM,onehot,2,RBF-16-073-1_S23,1,0.9767702389912111
CTX,lineage,SVM,onehot,2,RBF-17-0424-1_S15,1,0.9773128746054032
CTX,lineage,SVM,onehot,2,RBF-17-0450-1_S10,1,0.9929689614583361
CTX,lineage,SVM,onehot,2,RBF-17-0513-1_S76,0,0.9273728801664678
CTX,lineage,SVM,onehot,2,RBF-17-0523-1_S30,0,0.4599913150377099
CTX,lineage,SVM,onehot,2,RBF-17-0614-3_S95,0,0.022770644485888215
CTX,lineage,SVM,onehot,2,RBF-17-0630-1_S59,1,0.006880912552879035
CTX,lineage,SVM,onehot,2,RBF-17-0635-1_S98,0,0.16990909842899526
CTX,lineage,SVM,onehot,2,RBF-18-0027-1_S5,0,0.9519925681358449
CTX,lineage,SVM,onehot,2,RBF-18-0093-1_S80,1,0.5612429280831112
CTX,lineage,SVM,onehot,2,RBF-18-0125-1_S30,0,0.4778594380090012
CTX,lineage,SVM,onehot,2,RBF-18-0179-1_S29,0,0.3308225850604547
CTX,lineage,SVM,onehot,2,RBF-18-0200-1_S48,0,0.17347071362612174
CTX,lineage,SVM,onehot,2,RBF-18-0208-2_S11_L001,0,0.026467501084419365
CTX,lineage,SVM,onehot,2,RBF-18-0259-1_S33,0,0.1580844703860113
CTX,lineage,SVM,onehot,2,RBF-18-0339-1_S37,0,0.6681671300396467
CTX,lineage,SVM,onehot,2,RBG-17-0284-1_S59,0,0.08003534946231526
CTX,lineage,SVM,onehot,2,RBG-18-0170-1_S41,0,0.023037416150607195
CTX,lineage,SVM,onehot,2,RBG-18-0209-2_S46,0,0.43987779917499176
CTX,lineage,SVM,onehot,2,RBG-18-0223-1_S2,0,0.011434348717264653
CTX,lineage,SVM,onehot,2,RBG-18-0239-1_S4,0,0.1697159066447873
CTX,lineage,SVM,onehot,2,RBG-18-0280-1_S51,0,0.46415728180688137
CTX,lineage,SVM,onehot,2,RBG-18-0312-1_S55,0,0.4475075768366371
CTX,lineage,SVM,onehot,2,RBG-18-0355-1_S19_L001,0,0.35800368162291163
CTX,lineage,SVM,onehot,2,RBG-18-0358-1_S39,1,0.003002670640584465
CTX,lineage,SVM,onehot,2,RBG-18-0417-1_S52,0,0.7130017359649751
CTX,lineage,SVM,onehot,2,RBK-17-049-1_S62,1,0.806845096422911
CTX,lineage,SVM,onehot,2,RBK-18-0037-1_S199,0,0.5715416841470217
CTX,lineage,SVM,onehot,2,RBK-18-0080-1_S205,0,0.8559613483351708
CTX,lineage,SVM,onehot,2,RBK-18-0104-1_S206,0,0.02508484230113913
CTX,lineage,SVM,onehot,2,RBK-18-0644-1_S180,1,0.0010510890647269235
CTX,lineage,SVM,onehot,2,RBL-17-0090-1_S145,0,0.024875117856282814
CTX,lineage,SVM,onehot,2,RBL-17-0101-1_S148,0,0.09398881915185887
CTX,lineage,SVM,onehot,2,RBL-17-0123-1_S157,0,0.5184398934979045
CTX,lineage,SVM,onehot,2,RBL-17-0144-1_S163,0,0.9880431409988888
CTX,lineage,SVM,onehot,2,RBL-17-0172-1_S170,0,0.9210905143887319
CTX,lineage,SVM,onehot,2,RBL-17-0256-1_S98,0,0.14583438737348858
CTX,lineage,SVM,onehot,2,RBL-17-0320-1_S114,0,0.5009968803902747
CTX,lineage,SVM,onehot,2,RBL-17-075-1_S18,1,0.7267319847137457
CTX,lineage,SVM,onehot,2,RBL-18-0002-1_S158,0,0.2562711700580989
CTX,lineage,SVM,onehot,2,RBT-17-0003-1_S16,0,0.37324825187803023
CTX,lineage,SVM,onehot,2,RBT-17-0022-1_S24,0,0.14871301709863052
CTX,lineage,SVM,onehot,2,RBT-17-0023-1_S25,0,0.22300375187763322
CTX,lineage,SVM,onehot,2,RBT-17-0099-1_S35,0,0.2883918974344815
CTX,lineage,SVM,onehot,2,RBT-17-0107-1_S39,0,0.06491187351042453
CTX,lineage,SVM,onehot,2,RBT-17-0130-1_S27,0,0.5873545617805211
CTX,lineage,SVM,onehot,2,RBT-17-0138-1_S52,0,0.9717287806287085
CTX,lineage,SVM,onehot,2,RBT-17-0161-1_S57,0,0.019070517158553523
CTX,lineage,SVM,onehot,2,RBT-17-0174-1_S64,0,0.08210558511222463
CTX,lineage,SVM,onehot,2,RBT-17-0239-1_S60,0,0.030843929063647964
CTX,lineage,SVM,onehot,2,RBT-17-0270-1_S65,0,0.48368407280586884
CTX,lineage,SVM,onehot,2,RBT-17-0285-1_S66,0,0.45262477507932963
CTX,lineage,SVM,onehot,2,RBT-17-0295-1_S15,0,0.03841996055694546
CTX,lineage,SVM,onehot,2,RBT-18-0017-1_S67,0,0.02282032732401297
CTX,lineage,SVM,onehot,2,RBT-18-0027-1_S68,0,0.09257840416367413
CTX,lineage,SVM,onehot,2,RBT-18-0042-1_S60,0,0.5770526920086763
CTX,lineage,SVM,onehot,2,RBT-18-0045-1_S70,0,0.0003481196151948378
CTX,lineage,SVM,onehot,2,RBT-18-0056-1_S37,0,0.1620084661856048
CTX,lineage,SVM,onehot,2,RBT-18-0064-1_S15,0,0.8628764342410647
CTX,lineage,SVM,onehot,2,RBT-18-0071-1_S41,0,0.9982831223396684
CTX,lineage,SVM,onehot,2,RBT-18-0079-1_S16,0,0.4996466682594888
CTX,lineage,SVM,onehot,2,RBT-18-0102-1_S23,0,0.24156021480441323
CTX,lineage,SVM,onehot,2,RBT-18-0110-1_S27,0,0.27008431281872397
CTX,lineage,SVM,onehot,2,RBT-18-0116-1_S46,0,0.9397102215748819
CTX,lineage,SVM,onehot,2,RBT-18-0121-1_S28,0,0.586897592310956
CTX,lineage,SVM,onehot,2,RBT-18-0141-1_S32,0,0.19423104523238047
CTX,lineage,SVM,onehot,2,RBT-18-0146-1_S55,0,0.6554592159922126
CTX,lineage,SVM,onehot,2,RBT-18-0181-1_S61,1,0.12158240924481058
CTX,lineage,SVM,onehot,2,RBT-18-0259-1_S55,0,0.24309856405754635
CTX,lineage,SVM,onehot,2,RBT-18-0275-1_S63,0,0.5823325464916266
CTX,lineage,SVM,onehot,2,RBT-18-0283-1_S65,0,0.5324779273428684
CTX,lineage,SVM,onehot,2,RBT-18-0288-1_S68,0,0.9306660959910278
CTX,lineage,SVM,onehot,2,RBT-18-0331-1_S22,0,0.8221056934698343
CTX,lineage,SVM,onehot,2,RBT-18-0334-1_S23,0,0.07054623814010791
CTX,lineage,SVM,onehot,2,RBT-18-0338-1_S35,0,0.05121547067337486
CTX,lineage,SVM,onehot,2,RBT-18-0340-1_S36,0,0.6891116545908451
CTX,lineage,SVM,onehot,2,RBT-18-0357-1_S27,0,0.08619475092228114
CTX,lineage,SVM,onehot,2,RBT-18-0358-1_S28,0,0.14903585246599108
CTX,lineage,SVM,onehot,2,RBT-18-0368-1_S32,1,0.15058094649997406
CTX,lineage,SVM,onehot,2,RBT-18-0384-1_S40,0,0.47382609104138396
CTX,lineage,SVM,onehot,2,RBT-18-0385-1_S34,0,0.11202667596362005
CTX,lineage,SVM,onehot,2,ResetH1_S1_L001,1,0.8818862185078653
CTX,lineage,SVM,onehot,2,ResetH10_S1_L001,1,0.9315508955567852
CTX,lineage,SVM,onehot,2,ResetH115_S6_L001,1,0.988382547277316
CTX,lineage,SVM,onehot,2,ResetH30_S4_L001,1,0.9952068060333759
CTX,lineage,SVM,onehot,2,ResetH93_S5_L001,1,0.8168717004389946
CTX,lineage,SVM,onehot,2,ResetH99_S5_L001,1,0.3046997553192293
CTX,lineage,SVM,onehot,2,ResetV161_S3_L001,1,0.45419881958462244
CTX,lineage,SVM,onehot,2,ResetV288_S6_L001,1,0.9613759791782523
CTX,lineage,SVM,onehot,2,RPG-18-0435-1_S32,0,0.0394717544078874
CTX,lineage,SVM,onehot,2,Survcare0114_S37,1,0.9667124529833331
CTX,lineage,SVM,onehot,2,Survcare058_S26,1,0.6875877182016001
CTX,lineage,SVM,onehot,2,Survcare104_S16_L001,1,0.2015364165267192
CTX,lineage,SVM,onehot,2,Survcare176_S17_L001,1,0.9932548543757598
CTX,lineage,SVM,onehot,2,Survcare253_S35,1,0.39958731931283115
CTX,lineage,SVM,onehot,2,Survcare321_S18,1,0.8399011707132482
CTX,lineage,SVM,onehot,2,V111_S3_L001,1,0.3349517504627368
CTX,lineage,SVM,onehot,2,V113_S3_L001,1,0.4110490644960713
CTX,lineage,SVM,onehot,2,V116_S6_L001,1,0.9741500318549048
CTX,lineage,SVM,onehot,2,V168_S9_L001,1,0.9082411176246602
CTX,lineage,SVM,onehot,2,V172_S5_L001,1,0.42784438422483406
CTX,lineage,SVM,onehot,2,V195_S1_L001,1,0.0007208543415546917
CTX,lineage,SVM,onehot,2,V215_S2_L001,1,0.7236716333767423
CTX,lineage,SVM,onehot,2,V238_S11_L001,1,0.8562356053718118
CTX,lineage,SVM,onehot,2,V289_S5_L001,1,0.9788839545589954
CTX,lineage,SVM,onehot,2,V40_S2_L001,1,0.5665786609177559
CTX,lineage,SVM,onehot,2,V73_S5_L001,1,0.49235038648768825
CTX,lineage,SVM,onehot,2,V80_S7_L001,1,0.011863673176671774
CTX,lineage,SVM,onehot,2,V86_S1_L001,1,0.45688375446270085
CTX,lineage,SVM,onehot,2,V9_S1_L001,1,0.5668471212410874
CTX,lineage,SVM,onehot,2,V96_S2_L001,1,0.5392576445738014
CTX,lineage,SVM,onehot,2,w2RBG-16-037-1_S34,0,0.933777045886225
CTX,lineage,SVM,onehot,2,wdh-RBL-17-0431-1_S46,0,0.644237867776927
CTX,lineage,SVM,onehot,2,wdhRBF-17-0558-1_S121,0,0.35840257247146046
CTX,lineage,SVM,onehot,2,wdhRBF-17-0564-1_S230,1,0.30780307593396683
CTX,lineage,SVM,onehot,2,wdhRBF-18-0059-1_S15_L001,0,0.14473207382778594
CTX,lineage,SVM,onehot,2,WDHRBG-17-005-2_S61,0,0.6274149817214457
CTX,lineage,SVM,onehot,2,WDHRBG-17-0256-1_S17,0,0.013309873749046174
CTX,lineage,SVM,onehot,2,wdhRBL-17-0370-1_S232,0,0.6987438179240073
CTX,lineage,SVM,onehot,2,wRBG-16-027-1_S174,0,0.07160047677911069
CTX,lineage,SVM,onehot,2,wRBG-17-022-1_S43,1,0.9791368296055316
CTX,lineage,SVM,onehot,2,wRBG-17-047-1_S153,0,0.1200671776276668
CTX,lineage,SVM,onehot,2,wRBG-17-073-1_S118,0,0.1776589938742811
CTX,lineage,SVM,onehot,2,wRBG-17-102-1_S169,0,0.0005420171279771757
CTX,lineage,SVM,onehot,2,wwRBB-17-031-1_S25,1,0.899670631368631
CTX,lineage,SVM,onehot,2,wwRBF-17-148-1_S27,1,0.12197981846275081
CTX,lineage,SVM,onehot,2,wwRBF-17-251-1_S33,1,0.5420764108737198
CTX,lineage,SVM,onehot,2,wwRBK-17-0298-1_S42,1,0.7056858764805712
CTX,lineage,SVM,onehot,3,H105_S3_L001,1,0.7781202209390856
CTX,lineage,SVM,onehot,3,H148_S4_L001,1,0.7540446554620053
CTX,lineage,SVM,onehot,3,H3_S1_L001,1,0.7540123733512767
CTX,lineage,SVM,onehot,3,H51_S5_L001,1,0.7881374846461838
CTX,lineage,SVM,onehot,3,H53_S4_L001,1,0.8064627971472045
CTX,lineage,SVM,onehot,3,H71_S1_L001,1,0.5814712810686177
CTX,lineage,SVM,onehot,3,H86_S1_L001,1,0.26760205337270226
CTX,lineage,SVM,onehot,3,NNRBG-17-0191-1_S1,0,0.646022363590166
CTX,lineage,SVM,onehot,3,NNRBG-17-0242-1_S11,0,0.5945505226999013
CTX,lineage,SVM,onehot,3,NNRBG-17-0243-1_S12,0,0.19761879384846825
CTX,lineage,SVM,onehot,3,NNRBG-17-0249-1_S13,0,0.5238970311681731
CTX,lineage,SVM,onehot,3,NNRBG-17-0378-1_S37,0,0.7415418198810577
CTX,lineage,SVM,onehot,3,NNRBG-17-0382-1_S38,0,0.008989503233274354
CTX,lineage,SVM,onehot,3,RBB-17-011-1_S40,1,0.7853211849548798
CTX,lineage,SVM,onehot,3,RBB-17-171-1_S52,1,0.6969894233710373
CTX,lineage,SVM,onehot,3,RBB-18-0537-1_S21_L001,1,0.7863276667229283
CTX,lineage,SVM,onehot,3,RBB-18-0668-1_S188,1,0.6754230666396615
CTX,lineage,SVM,onehot,3,RBB-18-1309-1_S42,1,0.6065613777795925
CTX,lineage,SVM,onehot,3,RBB-18-1460-1_S45,1,0.39396828296478476
CTX,lineage,SVM,onehot,3,RBF-16-004-1_S18,1,0.46514567764399517
CTX,lineage,SVM,onehot,3,RBF-16-060-1_S22,1,0.785858308895999
CTX,lineage,SVM,onehot,3,RBF-17-0340-1_S81,1,0.8295029955900637
CTX,lineage,SVM,onehot,3,RBF-17-0438-1_S9,1,0.7853211849548798
CTX,lineage,SVM,onehot,3,RBF-17-0467-1_S12,1,0.7514773821790138
CTX,lineage,SVM,onehot,3,RBF-17-0489-1_S13,1,0.7014547454066938
CTX,lineage,SVM,onehot,3,RBF-17-0521-1_S78,0,0.7601961993716008
CTX,lineage,SVM,onehot,3,RBF-17-0537-1_S56,1,0.7173548361214437
CTX,lineage,SVM,onehot,3,RBF-17-0553-1_S85,0,0.7465988305411086
CTX,lineage,SVM,onehot,3,RBF-17-0572-2_S89,0,0.49167808988823697
CTX,lineage,SVM,onehot,3,RBF-17-067-1_S54,1,0.6303991458162475
CTX,lineage,SVM,onehot,3,RBF-17-094-1_S56,1,0.7148614141145363
CTX,lineage,SVM,onehot,3,RBF-17-170-1_S66,1,0.43534843667541695
CTX,lineage,SVM,onehot,3,RBF-17-186-1_S69,1,0.7853211849548798
CTX,lineage,SVM,onehot,3,RBF-17-318-1_S77,1,0.7431327297135738
CTX,lineage,SVM,onehot,3,RBF-18-0019-1_S2,0,0.7659409241277859
CTX,lineage,SVM,onehot,3,RBF-18-0035-1_S6,0,0.16195439765460515
CTX,lineage,SVM,onehot,3,RBF-18-0068-1_S77,1,0.47469315580192795
CTX,lineage,SVM,onehot,3,RBF-18-0075-1_S79,1,0.4476055097517932
CTX,lineage,SVM,onehot,3,RBF-18-0132-1_S26,0,0.8538979269907622
CTX,lineage,SVM,onehot,3,RBF-18-0163-2_S39,0,0.779092083607803
CTX,lineage,SVM,onehot,3,RBF-18-0173-1_S27,0,0.8740611369310284
CTX,lineage,SVM,onehot,3,RBF-18-0174-1_S28,1,0.6534557488338177
CTX,lineage,SVM,onehot,3,RBF-18-0187-1_S31,1,0.8893848229992465
CTX,lineage,SVM,onehot,3,RBF-18-0194-1_S86,1,0.17083223939731954
CTX,lineage,SVM,onehot,3,RBF-18-0196-1_S46,0,0.6693642349764124
CTX,lineage,SVM,onehot,3,RBF-18-0199-1_S47,0,0.858706292120803
CTX,lineage,SVM,onehot,3,RBF-18-0227-1_S53,0,0.05556816913358047
CTX,lineage,SVM,onehot,3,RBF-18-0253-1_S13_L001,0,0.9116382978002482
CTX,lineage,SVM,onehot,3,RBF-18-0277-1_S61,0,0.7658307086194173
CTX,lineage,SVM,onehot,3,RBF-18-0282-1_S63,0,0.9739658142674841
CTX,lineage,SVM,onehot,3,RBF-18-0321-1_S69,0,0.8516889616117505
CTX,lineage,SVM,onehot,3,RBF-18-0585-1_S48,1,0.6191158908376865
CTX,lineage,SVM,onehot,3,RBF-18-0714-2_S204_2,1,0.6382353615875667
CTX,lineage,SVM,onehot,3,RBG-17-0269-1_S41,0,0.8040899991601105
CTX,lineage,SVM,onehot,3,RBG-17-0351-1_S20_L001,1,0.7975671783881004
CTX,lineage,SVM,onehot,3,RBG-17-0383-1_S44,0,0.17389561440549423
CTX,lineage,SVM,onehot,3,RBG-18-0004-1_S1,1,0.7853211849548798
CTX,lineage,SVM,onehot,3,RBG-18-0012-1_S3,0,0.43931307807379694
CTX,lineage,SVM,onehot,3,RBG-18-0041-1_S6,0,0.6572720896894576
CTX,lineage,SVM,onehot,3,RBG-18-0071-1_S44,0,0.7110941867928718
CTX,lineage,SVM,onehot,3,RBG-18-0072-1_S8,0,0.6943564703936116
CTX,lineage,SVM,onehot,3,RBG-18-0083-1_S12,0,0.8126035920099866
CTX,lineage,SVM,onehot,3,RBG-18-0085-1_S11,0,0.11949259336470842
CTX,lineage,SVM,onehot,3,RBG-18-0099-1_S14,1,0.7853211849548798
CTX,lineage,SVM,onehot,3,RBG-18-0129-1_S15_L001,1,0.3470822546445567
CTX,lineage,SVM,onehot,3,RBG-18-0153-1_S14,0,0.7591519508847772
CTX,lineage,SVM,onehot,3,RBG-18-0177-1_S17_L001,1,0.8065518590534863
CTX,lineage,SVM,onehot,3,RBG-18-0200-1_S18_L001,1,0.6173704637978608
CTX,lineage,SVM,onehot,3,RBG-18-0221-1_S47,0,0.6870056425292862
CTX,lineage,SVM,onehot,3,RBG-18-0224-1_S24_L001,1,0.7870963193202122
CTX,lineage,SVM,onehot,3,RBG-18-0279-1_S36,1,0.7036746626931153
CTX,lineage,SVM,onehot,3,RBG-18-0289-1_S37,1,0.24019405366234686
CTX,lineage,SVM,onehot,3,RBG-18-0380-1_S48,0,0.7853211849548798
CTX,lineage,SVM,onehot,3,RBG-18-0388-1_S21_L001,1,0.7651934037559046
CTX,lineage,SVM,onehot,3,RBG-18-0391-1_S22_L001,1,0.8686698446418297
CTX,lineage,SVM,onehot,3,RBG-18-0410-1_S12,1,0.6318966848844205
CTX,lineage,SVM,onehot,3,RBG-18-0421-1_S53,1,0.7626751346646569
CTX,lineage,SVM,onehot,3,RBG-18-0437-1_S54,1,0.38845651870110015
CTX,lineage,SVM,onehot,3,RBK-17-0457-1_S6,1,0.6752651988367196
CTX,lineage,SVM,onehot,3,RBK-17-0492-1_S8,1,0.15117616813814408
CTX,lineage,SVM,onehot,3,RBK-17-0588-1_S24,1,0.6740195093499932
CTX,lineage,SVM,onehot,3,RBK-17-0601-1_S25,1,0.7853211849548798
CTX,lineage,SVM,onehot,3,RBK-17-0612-1_S27,1,0.7837643940537377
CTX,lineage,SVM,onehot,3,RBK-17-0655-5_S182,1,0.7631649748245033
CTX,lineage,SVM,onehot,3,RBK-18-0060-1_S22,0,0.9923298430588714
CTX,lineage,SVM,onehot,3,RBK-18-0077-1_S212,1,0.7837643940537377
CTX,lineage,SVM,onehot,3,RBK-18-0236-2_S52_2,1,0.3689801766437238
CTX,lineage,SVM,onehot,3,RBKk-18-0108-1_S201,1,0.6512192559336331
CTX,lineage,SVM,onehot,3,RBL-17-0093-1_S146,0,0.3196947488920965
CTX,lineage,SVM,onehot,3,RBL-17-0107-1_S150,0,0.4117997559984489
CTX,lineage,SVM,onehot,3,RBL-17-0113-1_S153,0,0.712794302189199
CTX,lineage,SVM,onehot,3,RBL-17-0118-1_S156,0,0.5684240043696446
CTX,lineage,SVM,onehot,3,RBL-17-0165-1_S167,0,0.08109147829554221
CTX,lineage,SVM,onehot,3,RBL-17-0189-1_S172,0,0.5717262224549002
CTX,lineage,SVM,onehot,3,RBL-17-0199-1_S174,0,0.6652004742490549
CTX,lineage,SVM,onehot,3,RBL-17-0217-1_S176,0,0.9702747192790947
CTX,lineage,SVM,onehot,3,RBL-17-0226-1_S41,1,0.7145350222970863
CTX,lineage,SVM,onehot,3,RBL-17-0242-1_S42,1,0.8311620292212969
CTX,lineage,SVM,onehot,3,RBL-17-0244-1_S44,1,0.7281240744136269
CTX,lineage,SVM,onehot,3,RBL-17-0264-1_S103,0,0.16916940531178104
CTX,lineage,SVM,onehot,3,RBL-17-0267-1_S104,0,0.253440360001605
CTX,lineage,SVM,onehot,3,RBL-17-0305-1_S49,1,0.7033630377468606
CTX,lineage,SVM,onehot,3,RBL-17-0307-1_S51,1,0.7853211849548798
CTX,lineage,SVM,onehot,3,RBL-17-0323-1_S115,0,0.4164251532433686
CTX,lineage,SVM,onehot,3,RBL-17-0328-1_S117,0,0.18207248477989335
CTX,lineage,SVM,onehot,3,RBL-17-0332-1_S118,0,0.925310388918498
CTX,lineage,SVM,onehot,3,RBL-17-0350-1_S106,0,0.8032910741213448
CTX,lineage,SVM,onehot,3,RBL-17-0359-1_S66,1,0.850034847005056
CTX,lineage,SVM,onehot,3,RBL-17-0392-1_S69,1,0.7033630377468606
CTX,lineage,SVM,onehot,3,RBL-17-0411-1_S128,0,0.08102350825506481
CTX,lineage,SVM,onehot,3,RBL-17-0432-1_S132,0,0.9603083100521913
CTX,lineage,SVM,onehot,3,RBL-17-0434-1_S133,0,0.7377004032849876
CTX,lineage,SVM,onehot,3,RBL-17-060-1_S17,1,0.6565256367405315
CTX,lineage,SVM,onehot,3,RBL-18-0048-1_S44,0,0.87456105055633
CTX,lineage,SVM,onehot,3,RBL-18-0059-1_S171,0,0.9169186540418273
CTX,lineage,SVM,onehot,3,RBL-18-0076-1_S47,1,0.7596103105400562
CTX,lineage,SVM,onehot,3,RBL-18-0090-1_S48,1,0.5960294397251895
CTX,lineage,SVM,onehot,3,RBL-18-0093-1_S49,0,0.6466681619012654
CTX,lineage,SVM,onehot,3,RBL-18-0098-1_S178,0,0.7507040874579792
CTX,lineage,SVM,onehot,3,RBL-18-0194-1_S195_2,1,0.6036801164630736
CTX,lineage,SVM,onehot,3,RBL-18-0242-1_S51,0,0.033886566897541624
CTX,lineage,SVM,onehot,3,RBL-18-0343-1_S6,1,0.20946489657325942
CTX,lineage,SVM,onehot,3,RBL-18-0467-1_S228_2,1,0.7684658374342611
CTX,lineage,SVM,onehot,3,RBL-18-0500-1_S230_2,1,0.8529486852449377
CTX,lineage,SVM,onehot,3,RBT-16-0024-1_S10,1,0.7476987618115999
CTX,lineage,SVM,onehot,3,RBT-16-0038-1_S11,1,0.25919844575869816
CTX,lineage,SVM,onehot,3,RBT-17-0009-1_S21,0,0.7968853113587195
CTX,lineage,SVM,onehot,3,RBT-17-0039-1_S28,1,0.4293482756916403
CTX,lineage,SVM,onehot,3,RBT-17-0102-1_S37,0,0.8348478033716697
CTX,lineage,SVM,onehot,3,RBT-17-0168-1_S61,0,0.7801145476893413
CTX,lineage,SVM,onehot,3,RBT-17-0249-1_S61,1,0.7532921075763762
CTX,lineage,SVM,onehot,3,RBT-17-0328-1_S16,1,0.754742282253078
CTX,lineage,SVM,onehot,3,RBT-17-0339-1_S20,0,0.7507303185439689
CTX,lineage,SVM,onehot,3,RBT-18-0021-1_S56,1,0.7853211849548798
CTX,lineage,SVM,onehot,3,RBT-18-0053-1_S36,1,0.7595696831347374
CTX,lineage,SVM,onehot,3,RBT-18-0129-1_S52,0,0.5012939362563881
CTX,lineage,SVM,onehot,3,RBT-18-0179-1_S37,0,0.4061684369795154
CTX,lineage,SVM,onehot,3,RBT-18-0205-1_S6,1,0.8016234342738063
CTX,lineage,SVM,onehot,3,RBT-18-0227-1_S46,1,0.7853228639414145
CTX,lineage,SVM,onehot,3,RBT-18-0232-1_S47,0,0.358415370295956
CTX,lineage,SVM,onehot,3,RBT-18-0234-1_S15,1,0.8684382313925618
CTX,lineage,SVM,onehot,3,RBT-18-0263-1_S58,0,0.22207049711223587
CTX,lineage,SVM,onehot,3,RBT-18-0265-1_S59,0,0.03326237476302469
CTX,lineage,SVM,onehot,3,RBT-18-0278-1_S64,0,0.9705749953385181
CTX,lineage,SVM,onehot,3,RBT-18-0284-1_S66,1,0.662172048052203
CTX,lineage,SVM,onehot,3,RBT-18-0296-1_S72,1,0.7765265885613469
CTX,lineage,SVM,onehot,3,RBT-18-0308-1_S34,0,0.8622434242279886
CTX,lineage,SVM,onehot,3,RBT-18-0324-1_S57,1,0.7554516995811847
CTX,lineage,SVM,onehot,3,RBT-18-0335-1_S41,0,0.8946362539101628
CTX,lineage,SVM,onehot,3,RBT-18-0337-1_S46,1,0.4559461741728566
CTX,lineage,SVM,onehot,3,RBT-18-0351-1_S48,0,0.31161087607766
CTX,lineage,SVM,onehot,3,RBT-18-0363-1_S72,1,0.7011605143579218
CTX,lineage,SVM,onehot,3,RBT-18-0365-1_S30,0,0.714981617890565
CTX,lineage,SVM,onehot,3,RBT-18-0370-1_S33,0,0.10456514518663172
CTX,lineage,SVM,onehot,3,RBT-18-0372-1_S31,1,0.8033623323965795
CTX,lineage,SVM,onehot,3,RBT-18-0391-1_S35,1,0.7545685164027741
CTX,lineage,SVM,onehot,3,RBT-18-0392-1_S56,1,0.76748275019696
CTX,lineage,SVM,onehot,3,RBT-18-0401-1_S43,0,0.6899720676630137
CTX,lineage,SVM,onehot,3,ResetH127_S6_L001,1,0.7499402874819316
CTX,lineage,SVM,onehot,3,ResetH129_S7_L001,1,0.7527890090539497
CTX,lineage,SVM,onehot,3,ResetH131_S7_L001,1,0.7265519512379165
CTX,lineage,SVM,onehot,3,ResetH132_S1_L001,1,0.529599595880524
CTX,lineage,SVM,onehot,3,ResetH49b_S6_L001,1,0.39131516780917497
CTX,lineage,SVM,onehot,3,ResetH63_S7_L001,1,0.7853211849548798
CTX,lineage,SVM,onehot,3,ResetH75_S2_L001,1,0.7531729766886395
CTX,lineage,SVM,onehot,3,ResetV260_S5_L001,1,0.8253204881667773
CTX,lineage,SVM,onehot,3,Survcare187_S32,1,0.8330173862672576
CTX,lineage,SVM,onehot,3,Survcare236_S5_L001,1,0.6128734118429323
CTX,lineage,SVM,onehot,3,Survcare265_S20,1,0.580979288024295
CTX,lineage,SVM,onehot,3,Survcare327_S1,1,0.6719156815098212
CTX,lineage,SVM,onehot,3,Survcare341_S25,1,0.6150379634297464
CTX,lineage,SVM,onehot,3,V282_S4_L001,1,0.8455248617726396
CTX,lineage,SVM,onehot,3,V291_S5_L001,1,0.8081058323096544
CTX,lineage,SVM,onehot,3,V295_S7_L001,1,0.7926102187783973
CTX,lineage,SVM,onehot,3,W2RBK-17-168-1_S33,1,0.692922946859221
CTX,lineage,SVM,onehot,3,W2RBK-17-169-1_S34,1,0.3647868758291894
CTX,lineage,SVM,onehot,3,W2RBL-16-018-1_S15,1,0.3849570930000837
CTX,lineage,SVM,onehot,3,wdh-RBB-17-170-1_S16,1,0.6778179965116178
CTX,lineage,SVM,onehot,3,wdh-RBF-17-0572-1_S43,0,0.5020686552996833
CTX,lineage,SVM,onehot,3,wdhRBF-10-0002-1_S10_L001,1,0.8949769608525666
CTX,lineage,SVM,onehot,3,wdhRBF-17-0567-1_S122,0,0.11585145122053737
CTX,lineage,SVM,onehot,3,WDHRBG-17-008-1_S83,0,0.13590117151294606
CTX,lineage,SVM,onehot,3,WDHRBG-17-122-1_S48,0,0.4937468946123816
CTX,lineage,SVM,onehot,3,wRBF-17-0146-1_S35,1,0.7532921075763762
CTX,lineage,SVM,onehot,3,wRBG-16-024-1_S152,0,0.9352181507866062
CTX,lineage,SVM,onehot,3,wRBG-16-033-1_S153,0,0.2289755880172459
CTX,lineage,SVM,onehot,3,wRBG-17-028-1_S100,0,0.3082916669300367
CTX,lineage,SVM,onehot,3,wRBG-17-031-1_S154,0,0.34345085518898616
CTX,lineage,SVM,onehot,3,wRBG-17-049-1_S142,0,0.8819145452083138
CTX,lineage,SVM,onehot,3,wRBG-17-055-1_S163,0,0.7085087162665286
CTX,lineage,SVM,onehot,3,wRBG-17-057-1_S141,0,0.05895482486678327
CTX,lineage,SVM,onehot,3,wRBG-17-106-1_S125,0,0.2629226635935702
CTX,lineage,SVM,onehot,3,wRBG-17-110-1_S168,0,0.1936409457470222
CTX,lineage,SVM,onehot,3,wwRBB-16-112-1_S1,1,0.5364962431935132
CTX,lineage,SVM,onehot,3,wwRBF-16-007-1_S10,1,0.6888129660208008
CTX,lineage,SVM,onehot,3,wwRBF-17-167-1_S31,1,0.7984303905735846
CTX,lineage,SVM,onehot,3,wwRBF-17-189-1_S32,1,0.9179841634228683
CTX,lineage,SVM,onehot,3,wwRBF-17-209-1_S34,0,0.7472782697928438
CTX,lineage,SVM,onehot,3,wwRBK-16-023-1_S5,1,0.44563020220910904
CTX,lineage,SVM,onehot,3,wwRBK-17-0148-1_S37,1,0.6915520483381484
CTX,lineage,SVM,onehot,3,wwRBK-17-0148-2_S38,1,0.8509205872357472
CTX,lineage,SVM,onehot,3,wwRBK-17-0197-1_S39,1,0.6736961333270262
CTX,lineage,SVM,onehot,3,wwRBK-17-075-1_S28,1,0.6994783417593938
CTX,lineage,SVM,onehot,3,wwRBL-17-004-1_S44,1,0.7904434279868023
CTX,lineage,SVM,onehot,4,H108_S5_L001,1,0.4515334297734912
CTX,lineage,SVM,onehot,4,H119_S7_L001,1,0.9944899517640851
CTX,lineage,SVM,onehot,4,H123_S1_L001,1,0.9241095626513913
CTX,lineage,SVM,onehot,4,H130_S2_L001,1,0.5107891226189398
CTX,lineage,SVM,onehot,4,H153_S1_L001,1,0.21794213931917805
CTX,lineage,SVM,onehot,4,H154_S2_L001,1,0.31270493299549335
CTX,lineage,SVM,onehot,4,H157_S3_L001,1,0.9861051109652619
CTX,lineage,SVM,onehot,4,H160_S3_L001,1,0.1991625933066434
CTX,lineage,SVM,onehot,4,H164_S3_L001,1,0.377477977261631
CTX,lineage,SVM,onehot,4,H28_S10_L001,1,0.08534664294480643
CTX,lineage,SVM,onehot,4,H83_S7_L001,1,0.8743818966966153
CTX,lineage,SVM,onehot,4,NNRBG-17-0227-1_S8,0,0.11291671841432373
CTX,lineage,SVM,onehot,4,NNRBG-17-0239-1_S10,0,0.6089903129991109
CTX,lineage,SVM,onehot,4,NNRBG-17-0278-1_S16,0,0.20406619648332794
CTX,lineage,SVM,onehot,4,RBB-18-0674-1_S189,1,0.7899236835104998
CTX,lineage,SVM,onehot,4,RBB-18-0772-1_S192,1,0.13722591491520747
CTX,lineage,SVM,onehot,4,RBF-17-0550-1_S84,0,0.9934110194054231
CTX,lineage,SVM,onehot,4,RBF-17-0587-1_S91,0,0.27731723957589755
CTX,lineage,SVM,onehot,4,RBF-17-0605-1_S94,0,0.8634400758915678
CTX,lineage,SVM,onehot,4,RBF-17-0616-1_S96,0,0.5664710650641287
CTX,lineage,SVM,onehot,4,RBF-17-0632-1_S97,0,0.11788864045692493
CTX,lineage,SVM,onehot,4,RBF-17-0645-1_S61,1,0.9222318823913082
CTX,lineage,SVM,onehot,4,RBF-17-0651-1_S62,1,0.6960249484751352
CTX,lineage,SVM,onehot,4,RBF-17-0653-1_S101,0,0.06195721994023614
CTX,lineage,SVM,onehot,4,RBF-17-266-1_S70,1,0.9205696298857804
CTX,lineage,SVM,onehot,4,RBF-18-0013-1_S25_L001,0,0.6078313195916272
CTX,lineage,SVM,onehot,4,RBF-18-0036-1_S7,0,0.023648017832830236
CTX,lineage,SVM,onehot,4,RBF-18-0064-2_S14,0,0.25075227786331783
CTX,lineage,SVM,onehot,4,RBF-18-0066-1_S15,0,0.23177109968689363
CTX,lineage,SVM,onehot,4,RBF-18-0072-1_S16,0,0.07556084809503373
CTX,lineage,SVM,onehot,4,RBF-18-0099-1_S26,0,0.08011977702155472
CTX,lineage,SVM,onehot,4,RBF-18-0139-1_S35,0,0.011197311329639744
CTX,lineage,SVM,onehot,4,RBF-18-0184-1_S30,0,0.49452307184964134
CTX,lineage,SVM,onehot,4,RBF-18-0192-1_S44,0,0.05853747866633023
CTX,lineage,SVM,onehot,4,RBF-18-0251-1_S55,0,0.3064130022641963
CTX,lineage,SVM,onehot,4,RBF-18-0280-1_S62,0,0.4180135975537034
CTX,lineage,SVM,onehot,4,RBF-18-0294-1_S64,0,0.08209196859089254
CTX,lineage,SVM,onehot,4,RBF-18-0296-1_S17,0,0.5313157542219936
CTX,lineage,SVM,onehot,4,RBF-18-0338-1_S72,0,0.021487078578545617
CTX,lineage,SVM,onehot,4,RBF-18-0634-1_S183,1,0.03768554457224653
CTX,lineage,SVM,onehot,4,RBF-18-0664-1_S190,1,0.22513793985840444
CTX,lineage,SVM,onehot,4,RBG-17-013-1_S16,1,0.6923655737361708
CTX,lineage,SVM,onehot,4,RBg-17-123-2_S12,0,0.4457086998376001
CTX,lineage,SVM,onehot,4,RBG-18-0017-1_S5,0,0.016877570615560746
CTX,lineage,SVM,onehot,4,RBG-18-0076-1_S10,0,0.9026881440514009
CTX,lineage,SVM,onehot,4,RBG-18-0108-1_S16,0,0.029358317004399823
CTX,lineage,SVM,onehot,4,RBG-18-0140-1_S14_L001,0,0.5120004947713083
CTX,lineage,SVM,onehot,4,RBG-18-0144-1_S38,0,0.015374840391585444
CTX,lineage,SVM,onehot,4,RBG-18-0166-1_S10_L001,0,0.4216282842215492
CTX,lineage,SVM,onehot,4,RBG-18-0204-1_S23_L001,0,0.15972281934657745
CTX,lineage,SVM,onehot,4,RBG-18-0211-1_S35,1,0.24931724014059894
CTX,lineage,SVM,onehot,4,RBG-18-0300-1_S52,0,0.2687143990633255
CTX,lineage,SVM,onehot,4,RBG-18-0352-1_S21_L001,0,0.2793097930204661
CTX,lineage,SVM,onehot,4,RBG-18-0381-1_S49,0,0.11655573152847729
CTX,lineage,SVM,onehot,4,RBK-16-007-1_S13,1,0.02027359301594494
CTX,lineage,SVM,onehot,4,RBK-16-073-1_S14,1,0.5906374285753212
CTX,lineage,SVM,onehot,4,RBK-17-0595-1_S187,1,0.8706389296179513
CTX,lineage,SVM,onehot,4,RBK-18-0002-1_S38,1,0.50669158990163
CTX,lineage,SVM,onehot,4,RBK-18-0005-1_S18,0,0.027880076166844858
CTX,lineage,SVM,onehot,4,RBK-18-0047-1_S20,0,0.4728490843240097
CTX,lineage,SVM,onehot,4,RBK-18-0062-2_S203,0,0.7882076798052636
CTX,lineage,SVM,onehot,4,RBK-18-0414-1_S59,0,0.0033255306159412894
CTX,lineage,SVM,onehot,4,RBL-17-0108-1_S151,0,0.5659405756412254
CTX,lineage,SVM,onehot,4,RBL-17-0116-1_S154,0,0.2612650081678266
CTX,lineage,SVM,onehot,4,RBL-17-0205-1_S175,0,0.4016265310038265
CTX,lineage,SVM,onehot,4,RBL-17-0259-1_S99,0,0.6330774019723374
CTX,lineage,SVM,onehot,4,RBL-17-0274-2_S105,0,0.000846025987603735
CTX,lineage,SVM,onehot,4,RBL-17-0327-1_S116,0,0.0028339894212579325
CTX,lineage,SVM,onehot,4,RBL-17-0340-1_S102,0,0.5585956917716051
CTX,lineage,SVM,onehot,4,RBL-17-0342-1_S103,0,0.5234324847246343
CTX,lineage,SVM,onehot,4,RBL-17-0347-1_S104,0,0.40528050767264584
CTX,lineage,SVM,onehot,4,RBL-17-0360-1_S108,0,0.05184201903927638
CTX,lineage,SVM,onehot,4,RBL-17-0366-1_S113,0,0.00834516269023026
CTX,lineage,SVM,onehot,4,RBL-17-0368-1_S114,0,0.4372416476411745
CTX,lineage,SVM,onehot,4,RBL-17-0390-1_S121,0,0.020764006895592036
CTX,lineage,SVM,onehot,4,RBL-17-0395-1_S124,0,0.2940017502227946
CTX,lineage,SVM,onehot,4,RBL-17-0402-1_S126,0,0.35939235406593745
CTX,lineage,SVM,onehot,4,RBL-17-0435-1_S134,0,0.302657843899182
CTX,lineage,SVM,onehot,4,RBL-18-0010-1_S159,0,0.003894925092329608
CTX,lineage,SVM,onehot,4,RBL-18-0016-1_S161,0,0.27616844391931444
CTX,lineage,SVM,onehot,4,RBL-18-0066-1_S173,0,0.08306655546672932
CTX,lineage,SVM,onehot,4,RBL-18-0085-1_S176,0,0.4558275079446204
CTX,lineage,SVM,onehot,4,RBT-16-0045-1_S58,1,0.09279159404906738
CTX,lineage,SVM,onehot,4,RBT-17-0027-1_S3,0,0.4778730922824717
CTX,lineage,SVM,onehot,4,RBT-17-0100-1_S36,1,0.0023629425390685062
CTX,lineage,SVM,onehot,4,RBT-17-0112-1_S41,0,0.020440691896611542
CTX,lineage,SVM,onehot,4,RBT-17-0165-1_S60,0,0.044599721571431515
CTX,lineage,SVM,onehot,4,RBT-17-0177-1_S65,0,0.8129707936374536
CTX,lineage,SVM,onehot,4,RBT-17-0177-2_S7,0,0.8057471068473545
CTX,lineage,SVM,onehot,4,RBT-17-0178-1_S66,0,0.019049815091053784
CTX,lineage,SVM,onehot,4,RBT-17-0210-1_S55,0,0.06522009380571724
CTX,lineage,SVM,onehot,4,RBT-17-0228-1_S10,0,0.8455207756529363
CTX,lineage,SVM,onehot,4,RBT-17-0238-1_S59,0,0.025764440508935633
CTX,lineage,SVM,onehot,4,RBT-17-0251-1_S62,1,0.8062774008899695
CTX,lineage,SVM,onehot,4,RBT-17-0287-1_S10,0,0.007543776154370184
CTX,lineage,SVM,onehot,4,RBT-18-0023-1_S14,0,0.037663957847084
CTX,lineage,SVM,onehot,4,RBT-18-0057-1_S38,0,0.030038675208715948
CTX,lineage,SVM,onehot,4,RBT-18-0091-1_S42,0,0.5438773850923866
CTX,lineage,SVM,onehot,4,RBT-18-0095-1_S19,0,0.6382117921453945
CTX,lineage,SVM,onehot,4,RBT-18-0096-1_S20,0,0.9667371321518959
CTX,lineage,SVM,onehot,4,RBT-18-0100-1_S21,0,0.8832492451097982
CTX,lineage,SVM,onehot,4,RBT-18-0115-1_S45,0,0.07541090013871074
CTX,lineage,SVM,onehot,4,RBT-18-0120-1_S48,0,0.8459710741405894
CTX,lineage,SVM,onehot,4,RBT-18-0164-1_S34,0,0.004843082407458551
CTX,lineage,SVM,onehot,4,RBT-18-0173-1_S35,0,0.17106949647245837
CTX,lineage,SVM,onehot,4,RBT-18-0184-1_S38,1,0.0060817785262196195
CTX,lineage,SVM,onehot,4,RBT-18-0185-1_S39,0,0.17793493185165796
CTX,lineage,SVM,onehot,4,RBT-18-0236-1_S48,1,0.005756777552976154
CTX,lineage,SVM,onehot,4,RBT-18-0251-1_S7,0,0.43537936565931673
CTX,lineage,SVM,onehot,4,RBT-18-0252-1_S53,0,0.9424386436602153
CTX,lineage,SVM,onehot,4,RBT-18-0316-1_S43,0,0.23238134123156376
CTX,lineage,SVM,onehot,4,RBT-18-0341-1_S24,0,0.4186249018990853
CTX,lineage,SVM,onehot,4,RBT-18-0364-1_S29,0,0.8804731069838444
CTX,lineage,SVM,onehot,4,ResetH134_S8_L001,1,0.6200222475279002
CTX,lineage,SVM,onehot,4,ResetH139_S3_L001,1,0.46611453744976467
CTX,lineage,SVM,onehot,4,ResetH152_S4_L001,1,0.37532557890753054
CTX,lineage,SVM,onehot,4,ResetH44_S3_L001,1,0.9088336149239771
CTX,lineage,SVM,onehot,4,ResetH89_S3_L001,1,0.9437146051761901
CTX,lineage,SVM,onehot,4,ResetV105_S1_L001,1,0.9994958604316532
CTX,lineage,SVM,onehot,4,Survcare129_S1,1,0.039465138784900614
CTX,lineage,SVM,onehot,4,Survcare133_S25,1,0.8822715111503585
CTX,lineage,SVM,onehot,4,Survcare134_S26,1,0.5705328333947627
CTX,lineage,SVM,onehot,4,Survcare140_S4_L001,1,0.9063995739195819
CTX,lineage,SVM,onehot,4,Survcare184_S19,1,0.11217375025612791
CTX,lineage,SVM,onehot,4,Survcare254_S36,1,0.6596608295019016
CTX,lineage,SVM,onehot,4,Survcare275_S38,1,0.05285672312200544
CTX,lineage,SVM,onehot,4,Survcare278_S62,1,0.4022626873555258
CTX,lineage,SVM,onehot,4,Survcare291_S38,1,0.08407859207726408
CTX,lineage,SVM,onehot,4,Survcare295_S8_L001,1,0.9970024279206477
CTX,lineage,SVM,onehot,4,Survcare303_S15_L001,1,0.693047386299688
CTX,lineage,SVM,onehot,4,Survcare313_S24_L001,1,0.8854899324002803
CTX,lineage,SVM,onehot,4,Survcare317_S5_L001,1,0.4030291674219474
CTX,lineage,SVM,onehot,4,Survcare329_S3,1,0.11938323063536396
CTX,lineage,SVM,onehot,4,Survcare337_S12,1,0.14893011248747215
CTX,lineage,SVM,onehot,4,V108_S2_L001,1,0.536309879695723
CTX,lineage,SVM,onehot,4,V120_S5_L001,1,0.9079216616110504
CTX,lineage,SVM,onehot,4,V173_S6_L001,1,0.1066872524041647
CTX,lineage,SVM,onehot,4,V205_S3_L001,1,0.7482706021414364
CTX,lineage,SVM,onehot,4,V228_S8_L001,1,0.5780330524443676
CTX,lineage,SVM,onehot,4,V229_S10_L001,1,0.5838244870823456
CTX,lineage,SVM,onehot,4,V232_S3_L001,1,0.008364337429868004
CTX,lineage,SVM,onehot,4,V71_S4_L001,1,0.9924612485108724
CTX,lineage,SVM,onehot,4,V89_S1_L001,1,0.00783840710849443
CTX,lineage,SVM,onehot,4,wdh-RBL-17-0361-1_S44,0,0.25613901136183675
CTX,lineage,SVM,onehot,4,wdh-Survcare119_S44,1,0.5670137951036862
CTX,lineage,SVM,onehot,4,wdhRBF-18-0048-1_S12_L001,0,0.07163889429290951
CTX,lineage,SVM,onehot,4,WDHRBG-16-062-1_S49,0,0.03012005321125713
CTX,lineage,SVM,onehot,4,WDHRBG-17-001-1_S82,0,0.006816789415717848
CTX,lineage,SVM,onehot,4,wRBG-17-023-1_S155,0,0.007240382261852231
CTX,lineage,SVM,onehot,4,wRBG-17-030-1_S165,0,0.7850689260094463
CTX,lineage,SVM,onehot,4,wRBG-17-075-1_S96,0,0.18362517071161763
CTX,lineage,RF,onehot,0,H113_S6_L001,1,0.15
CTX,lineage,RF,onehot,0,H116_S8_L001,1,0.464
CTX,lineage,RF,onehot,0,H122_S4_L001,1,0.832
CTX,lineage,RF,onehot,0,H141_S6_L001,1,0.512
CTX,lineage,RF,onehot,0,H162_S4_L001,1,0.76
CTX,lineage,RF,onehot,0,H176_S5_L001,1,0.326
CTX,lineage,RF,onehot,0,H38_S4_L001,1,0.692
CTX,lineage,RF,onehot,0,NNRBG-17-0196-1_S3,0,0.1235047619047619
CTX,lineage,RF,onehot,0,NNRBG-17-0199-1_S5,0,0.1235047619047619
CTX,lineage,RF,onehot,0,NNRBG-17-0287-1_S17,0,0.396
CTX,lineage,RF,onehot,0,NNRBG-17-0319-1_S24,0,0.15144615384615384
CTX,lineage,RF,onehot,0,NNRBG-17-0328-1_S25,0,0.14726433566433564
CTX,lineage,RF,onehot,0,NNRBG-17-0329-1_S26,0,0.1076
CTX,lineage,RF,onehot,0,NNRBG-17-0399-1_S40,0,0.1556
CTX,lineage,RF,onehot,0,NNSurvcare045_S41,1,0.634
CTX,lineage,RF,onehot,0,RBB-18-0129-1_S179,1,0.444
CTX,lineage,RF,onehot,0,RBB-18-0892-1_S80_2,1,0.96
CTX,lineage,RF,onehot,0,RBB-18-0972-1_S203_2,1,0.702
CTX,lineage,RF,onehot,0,RBB-18-1086-1_S189_2,1,0.514
CTX,lineage,RF,onehot,0,RBB-18-1212-1_S67_2,1,0.962
CTX,lineage,RF,onehot,0,RBB-18-1488-1_S46,1,0.14384615384615385
CTX,lineage,RF,onehot,0,RBF-10-0240-1_S12_L001,0,0.10919615384615385
CTX,lineage,RF,onehot,0,RBF-16-0064-1_S136,0,0.15
CTX,lineage,RF,onehot,0,RBF-17-0164-1_S137,0,0.20325476190476188
CTX,lineage,RF,onehot,0,RBF-17-0173-1_S138,0,0.182
CTX,lineage,RF,onehot,0,RBF-17-0194-1_S140,0,0.14944615384615384
CTX,lineage,RF,onehot,0,RBF-17-0520-2_S55,1,0.458
CTX,lineage,RF,onehot,0,RBF-17-0538-1_S82,0,0.412
CTX,lineage,RF,onehot,0,RBF-17-0589-1_S92,0,0.204
CTX,lineage,RF,onehot,0,RBF-17-0602-1_S93,0,0.10775
CTX,lineage,RF,onehot,0,RBF-17-0647-1_S99,0,0.13535091575091573
CTX,lineage,RF,onehot,0,RBF-17-0648-1_S100,0,0.316
CTX,lineage,RF,onehot,0,RBF-17-277-1_S73,1,0.16
CTX,lineage,RF,onehot,0,RBF-18-0085-1_S21,0,0.106
CTX,lineage,RF,onehot,0,RBF-18-0086-1_S22,0,0.116
CTX,lineage,RF,onehot,0,RBF-18-0123-1_S25_L001,1,0.402
CTX,lineage,RF,onehot,0,RBF-18-0127-1_S32,0,0.156
CTX,lineage,RF,onehot,0,RBF-18-0160-1_S37,0,0.732
CTX,lineage,RF,onehot,0,RBF-18-0214-1_S51,0,0.14741818181818184
CTX,lineage,RF,onehot,0,RBF-18-0217-1_S54,0,0.168
CTX,lineage,RF,onehot,0,RBF-18-0252-1_S56,0,0.46
CTX,lineage,RF,onehot,0,RBF-18-0310-1_S36,0,0.518
CTX,lineage,RF,onehot,0,RBF-18-0405-1_S81_2,1,0.46
CTX,lineage,RF,onehot,0,RBG-18-0025-1_S9_L001,0,0.108
CTX,lineage,RF,onehot,0,RBG-18-0029-1_S40,0,0.11119615384615385
CTX,lineage,RF,onehot,0,RBG-18-0185-1_S40,0,0.14926433566433564
CTX,lineage,RF,onehot,0,RBG-18-0191-1_S11_L001,0,0.1112547619047619
CTX,lineage,RF,onehot,0,RBG-18-0202-1_S13_L001,0,0.492
CTX,lineage,RF,onehot,0,RBG-18-0256-1_S8_L001,1,0.13775
CTX,lineage,RF,onehot,0,RBG-18-0265-1_S49,0,0.13775
CTX,lineage,RF,onehot,0,RBG-18-0276-1_S50,0,0.702
CTX,lineage,RF,onehot,0,RBG-18-0301-1_S53,0,0.12494706959706958
CTX,lineage,RF,onehot,0,RBG-18-0367-1_S57,0,0.16
CTX,lineage,RF,onehot,0,RBG-18-0383-1_S37,1,0.458
CTX,lineage,RF,onehot,0,RBG-18-0394-1_S23_L001,0,0.11710091575091573
CTX,lineage,RF,onehot,0,RBG-18-0402-1_S50,1,0.742
CTX,lineage,RF,onehot,0,RBK-18-0019-1_S195,0,0.11910091575091573
CTX,lineage,RF,onehot,0,RBK-18-0022-1_S197,0,0.478
CTX,lineage,RF,onehot,0,RBK-18-0038-1_S200,0,0.182
CTX,lineage,RF,onehot,0,RBL-17-0076-1_S32,0,0.156
CTX,lineage,RF,onehot,0,RBL-17-0104-1_S149,0,0.148
CTX,lineage,RF,onehot,0,RBL-17-0117-1_S155,0,0.1235047619047619
CTX,lineage,RF,onehot,0,RBL-17-0129-1_S158,0,0.14319615384615383
CTX,lineage,RF,onehot,0,RBL-17-0133-1_S159,0,0.14726433566433564
CTX,lineage,RF,onehot,0,RBL-17-0135-1_S160,0,0.154
CTX,lineage,RF,onehot,0,RBL-17-0136-1_S161,0,0.098
CTX,lineage,RF,onehot,0,RBL-17-0138-1_S162,0,0.19341818181818182
CTX,lineage,RF,onehot,0,RBL-17-0155-1_S165,0,0.69
CTX,lineage,RF,onehot,0,RBL-17-0197-1_S173,0,0.148
CTX,lineage,RF,onehot,0,RBL-17-0235-1_S92,0,0.166
CTX,lineage,RF,onehot,0,RBL-17-0261-1_S100,0,0.434
CTX,lineage,RF,onehot,0,RBL-17-0300-1_S112,0,0.132
CTX,lineage,RF,onehot,0,RBL-17-0375-1_S117,0,0.862
CTX,lineage,RF,onehot,0,RBL-17-0391-1_S122,0,0.336
CTX,lineage,RF,onehot,0,RBL-17-0393-1_S123,0,0.11710091575091573
CTX,lineage,RF,onehot,0,RBL-17-0409-1_S127,0,0.12150091575091573
CTX,lineage,RF,onehot,0,RBL-17-0428-1_S70,1,0.462
CTX,lineage,RF,onehot,0,RBL-17-0429-1_S130,0,0.1552547619047619
CTX,lineage,RF,onehot,0,RBL-18-0019-1_S41,0,0.114
CTX,lineage,RF,onehot,0,RBL-18-0032-1_S167,0,0.188
CTX,lineage,RF,onehot,0,RBL-18-0037-1_S168,0,0.254
CTX,lineage,RF,onehot,0,RBL-18-0055-1_S170,0,0.214
CTX,lineage,RF,onehot,0,RBL-18-0131-1_S188_2,1,0.772
CTX,lineage,RF,onehot,0,RBT-17-0011-1_S19,0,0.15
CTX,lineage,RF,onehot,0,RBT-17-0019-1_S62,1,0.956
CTX,lineage,RF,onehot,0,RBT-17-0024-1_S23,0,0.15181818181818182
CTX,lineage,RF,onehot,0,RBT-17-0082-1_S30,0,0.14984615384615385
CTX,lineage,RF,onehot,0,RBT-17-0090-1_S32,0,0.106
CTX,lineage,RF,onehot,0,RBT-17-0097-1_S34,1,0.854
CTX,lineage,RF,onehot,0,RBT-17-0109-1_S40,0,0.142
CTX,lineage,RF,onehot,0,RBT-17-0142-1_S53,0,0.178
CTX,lineage,RF,onehot,0,RBT-17-0149-1_S13,1,0.25
CTX,lineage,RF,onehot,0,RBT-17-0150-1_S54,0,0.114
CTX,lineage,RF,onehot,0,RBT-17-0156-1_S56,0,0.73
CTX,lineage,RF,onehot,0,RBT-17-0183-1_S67,0,0.326
CTX,lineage,RF,onehot,0,RBT-17-0219-1_S8,1,0.46
CTX,lineage,RF,onehot,0,RBT-17-0243-1_S11,0,0.14926433566433564
CTX,lineage,RF,onehot,0,RBT-17-0337-1_S19,0,0.112
CTX,lineage,RF,onehot,0,RBT-18-0030-1_S69,0,0.122
CTX,lineage,RF,onehot,0,RBT-18-0066-1_S40,0,0.11310091575091574
CTX,lineage,RF,onehot,0,RBT-18-0080-1_S49,1,0.86
CTX,lineage,RF,onehot,0,RBT-18-0113-1_S44,0,0.11710091575091573
CTX,lineage,RF,onehot,0,RBT-18-0125-1_S50,0,0.148
CTX,lineage,RF,onehot,0,RBT-18-0134-1_S29,0,0.11510091575091574
CTX,lineage,RF,onehot,0,RBT-18-0230-1_S45,0,0.12544615384615385
CTX,lineage,RF,onehot,0,RBT-18-0303-1_S20,0,0.798
CTX,lineage,RF,onehot,0,RBT-18-0317-1_S27,0,0.148
CTX,lineage,RF,onehot,0,RBT-18-0325-1_S44,0,0.424
CTX,lineage,RF,onehot,0,RBT-18-0360-1_S39,0,0.804
CTX,lineage,RF,onehot,0,ResetH24a_S3_2_L001,1,0.46
CTX,lineage,RF,onehot,0,ResetH68_S1_L001,1,0.12110091575091574
CTX,lineage,RF,onehot,0,ResetH8_S2_L001,1,0.27
CTX,lineage,RF,onehot,0,ResetV70_S6_L001,1,0.46
CTX,lineage,RF,onehot,0,ResetV74_S7_L001,1,0.426
CTX,lineage,RF,onehot,0,ResetV76_S7_L001,1,0.116
CTX,lineage,RF,onehot,0,Survcare0111_S29,1,0.602
CTX,lineage,RF,onehot,0,Survcare130_S2,1,0.152
CTX,lineage,RF,onehot,0,Survcare234_S3_L001,1,0.13384615384615384
CTX,lineage,RF,onehot,0,Survcare244_S9_L001,1,0.566
CTX,lineage,RF,onehot,0,Survcare262_S23_L001,1,0.342
CTX,lineage,RF,onehot,0,Survcare310_S21_L001,1,0.25
CTX,lineage,RF,onehot,0,Survcare318_S20_L001,1,0.938
CTX,lineage,RF,onehot,0,Survcare319_S16,1,0.916
CTX,lineage,RF,onehot,0,Survcare360_S84,1,0.846
CTX,lineage,RF,onehot,0,V1_S6_L001,1,0.904
CTX,lineage,RF,onehot,0,V114_S5_L001,1,0.61
CTX,lineage,RF,onehot,0,V131_S7_L001,1,0.2
CTX,lineage,RF,onehot,0,V163_S6_L001,1,0.708
CTX,lineage,RF,onehot,0,V177_S6_L001,1,0.674
CTX,lineage,RF,onehot,0,V183_S7_L001,1,0.382
CTX,lineage,RF,onehot,0,V201_S4_L001,1,0.608
CTX,lineage,RF,onehot,0,V279_S8_L001,1,0.186
CTX,lineage,RF,onehot,0,V283_S5_L001,1,0.184
CTX,lineage,RF,onehot,0,V292_S6_L001,1,0.962
CTX,lineage,RF,onehot,0,V41_S2_L001,1,0.794
CTX,lineage,RF,onehot,0,V98_S3_L001,1,0.464
CTX,lineage,RF,onehot,0,W2RBF-17-133-1_S28,1,0.452
CTX,lineage,RF,onehot,0,wdh-RBB-16-025-1_S20,1,0.242
CTX,lineage,RF,onehot,0,wdhRBF-18-0057_S14_L001,0,0.154
CTX,lineage,RF,onehot,0,wdhRBF-18-0081-1_S18_L001,0,0.224
CTX,lineage,RF,onehot,0,WDHRBG-16-049-1_S87,0,0.46
CTX,lineage,RF,onehot,0,wNRZ-32446_S79,1,0.26
CTX,lineage,RF,onehot,0,wRBG-16-026-1_S163,0,0.11325476190476189
CTX,lineage,RF,onehot,0,wRBG-16-032-1_S142,0,0.11710091575091573
CTX,lineage,RF,onehot,0,wRBG-17-021-1_S166,0,0.11544615384615384
CTX,lineage,RF,onehot,0,wRBG-17-025-1_S133,0,0.138
CTX,lineage,RF,onehot,0,wRBG-17-058-1_S130,0,0.106
CTX,lineage,RF,onehot,0,wRBG-17-072-1_S129,0,0.116
CTX,lineage,RF,onehot,0,wRBG-17-081-1_S117,0,0.146
CTX,lineage,RF,onehot,0,wRBG-17-100-1_S104,0,0.726
CTX,lineage,RF,onehot,0,wwRBL-16-111-1_S16,1,0.788
CTX,lineage,RF,onehot,0,WWSurvcare043_S43,1,0.61
CTX,lineage,RF,onehot,1,H100_S2_L001,1,0.052
CTX,lineage,RF,onehot,1,H136_S7_L001,1,0.448
CTX,lineage,RF,onehot,1,H50_S7_L001,1,0.292
CTX,lineage,RF,onehot,1,H69_S6_L001,1,0.83
CTX,lineage,RF,onehot,1,NNRBG-17-0201-1_S6,0,0.39
CTX,lineage,RF,onehot,1,NNRBG-17-0308-1_S20,0,0.31
CTX,lineage,RF,onehot,1,NNRBG-17-0316-1_S23,0,0.294
CTX,lineage,RF,onehot,1,RBB-18-0490-1_S20_L001,1,0.516
CTX,lineage,RF,onehot,1,RBB-18-0765-1_S191,1,0.466
CTX,lineage,RF,onehot,1,RBF-17-0178-1_S139,0,0.796
CTX,lineage,RF,onehot,1,RBF-17-0195-1_S141,0,0.444
CTX,lineage,RF,onehot,1,RBF-17-0508-1_S73,0,0.342
CTX,lineage,RF,onehot,1,RBF-17-0509-1_S74,0,0.36
CTX,lineage,RF,onehot,1,RBF-17-0532-1_S80,0,0.24
CTX,lineage,RF,onehot,1,RBF-17-0532-2_S31,0,0.242
CTX,lineage,RF,onehot,1,RBF-17-0540-1_S83,0,0.314
CTX,lineage,RF,onehot,1,RBF-17-0664-1_S63,1,0.348
CTX,lineage,RF,onehot,1,RBF-18-0055-1_S11,0,0.336
CTX,lineage,RF,onehot,1,RBF-18-0069-1_S78,1,0.56
CTX,lineage,RF,onehot,1,RBF-18-0087-1_S23,0,0.392
CTX,lineage,RF,onehot,1,RBF-18-0088-1_S24,0,0.218
CTX,lineage,RF,onehot,1,RBF-18-0121-1_S28,0,0.428
CTX,lineage,RF,onehot,1,RBF-18-0126-1_S31,0,0.336
CTX,lineage,RF,onehot,1,RBF-18-0135-1_S34,0,0.254
CTX,lineage,RF,onehot,1,RBF-18-0147-1_S36,0,0.364
CTX,lineage,RF,onehot,1,RBF-18-0151-1_S83,1,0.292
CTX,lineage,RF,onehot,1,RBF-18-0172-1_S40,0,0.43
CTX,lineage,RF,onehot,1,RBF-18-0201-1_S49,0,0.326
CTX,lineage,RF,onehot,1,RBF-18-0333-1_S70,0,0.178
CTX,lineage,RF,onehot,1,RBG-18-0023-1_S2,0,0.332
CTX,lineage,RF,onehot,1,RBG-18-0054-1_S42,0,0.204
CTX,lineage,RF,onehot,1,RBG-18-0055-1_S43,0,0.262
CTX,lineage,RF,onehot,1,RBG-18-0077-1_S9,1,0.592
CTX,lineage,RF,onehot,1,RBG-18-0113-1_S13_L001,0,0.06
CTX,lineage,RF,onehot,1,RBG-18-0193-1_S8,0,0.22
CTX,lineage,RF,onehot,1,RBG-18-0194-1_S45,0,0.172
CTX,lineage,RF,onehot,1,RBG-18-0206-2_S46,0,0.334
CTX,lineage,RF,onehot,1,RBG-18-0308-1_S54,1,0.66
CTX,lineage,RF,onehot,1,RBG-18-0347-1_S22_L001,0,0.562
CTX,lineage,RF,onehot,1,RBK-16-079-1_S15,1,0.346
CTX,lineage,RF,onehot,1,RBK-16-124-1_S16,1,0.318
CTX,lineage,RF,onehot,1,RBK-18-0020-1_S19,0,0.246
CTX,lineage,RF,onehot,1,RBk-18-0216-1_S231_2,0,0.42
CTX,lineage,RF,onehot,1,RBK-18-0250-1_S235_2,0,0.346
CTX,lineage,RF,onehot,1,RBL-17-0095-1_S147,0,0.334
CTX,lineage,RF,onehot,1,RBL-17-0159-1_S166,0,0.528
CTX,lineage,RF,onehot,1,RBL-17-0232-1_S91,0,0.356
CTX,lineage,RF,onehot,1,RBL-17-0246-1_S94,0,0.312
CTX,lineage,RF,onehot,1,RBL-17-0263-1_S102,0,0.356
CTX,lineage,RF,onehot,1,RBL-17-0283-1_S27,0,0.342
CTX,lineage,RF,onehot,1,RBL-17-0306-1_S50,1,0.552
CTX,lineage,RF,onehot,1,RBL-17-0324-1_S54,1,0.492
CTX,lineage,RF,onehot,1,RBL-17-0349-1_S105,0,0.36
CTX,lineage,RF,onehot,1,RBL-17-0365-1_S112,0,0.046
CTX,lineage,RF,onehot,1,RBL-17-0374-1_S116,0,0.314
CTX,lineage,RF,onehot,1,RBL-17-0383-1_S119,0,0.316
CTX,lineage,RF,onehot,1,RBL-17-0397-1_S125,0,0.346
CTX,lineage,RF,onehot,1,RBL-18-0021-1_S42,0,0.366
CTX,lineage,RF,onehot,1,RBL-18-0022-1_S43,0,0.094
CTX,lineage,RF,onehot,1,RBT-17-0008-1_S18,0,0.312
CTX,lineage,RF,onehot,1,RBT-17-0033-1_S12,1,0.316
CTX,lineage,RF,onehot,1,RBT-17-0079-1_S29,0,0.248
CTX,lineage,RF,onehot,1,RBT-17-0084-1_S31,0,0.304
CTX,lineage,RF,onehot,1,RBT-17-0113-1_S42,0,0.304
CTX,lineage,RF,onehot,1,RBT-17-0118-1_S45,0,0.582
CTX,lineage,RF,onehot,1,RBT-17-0124-1_S46,0,0.314
CTX,lineage,RF,onehot,1,RBT-17-0133-1_S6,0,0.77
CTX,lineage,RF,onehot,1,RBT-17-0163-1_S59,0,0.33
CTX,lineage,RF,onehot,1,RBT-17-0167-1_S27,0,0.346
CTX,lineage,RF,onehot,1,RBT-17-0173-1_S63,0,0.302
CTX,lineage,RF,onehot,1,RBT-17-0188-1_S68,1,0.494
CTX,lineage,RF,onehot,1,RBT-17-0194-1_S30,0,0.308
CTX,lineage,RF,onehot,1,RBT-17-0217-1_S7,0,0.714
CTX,lineage,RF,onehot,1,RBT-17-0225-1_S9,0,0.332
CTX,lineage,RF,onehot,1,RBT-17-0232-1_S58,0,0.562
CTX,lineage,RF,onehot,1,RBT-17-0256-1_S25,0,0.38
CTX,lineage,RF,onehot,1,RBT-17-0279-1_S12,0,0.284
CTX,lineage,RF,onehot,1,RBT-17-0291-1_S14,0,0.34
CTX,lineage,RF,onehot,1,RBT-18-0004-1_S51,1,0.782
CTX,lineage,RF,onehot,1,RBT-18-0046-1_S2,0,0.466
CTX,lineage,RF,onehot,1,RBT-18-0050-1_S34,0,0.368
CTX,lineage,RF,onehot,1,RBT-18-0052-1_S35,1,0.312
CTX,lineage,RF,onehot,1,RBT-18-0101-1_S22,0,0.516
CTX,lineage,RF,onehot,1,RBT-18-0103-1_S24,0,0.278
CTX,lineage,RF,onehot,1,RBT-18-0122-1_S63,0,0.484
CTX,lineage,RF,onehot,1,RBT-18-0127-1_S51,0,0.318
CTX,lineage,RF,onehot,1,RBT-18-0133-1_S30,0,0.086
CTX,lineage,RF,onehot,1,RBT-18-0197-1_S40,0,0.306
CTX,lineage,RF,onehot,1,RBT-18-0224-1_S43,0,0.322
CTX,lineage,RF,onehot,1,RBT-18-0231-1_S14,1,0.2
CTX,lineage,RF,onehot,1,RBT-18-0241-1_S50,0,0.068
CTX,lineage,RF,onehot,1,RBT-18-0246-1_S52,0,0.322
CTX,lineage,RF,onehot,1,RBT-18-0247-1_S16,1,0.802
CTX,lineage,RF,onehot,1,RBT-18-0253-1_S54,0,0.5618571428571429
CTX,lineage,RF,onehot,1,RBT-18-0269-1_S61,0,0.26
CTX,lineage,RF,onehot,1,RBT-18-0271-1_S62,0,0.332
CTX,lineage,RF,onehot,1,RBT-18-0292-1_S70,0,0.086
CTX,lineage,RF,onehot,1,RBT-18-0293-1_S71,0,0.31
CTX,lineage,RF,onehot,1,RBT-18-0339-1_S47,0,0.328
CTX,lineage,RF,onehot,1,RBT-18-0361-1_S38,0,0.376
CTX,lineage,RF,onehot,1,RBT-18-0377-1_S1,0,0.21
CTX,lineage,RF,onehot,1,ResetH16_S2_L001,1,0.808
CTX,lineage,RF,onehot,1,ResetH45_S5_L001,1,0.298
CTX,lineage,RF,onehot,1,ResetH92_S4_L001,1,0.828
CTX,lineage,RF,onehot,1,ResetH98_S4_L001,1,0.138
CTX,lineage,RF,onehot,1,ResetV143_S2_L001,1,0.296
CTX,lineage,RF,onehot,1,ResetV210_S4_L001,1,0.634
CTX,lineage,RF,onehot,1,ResetV63_S5_L001,1,0.25
CTX,lineage,RF,onehot,1,Survcare052_S22,1,0.708
CTX,lineage,RF,onehot,1,Survcare125_S25,1,0.884
CTX,lineage,RF,onehot,1,Survcare190_S35,1,0.372
CTX,lineage,RF,onehot,1,Survcare221_S7_L001,1,0.338
CTX,lineage,RF,onehot,1,Survcare230_S17_L001,1,0.712
CTX,lineage,RF,onehot,1,Survcare289_S36,1,0.802
CTX,lineage,RF,onehot,1,Survcare292_S39,1,0.6
CTX,lineage,RF,onehot,1,Survcare293_S40,1,0.794
CTX,lineage,RF,onehot,1,Survcare309_S20_L001,1,0.786
CTX,lineage,RF,onehot,1,Survcare334_S10,1,0.868
CTX,lineage,RF,onehot,1,Survcare335_S11,1,0.898
CTX,lineage,RF,onehot,1,Survcare350_S44,1,0.366
CTX,lineage,RF,onehot,1,V123_S1_L001,1,0.318
CTX,lineage,RF,onehot,1,V130_S5_L001,1,0.648
CTX,lineage,RF,onehot,1,V139_S7_L001,1,0.632
CTX,lineage,RF,onehot,1,V152_S3_L001,1,0.104
CTX,lineage,RF,onehot,1,V153_S4_L001,1,0.488
CTX,lineage,RF,onehot,1,V155_S5_L001,1,0.486
CTX,lineage,RF,onehot,1,V158_S4_L001,1,0.372
CTX,lineage,RF,onehot,1,V182_S6_L001,1,0.832
CTX,lineage,RF,onehot,1,V268_S12_L001,1,0.648
CTX,lineage,RF,onehot,1,V271_S13_L001,1,0.642
CTX,lineage,RF,onehot,1,V64_S3_L001,1,0.254
CTX,lineage,RF,onehot,1,V79_S6_L001,1,0.446
CTX,lineage,RF,onehot,1,V8_S7_L001,1,0.812
CTX,lineage,RF,onehot,1,W2RBF-17-090-1_S26,1,0.522
CTX,lineage,RF,onehot,1,wdh2NRZ-29911a_S31,1,0.292
CTX,lineage,RF,onehot,1,wdhRBF-18-0025-1_S11_L001,0,0.404
CTX,lineage,RF,onehot,1,wdhRBF-18-0049-1_S13_L001,0,0.268
CTX,lineage,RF,onehot,1,wdhRBF-18-0080-1_S17_L001,0,0.75
CTX,lineage,RF,onehot,1,wdhRBF-18-0098-1_S19_L001,0,0.132
CTX,lineage,RF,onehot,1,WDHRBG-16-050-1_S40,1,0.662
CTX,lineage,RF,onehot,1,WDHRBG-16-060-1_S27,0,0.296
CTX,lineage,RF,onehot,1,WDHRBG-17-0093-1_S1,1,0.79
CTX,lineage,RF,onehot,1,WDHRBG-17-121-1_S46,0,0.088
CTX,lineage,RF,onehot,1,wNRZ-33910_S81,1,0.534
CTX,lineage,RF,onehot,1,wRBG-16-034-1_S164,0,0.412
CTX,lineage,RF,onehot,1,wRBG-17-014-1_S167,0,0.364
CTX,lineage,RF,onehot,1,wRBG-17-034-1_S121,0,0.216
CTX,lineage,RF,onehot,1,wRBG-17-052-1_S120,0,0.338
CTX,lineage,RF,onehot,1,wRBG-17-082-1_S106,0,0.338
CTX,lineage,RF,onehot,1,wRBG-17-112-1_S146,0,0.382
CTX,lineage,RF,onehot,1,wwRBF-16-094-1_S13,1,0.408
CTX,lineage,RF,onehot,1,wwRBK-17-0278-1_S41,1,0.734
CTX,lineage,RF,onehot,2,H109_S2_L001,1,0.5
CTX,lineage,RF,onehot,2,H17_S2_L001,1,0.736
CTX,lineage,RF,onehot,2,H37_S3_L001,1,0.738
CTX,lineage,RF,onehot,2,H66_S1_L001,1,0.912
CTX,lineage,RF,onehot,2,NNRBG-17-0193-1_S2,0,0.16525
CTX,lineage,RF,onehot,2,NNRBG-17-0198-1_S4,0,0.488
CTX,lineage,RF,onehot,2,NNRBG-17-0205-1_S7,0,0.372
CTX,lineage,RF,onehot,2,NNRBG-17-0234-1_S9,0,0.2
CTX,lineage,RF,onehot,2,NNRBG-17-0255-1_S14,0,0.474
CTX,lineage,RF,onehot,2,NNRBG-17-0294-1_S18,0,0.376
CTX,lineage,RF,onehot,2,NNRBG-17-0298-1_S19,0,0.18783333333333332
CTX,lineage,RF,onehot,2,NNRBG-17-0346-1_S30,0,0.79
CTX,lineage,RF,onehot,2,RBB-18-0519-1_S184,1,0.394
CTX,lineage,RF,onehot,2,RBB-18-0546-1_S22_L001,1,0.896
CTX,lineage,RF,onehot,2,RBB-18-0665-1_S23_L001,1,0.846
CTX,lineage,RF,onehot,2,RBB-18-0826-1_S193,1,0.61
CTX,lineage,RF,onehot,2,RBB-18-1312-1_S43,1,0.666
CTX,lineage,RF,onehot,2,RBB-18-1393-1_S48,1,0.91
CTX,lineage,RF,onehot,2,RBB-18-1406-1_S49,1,0.718
CTX,lineage,RF,onehot,2,RBB-18-1502-1_S47,1,0.516
CTX,lineage,RF,onehot,2,RBB-19-0014-1_S44,1,0.246
CTX,lineage,RF,onehot,2,RBBK18-0189-1_S24_L001,0,0.604
CTX,lineage,RF,onehot,2,RBF-16-073-1_S23,1,0.698
CTX,lineage,RF,onehot,2,RBF-17-0424-1_S15,1,0.812
CTX,lineage,RF,onehot,2,RBF-17-0450-1_S10,1,0.812
CTX,lineage,RF,onehot,2,RBF-17-0513-1_S76,0,0.748
CTX,lineage,RF,onehot,2,RBF-17-0523-1_S30,0,0.392
CTX,lineage,RF,onehot,2,RBF-17-0614-3_S95,0,0.204
CTX,lineage,RF,onehot,2,RBF-17-0630-1_S59,1,0.284
CTX,lineage,RF,onehot,2,RBF-17-0635-1_S98,0,0.564
CTX,lineage,RF,onehot,2,RBF-18-0027-1_S5,0,0.844
CTX,lineage,RF,onehot,2,RBF-18-0093-1_S80,1,0.872
CTX,lineage,RF,onehot,2,RBF-18-0125-1_S30,0,0.298
CTX,lineage,RF,onehot,2,RBF-18-0179-1_S29,0,0.412
CTX,lineage,RF,onehot,2,RBF-18-0200-1_S48,0,0.31
CTX,lineage,RF,onehot,2,RBF-18-0208-2_S11_L001,0,0.268
CTX,lineage,RF,onehot,2,RBF-18-0259-1_S33,0,0.342
CTX,lineage,RF,onehot,2,RBF-18-0339-1_S37,0,0.36
CTX,lineage,RF,onehot,2,RBG-17-0284-1_S59,0,0.166
CTX,lineage,RF,onehot,2,RBG-18-0170-1_S41,0,0.222
CTX,lineage,RF,onehot,2,RBG-18-0209-2_S46,0,0.154
CTX,lineage,RF,onehot,2,RBG-18-0223-1_S2,0,0.206
CTX,lineage,RF,onehot,2,RBG-18-0239-1_S4,0,0.358
CTX,lineage,RF,onehot,2,RBG-18-0280-1_S51,0,0.728
CTX,lineage,RF,onehot,2,RBG-18-0312-1_S55,0,0.86
CTX,lineage,RF,onehot,2,RBG-18-0355-1_S19_L001,0,0.398
CTX,lineage,RF,onehot,2,RBG-18-0358-1_S39,1,0.248
CTX,lineage,RF,onehot,2,RBG-18-0417-1_S52,0,0.356
CTX,lineage,RF,onehot,2,RBK-17-049-1_S62,1,0.89
CTX,lineage,RF,onehot,2,RBK-18-0037-1_S199,0,0.732
CTX,lineage,RF,onehot,2,RBK-18-0080-1_S205,0,0.496
CTX,lineage,RF,onehot,2,RBK-18-0104-1_S206,0,0.13
CTX,lineage,RF,onehot,2,RBK-18-0644-1_S180,1,0.232
CTX,lineage,RF,onehot,2,RBL-17-0090-1_S145,0,0.17125
CTX,lineage,RF,onehot,2,RBL-17-0101-1_S148,0,0.206
CTX,lineage,RF,onehot,2,RBL-17-0123-1_S157,0,0.414
CTX,lineage,RF,onehot,2,RBL-17-0144-1_S163,0,0.504
CTX,lineage,RF,onehot,2,RBL-17-0172-1_S170,0,0.19
CTX,lineage,RF,onehot,2,RBL-17-0256-1_S98,0,0.422
CTX,lineage,RF,onehot,2,RBL-17-0320-1_S114,0,0.88
CTX,lineage,RF,onehot,2,RBL-17-075-1_S18,1,0.896
CTX,lineage,RF,onehot,2,RBL-18-0002-1_S158,0,0.33
CTX,lineage,RF,onehot,2,RBT-17-0003-1_S16,0,0.258
CTX,lineage,RF,onehot,2,RBT-17-0022-1_S24,0,0.38
CTX,lineage,RF,onehot,2,RBT-17-0023-1_S25,0,0.72
CTX,lineage,RF,onehot,2,RBT-17-0099-1_S35,0,0.814
CTX,lineage,RF,onehot,2,RBT-17-0107-1_S39,0,0.204
CTX,lineage,RF,onehot,2,RBT-17-0130-1_S27,0,0.366
CTX,lineage,RF,onehot,2,RBT-17-0138-1_S52,0,0.81
CTX,lineage,RF,onehot,2,RBT-17-0161-1_S57,0,0.128
CTX,lineage,RF,onehot,2,RBT-17-0174-1_S64,0,0.224
CTX,lineage,RF,onehot,2,RBT-17-0239-1_S60,0,0.194
CTX,lineage,RF,onehot,2,RBT-17-0270-1_S65,0,0.73
CTX,lineage,RF,onehot,2,RBT-17-0285-1_S66,0,0.844
CTX,lineage,RF,onehot,2,RBT-17-0295-1_S15,0,0.19985714285714287
CTX,lineage,RF,onehot,2,RBT-18-0017-1_S67,0,0.128
CTX,lineage,RF,onehot,2,RBT-18-0027-1_S68,0,0.204
CTX,lineage,RF,onehot,2,RBT-18-0042-1_S60,0,0.132
CTX,lineage,RF,onehot,2,RBT-18-0045-1_S70,0,0.432
CTX,lineage,RF,onehot,2,RBT-18-0056-1_S37,0,0.14567532467532468
CTX,lineage,RF,onehot,2,RBT-18-0064-1_S15,0,0.428
CTX,lineage,RF,onehot,2,RBT-18-0071-1_S41,0,0.476
CTX,lineage,RF,onehot,2,RBT-18-0079-1_S16,0,0.402
CTX,lineage,RF,onehot,2,RBT-18-0102-1_S23,0,0.13
CTX,lineage,RF,onehot,2,RBT-18-0110-1_S27,0,0.814
CTX,lineage,RF,onehot,2,RBT-18-0116-1_S46,0,0.742
CTX,lineage,RF,onehot,2,RBT-18-0121-1_S28,0,0.268
CTX,lineage,RF,onehot,2,RBT-18-0141-1_S32,0,0.15
CTX,lineage,RF,onehot,2,RBT-18-0146-1_S55,0,0.524
CTX,lineage,RF,onehot,2,RBT-18-0181-1_S61,1,0.392
CTX,lineage,RF,onehot,2,RBT-18-0259-1_S55,0,0.298
CTX,lineage,RF,onehot,2,RBT-18-0275-1_S63,0,0.396
CTX,lineage,RF,onehot,2,RBT-18-0283-1_S65,0,0.14697294372294373
CTX,lineage,RF,onehot,2,RBT-18-0288-1_S68,0,0.74
CTX,lineage,RF,onehot,2,RBT-18-0331-1_S22,0,0.138
CTX,lineage,RF,onehot,2,RBT-18-0334-1_S23,0,0.186
CTX,lineage,RF,onehot,2,RBT-18-0338-1_S35,0,0.20359047619047618
CTX,lineage,RF,onehot,2,RBT-18-0340-1_S36,0,0.156
CTX,lineage,RF,onehot,2,RBT-18-0357-1_S27,0,0.126
CTX,lineage,RF,onehot,2,RBT-18-0358-1_S28,0,0.2033047619047619
CTX,lineage,RF,onehot,2,RBT-18-0368-1_S32,1,0.196
CTX,lineage,RF,onehot,2,RBT-18-0384-1_S40,0,0.394
CTX,lineage,RF,onehot,2,RBT-18-0385-1_S34,0,0.122
CTX,lineage,RF,onehot,2,ResetH1_S1_L001,1,0.746
CTX,lineage,RF,onehot,2,ResetH10_S1_L001,1,0.38
CTX,lineage,RF,onehot,2,ResetH115_S6_L001,1,0.842
CTX,lineage,RF,onehot,2,ResetH30_S4_L001,1,0.462
CTX,lineage,RF,onehot,2,ResetH93_S5_L001,1,0.414
CTX,lineage,RF,onehot,2,ResetH99_S5_L001,1,0.262
CTX,lineage,RF,onehot,2,ResetV161_S3_L001,1,0.66
CTX,lineage,RF,onehot,2,ResetV288_S6_L001,1,0.862
CTX,lineage,RF,onehot,2,RPG-18-0435-1_S32,0,0.12892532467532467
CTX,lineage,RF,onehot,2,Survcare0114_S37,1,0.736
CTX,lineage,RF,onehot,2,Survcare058_S26,1,0.908
CTX,lineage,RF,onehot,2,Survcare104_S16_L001,1,0.466
CTX,lineage,RF,onehot,2,Survcare176_S17_L001,1,0.73
CTX,lineage,RF,onehot,2,Survcare253_S35,1,0.684
CTX,lineage,RF,onehot,2,Survcare321_S18,1,0.902
CTX,lineage,RF,onehot,2,V111_S3_L001,1,0.452
CTX,lineage,RF,onehot,2,V113_S3_L001,1,0.576
CTX,lineage,RF,onehot,2,V116_S6_L001,1,0.62
CTX,lineage,RF,onehot,2,V168_S9_L001,1,0.778
CTX,lineage,RF,onehot,2,V172_S5_L001,1,0.258
CTX,lineage,RF,onehot,2,V195_S1_L001,1,0.15
CTX,lineage,RF,onehot,2,V215_S2_L001,1,0.35
CTX,lineage,RF,onehot,2,V238_S11_L001,1,0.528
CTX,lineage,RF,onehot,2,V289_S5_L001,1,0.86
CTX,lineage,RF,onehot,2,V40_S2_L001,1,0.612
CTX,lineage,RF,onehot,2,V73_S5_L001,1,0.76
CTX,lineage,RF,onehot,2,V80_S7_L001,1,0.49
CTX,lineage,RF,onehot,2,V86_S1_L001,1,0.762
CTX,lineage,RF,onehot,2,V9_S1_L001,1,0.604
CTX,lineage,RF,onehot,2,V96_S2_L001,1,0.758
CTX,lineage,RF,onehot,2,w2RBG-16-037-1_S34,0,0.792
CTX,lineage,RF,onehot,2,wdh-RBL-17-0431-1_S46,0,0.666
CTX,lineage,RF,onehot,2,wdhRBF-17-0558-1_S121,0,0.746
CTX,lineage,RF,onehot,2,wdhRBF-17-0564-1_S230,1,0.908
CTX,lineage,RF,onehot,2,wdhRBF-18-0059-1_S15_L001,0,0.154
CTX,lineage,RF,onehot,2,WDHRBG-17-005-2_S61,0,0.194
CTX,lineage,RF,onehot,2,WDHRBG-17-0256-1_S17,0,0.602
CTX,lineage,RF,onehot,2,wdhRBL-17-0370-1_S232,0,0.878
CTX,lineage,RF,onehot,2,wRBG-16-027-1_S174,0,0.404
CTX,lineage,RF,onehot,2,wRBG-17-022-1_S43,1,0.774
CTX,lineage,RF,onehot,2,wRBG-17-047-1_S153,0,0.122
CTX,lineage,RF,onehot,2,wRBG-17-073-1_S118,0,0.318
CTX,lineage,RF,onehot,2,wRBG-17-102-1_S169,0,0.516
CTX,lineage,RF,onehot,2,wwRBB-17-031-1_S25,1,0.848
CTX,lineage,RF,onehot,2,wwRBF-17-148-1_S27,1,0.2033047619047619
CTX,lineage,RF,onehot,2,wwRBF-17-251-1_S33,1,0.894
CTX,lineage,RF,onehot,2,wwRBK-17-0298-1_S42,1,0.882
CTX,lineage,RF,onehot,3,H105_S3_L001,1,0.576
CTX,lineage,RF,onehot,3,H148_S4_L001,1,0.604
CTX,lineage,RF,onehot,3,H3_S1_L001,1,0.596
CTX,lineage,RF,onehot,3,H51_S5_L001,1,0.576
CTX,lineage,RF,onehot,3,H53_S4_L001,1,0.574
CTX,lineage,RF,onehot,3,H71_S1_L001,1,0.566
CTX,lineage,RF,onehot,3,H86_S1_L001,1,0.538
CTX,lineage,RF,onehot,3,NNRBG-17-0191-1_S1,0,0.488
CTX,lineage,RF,onehot,3,NNRBG-17-0242-1_S11,0,0.492
CTX,lineage,RF,onehot,3,NNRBG-17-0243-1_S12,0,0.714
CTX,lineage,RF,onehot,3,NNRBG-17-0249-1_S13,0,0.498
CTX,lineage,RF,onehot,3,NNRBG-17-0378-1_S37,0,0.578
CTX,lineage,RF,onehot,3,NNRBG-17-0382-1_S38,0,0.514
CTX,lineage,RF,onehot,3,RBB-17-011-1_S40,1,0.576
CTX,lineage,RF,onehot,3,RBB-17-171-1_S52,1,0.602
CTX,lineage,RF,onehot,3,RBB-18-0537-1_S21_L001,1,0.58
CTX,lineage,RF,onehot,3,RBB-18-0668-1_S188,1,0.576
CTX,lineage,RF,onehot,3,RBB-18-1309-1_S42,1,0.57
CTX,lineage,RF,onehot,3,RBB-18-1460-1_S45,1,0.572
CTX,lineage,RF,onehot,3,RBF-16-004-1_S18,1,0.584
CTX,lineage,RF,onehot,3,RBF-16-060-1_S22,1,0.578
CTX,lineage,RF,onehot,3,RBF-17-0340-1_S81,1,0.678
CTX,lineage,RF,onehot,3,RBF-17-0438-1_S9,1,0.576
CTX,lineage,RF,onehot,3,RBF-17-0467-1_S12,1,0.578
CTX,lineage,RF,onehot,3,RBF-17-0489-1_S13,1,0.57
CTX,lineage,RF,onehot,3,RBF-17-0521-1_S78,0,0.578
CTX,lineage,RF,onehot,3,RBF-17-0537-1_S56,1,0.574
CTX,lineage,RF,onehot,3,RBF-17-0553-1_S85,0,0.588
CTX,lineage,RF,onehot,3,RBF-17-0572-2_S89,0,0.734
CTX,lineage,RF,onehot,3,RBF-17-067-1_S54,1,0.574
CTX,lineage,RF,onehot,3,RBF-17-094-1_S56,1,0.58
CTX,lineage,RF,onehot,3,RBF-17-170-1_S66,1,0.592
CTX,lineage,RF,onehot,3,RBF-17-186-1_S69,1,0.576
CTX,lineage,RF,onehot,3,RBF-17-318-1_S77,1,0.592
CTX,lineage,RF,onehot,3,RBF-18-0019-1_S2,0,0.582
CTX,lineage,RF,onehot,3,RBF-18-0035-1_S6,0,0.628
CTX,lineage,RF,onehot,3,RBF-18-0068-1_S77,1,0.658
CTX,lineage,RF,onehot,3,RBF-18-0075-1_S79,1,0.578
CTX,lineage,RF,onehot,3,RBF-18-0132-1_S26,0,0.304
CTX,lineage,RF,onehot,3,RBF-18-0163-2_S39,0,0.438
CTX,lineage,RF,onehot,3,RBF-18-0173-1_S27,0,0.498
CTX,lineage,RF,onehot,3,RBF-18-0174-1_S28,1,0.568
CTX,lineage,RF,onehot,3,RBF-18-0187-1_S31,1,0.58
CTX,lineage,RF,onehot,3,RBF-18-0194-1_S86,1,0.572
CTX,lineage,RF,onehot,3,RBF-18-0196-1_S46,0,0.568
CTX,lineage,RF,onehot,3,RBF-18-0199-1_S47,0,0.574
CTX,lineage,RF,onehot,3,RBF-18-0227-1_S53,0,0.536
CTX,lineage,RF,onehot,3,RBF-18-0253-1_S13_L001,0,0.638
CTX,lineage,RF,onehot,3,RBF-18-0277-1_S61,0,0.57
CTX,lineage,RF,onehot,3,RBF-18-0282-1_S63,0,0.626
CTX,lineage,RF,onehot,3,RBF-18-0321-1_S69,0,0.312
CTX,lineage,RF,onehot,3,RBF-18-0585-1_S48,1,0.578
CTX,lineage,RF,onehot,3,RBF-18-0714-2_S204_2,1,0.574
CTX,lineage,RF,onehot,3,RBG-17-0269-1_S41,0,0.488
CTX,lineage,RF,onehot,3,RBG-17-0351-1_S20_L001,1,0.57
CTX,lineage,RF,onehot,3,RBG-17-0383-1_S44,0,0.45
CTX,lineage,RF,onehot,3,RBG-18-0004-1_S1,1,0.576
CTX,lineage,RF,onehot,3,RBG-18-0012-1_S3,0,0.438
CTX,lineage,RF,onehot,3,RBG-18-0041-1_S6,0,0.52
CTX,lineage,RF,onehot,3,RBG-18-0071-1_S44,0,0.522
CTX,lineage,RF,onehot,3,RBG-18-0072-1_S8,0,0.498
CTX,lineage,RF,onehot,3,RBG-18-0083-1_S12,0,0.646
CTX,lineage,RF,onehot,3,RBG-18-0085-1_S11,0,0.298
CTX,lineage,RF,onehot,3,RBG-18-0099-1_S14,1,0.576
CTX,lineage,RF,onehot,3,RBG-18-0129-1_S15_L001,1,0.572
CTX,lineage,RF,onehot,3,RBG-18-0153-1_S14,0,0.602
CTX,lineage,RF,onehot,3,RBG-18-0177-1_S17_L001,1,0.582
CTX,lineage,RF,onehot,3,RBG-18-0200-1_S18_L001,1,0.572
CTX,lineage,RF,onehot,3,RBG-18-0221-1_S47,0,0.44
CTX,lineage,RF,onehot,3,RBG-18-0224-1_S24_L001,1,0.578
CTX,lineage,RF,onehot,3,RBG-18-0279-1_S36,1,0.574
CTX,lineage,RF,onehot,3,RBG-18-0289-1_S37,1,0.542
CTX,lineage,RF,onehot,3,RBG-18-0380-1_S48,0,0.576
CTX,lineage,RF,onehot,3,RBG-18-0388-1_S21_L001,1,0.59
CTX,lineage,RF,onehot,3,RBG-18-0391-1_S22_L001,1,0.68
CTX,lineage,RF,onehot,3,RBG-18-0410-1_S12,1,0.57
CTX,lineage,RF,onehot,3,RBG-18-0421-1_S53,1,0.594
CTX,lineage,RF,onehot,3,RBG-18-0437-1_S54,1,0.586
CTX,lineage,RF,onehot,3,RBK-17-0457-1_S6,1,0.57
CTX,lineage,RF,onehot,3,RBK-17-0492-1_S8,1,0.57
CTX,lineage,RF,onehot,3,RBK-17-0588-1_S24,1,0.6
CTX,lineage,RF,onehot,3,RBK-17-0601-1_S25,1,0.576
CTX,lineage,RF,onehot,3,RBK-17-0612-1_S27,1,0.576
CTX,lineage,RF,onehot,3,RBK-17-0655-5_S182,1,0.572
CTX,lineage,RF,onehot,3,RBK-18-0060-1_S22,0,0.632
CTX,lineage,RF,onehot,3,RBK-18-0077-1_S212,1,0.576
CTX,lineage,RF,onehot,3,RBK-18-0236-2_S52_2,1,0.552
CTX,lineage,RF,onehot,3,RBKk-18-0108-1_S201,1,0.574
CTX,lineage,RF,onehot,3,RBL-17-0093-1_S146,0,0.542
CTX,lineage,RF,onehot,3,RBL-17-0107-1_S150,0,0.548
CTX,lineage,RF,onehot,3,RBL-17-0113-1_S153,0,0.584
CTX,lineage,RF,onehot,3,RBL-17-0118-1_S156,0,0.468
CTX,lineage,RF,onehot,3,RBL-17-0165-1_S167,0,0.436
CTX,lineage,RF,onehot,3,RBL-17-0189-1_S172,0,0.426
CTX,lineage,RF,onehot,3,RBL-17-0199-1_S174,0,0.58
CTX,lineage,RF,onehot,3,RBL-17-0217-1_S176,0,0.432
CTX,lineage,RF,onehot,3,RBL-17-0226-1_S41,1,0.576
CTX,lineage,RF,onehot,3,RBL-17-0242-1_S42,1,0.58
CTX,lineage,RF,onehot,3,RBL-17-0244-1_S44,1,0.576
CTX,lineage,RF,onehot,3,RBL-17-0264-1_S103,0,0.574
CTX,lineage,RF,onehot,3,RBL-17-0267-1_S104,0,0.21
CTX,lineage,RF,onehot,3,RBL-17-0305-1_S49,1,0.6
CTX,lineage,RF,onehot,3,RBL-17-0307-1_S51,1,0.576
CTX,lineage,RF,onehot,3,RBL-17-0323-1_S115,0,0.506
CTX,lineage,RF,onehot,3,RBL-17-0328-1_S117,0,0.306
CTX,lineage,RF,onehot,3,RBL-17-0332-1_S118,0,0.486
CTX,lineage,RF,onehot,3,RBL-17-0350-1_S106,0,0.666
CTX,lineage,RF,onehot,3,RBL-17-0359-1_S66,1,0.572
CTX,lineage,RF,onehot,3,RBL-17-0392-1_S69,1,0.6
CTX,lineage,RF,onehot,3,RBL-17-0411-1_S128,0,0.316
CTX,lineage,RF,onehot,3,RBL-17-0432-1_S132,0,0.79
CTX,lineage,RF,onehot,3,RBL-17-0434-1_S133,0,0.822
CTX,lineage,RF,onehot,3,RBL-17-060-1_S17,1,0.578
CTX,lineage,RF,onehot,3,RBL-18-0048-1_S44,0,0.598
CTX,lineage,RF,onehot,3,RBL-18-0059-1_S171,0,0.586
CTX,lineage,RF,onehot,3,RBL-18-0076-1_S47,1,0.574
CTX,lineage,RF,onehot,3,RBL-18-0090-1_S48,1,0.572
CTX,lineage,RF,onehot,3,RBL-18-0093-1_S49,0,0.586
CTX,lineage,RF,onehot,3,RBL-18-0098-1_S178,0,0.574
CTX,lineage,RF,onehot,3,RBL-18-0194-1_S195_2,1,0.568
CTX,lineage,RF,onehot,3,RBL-18-0242-1_S51,0,0.328
CTX,lineage,RF,onehot,3,RBL-18-0343-1_S6,1,0.544
CTX,lineage,RF,onehot,3,RBL-18-0467-1_S228_2,1,0.562
CTX,lineage,RF,onehot,3,RBL-18-0500-1_S230_2,1,0.598
CTX,lineage,RF,onehot,3,RBT-16-0024-1_S10,1,0.572
CTX,lineage,RF,onehot,3,RBT-16-0038-1_S11,1,0.562
CTX,lineage,RF,onehot,3,RBT-17-0009-1_S21,0,0.496
CTX,lineage,RF,onehot,3,RBT-17-0039-1_S28,1,0.542
CTX,lineage,RF,onehot,3,RBT-17-0102-1_S37,0,0.58
CTX,lineage,RF,onehot,3,RBT-17-0168-1_S61,0,0.678
CTX,lineage,RF,onehot,3,RBT-17-0249-1_S61,1,0.576
CTX,lineage,RF,onehot,3,RBT-17-0328-1_S16,1,0.572
CTX,lineage,RF,onehot,3,RBT-17-0339-1_S20,0,0.582
CTX,lineage,RF,onehot,3,RBT-18-0021-1_S56,1,0.576
CTX,lineage,RF,onehot,3,RBT-18-0053-1_S36,1,0.572
CTX,lineage,RF,onehot,3,RBT-18-0129-1_S52,0,0.686
CTX,lineage,RF,onehot,3,RBT-18-0179-1_S37,0,0.496
CTX,lineage,RF,onehot,3,RBT-18-0205-1_S6,1,0.57
CTX,lineage,RF,onehot,3,RBT-18-0227-1_S46,1,0.572
CTX,lineage,RF,onehot,3,RBT-18-0232-1_S47,0,0.578
CTX,lineage,RF,onehot,3,RBT-18-0234-1_S15,1,0.572
CTX,lineage,RF,onehot,3,RBT-18-0263-1_S58,0,0.21
CTX,lineage,RF,onehot,3,RBT-18-0265-1_S59,0,0.218
CTX,lineage,RF,onehot,3,RBT-18-0278-1_S64,0,0.822
CTX,lineage,RF,onehot,3,RBT-18-0284-1_S66,1,0.574
CTX,lineage,RF,onehot,3,RBT-18-0296-1_S72,1,0.57
CTX,lineage,RF,onehot,3,RBT-18-0308-1_S34,0,0.5
CTX,lineage,RF,onehot,3,RBT-18-0324-1_S57,1,0.578
CTX,lineage,RF,onehot,3,RBT-18-0335-1_S41,0,0.6
CTX,lineage,RF,onehot,3,RBT-18-0337-1_S46,1,0.552
CTX,lineage,RF,onehot,3,RBT-18-0351-1_S48,0,0.496
CTX,lineage,RF,onehot,3,RBT-18-0363-1_S72,1,0.576
CTX,lineage,RF,onehot,3,RBT-18-0365-1_S30,0,0.538
CTX,lineage,RF,onehot,3,RBT-18-0370-1_S33,0,0.316
CTX,lineage,RF,onehot,3,RBT-18-0372-1_S31,1,0.58
CTX,lineage,RF,onehot,3,RBT-18-0391-1_S35,1,0.574
CTX,lineage,RF,onehot,3,RBT-18-0392-1_S56,1,0.576
CTX,lineage,RF,onehot,3,RBT-18-0401-1_S43,0,0.58
CTX,lineage,RF,onehot,3,ResetH127_S6_L001,1,0.582
CTX,lineage,RF,onehot,3,ResetH129_S7_L001,1,0.574
CTX,lineage,RF,onehot,3,ResetH131_S7_L001,1,0.578
CTX,lineage,RF,onehot,3,ResetH132_S1_L001,1,0.546
CTX,lineage,RF,onehot,3,ResetH49b_S6_L001,1,0.54
CTX,lineage,RF,onehot,3,ResetH63_S7_L001,1,0.576
CTX,lineage,RF,onehot,3,ResetH75_S2_L001,1,0.578
CTX,lineage,RF,onehot,3,ResetV260_S5_L001,1,0.582
CTX,lineage,RF,onehot,3,Survcare187_S32,1,0.58
CTX,lineage,RF,onehot,3,Survcare236_S5_L001,1,0.488
CTX,lineage,RF,onehot,3,Survcare265_S20,1,0.476
CTX,lineage,RF,onehot,3,Survcare327_S1,1,0.578
CTX,lineage,RF,onehot,3,Survcare341_S25,1,0.6
CTX,lineage,RF,onehot,3,V282_S4_L001,1,0.602
CTX,lineage,RF,onehot,3,V291_S5_L001,1,0.576
CTX,lineage,RF,onehot,3,V295_S7_L001,1,0.58
CTX,lineage,RF,onehot,3,W2RBK-17-168-1_S33,1,0.59
CTX,lineage,RF,onehot,3,W2RBK-17-169-1_S34,1,0.628
CTX,lineage,RF,onehot,3,W2RBL-16-018-1_S15,1,0.574
CTX,lineage,RF,onehot,3,wdh-RBB-17-170-1_S16,1,0.576
CTX,lineage,RF,onehot,3,wdh-RBF-17-0572-1_S43,0,0.736
CTX,lineage,RF,onehot,3,wdhRBF-10-0002-1_S10_L001,1,0.582
CTX,lineage,RF,onehot,3,wdhRBF-17-0567-1_S122,0,0.488
CTX,lineage,RF,onehot,3,WDHRBG-17-008-1_S83,0,0.588
CTX,lineage,RF,onehot,3,WDHRBG-17-122-1_S48,0,0.692
CTX,lineage,RF,onehot,3,wRBF-17-0146-1_S35,1,0.576
CTX,lineage,RF,onehot,3,wRBG-16-024-1_S152,0,0.848
CTX,lineage,RF,onehot,3,wRBG-16-033-1_S153,0,0.538
CTX,lineage,RF,onehot,3,wRBG-17-028-1_S100,0,0.428
CTX,lineage,RF,onehot,3,wRBG-17-031-1_S154,0,0.406
CTX,lineage,RF,onehot,3,wRBG-17-049-1_S142,0,0.668
CTX,lineage,RF,onehot,3,wRBG-17-055-1_S163,0,0.58
CTX,lineage,RF,onehot,3,wRBG-17-057-1_S141,0,0.49
CTX,lineage,RF,onehot,3,wRBG-17-106-1_S125,0,0.54
CTX,lineage,RF,onehot,3,wRBG-17-110-1_S168,0,0.678
CTX,lineage,RF,onehot,3,wwRBB-16-112-1_S1,1,0.57
CTX,lineage,RF,onehot,3,wwRBF-16-007-1_S10,1,0.578
CTX,lineage,RF,onehot,3,wwRBF-17-167-1_S31,1,0.566
CTX,lineage,RF,onehot,3,wwRBF-17-189-1_S32,1,0.592
CTX,lineage,RF,onehot,3,wwRBF-17-209-1_S34,0,0.666
CTX,lineage,RF,onehot,3,wwRBK-16-023-1_S5,1,0.688
CTX,lineage,RF,onehot,3,wwRBK-17-0148-1_S37,1,0.576
CTX,lineage,RF,onehot,3,wwRBK-17-0148-2_S38,1,0.576
CTX,lineage,RF,onehot,3,wwRBK-17-0197-1_S39,1,0.582
CTX,lineage,RF,onehot,3,wwRBK-17-075-1_S28,1,0.576
CTX,lineage,RF,onehot,3,wwRBL-17-004-1_S44,1,0.584
CTX,lineage,RF,onehot,4,H108_S5_L001,1,0.504
CTX,lineage,RF,onehot,4,H119_S7_L001,1,0.786
CTX,lineage,RF,onehot,4,H123_S1_L001,1,0.73
CTX,lineage,RF,onehot,4,H130_S2_L001,1,0.502
CTX,lineage,RF,onehot,4,H153_S1_L001,1,0.486
CTX,lineage,RF,onehot,4,H154_S2_L001,1,0.484
CTX,lineage,RF,onehot,4,H157_S3_L001,1,0.78
CTX,lineage,RF,onehot,4,H160_S3_L001,1,0.484
CTX,lineage,RF,onehot,4,H164_S3_L001,1,0.486
CTX,lineage,RF,onehot,4,H28_S10_L001,1,0.486
CTX,lineage,RF,onehot,4,H83_S7_L001,1,0.498
CTX,lineage,RF,onehot,4,NNRBG-17-0227-1_S8,0,0.152
CTX,lineage,RF,onehot,4,NNRBG-17-0239-1_S10,0,0.2174
CTX,lineage,RF,onehot,4,NNRBG-17-0278-1_S16,0,0.596
CTX,lineage,RF,onehot,4,RBB-18-0674-1_S189,1,0.888
CTX,lineage,RF,onehot,4,RBB-18-0772-1_S192,1,0.856
CTX,lineage,RF,onehot,4,RBF-17-0550-1_S84,0,0.51
CTX,lineage,RF,onehot,4,RBF-17-0587-1_S91,0,0.14917777777777777
CTX,lineage,RF,onehot,4,RBF-17-0605-1_S94,0,0.518
CTX,lineage,RF,onehot,4,RBF-17-0616-1_S96,0,0.478
CTX,lineage,RF,onehot,4,RBF-17-0632-1_S97,0,0.13563636363636364
CTX,lineage,RF,onehot,4,RBF-17-0645-1_S61,1,0.644
CTX,lineage,RF,onehot,4,RBF-17-0651-1_S62,1,0.684
CTX,lineage,RF,onehot,4,RBF-17-0653-1_S101,0,0.128
CTX,lineage,RF,onehot,4,RBF-17-266-1_S70,1,0.41
CTX,lineage,RF,onehot,4,RBF-18-0013-1_S25_L001,0,0.14517777777777777
CTX,lineage,RF,onehot,4,RBF-18-0036-1_S7,0,0.16
CTX,lineage,RF,onehot,4,RBF-18-0064-2_S14,0,0.16
CTX,lineage,RF,onehot,4,RBF-18-0066-1_S15,0,0.422
CTX,lineage,RF,onehot,4,RBF-18-0072-1_S16,0,0.15
CTX,lineage,RF,onehot,4,RBF-18-0099-1_S26,0,0.13363636363636364
CTX,lineage,RF,onehot,4,RBF-18-0139-1_S35,0,0.414
CTX,lineage,RF,onehot,4,RBF-18-0184-1_S30,0,0.87
CTX,lineage,RF,onehot,4,RBF-18-0192-1_S44,0,0.61
CTX,lineage,RF,onehot,4,RBF-18-0251-1_S55,0,0.872
CTX,lineage,RF,onehot,4,RBF-18-0280-1_S62,0,0.492
CTX,lineage,RF,onehot,4,RBF-18-0294-1_S64,0,0.152
CTX,lineage,RF,onehot,4,RBF-18-0296-1_S17,0,0.21615555555555557
CTX,lineage,RF,onehot,4,RBF-18-0338-1_S72,0,0.15
CTX,lineage,RF,onehot,4,RBF-18-0634-1_S183,1,0.596
CTX,lineage,RF,onehot,4,RBF-18-0664-1_S190,1,0.87
CTX,lineage,RF,onehot,4,RBG-17-013-1_S16,1,0.896
CTX,lineage,RF,onehot,4,RBg-17-123-2_S12,0,0.596
CTX,lineage,RF,onehot,4,RBG-18-0017-1_S5,0,0.098
CTX,lineage,RF,onehot,4,RBG-18-0076-1_S10,0,0.492
CTX,lineage,RF,onehot,4,RBG-18-0108-1_S16,0,0.12346969696969698
CTX,lineage,RF,onehot,4,RBG-18-0140-1_S14_L001,0,0.504
CTX,lineage,RF,onehot,4,RBG-18-0144-1_S38,0,0.196
CTX,lineage,RF,onehot,4,RBG-18-0166-1_S10_L001,0,0.16163636363636363
CTX,lineage,RF,onehot,4,RBG-18-0204-1_S23_L001,0,0.2
CTX,lineage,RF,onehot,4,RBG-18-0211-1_S35,1,0.522
CTX,lineage,RF,onehot,4,RBG-18-0300-1_S52,0,0.14717777777777777
CTX,lineage,RF,onehot,4,RBG-18-0352-1_S21_L001,0,0.182
CTX,lineage,RF,onehot,4,RBG-18-0381-1_S49,0,0.15763636363636363
CTX,lineage,RF,onehot,4,RBK-16-007-1_S13,1,0.096
CTX,lineage,RF,onehot,4,RBK-16-073-1_S14,1,0.892
CTX,lineage,RF,onehot,4,RBK-17-0595-1_S187,1,0.864
CTX,lineage,RF,onehot,4,RBK-18-0002-1_S38,1,0.21815555555555557
CTX,lineage,RF,onehot,4,RBK-18-0005-1_S18,0,0.202
CTX,lineage,RF,onehot,4,RBK-18-0047-1_S20,0,0.508
CTX,lineage,RF,onehot,4,RBK-18-0062-2_S203,0,0.664
CTX,lineage,RF,onehot,4,RBK-18-0414-1_S59,0,0.518
CTX,lineage,RF,onehot,4,RBL-17-0108-1_S151,0,0.1558181818181818
CTX,lineage,RF,onehot,4,RBL-17-0116-1_S154,0,0.22215555555555558
CTX,lineage,RF,onehot,4,RBL-17-0205-1_S175,0,0.136
CTX,lineage,RF,onehot,4,RBL-17-0259-1_S99,0,0.22319999999999998
CTX,lineage,RF,onehot,4,RBL-17-0274-2_S105,0,0.39
CTX,lineage,RF,onehot,4,RBL-17-0327-1_S116,0,0.118
CTX,lineage,RF,onehot,4,RBL-17-0340-1_S102,0,0.152
CTX,lineage,RF,onehot,4,RBL-17-0342-1_S103,0,0.21015555555555557
CTX,lineage,RF,onehot,4,RBL-17-0347-1_S104,0,0.148
CTX,lineage,RF,onehot,4,RBL-17-0360-1_S108,0,0.562
CTX,lineage,RF,onehot,4,RBL-17-0366-1_S113,0,0.098
CTX,lineage,RF,onehot,4,RBL-17-0368-1_S114,0,0.14
CTX,lineage,RF,onehot,4,RBL-17-0390-1_S121,0,0.12563636363636363
CTX,lineage,RF,onehot,4,RBL-17-0395-1_S124,0,0.144
CTX,lineage,RF,onehot,4,RBL-17-0402-1_S126,0,0.144
CTX,lineage,RF,onehot,4,RBL-17-0435-1_S134,0,0.148
CTX,lineage,RF,onehot,4,RBL-18-0010-1_S159,0,0.406
CTX,lineage,RF,onehot,4,RBL-18-0016-1_S161,0,0.14317777777777776
CTX,lineage,RF,onehot,4,RBL-18-0066-1_S173,0,0.21
CTX,lineage,RF,onehot,4,RBL-18-0085-1_S176,0,0.168
CTX,lineage,RF,onehot,4,RBT-16-0045-1_S58,1,0.828
CTX,lineage,RF,onehot,4,RBT-17-0027-1_S3,0,0.168
CTX,lineage,RF,onehot,4,RBT-17-0100-1_S36,1,0.096
CTX,lineage,RF,onehot,4,RBT-17-0112-1_S41,0,0.144
CTX,lineage,RF,onehot,4,RBT-17-0165-1_S60,0,0.222
CTX,lineage,RF,onehot,4,RBT-17-0177-1_S65,0,0.47
CTX,lineage,RF,onehot,4,RBT-17-0177-2_S7,0,0.468
CTX,lineage,RF,onehot,4,RBT-17-0178-1_S66,0,0.126
CTX,lineage,RF,onehot,4,RBT-17-0210-1_S55,0,0.142
CTX,lineage,RF,onehot,4,RBT-17-0228-1_S10,0,0.326
CTX,lineage,RF,onehot,4,RBT-17-0238-1_S59,0,0.184
CTX,lineage,RF,onehot,4,RBT-17-0251-1_S62,1,0.888
CTX,lineage,RF,onehot,4,RBT-17-0287-1_S10,0,0.584
CTX,lineage,RF,onehot,4,RBT-18-0023-1_S14,0,0.2
CTX,lineage,RF,onehot,4,RBT-18-0057-1_S38,0,0.48
CTX,lineage,RF,onehot,4,RBT-18-0091-1_S42,0,0.24117042606516292
CTX,lineage,RF,onehot,4,RBT-18-0095-1_S19,0,0.144
CTX,lineage,RF,onehot,4,RBT-18-0096-1_S20,0,0.16
CTX,lineage,RF,onehot,4,RBT-18-0100-1_S21,0,0.494
CTX,lineage,RF,onehot,4,RBT-18-0115-1_S45,0,0.258
CTX,lineage,RF,onehot,4,RBT-18-0120-1_S48,0,0.496
CTX,lineage,RF,onehot,4,RBT-18-0164-1_S34,0,0.096
CTX,lineage,RF,onehot,4,RBT-18-0173-1_S35,0,0.252
CTX,lineage,RF,onehot,4,RBT-18-0184-1_S38,1,0.096
CTX,lineage,RF,onehot,4,RBT-18-0185-1_S39,0,0.192
CTX,lineage,RF,onehot,4,RBT-18-0236-1_S48,1,0.096
CTX,lineage,RF,onehot,4,RBT-18-0251-1_S7,0,0.28
CTX,lineage,RF,onehot,4,RBT-18-0252-1_S53,0,0.87
CTX,lineage,RF,onehot,4,RBT-18-0316-1_S43,0,0.1594825174825175
CTX,lineage,RF,onehot,4,RBT-18-0341-1_S24,0,0.446
CTX,lineage,RF,onehot,4,RBT-18-0364-1_S29,0,0.566
CTX,lineage,RF,onehot,4,ResetH134_S8_L001,1,0.534
CTX,lineage,RF,onehot,4,ResetH139_S3_L001,1,0.504
CTX,lineage,RF,onehot,4,ResetH152_S4_L001,1,0.486
CTX,lineage,RF,onehot,4,ResetH44_S3_L001,1,0.632
CTX,lineage,RF,onehot,4,ResetH89_S3_L001,1,0.468
CTX,lineage,RF,onehot,4,ResetV105_S1_L001,1,0.78
CTX,lineage,RF,onehot,4,Survcare129_S1,1,0.16
CTX,lineage,RF,onehot,4,Survcare133_S25,1,0.812
CTX,lineage,RF,onehot,4,Survcare134_S26,1,0.814
CTX,lineage,RF,onehot,4,Survcare140_S4_L001,1,0.818
CTX,lineage,RF,onehot,4,Survcare184_S19,1,0.16
CTX,lineage,RF,onehot,4,Survcare254_S36,1,0.884
CTX,lineage,RF,onehot,4,Survcare275_S38,1,0.17
CTX,lineage,RF,onehot,4,Survcare278_S62,1,0.786
CTX,lineage,RF,onehot,4,Survcare291_S38,1,0.16
CTX,lineage,RF,onehot,4,Survcare295_S8_L001,1,0.8
CTX,lineage,RF,onehot,4,Survcare303_S15_L001,1,0.81
CTX,lineage,RF,onehot,4,Survcare313_S24_L001,1,0.892
CTX,lineage,RF,onehot,4,Survcare317_S5_L001,1,0.658
CTX,lineage,RF,onehot,4,Survcare329_S3,1,0.552
CTX,lineage,RF,onehot,4,Survcare337_S12,1,0.408
CTX,lineage,RF,onehot,4,V108_S2_L001,1,0.586
CTX,lineage,RF,onehot,4,V120_S5_L001,1,0.488
CTX,lineage,RF,onehot,4,V173_S6_L001,1,0.428
CTX,lineage,RF,onehot,4,V205_S3_L001,1,0.494
CTX,lineage,RF,onehot,4,V228_S8_L001,1,0.744
CTX,lineage,RF,onehot,4,V229_S10_L001,1,0.744
CTX,lineage,RF,onehot,4,V232_S3_L001,1,0.148
CTX,lineage,RF,onehot,4,V71_S4_L001,1,0.788
CTX,lineage,RF,onehot,4,V89_S1_L001,1,0.524
CTX,lineage,RF,onehot,4,wdh-RBL-17-0361-1_S44,0,0.146
CTX,lineage,RF,onehot,4,wdh-Survcare119_S44,1,0.366
CTX,lineage,RF,onehot,4,wdhRBF-18-0048-1_S12_L001,0,0.54
CTX,lineage,RF,onehot,4,WDHRBG-16-062-1_S49,0,0.122
CTX,lineage,RF,onehot,4,WDHRBG-17-001-1_S82,0,0.096
CTX,lineage,RF,onehot,4,wRBG-17-023-1_S155,0,0.202
CTX,lineage,RF,onehot,4,wRBG-17-030-1_S165,0,0.534
CTX,lineage,RF,onehot,4,wRBG-17-075-1_S96,0,0.212
