antibiotic,split,model,encoding,fold,isolate,y_true,prob
CTZ,lineage,LR,label,0,H109_S2_L001,0,0.9947190284729004
CTZ,lineage,LR,label,0,H119_S7_L001,1,1.0939910310980849e-07
CTZ,lineage,LR,label,0,H38_S4_L001,1,0.999727189540863
CTZ,lineage,LR,label,0,NNRBG-17-0196-1_S3,0,1.0367640612685136e-07
CTZ,lineage,LR,label,0,NNRBG-17-0199-1_S5,0,2.4083723815238045e-07
CTZ,lineage,LR,label,0,NNRBG-17-0205-1_S7,0,0.006921933963894844
CTZ,lineage,LR,label,0,NNRBG-17-0294-1_S18,0,0.9711436629295349
CTZ,lineage,LR,label,0,NNRBG-17-0319-1_S24,0,0.003267040941864252
CTZ,lineage,LR,label,0,NNRBG-17-0328-1_S25,0,0.006026962772011757
CTZ,lineage,LR,label,0,NNRBG-17-0329-1_S26,0,1.7905791537486948e-05
CTZ,lineage,LR,label,0,NNRBG-17-0399-1_S40,0,0.014441145583987236
CTZ,lineage,LR,label,0,RBB-18-0892-1_S80_2,1,0.9999998807907104
CTZ,lineage,LR,label,0,RBB-18-0972-1_S203_2,1,0.999998927116394
CTZ,lineage,LR,label,0,RBB-18-1212-1_S67_2,1,0.9999889135360718
CTZ,lineage,LR,label,0,RBB-18-1488-1_S46,1,7.453561556758359e-05
CTZ,lineage,LR,label,0,RBB-18-1502-1_S47,1,0.9999794960021973
CTZ,lineage,LR,label,0,RBF-10-0240-1_S12_L001,0,0.004861489403992891
CTZ,lineage,LR,label,0,RBF-16-0064-1_S136,0,0.0006547303055413067
CTZ,lineage,LR,label,0,RBF-17-0164-1_S137,0,0.01985207386314869
CTZ,lineage,LR,label,0,RBF-17-0173-1_S138,0,0.2714029550552368
CTZ,lineage,LR,label,0,RBF-17-0194-1_S140,0,0.03275211155414581
CTZ,lineage,LR,label,0,RBF-17-0550-1_S84,0,0.015665648505091667
CTZ,lineage,LR,label,0,RBF-17-0589-1_S92,0,0.040412019938230515
CTZ,lineage,LR,label,0,RBF-17-0602-1_S93,0,0.03200959786772728
CTZ,lineage,LR,label,0,RBF-17-0635-1_S98,0,3.632613015724928e-06
CTZ,lineage,LR,label,0,RBF-17-0647-1_S99,0,0.019092272967100143
CTZ,lineage,LR,label,0,RBF-17-0651-1_S62,0,1.691631723588216e-08
CTZ,lineage,LR,label,0,RBF-17-266-1_S70,1,0.9999456405639648
CTZ,lineage,LR,label,0,RBF-18-0036-1_S7,0,6.745952850906178e-05
CTZ,lineage,LR,label,0,RBF-18-0085-1_S21,0,0.00011347823601681739
CTZ,lineage,LR,label,0,RBF-18-0086-1_S22,0,6.734697421961755e-07
CTZ,lineage,LR,label,0,RBF-18-0127-1_S32,0,0.5907320380210876
CTZ,lineage,LR,label,0,RBF-18-0214-1_S51,0,0.0027101391460746527
CTZ,lineage,LR,label,0,RBF-18-0217-1_S54,0,2.1849453332833946e-05
CTZ,lineage,LR,label,0,RBF-18-0338-1_S72,0,0.03519066050648689
CTZ,lineage,LR,label,0,RBG-17-0284-1_S59,0,5.783650749435765e-07
CTZ,lineage,LR,label,0,RBG-18-0025-1_S9_L001,0,6.568849464372306e-09
CTZ,lineage,LR,label,0,RBG-18-0029-1_S40,0,1.8017827585481427e-07
CTZ,lineage,LR,label,0,RBG-18-0077-1_S9,1,0.9997817873954773
CTZ,lineage,LR,label,0,RBG-18-0185-1_S40,0,0.0060174609534442425
CTZ,lineage,LR,label,0,RBG-18-0191-1_S11_L001,0,0.010723299346864223
CTZ,lineage,LR,label,0,RBG-18-0194-1_S45,0,6.895876231149956e-11
CTZ,lineage,LR,label,0,RBG-18-0256-1_S8_L001,1,0.003091178834438324
CTZ,lineage,LR,label,0,RBG-18-0265-1_S49,0,0.0013063100632280111
CTZ,lineage,LR,label,0,RBG-18-0276-1_S50,0,7.976476626936346e-05
CTZ,lineage,LR,label,0,RBG-18-0301-1_S53,0,0.0004902459913864732
CTZ,lineage,LR,label,0,RBG-18-0394-1_S23_L001,0,0.0013573413016274571
CTZ,lineage,LR,label,0,RBK-16-124-1_S16,1,6.6886836975754704e-06
CTZ,lineage,LR,label,0,RBK-18-0019-1_S195,0,9.998351015383378e-05
CTZ,lineage,LR,label,0,RBK-18-0037-1_S199,0,1.8567849081191357e-12
CTZ,lineage,LR,label,0,RBK-18-0038-1_S200,0,3.392796861589886e-05
CTZ,lineage,LR,label,0,RBK-18-0414-1_S59,0,1.793949988559973e-10
CTZ,lineage,LR,label,0,RBL-17-0090-1_S145,0,2.1338146325433627e-06
CTZ,lineage,LR,label,0,RBL-17-0104-1_S149,0,0.24442075192928314
CTZ,lineage,LR,label,0,RBL-17-0117-1_S155,0,1.981376226467546e-05
CTZ,lineage,LR,label,0,RBL-17-0129-1_S158,0,0.0032712144311517477
CTZ,lineage,LR,label,0,RBL-17-0133-1_S159,0,0.06396547704935074
CTZ,lineage,LR,label,0,RBL-17-0135-1_S160,0,0.00591634726151824
CTZ,lineage,LR,label,0,RBL-17-0138-1_S162,0,2.9976359655847773e-05
CTZ,lineage,LR,label,0,RBL-17-0144-1_S163,0,0.9932265877723694
CTZ,lineage,LR,label,0,RBL-17-0155-1_S165,0,2.5273587667129505e-09
CTZ,lineage,LR,label,0,RBL-17-0197-1_S173,0,9.00427476153709e-05
CTZ,lineage,LR,label,0,RBL-17-0217-1_S176,0,1.5696838090661913e-05
CTZ,lineage,LR,label,0,RBL-17-0235-1_S92,0,0.0001656966924201697
CTZ,lineage,LR,label,0,RBL-17-0267-1_S104,0,1.4886664985169773e-06
CTZ,lineage,LR,label,0,RBL-17-0300-1_S112,0,0.0021081052254885435
CTZ,lineage,LR,label,0,RBL-17-0306-1_S50,1,0.01477239653468132
CTZ,lineage,LR,label,0,RBL-17-0393-1_S123,0,0.00046962781925685704
CTZ,lineage,LR,label,0,RBL-17-0409-1_S127,0,0.006640973966568708
CTZ,lineage,LR,label,0,RBL-17-0429-1_S130,0,6.972116352699231e-06
CTZ,lineage,LR,label,0,RBL-18-0019-1_S41,0,1.9745817553484812e-05
CTZ,lineage,LR,label,0,RBL-18-0032-1_S167,0,0.9999738931655884
CTZ,lineage,LR,label,0,RBL-18-0055-1_S170,0,0.16418960690498352
CTZ,lineage,LR,label,0,RBT-17-0003-1_S16,0,0.0002605724730528891
CTZ,lineage,LR,label,0,RBT-17-0011-1_S19,0,0.002235340652987361
CTZ,lineage,LR,label,0,RBT-17-0019-1_S62,1,0.999995231628418
CTZ,lineage,LR,label,0,RBT-17-0024-1_S23,0,0.09295999258756638
CTZ,lineage,LR,label,0,RBT-17-0033-1_S12,1,0.0003684661351144314
CTZ,lineage,LR,label,0,RBT-17-0082-1_S30,0,0.0003107061784248799
CTZ,lineage,LR,label,0,RBT-17-0090-1_S32,0,7.63064846864836e-08
CTZ,lineage,LR,label,0,RBT-17-0097-1_S34,1,0.9997498393058777
CTZ,lineage,LR,label,0,RBT-17-0109-1_S40,0,0.005845195613801479
CTZ,lineage,LR,label,0,RBT-17-0118-1_S45,0,6.206156103871763e-05
CTZ,lineage,LR,label,0,RBT-17-0142-1_S53,0,0.00015711443847976625
CTZ,lineage,LR,label,0,RBT-17-0150-1_S54,0,0.0024087834171950817
CTZ,lineage,LR,label,0,RBT-17-0177-1_S65,0,2.1372931636315373e-12
CTZ,lineage,LR,label,0,RBT-17-0177-2_S7,0,2.6722814499419156e-12
CTZ,lineage,LR,label,0,RBT-17-0188-1_S68,1,6.580954448054399e-08
CTZ,lineage,LR,label,0,RBT-17-0243-1_S11,0,0.04760231822729111
CTZ,lineage,LR,label,0,RBT-17-0337-1_S19,0,0.2591308653354645
CTZ,lineage,LR,label,0,RBT-18-0030-1_S69,0,6.512615800602362e-05
CTZ,lineage,LR,label,0,RBT-18-0046-1_S2,0,0.01134356576949358
CTZ,lineage,LR,label,0,RBT-18-0057-1_S38,0,3.307265553542833e-14
CTZ,lineage,LR,label,0,RBT-18-0064-1_S15,0,0.0004761192831210792
CTZ,lineage,LR,label,0,RBT-18-0066-1_S40,0,0.5009322166442871
CTZ,lineage,LR,label,0,RBT-18-0080-1_S49,1,0.64615398645401
CTZ,lineage,LR,label,0,RBT-18-0091-1_S42,0,0.3160151541233063
CTZ,lineage,LR,label,0,RBT-18-0101-1_S22,0,1.7403293384177232e-07
CTZ,lineage,LR,label,0,RBT-18-0113-1_S44,0,0.0009909425862133503
CTZ,lineage,LR,label,0,RBT-18-0121-1_S28,0,0.00019310525385662913
CTZ,lineage,LR,label,0,RBT-18-0122-1_S63,0,2.722746195171766e-10
CTZ,lineage,LR,label,0,RBT-18-0125-1_S50,0,0.003310743486508727
CTZ,lineage,LR,label,0,RBT-18-0134-1_S29,0,0.040807876735925674
CTZ,lineage,LR,label,0,RBT-18-0230-1_S45,0,3.153218585794093e-06
CTZ,lineage,LR,label,0,RBT-18-0259-1_S55,0,2.7105595563625684e-06
CTZ,lineage,LR,label,0,RBT-18-0317-1_S27,0,0.001343099633231759
CTZ,lineage,LR,label,0,RBT-18-0341-1_S24,0,1.11598300045479e-11
CTZ,lineage,LR,label,0,RBT-18-0364-1_S29,0,0.008949045091867447
CTZ,lineage,LR,label,0,RBT-18-0365-1_S30,0,0.999936580657959
CTZ,lineage,LR,label,0,ResetH10_S1_L001,0,0.006710048299282789
CTZ,lineage,LR,label,0,ResetH68_S1_L001,0,0.0027010105550289154
CTZ,lineage,LR,label,0,ResetH93_S5_L001,1,0.09251168370246887
CTZ,lineage,LR,label,0,ResetH98_S4_L001,0,6.923629553057253e-05
CTZ,lineage,LR,label,0,ResetV143_S2_L001,0,6.832597421180253e-08
CTZ,lineage,LR,label,0,Survcare125_S25,1,0.11911681294441223
CTZ,lineage,LR,label,0,Survcare130_S2,1,0.05860123410820961
CTZ,lineage,LR,label,0,Survcare234_S3_L001,1,8.339116902789101e-05
CTZ,lineage,LR,label,0,Survcare244_S9_L001,1,0.9999839067459106
CTZ,lineage,LR,label,0,Survcare278_S62,1,0.0020208191126585007
CTZ,lineage,LR,label,0,Survcare289_S36,1,0.1583961844444275
CTZ,lineage,LR,label,0,Survcare293_S40,1,0.5160266757011414
CTZ,lineage,LR,label,0,Survcare309_S20_L001,1,0.8790680766105652
CTZ,lineage,LR,label,0,Survcare317_S5_L001,1,1.3292264178232926e-08
CTZ,lineage,LR,label,0,Survcare318_S20_L001,1,0.36795517802238464
CTZ,lineage,LR,label,0,Survcare319_S16,1,0.004713908769190311
CTZ,lineage,LR,label,0,Survcare334_S10,1,0.009421752765774727
CTZ,lineage,LR,label,0,Survcare335_S11,1,0.8257259726524353
CTZ,lineage,LR,label,0,Survcare350_S44,1,0.19024105370044708
CTZ,lineage,LR,label,0,Survcare360_S84,1,0.0001878755138022825
CTZ,lineage,LR,label,0,V153_S4_L001,0,2.4466032498560164e-12
CTZ,lineage,LR,label,0,V155_S5_L001,0,1.905750947675533e-12
CTZ,lineage,LR,label,0,V177_S6_L001,1,0.16821737587451935
CTZ,lineage,LR,label,0,V195_S1_L001,1,7.163812322215704e-14
CTZ,lineage,LR,label,0,V292_S6_L001,1,1.0
CTZ,lineage,LR,label,0,V71_S4_L001,1,1.5834336863917997e-07
CTZ,lineage,LR,label,0,V73_S5_L001,1,0.996953010559082
CTZ,lineage,LR,label,0,V8_S7_L001,0,0.9933136105537415
CTZ,lineage,LR,label,0,V86_S1_L001,1,0.9974253177642822
CTZ,lineage,LR,label,0,V96_S2_L001,1,0.9998624324798584
CTZ,lineage,LR,label,0,W2RBF-17-090-1_S26,1,5.309593689162284e-07
CTZ,lineage,LR,label,0,wdhRBF-18-0057_S14_L001,0,0.8922902345657349
CTZ,lineage,LR,label,0,wNRZ-32446_S79,1,4.4637008045356197e-07
CTZ,lineage,LR,label,0,wRBG-16-026-1_S163,0,1.6163932741619647e-05
CTZ,lineage,LR,label,0,wRBG-16-032-1_S142,0,0.0005093559739179909
CTZ,lineage,LR,label,0,wRBG-17-021-1_S166,0,4.569169323076494e-05
CTZ,lineage,LR,label,0,wRBG-17-025-1_S133,0,1.8900117026987573e-08
CTZ,lineage,LR,label,0,wRBG-17-058-1_S130,0,3.351320287947601e-07
CTZ,lineage,LR,label,0,wRBG-17-072-1_S129,0,2.5237278933332163e-08
CTZ,lineage,LR,label,0,wRBG-17-081-1_S117,0,4.441333203430986e-06
CTZ,lineage,LR,label,0,wRBG-17-102-1_S169,0,1.9221608557758695e-15
CTZ,lineage,LR,label,1,H100_S2_L001,0,0.672805666923523
CTZ,lineage,LR,label,1,H105_S3_L001,0,0.23887979984283447
CTZ,lineage,LR,label,1,H136_S7_L001,0,0.009484575130045414
CTZ,lineage,LR,label,1,H148_S4_L001,1,0.006438819691538811
CTZ,lineage,LR,label,1,H28_S10_L001,0,3.688821743708104e-05
CTZ,lineage,LR,label,1,H3_S1_L001,1,0.01841566525399685
CTZ,lineage,LR,label,1,H51_S5_L001,0,0.2854788601398468
CTZ,lineage,LR,label,1,H53_S4_L001,1,0.22735947370529175
CTZ,lineage,LR,label,1,H71_S1_L001,1,0.016894888132810593
CTZ,lineage,LR,label,1,H86_S1_L001,0,2.7817626687465236e-05
CTZ,lineage,LR,label,1,NNRBG-17-0191-1_S1,0,0.0172328669577837
CTZ,lineage,LR,label,1,NNRBG-17-0198-1_S4,0,2.733888095463044e-06
CTZ,lineage,LR,label,1,NNRBG-17-0242-1_S11,0,0.25824353098869324
CTZ,lineage,LR,label,1,NNRBG-17-0249-1_S13,0,0.06451337039470673
CTZ,lineage,LR,label,1,NNRBG-17-0255-1_S14,0,0.015654034912586212
CTZ,lineage,LR,label,1,NNRBG-17-0378-1_S37,0,0.11082227528095245
CTZ,lineage,LR,label,1,RBB-17-011-1_S40,1,0.25826820731163025
CTZ,lineage,LR,label,1,RBB-17-171-1_S52,1,0.8993358016014099
CTZ,lineage,LR,label,1,RBB-18-0537-1_S21_L001,1,0.6401625871658325
CTZ,lineage,LR,label,1,RBB-18-0668-1_S188,1,0.02653060480952263
CTZ,lineage,LR,label,1,RBB-18-1309-1_S42,1,0.01156254019588232
CTZ,lineage,LR,label,1,RBB-18-1460-1_S45,1,0.004655068274587393
CTZ,lineage,LR,label,1,RBF-16-004-1_S18,0,0.003915096633136272
CTZ,lineage,LR,label,1,RBF-16-060-1_S22,1,0.31205156445503235
CTZ,lineage,LR,label,1,RBF-17-0195-1_S141,0,0.28622913360595703
CTZ,lineage,LR,label,1,RBF-17-0340-1_S81,1,0.9622266292572021
CTZ,lineage,LR,label,1,RBF-17-0438-1_S9,1,0.2582687735557556
CTZ,lineage,LR,label,1,RBF-17-0467-1_S12,1,0.1703646332025528
CTZ,lineage,LR,label,1,RBF-17-0489-1_S13,1,0.015007232315838337
CTZ,lineage,LR,label,1,RBF-17-0509-1_S74,0,1.1583069863263518e-05
CTZ,lineage,LR,label,1,RBF-17-0513-1_S76,0,0.9223155975341797
CTZ,lineage,LR,label,1,RBF-17-0521-1_S78,0,0.30662742257118225
CTZ,lineage,LR,label,1,RBF-17-0537-1_S56,1,0.21609896421432495
CTZ,lineage,LR,label,1,RBF-17-0553-1_S85,0,0.32098695635795593
CTZ,lineage,LR,label,1,RBF-17-0572-2_S89,0,0.17127519845962524
CTZ,lineage,LR,label,1,RBF-17-067-1_S54,1,0.2040187567472458
CTZ,lineage,LR,label,1,RBF-17-094-1_S56,1,0.176095113158226
CTZ,lineage,LR,label,1,RBF-17-170-1_S66,1,0.19198037683963776
CTZ,lineage,LR,label,1,RBF-17-186-1_S69,1,0.25826820731163025
CTZ,lineage,LR,label,1,RBF-17-318-1_S77,1,0.988396942615509
CTZ,lineage,LR,label,1,RBF-18-0019-1_S2,0,0.2152402400970459
CTZ,lineage,LR,label,1,RBF-18-0066-1_S15,0,7.062292297632666e-07
CTZ,lineage,LR,label,1,RBF-18-0068-1_S77,1,0.10368625819683075
CTZ,lineage,LR,label,1,RBF-18-0075-1_S79,1,0.008740421384572983
CTZ,lineage,LR,label,1,RBF-18-0121-1_S28,0,0.011392848566174507
CTZ,lineage,LR,label,1,RBF-18-0139-1_S35,0,6.604358726569615e-11
CTZ,lineage,LR,label,1,RBF-18-0147-1_S36,0,0.00041289511136710644
CTZ,lineage,LR,label,1,RBF-18-0172-1_S40,0,0.052791912108659744
CTZ,lineage,LR,label,1,RBF-18-0173-1_S27,0,0.9984111785888672
CTZ,lineage,LR,label,1,RBF-18-0174-1_S28,0,0.14623257517814636
CTZ,lineage,LR,label,1,RBF-18-0187-1_S31,1,0.9653310179710388
CTZ,lineage,LR,label,1,RBF-18-0194-1_S86,1,0.01840583048760891
CTZ,lineage,LR,label,1,RBF-18-0196-1_S46,0,0.013934210874140263
CTZ,lineage,LR,label,1,RBF-18-0199-1_S47,0,0.983251690864563
CTZ,lineage,LR,label,1,RBF-18-0227-1_S53,0,5.287466251502337e-07
CTZ,lineage,LR,label,1,RBF-18-0252-1_S56,0,0.006793190259486437
CTZ,lineage,LR,label,1,RBF-18-0277-1_S61,0,0.36428532004356384
CTZ,lineage,LR,label,1,RBF-18-0282-1_S63,0,0.9649820327758789
CTZ,lineage,LR,label,1,RBF-18-0321-1_S69,0,1.1137307076580782e-08
CTZ,lineage,LR,label,1,RBF-18-0333-1_S70,0,5.934608360291804e-09
CTZ,lineage,LR,label,1,RBF-18-0585-1_S48,1,0.06700111925601959
CTZ,lineage,LR,label,1,RBF-18-0714-2_S204_2,1,0.23390740156173706
CTZ,lineage,LR,label,1,RBG-17-0351-1_S20_L001,1,0.8988946676254272
CTZ,lineage,LR,label,1,RBG-17-0383-1_S44,0,3.5520497476682067e-06
CTZ,lineage,LR,label,1,RBG-18-0004-1_S1,1,0.25826820731163025
CTZ,lineage,LR,label,1,RBG-18-0072-1_S8,0,0.07032962888479233
CTZ,lineage,LR,label,1,RBG-18-0099-1_S14,1,0.25826820731163025
CTZ,lineage,LR,label,1,RBG-18-0113-1_S13_L001,0,0.05414736270904541
CTZ,lineage,LR,label,1,RBG-18-0129-1_S15_L001,1,0.002864252310246229
CTZ,lineage,LR,label,1,RBG-18-0153-1_S14,0,0.6088456511497498
CTZ,lineage,LR,label,1,RBG-18-0177-1_S17_L001,1,0.12702777981758118
CTZ,lineage,LR,label,1,RBG-18-0200-1_S18_L001,1,0.04153640568256378
CTZ,lineage,LR,label,1,RBG-18-0224-1_S24_L001,1,0.2713909149169922
CTZ,lineage,LR,label,1,RBG-18-0279-1_S36,1,0.19469012320041656
CTZ,lineage,LR,label,1,RBG-18-0289-1_S37,1,0.00021663821826223284
CTZ,lineage,LR,label,1,RBG-18-0347-1_S22_L001,0,0.7168148756027222
CTZ,lineage,LR,label,1,RBG-18-0380-1_S48,0,0.25826820731163025
CTZ,lineage,LR,label,1,RBG-18-0388-1_S21_L001,1,0.18634027242660522
CTZ,lineage,LR,label,1,RBG-18-0391-1_S22_L001,1,0.9801504611968994
CTZ,lineage,LR,label,1,RBG-18-0410-1_S12,1,0.41522878408432007
CTZ,lineage,LR,label,1,RBG-18-0421-1_S53,1,0.3874436020851135
CTZ,lineage,LR,label,1,RBG-18-0437-1_S54,0,0.49518299102783203
CTZ,lineage,LR,label,1,RBK-17-0457-1_S6,1,0.5562213659286499
CTZ,lineage,LR,label,1,RBK-17-0492-1_S8,1,0.0002274762955494225
CTZ,lineage,LR,label,1,RBK-17-0588-1_S24,1,0.27601808309555054
CTZ,lineage,LR,label,1,RBK-17-0601-1_S25,1,0.25826820731163025
CTZ,lineage,LR,label,1,RBK-17-0612-1_S27,1,0.2340073138475418
CTZ,lineage,LR,label,1,RBK-17-0655-5_S182,1,0.17515899240970612
CTZ,lineage,LR,label,1,RBK-18-0022-1_S197,0,0.0464218370616436
CTZ,lineage,LR,label,1,RBK-18-0060-1_S22,0,0.9999974966049194
CTZ,lineage,LR,label,1,RBK-18-0077-1_S212,1,0.2340073138475418
CTZ,lineage,LR,label,1,RBK-18-0080-1_S205,0,5.7591993396499674e-09
CTZ,lineage,LR,label,1,RBK-18-0236-2_S52_2,1,0.0007218079408630729
CTZ,lineage,LR,label,1,RBKk-18-0108-1_S201,1,0.2578253448009491
CTZ,lineage,LR,label,1,RBL-17-0093-1_S146,0,0.00013720082642976195
CTZ,lineage,LR,label,1,RBL-17-0107-1_S150,0,0.00014626885240431875
CTZ,lineage,LR,label,1,RBL-17-0113-1_S153,0,0.6612082719802856
CTZ,lineage,LR,label,1,RBL-17-0118-1_S156,0,0.0309721939265728
CTZ,lineage,LR,label,1,RBL-17-0123-1_S157,0,5.24270488133638e-11
CTZ,lineage,LR,label,1,RBL-17-0159-1_S166,0,0.012575791217386723
CTZ,lineage,LR,label,1,RBL-17-0189-1_S172,0,0.05808993801474571
CTZ,lineage,LR,label,1,RBL-17-0199-1_S174,0,0.1549587994813919
CTZ,lineage,LR,label,1,RBL-17-0226-1_S41,1,0.21258199214935303
CTZ,lineage,LR,label,1,RBL-17-0242-1_S42,1,0.39805227518081665
CTZ,lineage,LR,label,1,RBL-17-0244-1_S44,1,0.17188102006912231
CTZ,lineage,LR,label,1,RBL-17-0264-1_S103,0,8.864494884619489e-05
CTZ,lineage,LR,label,1,RBL-17-0305-1_S49,1,0.9917922019958496
CTZ,lineage,LR,label,1,RBL-17-0307-1_S51,1,0.2582687735557556
CTZ,lineage,LR,label,1,RBL-17-0323-1_S115,0,0.03677113726735115
CTZ,lineage,LR,label,1,RBL-17-0332-1_S118,0,0.9979811310768127
CTZ,lineage,LR,label,1,RBL-17-0350-1_S106,0,0.9982736110687256
CTZ,lineage,LR,label,1,RBL-17-0359-1_S66,1,0.8814085125923157
CTZ,lineage,LR,label,1,RBL-17-0360-1_S108,0,3.266056012307672e-07
CTZ,lineage,LR,label,1,RBL-17-0365-1_S112,0,0.007884882390499115
CTZ,lineage,LR,label,1,RBL-17-0392-1_S69,1,0.9917920827865601
CTZ,lineage,LR,label,1,RBL-17-0411-1_S128,0,0.0049628522247076035
CTZ,lineage,LR,label,1,RBL-17-0432-1_S132,0,0.9997847676277161
CTZ,lineage,LR,label,1,RBL-17-060-1_S17,1,0.029513049870729446
CTZ,lineage,LR,label,1,RBL-18-0010-1_S159,0,0.9350176453590393
CTZ,lineage,LR,label,1,RBL-18-0048-1_S44,0,0.9972846508026123
CTZ,lineage,LR,label,1,RBL-18-0059-1_S171,0,0.0001509672001702711
CTZ,lineage,LR,label,1,RBL-18-0076-1_S47,1,0.8522942066192627
CTZ,lineage,LR,label,1,RBL-18-0090-1_S48,1,0.05382338538765907
CTZ,lineage,LR,label,1,RBL-18-0093-1_S49,0,0.04876185581088066
CTZ,lineage,LR,label,1,RBL-18-0098-1_S178,0,0.43077582120895386
CTZ,lineage,LR,label,1,RBL-18-0194-1_S195_2,1,0.004049705807119608
CTZ,lineage,LR,label,1,RBL-18-0343-1_S6,1,1.2167702152510174e-05
CTZ,lineage,LR,label,1,RBL-18-0467-1_S228_2,1,0.9994470477104187
CTZ,lineage,LR,label,1,RBL-18-0500-1_S230_2,1,0.9949253797531128
CTZ,lineage,LR,label,1,RBT-16-0024-1_S10,1,0.5409205555915833
CTZ,lineage,LR,label,1,RBT-16-0038-1_S11,1,0.002038972219452262
CTZ,lineage,LR,label,1,RBT-17-0009-1_S21,0,0.9819216728210449
CTZ,lineage,LR,label,1,RBT-17-0039-1_S28,1,0.00011586397158680484
CTZ,lineage,LR,label,1,RBT-17-0102-1_S37,0,0.04341325908899307
CTZ,lineage,LR,label,1,RBT-17-0183-1_S67,0,3.641401917775511e-07
CTZ,lineage,LR,label,1,RBT-17-0217-1_S7,0,0.0752536952495575
CTZ,lineage,LR,label,1,RBT-17-0219-1_S8,0,0.011841213330626488
CTZ,lineage,LR,label,1,RBT-17-0232-1_S58,0,1.0
CTZ,lineage,LR,label,1,RBT-17-0249-1_S61,1,0.19584418833255768
CTZ,lineage,LR,label,1,RBT-17-0328-1_S16,1,0.0695207491517067
CTZ,lineage,LR,label,1,RBT-17-0339-1_S20,0,0.6504946351051331
CTZ,lineage,LR,label,1,RBT-18-0021-1_S56,1,0.25826820731163025
CTZ,lineage,LR,label,1,RBT-18-0053-1_S36,1,0.05126858130097389
CTZ,lineage,LR,label,1,RBT-18-0071-1_S41,0,0.0001829994289437309
CTZ,lineage,LR,label,1,RBT-18-0146-1_S55,0,1.4747851551089042e-10
CTZ,lineage,LR,label,1,RBT-18-0205-1_S6,1,0.5166268348693848
CTZ,lineage,LR,label,1,RBT-18-0227-1_S46,1,0.23339125514030457
CTZ,lineage,LR,label,1,RBT-18-0234-1_S15,1,0.4619083106517792
CTZ,lineage,LR,label,1,RBT-18-0241-1_S50,0,0.032726019620895386
CTZ,lineage,LR,label,1,RBT-18-0278-1_S64,0,0.9999024868011475
CTZ,lineage,LR,label,1,RBT-18-0284-1_S66,1,0.075294129550457
CTZ,lineage,LR,label,1,RBT-18-0296-1_S72,1,0.32593822479248047
CTZ,lineage,LR,label,1,RBT-18-0308-1_S34,0,0.21402496099472046
CTZ,lineage,LR,label,1,RBT-18-0324-1_S57,1,0.11182387173175812
CTZ,lineage,LR,label,1,RBT-18-0335-1_S41,0,0.7766931653022766
CTZ,lineage,LR,label,1,RBT-18-0337-1_S46,0,0.0031544757075607777
CTZ,lineage,LR,label,1,RBT-18-0363-1_S72,1,0.03756669536232948
CTZ,lineage,LR,label,1,RBT-18-0372-1_S31,1,0.5797492265701294
CTZ,lineage,LR,label,1,RBT-18-0391-1_S35,1,0.093989796936512
CTZ,lineage,LR,label,1,RBT-18-0392-1_S56,1,0.0741097554564476
CTZ,lineage,LR,label,1,RBT-18-0401-1_S43,0,0.015303423628211021
CTZ,lineage,LR,label,1,ResetH127_S6_L001,1,0.7209590673446655
CTZ,lineage,LR,label,1,ResetH129_S7_L001,1,0.11215931922197342
CTZ,lineage,LR,label,1,ResetH131_S7_L001,1,0.22626836597919464
CTZ,lineage,LR,label,1,ResetH132_S1_L001,1,0.0002766106044873595
CTZ,lineage,LR,label,1,ResetH49b_S6_L001,0,0.00010919804481090978
CTZ,lineage,LR,label,1,ResetH63_S7_L001,1,0.25826820731163025
CTZ,lineage,LR,label,1,ResetH75_S2_L001,1,0.2538631856441498
CTZ,lineage,LR,label,1,ResetV260_S5_L001,1,0.4683740735054016
CTZ,lineage,LR,label,1,Survcare187_S32,1,0.5408547520637512
CTZ,lineage,LR,label,1,Survcare236_S5_L001,1,0.0022223186679184437
CTZ,lineage,LR,label,1,Survcare265_S20,1,0.02951238490641117
CTZ,lineage,LR,label,1,Survcare327_S1,1,0.19463087618350983
CTZ,lineage,LR,label,1,Survcare341_S25,1,0.05439257249236107
CTZ,lineage,LR,label,1,V111_S3_L001,0,0.03652871400117874
CTZ,lineage,LR,label,1,V173_S6_L001,0,2.396458569364768e-07
CTZ,lineage,LR,label,1,V282_S4_L001,0,0.32667553424835205
CTZ,lineage,LR,label,1,V291_S5_L001,1,0.23941846191883087
CTZ,lineage,LR,label,1,V295_S7_L001,0,0.27544277906417847
CTZ,lineage,LR,label,1,V79_S6_L001,0,0.0002981110301334411
CTZ,lineage,LR,label,1,V89_S1_L001,0,1.7561260392540134e-05
CTZ,lineage,LR,label,1,W2RBK-17-168-1_S33,1,0.0717359334230423
CTZ,lineage,LR,label,1,W2RBK-17-169-1_S34,1,0.0036694551818072796
CTZ,lineage,LR,label,1,W2RBL-16-018-1_S15,1,0.026631934568285942
CTZ,lineage,LR,label,1,wdh-RBB-17-170-1_S16,1,0.17326301336288452
CTZ,lineage,LR,label,1,wdh-RBF-17-0572-1_S43,0,0.19134198129177094
CTZ,lineage,LR,label,1,wdhRBF-10-0002-1_S10_L001,1,0.7897695302963257
CTZ,lineage,LR,label,1,wdhRBF-17-0567-1_S122,0,0.00580563023686409
CTZ,lineage,LR,label,1,wdhRBF-18-0025-1_S11_L001,0,0.3862753212451935
CTZ,lineage,LR,label,1,wdhRBF-18-0048-1_S12_L001,0,2.0009460058645345e-05
CTZ,lineage,LR,label,1,wdhRBF-18-0059-1_S15_L001,0,2.9959232961118687e-06
CTZ,lineage,LR,label,1,wdhRBF-18-0081-1_S18_L001,0,0.007198261097073555
CTZ,lineage,LR,label,1,WDHRBG-17-121-1_S46,0,0.03468219190835953
CTZ,lineage,LR,label,1,wRBF-17-0146-1_S35,1,0.19584418833255768
CTZ,lineage,LR,label,1,wRBG-16-033-1_S153,0,4.341544263297692e-05
CTZ,lineage,LR,label,1,wRBG-16-034-1_S164,0,0.9620170593261719
CTZ,lineage,LR,label,1,wRBG-17-028-1_S100,0,0.0004197877424303442
CTZ,lineage,LR,label,1,wRBG-17-031-1_S154,0,0.11286403983831406
CTZ,lineage,LR,label,1,wRBG-17-055-1_S163,0,0.9283555746078491
CTZ,lineage,LR,label,1,wRBG-17-057-1_S141,0,0.009326651692390442
CTZ,lineage,LR,label,1,wRBG-17-106-1_S125,0,0.00042767994455061853
CTZ,lineage,LR,label,1,wwRBB-16-112-1_S1,1,0.22101512551307678
CTZ,lineage,LR,label,1,wwRBF-16-007-1_S10,1,0.12373638153076172
CTZ,lineage,LR,label,1,wwRBF-17-167-1_S31,1,0.8119865655899048
CTZ,lineage,LR,label,1,wwRBF-17-189-1_S32,1,0.43557852506637573
CTZ,lineage,LR,label,1,wwRBF-17-209-1_S34,0,0.9713090062141418
CTZ,lineage,LR,label,1,wwRBK-16-023-1_S5,1,0.2174614667892456
CTZ,lineage,LR,label,1,wwRBK-17-0148-1_S37,1,0.29799970984458923
CTZ,lineage,LR,label,1,wwRBK-17-0148-2_S38,1,0.3080734610557556
CTZ,lineage,LR,label,1,wwRBK-17-0197-1_S39,1,0.09728454053401947
CTZ,lineage,LR,label,1,wwRBK-17-075-1_S28,1,0.16598330438137054
CTZ,lineage,LR,label,1,wwRBL-17-004-1_S44,1,0.3088473975658417
CTZ,lineage,LR,label,2,H17_S2_L001,0,0.9981998205184937
CTZ,lineage,LR,label,2,H37_S3_L001,0,0.997036337852478
CTZ,lineage,LR,label,2,NNRBG-17-0308-1_S20,0,0.00018050703511107713
CTZ,lineage,LR,label,2,NNRBG-17-0346-1_S30,0,0.05829092487692833
CTZ,lineage,LR,label,2,NNRBG-17-0382-1_S38,0,5.313458562028472e-10
CTZ,lineage,LR,label,2,NNSurvcare045_S41,1,0.2562870383262634
CTZ,lineage,LR,label,2,RBB-18-0490-1_S20_L001,1,0.012931589037179947
CTZ,lineage,LR,label,2,RBB-18-0665-1_S23_L001,1,0.21419504284858704
CTZ,lineage,LR,label,2,RBB-18-0765-1_S191,1,0.2598388195037842
CTZ,lineage,LR,label,2,RBB-18-0772-1_S192,1,0.9411426782608032
CTZ,lineage,LR,label,2,RBB-18-1086-1_S189_2,1,0.9999487400054932
CTZ,lineage,LR,label,2,RBB-18-1406-1_S49,1,0.9996826648712158
CTZ,lineage,LR,label,2,RBB-19-0014-1_S44,1,0.001985934330150485
CTZ,lineage,LR,label,2,RBBK18-0189-1_S24_L001,0,2.2810218069935217e-06
CTZ,lineage,LR,label,2,RBF-16-073-1_S23,1,0.019274158403277397
CTZ,lineage,LR,label,2,RBF-17-0424-1_S15,0,6.086369012336945e-06
CTZ,lineage,LR,label,2,RBF-17-0450-1_S10,0,8.264822099590674e-06
CTZ,lineage,LR,label,2,RBF-17-0508-1_S73,0,0.5361418724060059
CTZ,lineage,LR,label,2,RBF-17-0538-1_S82,0,0.881148636341095
CTZ,lineage,LR,label,2,RBF-17-0540-1_S83,0,0.00017017588834278286
CTZ,lineage,LR,label,2,RBF-17-0630-1_S59,1,3.038761917650845e-07
CTZ,lineage,LR,label,2,RBF-17-0648-1_S100,0,4.4866086173335334e-18
CTZ,lineage,LR,label,2,RBF-18-0027-1_S5,0,0.9887930750846863
CTZ,lineage,LR,label,2,RBF-18-0035-1_S6,0,0.9979133009910583
CTZ,lineage,LR,label,2,RBF-18-0055-1_S11,0,0.2604351341724396
CTZ,lineage,LR,label,2,RBF-18-0087-1_S23,0,0.16320407390594482
CTZ,lineage,LR,label,2,RBF-18-0093-1_S80,0,0.8451896905899048
CTZ,lineage,LR,label,2,RBF-18-0125-1_S30,0,3.187429911122308e-07
CTZ,lineage,LR,label,2,RBF-18-0126-1_S31,0,2.9760140023427084e-05
CTZ,lineage,LR,label,2,RBF-18-0151-1_S83,1,1.4595706488762517e-05
CTZ,lineage,LR,label,2,RBF-18-0184-1_S30,0,0.9999954700469971
CTZ,lineage,LR,label,2,RBF-18-0251-1_S55,0,0.9033486247062683
CTZ,lineage,LR,label,2,RBF-18-0339-1_S37,0,0.09176453202962875
CTZ,lineage,LR,label,2,RBF-18-0664-1_S190,0,0.8341231346130371
CTZ,lineage,LR,label,2,RBG-17-013-1_S16,1,0.0887463167309761
CTZ,lineage,LR,label,2,RBG-18-0012-1_S3,0,0.8070154786109924
CTZ,lineage,LR,label,2,RBG-18-0023-1_S2,0,0.006382079795002937
CTZ,lineage,LR,label,2,RBG-18-0055-1_S43,0,9.234828179938148e-12
CTZ,lineage,LR,label,2,RBG-18-0085-1_S11,0,0.0002289967524120584
CTZ,lineage,LR,label,2,RBG-18-0144-1_S38,0,0.004360876511782408
CTZ,lineage,LR,label,2,RBG-18-0202-1_S13_L001,0,0.0018419473199173808
CTZ,lineage,LR,label,2,RBG-18-0206-2_S46,0,0.0026594907976686954
CTZ,lineage,LR,label,2,RBG-18-0209-2_S46,0,0.0007307892083190382
CTZ,lineage,LR,label,2,RBG-18-0221-1_S47,0,1.9744435253432613e-11
CTZ,lineage,LR,label,2,RBG-18-0280-1_S51,0,0.008354173973202705
CTZ,lineage,LR,label,2,RBG-18-0312-1_S55,0,0.9237004518508911
CTZ,lineage,LR,label,2,RBG-18-0352-1_S21_L001,0,6.671588926110417e-05
CTZ,lineage,LR,label,2,RBG-18-0358-1_S39,1,2.2583080863114446e-05
CTZ,lineage,LR,label,2,RBG-18-0402-1_S50,1,0.9975340366363525
CTZ,lineage,LR,label,2,RBG-18-0417-1_S52,0,0.0027336357161402702
CTZ,lineage,LR,label,2,RBK-16-073-1_S14,1,0.7489895224571228
CTZ,lineage,LR,label,2,RBK-16-079-1_S15,1,0.010302459821105003
CTZ,lineage,LR,label,2,RBK-17-0595-1_S187,1,0.8548845648765564
CTZ,lineage,LR,label,2,RBK-18-0005-1_S18,0,0.00015653185255359858
CTZ,lineage,LR,label,2,RBk-18-0216-1_S231_2,0,0.9807066917419434
CTZ,lineage,LR,label,2,RBK-18-0250-1_S235_2,0,1.8849856132874265e-05
CTZ,lineage,LR,label,2,RBK-18-0644-1_S180,1,1.5640624042134732e-05
CTZ,lineage,LR,label,2,RBL-17-0095-1_S147,0,5.0488342822063714e-06
CTZ,lineage,LR,label,2,RBL-17-0136-1_S161,0,6.892752571729943e-05
CTZ,lineage,LR,label,2,RBL-17-0232-1_S91,0,5.176870217837859e-06
CTZ,lineage,LR,label,2,RBL-17-0256-1_S98,0,6.591069356964852e-11
CTZ,lineage,LR,label,2,RBL-17-0261-1_S100,0,5.001896170142572e-06
CTZ,lineage,LR,label,2,RBL-17-0263-1_S102,0,4.719569915323518e-06
CTZ,lineage,LR,label,2,RBL-17-0283-1_S27,0,0.036899421364068985
CTZ,lineage,LR,label,2,RBL-17-0320-1_S114,0,0.8820667862892151
CTZ,lineage,LR,label,2,RBL-17-0349-1_S105,0,0.9837024211883545
CTZ,lineage,LR,label,2,RBL-17-0374-1_S116,0,0.00046722713159397244
CTZ,lineage,LR,label,2,RBL-17-0383-1_S119,0,0.00012614215665962547
CTZ,lineage,LR,label,2,RBL-17-0391-1_S122,0,0.0013307551853358746
CTZ,lineage,LR,label,2,RBL-17-0397-1_S125,0,0.01595919020473957
CTZ,lineage,LR,label,2,RBT-16-0045-1_S58,1,0.031414102762937546
CTZ,lineage,LR,label,2,RBT-17-0008-1_S18,0,0.001402058987878263
CTZ,lineage,LR,label,2,RBT-17-0023-1_S25,0,4.657676981878467e-07
CTZ,lineage,LR,label,2,RBT-17-0079-1_S29,0,6.766055804519056e-08
CTZ,lineage,LR,label,2,RBT-17-0084-1_S31,0,5.297770712786587e-06
CTZ,lineage,LR,label,2,RBT-17-0099-1_S35,0,0.051617857068777084
CTZ,lineage,LR,label,2,RBT-17-0113-1_S42,0,0.000672107154969126
CTZ,lineage,LR,label,2,RBT-17-0130-1_S27,0,9.303436854679603e-06
CTZ,lineage,LR,label,2,RBT-17-0138-1_S52,0,0.07092095911502838
CTZ,lineage,LR,label,2,RBT-17-0156-1_S56,0,0.0007103371899574995
CTZ,lineage,LR,label,2,RBT-17-0163-1_S59,0,3.203947562724352e-05
CTZ,lineage,LR,label,2,RBT-17-0165-1_S60,0,3.276429197285324e-05
CTZ,lineage,LR,label,2,RBT-17-0167-1_S27,0,0.0004904514062218368
CTZ,lineage,LR,label,2,RBT-17-0173-1_S63,0,1.25289125207928e-06
CTZ,lineage,LR,label,2,RBT-17-0225-1_S9,0,3.7042278222543246e-07
CTZ,lineage,LR,label,2,RBT-17-0270-1_S65,0,0.06293651461601257
CTZ,lineage,LR,label,2,RBT-17-0285-1_S66,0,0.9730426073074341
CTZ,lineage,LR,label,2,RBT-18-0023-1_S14,0,0.07613380253314972
CTZ,lineage,LR,label,2,RBT-18-0050-1_S34,0,0.3386012017726898
CTZ,lineage,LR,label,2,RBT-18-0052-1_S35,1,1.9110173525405116e-05
CTZ,lineage,LR,label,2,RBT-18-0103-1_S24,0,0.3414558172225952
CTZ,lineage,LR,label,2,RBT-18-0110-1_S27,0,0.03533514589071274
CTZ,lineage,LR,label,2,RBT-18-0116-1_S46,0,0.991998016834259
CTZ,lineage,LR,label,2,RBT-18-0127-1_S51,0,8.045431059144903e-07
CTZ,lineage,LR,label,2,RBT-18-0173-1_S35,0,0.006304098758846521
CTZ,lineage,LR,label,2,RBT-18-0197-1_S40,0,6.765874900338531e-07
CTZ,lineage,LR,label,2,RBT-18-0224-1_S43,0,5.473832061397843e-06
CTZ,lineage,LR,label,2,RBT-18-0246-1_S52,0,4.944589363731211e-06
CTZ,lineage,LR,label,2,RBT-18-0252-1_S53,0,0.9999794960021973
CTZ,lineage,LR,label,2,RBT-18-0253-1_S54,0,0.999950647354126
CTZ,lineage,LR,label,2,RBT-18-0269-1_S61,0,1.5417906524817226e-06
CTZ,lineage,LR,label,2,RBT-18-0271-1_S62,0,1.163425508821092e-06
CTZ,lineage,LR,label,2,RBT-18-0288-1_S68,0,0.9987693428993225
CTZ,lineage,LR,label,2,RBT-18-0293-1_S71,0,1.0365092748543248e-05
CTZ,lineage,LR,label,2,RBT-18-0339-1_S47,0,1.666365278651938e-05
CTZ,lineage,LR,label,2,RBT-18-0361-1_S38,0,1.2093603345419979e-06
CTZ,lineage,LR,label,2,RBT-18-0370-1_S33,0,0.003046664409339428
CTZ,lineage,LR,label,2,ResetH1_S1_L001,0,0.9562696814537048
CTZ,lineage,LR,label,2,ResetH115_S6_L001,0,0.9998981952667236
CTZ,lineage,LR,label,2,ResetH16_S2_L001,1,0.07071973383426666
CTZ,lineage,LR,label,2,ResetH44_S3_L001,0,3.219405897425531e-08
CTZ,lineage,LR,label,2,ResetH8_S2_L001,0,0.9310943484306335
CTZ,lineage,LR,label,2,ResetH99_S5_L001,0,0.9906574487686157
CTZ,lineage,LR,label,2,ResetV288_S6_L001,0,0.9999375343322754
CTZ,lineage,LR,label,2,ResetV63_S5_L001,0,2.0070259343363261e-10
CTZ,lineage,LR,label,2,Survcare0114_S37,1,0.9999988079071045
CTZ,lineage,LR,label,2,Survcare052_S22,1,0.9999969005584717
CTZ,lineage,LR,label,2,Survcare104_S16_L001,1,1.076941270536369e-12
CTZ,lineage,LR,label,2,Survcare133_S25,1,0.9957777261734009
CTZ,lineage,LR,label,2,Survcare134_S26,1,0.8038712739944458
CTZ,lineage,LR,label,2,Survcare140_S4_L001,1,0.9985089898109436
CTZ,lineage,LR,label,2,Survcare176_S17_L001,1,0.008929873816668987
CTZ,lineage,LR,label,2,Survcare221_S7_L001,1,4.602545595844276e-05
CTZ,lineage,LR,label,2,Survcare303_S15_L001,1,0.9926972985267639
CTZ,lineage,LR,label,2,Survcare329_S3,1,0.9999812841415405
CTZ,lineage,LR,label,2,V113_S3_L001,0,0.0005097557441331446
CTZ,lineage,LR,label,2,V114_S5_L001,1,0.9980279803276062
CTZ,lineage,LR,label,2,V172_S5_L001,0,1.7668222440647696e-09
CTZ,lineage,LR,label,2,V201_S4_L001,1,0.993904173374176
CTZ,lineage,LR,label,2,V215_S2_L001,0,8.660182356834412e-05
CTZ,lineage,LR,label,2,V289_S5_L001,0,0.9999938011169434
CTZ,lineage,LR,label,2,V40_S2_L001,1,0.00010551153536653146
CTZ,lineage,LR,label,2,V64_S3_L001,0,2.133026394401938e-11
CTZ,lineage,LR,label,2,V80_S7_L001,1,9.025611924506904e-10
CTZ,lineage,LR,label,2,V9_S1_L001,1,0.00015392331988550723
CTZ,lineage,LR,label,2,w2RBG-16-037-1_S34,0,0.655715823173523
CTZ,lineage,LR,label,2,wdh-RBL-17-0431-1_S46,0,0.7736760377883911
CTZ,lineage,LR,label,2,wdhRBF-17-0558-1_S121,0,0.9989219903945923
CTZ,lineage,LR,label,2,WDHRBG-16-050-1_S40,1,1.0
CTZ,lineage,LR,label,2,wdhRBL-17-0370-1_S232,0,0.46593815088272095
CTZ,lineage,LR,label,2,wNRZ-33910_S81,1,0.0001612281776033342
CTZ,lineage,LR,label,2,wRBG-17-023-1_S155,0,0.030948784202337265
CTZ,lineage,LR,label,2,wRBG-17-052-1_S120,0,0.0014210152439773083
CTZ,lineage,LR,label,2,wRBG-17-082-1_S106,0,5.993346348986961e-05
CTZ,lineage,LR,label,2,wRBG-17-112-1_S146,0,1.142659158404058e-07
CTZ,lineage,LR,label,2,wwRBB-17-031-1_S25,1,0.9234790802001953
CTZ,lineage,LR,label,2,wwRBF-16-094-1_S13,1,5.428330769063905e-05
CTZ,lineage,LR,label,2,WWSurvcare043_S43,1,0.00982637982815504
CTZ,lineage,LR,label,3,H116_S8_L001,1,0.9999988079071045
CTZ,lineage,LR,label,3,H122_S4_L001,1,0.02708524465560913
CTZ,lineage,LR,label,3,H123_S1_L001,0,0.9999978542327881
CTZ,lineage,LR,label,3,H141_S6_L001,1,3.3244756991734903e-07
CTZ,lineage,LR,label,3,H153_S1_L001,1,0.10914302617311478
CTZ,lineage,LR,label,3,H154_S2_L001,1,0.22133292257785797
CTZ,lineage,LR,label,3,H157_S3_L001,0,0.6697856187820435
CTZ,lineage,LR,label,3,H160_S3_L001,1,0.10502342134714127
CTZ,lineage,LR,label,3,H162_S4_L001,0,3.2302919862559065e-05
CTZ,lineage,LR,label,3,H164_S3_L001,1,0.408495157957077
CTZ,lineage,LR,label,3,H176_S5_L001,0,0.9999957084655762
CTZ,lineage,LR,label,3,H50_S7_L001,0,0.9997634291648865
CTZ,lineage,LR,label,3,NNRBG-17-0227-1_S8,0,1.2330812069194508e-06
CTZ,lineage,LR,label,3,NNRBG-17-0234-1_S9,0,9.731289196679427e-08
CTZ,lineage,LR,label,3,NNRBG-17-0239-1_S10,0,0.024203235283493996
CTZ,lineage,LR,label,3,NNRBG-17-0243-1_S12,0,0.00011976953828707337
CTZ,lineage,LR,label,3,NNRBG-17-0278-1_S16,0,0.9834927320480347
CTZ,lineage,LR,label,3,NNRBG-17-0316-1_S23,0,0.044771865010261536
CTZ,lineage,LR,label,3,RBB-18-0129-1_S179,1,0.23848527669906616
CTZ,lineage,LR,label,3,RBB-18-0674-1_S189,1,0.9883108735084534
CTZ,lineage,LR,label,3,RBB-18-0826-1_S193,1,0.010818219743669033
CTZ,lineage,LR,label,3,RBB-18-1312-1_S43,1,0.9999654293060303
CTZ,lineage,LR,label,3,RBF-17-0520-2_S55,1,0.017154594883322716
CTZ,lineage,LR,label,3,RBF-17-0587-1_S91,0,0.00012611412967089564
CTZ,lineage,LR,label,3,RBF-17-0632-1_S97,0,0.000960881938226521
CTZ,lineage,LR,label,3,RBF-17-0645-1_S61,0,0.9999731779098511
CTZ,lineage,LR,label,3,RBF-17-0664-1_S63,0,1.0
CTZ,lineage,LR,label,3,RBF-18-0013-1_S25_L001,0,0.008884601294994354
CTZ,lineage,LR,label,3,RBF-18-0064-2_S14,0,0.38832026720046997
CTZ,lineage,LR,label,3,RBF-18-0072-1_S16,0,1.0510614600889312e-08
CTZ,lineage,LR,label,3,RBF-18-0099-1_S26,0,0.0008625818300060928
CTZ,lineage,LR,label,3,RBF-18-0192-1_S44,0,0.8466153740882874
CTZ,lineage,LR,label,3,RBF-18-0201-1_S49,0,0.9999998807907104
CTZ,lineage,LR,label,3,RBF-18-0253-1_S13_L001,0,0.010813760571181774
CTZ,lineage,LR,label,3,RBF-18-0294-1_S64,0,1.7005658037305693e-06
CTZ,lineage,LR,label,3,RBF-18-0296-1_S17,0,0.0003449608921073377
CTZ,lineage,LR,label,3,RBF-18-0310-1_S36,0,0.9999740123748779
CTZ,lineage,LR,label,3,RBF-18-0405-1_S81_2,1,0.9998519420623779
CTZ,lineage,LR,label,3,RBF-18-0634-1_S183,0,6.125505634713461e-16
CTZ,lineage,LR,label,3,RBG-17-0269-1_S41,0,0.8569048047065735
CTZ,lineage,LR,label,3,RBG-18-0041-1_S6,0,2.407730327844159e-16
CTZ,lineage,LR,label,3,RBG-18-0054-1_S42,0,0.9885081648826599
CTZ,lineage,LR,label,3,RBG-18-0071-1_S44,0,1.2793896655239272e-16
CTZ,lineage,LR,label,3,RBG-18-0076-1_S10,0,0.9999980926513672
CTZ,lineage,LR,label,3,RBG-18-0083-1_S12,0,7.213355729618343e-06
CTZ,lineage,LR,label,3,RBG-18-0108-1_S16,0,0.003397758584469557
CTZ,lineage,LR,label,3,RBG-18-0166-1_S10_L001,0,0.9554376602172852
CTZ,lineage,LR,label,3,RBG-18-0193-1_S8,0,0.06212930381298065
CTZ,lineage,LR,label,3,RBG-18-0211-1_S35,1,7.715899100202428e-12
CTZ,lineage,LR,label,3,RBG-18-0300-1_S52,0,0.00104452483355999
CTZ,lineage,LR,label,3,RBG-18-0308-1_S54,1,4.246071330271661e-05
CTZ,lineage,LR,label,3,RBG-18-0381-1_S49,0,0.04318072274327278
CTZ,lineage,LR,label,3,RBG-18-0383-1_S37,1,0.999541163444519
CTZ,lineage,LR,label,3,RBK-18-0002-1_S38,1,0.001463660504668951
CTZ,lineage,LR,label,3,RBK-18-0020-1_S19,0,1.203993292619998e-06
CTZ,lineage,LR,label,3,RBK-18-0062-2_S203,0,0.9999977350234985
CTZ,lineage,LR,label,3,RBL-17-0108-1_S151,0,0.1469351202249527
CTZ,lineage,LR,label,3,RBL-17-0116-1_S154,0,2.6967705707647838e-05
CTZ,lineage,LR,label,3,RBL-17-0205-1_S175,0,0.0003383727453183383
CTZ,lineage,LR,label,3,RBL-17-0246-1_S94,0,0.020303312689065933
CTZ,lineage,LR,label,3,RBL-17-0259-1_S99,0,0.00025040487525984645
CTZ,lineage,LR,label,3,RBL-17-0274-2_S105,0,6.559925225246843e-08
CTZ,lineage,LR,label,3,RBL-17-0327-1_S116,0,5.615183908957988e-06
CTZ,lineage,LR,label,3,RBL-17-0328-1_S117,0,1.3023611245444044e-05
CTZ,lineage,LR,label,3,RBL-17-0340-1_S102,0,0.005010462831705809
CTZ,lineage,LR,label,3,RBL-17-0342-1_S103,0,0.006382760126143694
CTZ,lineage,LR,label,3,RBL-17-0347-1_S104,0,6.427067273762077e-05
CTZ,lineage,LR,label,3,RBL-17-0368-1_S114,0,0.00024302862584590912
CTZ,lineage,LR,label,3,RBL-17-0375-1_S117,0,1.0
CTZ,lineage,LR,label,3,RBL-17-0390-1_S121,0,4.315600381232798e-05
CTZ,lineage,LR,label,3,RBL-17-0395-1_S124,0,0.0005609213840216398
CTZ,lineage,LR,label,3,RBL-17-0402-1_S126,0,4.639606413547881e-05
CTZ,lineage,LR,label,3,RBL-17-0428-1_S70,1,0.9999954700469971
CTZ,lineage,LR,label,3,RBL-17-0434-1_S133,0,7.57073430577293e-05
CTZ,lineage,LR,label,3,RBL-17-0435-1_S134,0,0.0002405435370747
CTZ,lineage,LR,label,3,RBL-18-0016-1_S161,0,8.261036418844014e-05
CTZ,lineage,LR,label,3,RBL-18-0037-1_S168,0,0.0006722903926856816
CTZ,lineage,LR,label,3,RBL-18-0066-1_S173,0,5.057971520727733e-06
CTZ,lineage,LR,label,3,RBL-18-0085-1_S176,0,0.09444032609462738
CTZ,lineage,LR,label,3,RBL-18-0242-1_S51,0,0.00038503576070070267
CTZ,lineage,LR,label,3,RBT-17-0027-1_S3,0,0.7634176015853882
CTZ,lineage,LR,label,3,RBT-17-0124-1_S46,0,0.9096049666404724
CTZ,lineage,LR,label,3,RBT-17-0149-1_S13,1,2.3006722926766088e-07
CTZ,lineage,LR,label,3,RBT-17-0168-1_S61,0,2.4879289412638173e-05
CTZ,lineage,LR,label,3,RBT-17-0178-1_S66,0,0.010703417472541332
CTZ,lineage,LR,label,3,RBT-17-0194-1_S30,0,0.33673930168151855
CTZ,lineage,LR,label,3,RBT-17-0210-1_S55,0,0.00018413853831589222
CTZ,lineage,LR,label,3,RBT-17-0228-1_S10,0,6.6730103753798176e-06
CTZ,lineage,LR,label,3,RBT-17-0251-1_S62,0,0.9961339235305786
CTZ,lineage,LR,label,3,RBT-17-0279-1_S12,0,2.3803941076039337e-05
CTZ,lineage,LR,label,3,RBT-17-0287-1_S10,0,8.735873772111635e-16
CTZ,lineage,LR,label,3,RBT-18-0045-1_S70,0,1.6901165054150624e-06
CTZ,lineage,LR,label,3,RBT-18-0095-1_S19,0,0.4501907527446747
CTZ,lineage,LR,label,3,RBT-18-0096-1_S20,0,0.9986360669136047
CTZ,lineage,LR,label,3,RBT-18-0100-1_S21,0,0.9999964237213135
CTZ,lineage,LR,label,3,RBT-18-0120-1_S48,0,0.999997615814209
CTZ,lineage,LR,label,3,RBT-18-0129-1_S52,0,0.0014343010261654854
CTZ,lineage,LR,label,3,RBT-18-0179-1_S37,0,0.9783179759979248
CTZ,lineage,LR,label,3,RBT-18-0185-1_S39,0,5.845916166435927e-05
CTZ,lineage,LR,label,3,RBT-18-0231-1_S14,0,0.02496006153523922
CTZ,lineage,LR,label,3,RBT-18-0232-1_S47,0,0.0027449489571154118
CTZ,lineage,LR,label,3,RBT-18-0251-1_S7,0,0.9977543950080872
CTZ,lineage,LR,label,3,RBT-18-0265-1_S59,0,8.9428052975544e-15
CTZ,lineage,LR,label,3,RBT-18-0303-1_S20,0,0.04354768991470337
CTZ,lineage,LR,label,3,RBT-18-0316-1_S43,0,0.025131672620773315
CTZ,lineage,LR,label,3,RBT-18-0351-1_S48,0,0.2819472849369049
CTZ,lineage,LR,label,3,RBT-18-0360-1_S39,0,0.018357306718826294
CTZ,lineage,LR,label,3,ResetH134_S8_L001,1,0.002396278316155076
CTZ,lineage,LR,label,3,ResetH152_S4_L001,1,0.3120576739311218
CTZ,lineage,LR,label,3,ResetH24a_S3_2_L001,1,0.9999988079071045
CTZ,lineage,LR,label,3,ResetH45_S5_L001,0,0.9988069534301758
CTZ,lineage,LR,label,3,ResetV105_S1_L001,0,0.6806153655052185
CTZ,lineage,LR,label,3,ResetV70_S6_L001,1,0.9999517202377319
CTZ,lineage,LR,label,3,ResetV74_S7_L001,1,0.9611467123031616
CTZ,lineage,LR,label,3,ResetV76_S7_L001,0,3.4848721952585038e-06
CTZ,lineage,LR,label,3,Survcare0111_S29,1,2.6305648770375e-09
CTZ,lineage,LR,label,3,Survcare129_S1,1,2.3074910038278773e-11
CTZ,lineage,LR,label,3,Survcare190_S35,1,0.18659353256225586
CTZ,lineage,LR,label,3,Survcare230_S17_L001,1,0.8795045614242554
CTZ,lineage,LR,label,3,Survcare254_S36,1,0.976900577545166
CTZ,lineage,LR,label,3,Survcare292_S39,1,0.004278948064893484
CTZ,lineage,LR,label,3,Survcare295_S8_L001,1,1.0
CTZ,lineage,LR,label,3,Survcare313_S24_L001,1,0.9999995231628418
CTZ,lineage,LR,label,3,V116_S6_L001,0,0.8960087895393372
CTZ,lineage,LR,label,3,V120_S5_L001,0,0.9999939203262329
CTZ,lineage,LR,label,3,V123_S1_L001,0,0.9620848298072815
CTZ,lineage,LR,label,3,V168_S9_L001,1,0.08154202252626419
CTZ,lineage,LR,label,3,V183_S7_L001,0,3.994832150056027e-05
CTZ,lineage,LR,label,3,V205_S3_L001,0,0.9999567270278931
CTZ,lineage,LR,label,3,V228_S8_L001,1,0.008115134201943874
CTZ,lineage,LR,label,3,V229_S10_L001,1,0.013698236085474491
CTZ,lineage,LR,label,3,V238_S11_L001,0,0.973034143447876
CTZ,lineage,LR,label,3,V279_S8_L001,1,2.2078918846091256e-05
CTZ,lineage,LR,label,3,V283_S5_L001,1,1.5195460946415551e-05
CTZ,lineage,LR,label,3,V41_S2_L001,0,0.00010570519225439057
CTZ,lineage,LR,label,3,V98_S3_L001,1,0.9999982118606567
CTZ,lineage,LR,label,3,wdh-RBL-17-0361-1_S44,0,9.603463695384562e-06
CTZ,lineage,LR,label,3,wdh-Survcare119_S44,1,0.8808727264404297
CTZ,lineage,LR,label,3,wdh2NRZ-29911a_S31,1,0.9434300065040588
CTZ,lineage,LR,label,3,wdhRBF-18-0098-1_S19_L001,0,0.003201223211362958
CTZ,lineage,LR,label,3,WDHRBG-16-060-1_S27,0,0.0019605779089033604
CTZ,lineage,LR,label,3,WDHRBG-16-062-1_S49,0,4.673220973927528e-05
CTZ,lineage,LR,label,3,WDHRBG-17-0093-1_S1,1,1.0
CTZ,lineage,LR,label,3,wRBG-17-014-1_S167,0,0.004645191598683596
CTZ,lineage,LR,label,3,wRBG-17-022-1_S43,1,0.014442482963204384
CTZ,lineage,LR,label,3,wRBG-17-034-1_S121,0,0.008626090362668037
CTZ,lineage,LR,label,3,wRBG-17-049-1_S142,0,5.038257882006292e-07
CTZ,lineage,LR,label,3,wRBG-17-075-1_S96,0,2.6384098461562644e-08
CTZ,lineage,LR,label,3,wRBG-17-100-1_S104,0,0.0034394992981106043
CTZ,lineage,LR,label,3,wRBG-17-110-1_S168,0,1.1219154657737818e-05
CTZ,lineage,LR,label,4,H108_S5_L001,0,1.417769190936724e-08
CTZ,lineage,LR,label,4,H113_S6_L001,0,0.15322187542915344
CTZ,lineage,LR,label,4,H130_S2_L001,1,5.857353713167868e-08
CTZ,lineage,LR,label,4,H66_S1_L001,1,0.996405839920044
CTZ,lineage,LR,label,4,H69_S6_L001,0,0.9996417760848999
CTZ,lineage,LR,label,4,H83_S7_L001,0,0.3192152976989746
CTZ,lineage,LR,label,4,NNRBG-17-0193-1_S2,0,3.6221043941964126e-09
CTZ,lineage,LR,label,4,NNRBG-17-0201-1_S6,0,1.3162120012566447e-05
CTZ,lineage,LR,label,4,NNRBG-17-0287-1_S17,0,0.40809470415115356
CTZ,lineage,LR,label,4,NNRBG-17-0298-1_S19,0,0.00033291138242930174
CTZ,lineage,LR,label,4,RBB-18-0519-1_S184,1,1.1847556379507296e-05
CTZ,lineage,LR,label,4,RBB-18-0546-1_S22_L001,1,0.9998856782913208
CTZ,lineage,LR,label,4,RBB-18-1393-1_S48,1,0.9964890480041504
CTZ,lineage,LR,label,4,RBF-17-0178-1_S139,0,0.9998928308486938
CTZ,lineage,LR,label,4,RBF-17-0523-1_S30,0,3.0742685339646414e-05
CTZ,lineage,LR,label,4,RBF-17-0532-1_S80,0,8.02948540989945e-11
CTZ,lineage,LR,label,4,RBF-17-0532-2_S31,0,1.1962956666944358e-11
CTZ,lineage,LR,label,4,RBF-17-0605-1_S94,0,1.684329799900297e-05
CTZ,lineage,LR,label,4,RBF-17-0614-3_S95,0,8.629331205156632e-07
CTZ,lineage,LR,label,4,RBF-17-0616-1_S96,0,2.0176253201498184e-06
CTZ,lineage,LR,label,4,RBF-17-0653-1_S101,0,2.3923165670680646e-09
CTZ,lineage,LR,label,4,RBF-17-277-1_S73,1,2.055158265790169e-10
CTZ,lineage,LR,label,4,RBF-18-0069-1_S78,1,0.9999909400939941
CTZ,lineage,LR,label,4,RBF-18-0088-1_S24,0,3.062066930310109e-13
CTZ,lineage,LR,label,4,RBF-18-0123-1_S25_L001,0,2.7110497345856667e-14
CTZ,lineage,LR,label,4,RBF-18-0132-1_S26,0,1.9301829524920322e-05
CTZ,lineage,LR,label,4,RBF-18-0135-1_S34,0,1.2797059245617248e-10
CTZ,lineage,LR,label,4,RBF-18-0160-1_S37,0,5.331457941792905e-07
CTZ,lineage,LR,label,4,RBF-18-0163-2_S39,0,1.849335058068391e-05
CTZ,lineage,LR,label,4,RBF-18-0179-1_S29,0,0.9611793160438538
CTZ,lineage,LR,label,4,RBF-18-0200-1_S48,0,2.5198642106261104e-06
CTZ,lineage,LR,label,4,RBF-18-0208-2_S11_L001,0,8.352302671710277e-08
CTZ,lineage,LR,label,4,RBF-18-0259-1_S33,0,8.011023737708456e-07
CTZ,lineage,LR,label,4,RBF-18-0280-1_S62,0,2.025173362341093e-09
CTZ,lineage,LR,label,4,RBg-17-123-2_S12,0,0.026085520163178444
CTZ,lineage,LR,label,4,RBG-18-0017-1_S5,0,1.2123757553439418e-10
CTZ,lineage,LR,label,4,RBG-18-0140-1_S14_L001,0,1.7860233292310568e-09
CTZ,lineage,LR,label,4,RBG-18-0170-1_S41,0,0.00035368517274037004
CTZ,lineage,LR,label,4,RBG-18-0204-1_S23_L001,0,0.0010828565573319793
CTZ,lineage,LR,label,4,RBG-18-0223-1_S2,0,4.1473515466350364e-07
CTZ,lineage,LR,label,4,RBG-18-0239-1_S4,0,3.12371355448704e-08
CTZ,lineage,LR,label,4,RBG-18-0355-1_S19_L001,0,2.0270426830393262e-06
CTZ,lineage,LR,label,4,RBG-18-0367-1_S57,0,0.00018571560212876648
CTZ,lineage,LR,label,4,RBK-16-007-1_S13,1,1.4413316096195672e-09
CTZ,lineage,LR,label,4,RBK-17-049-1_S62,1,0.8935497999191284
CTZ,lineage,LR,label,4,RBK-18-0047-1_S20,0,2.7393134871545044e-08
CTZ,lineage,LR,label,4,RBK-18-0104-1_S206,0,2.885108330019648e-08
CTZ,lineage,LR,label,4,RBL-17-0076-1_S32,0,0.33283475041389465
CTZ,lineage,LR,label,4,RBL-17-0101-1_S148,0,1.990886448766105e-05
CTZ,lineage,LR,label,4,RBL-17-0165-1_S167,0,2.5249681812056224e-07
CTZ,lineage,LR,label,4,RBL-17-0172-1_S170,0,0.07491426169872284
CTZ,lineage,LR,label,4,RBL-17-0324-1_S54,1,1.9110028006252833e-05
CTZ,lineage,LR,label,4,RBL-17-0366-1_S113,0,3.0025965713775804e-08
CTZ,lineage,LR,label,4,RBL-17-075-1_S18,1,0.07277161628007889
CTZ,lineage,LR,label,4,RBL-18-0002-1_S158,0,2.0300519945615214e-11
CTZ,lineage,LR,label,4,RBL-18-0021-1_S42,0,0.0001421938359271735
CTZ,lineage,LR,label,4,RBL-18-0022-1_S43,0,0.001142793451435864
CTZ,lineage,LR,label,4,RBL-18-0131-1_S188_2,1,0.8515574932098389
CTZ,lineage,LR,label,4,RBT-17-0022-1_S24,0,6.163036232464947e-06
CTZ,lineage,LR,label,4,RBT-17-0100-1_S36,0,4.952555587856011e-10
CTZ,lineage,LR,label,4,RBT-17-0107-1_S39,0,1.1619220003922237e-06
CTZ,lineage,LR,label,4,RBT-17-0112-1_S41,0,1.0292398656019941e-05
CTZ,lineage,LR,label,4,RBT-17-0133-1_S6,0,0.9991833567619324
CTZ,lineage,LR,label,4,RBT-17-0161-1_S57,0,2.9474861662492913e-07
CTZ,lineage,LR,label,4,RBT-17-0174-1_S64,0,0.024109210819005966
CTZ,lineage,LR,label,4,RBT-17-0238-1_S59,0,3.488355650915764e-05
CTZ,lineage,LR,label,4,RBT-17-0239-1_S60,0,1.5604911823174916e-05
CTZ,lineage,LR,label,4,RBT-17-0256-1_S25,0,5.512312668543018e-07
CTZ,lineage,LR,label,4,RBT-17-0291-1_S14,0,5.869642549782839e-09
CTZ,lineage,LR,label,4,RBT-17-0295-1_S15,0,1.8162570540880552e-06
CTZ,lineage,LR,label,4,RBT-18-0004-1_S51,1,0.9991807341575623
CTZ,lineage,LR,label,4,RBT-18-0017-1_S67,0,4.1068819456313577e-08
CTZ,lineage,LR,label,4,RBT-18-0027-1_S68,0,0.00013138711801730096
CTZ,lineage,LR,label,4,RBT-18-0042-1_S60,0,6.564374052686617e-05
CTZ,lineage,LR,label,4,RBT-18-0056-1_S37,0,9.610650977265323e-07
CTZ,lineage,LR,label,4,RBT-18-0079-1_S16,0,0.02104317583143711
CTZ,lineage,LR,label,4,RBT-18-0102-1_S23,0,4.038824499730254e-06
CTZ,lineage,LR,label,4,RBT-18-0115-1_S45,0,1.935930959007237e-05
CTZ,lineage,LR,label,4,RBT-18-0133-1_S30,0,0.3917960524559021
CTZ,lineage,LR,label,4,RBT-18-0141-1_S32,0,8.608239454588329e-07
CTZ,lineage,LR,label,4,RBT-18-0164-1_S34,0,8.401397799673305e-09
CTZ,lineage,LR,label,4,RBT-18-0181-1_S61,1,1.5002212421677541e-05
CTZ,lineage,LR,label,4,RBT-18-0184-1_S38,1,5.162992811058587e-10
CTZ,lineage,LR,label,4,RBT-18-0236-1_S48,1,3.4074237875714175e-10
CTZ,lineage,LR,label,4,RBT-18-0247-1_S16,1,0.9998378753662109
CTZ,lineage,LR,label,4,RBT-18-0263-1_S58,0,1.0121638297277968e-05
CTZ,lineage,LR,label,4,RBT-18-0275-1_S63,0,3.659156209323555e-05
CTZ,lineage,LR,label,4,RBT-18-0283-1_S65,0,0.00019628948939498514
CTZ,lineage,LR,label,4,RBT-18-0292-1_S70,0,0.005408071912825108
CTZ,lineage,LR,label,4,RBT-18-0325-1_S44,0,0.008743301033973694
CTZ,lineage,LR,label,4,RBT-18-0331-1_S22,0,0.004083806648850441
CTZ,lineage,LR,label,4,RBT-18-0334-1_S23,0,1.3756544831267092e-05
CTZ,lineage,LR,label,4,RBT-18-0338-1_S35,0,1.2945805565323099e-06
CTZ,lineage,LR,label,4,RBT-18-0340-1_S36,0,8.149864879669622e-05
CTZ,lineage,LR,label,4,RBT-18-0357-1_S27,0,5.704413297280553e-07
CTZ,lineage,LR,label,4,RBT-18-0358-1_S28,0,2.5066598027478904e-05
CTZ,lineage,LR,label,4,RBT-18-0368-1_S32,1,0.001609388622455299
CTZ,lineage,LR,label,4,RBT-18-0377-1_S1,0,3.099162171338321e-08
CTZ,lineage,LR,label,4,RBT-18-0384-1_S40,0,2.1538098735618405e-05
CTZ,lineage,LR,label,4,RBT-18-0385-1_S34,0,1.0402458450187169e-08
CTZ,lineage,LR,label,4,ResetH139_S3_L001,0,1.6200203845073702e-08
CTZ,lineage,LR,label,4,ResetH30_S4_L001,0,4.720019660453545e-06
CTZ,lineage,LR,label,4,ResetH89_S3_L001,1,0.05696846917271614
CTZ,lineage,LR,label,4,ResetH92_S4_L001,1,0.9999958276748657
CTZ,lineage,LR,label,4,ResetV161_S3_L001,1,1.0
CTZ,lineage,LR,label,4,ResetV210_S4_L001,1,1.0
CTZ,lineage,LR,label,4,RPG-18-0435-1_S32,0,2.5732984454407415e-07
CTZ,lineage,LR,label,4,Survcare058_S26,1,0.9688085317611694
CTZ,lineage,LR,label,4,Survcare184_S19,1,7.520509097957984e-05
CTZ,lineage,LR,label,4,Survcare253_S35,1,0.9999995231628418
CTZ,lineage,LR,label,4,Survcare262_S23_L001,1,0.0005645488272421062
CTZ,lineage,LR,label,4,Survcare275_S38,1,0.00015697666094638407
CTZ,lineage,LR,label,4,Survcare291_S38,1,0.0003565191582310945
CTZ,lineage,LR,label,4,Survcare310_S21_L001,1,0.014392822980880737
CTZ,lineage,LR,label,4,Survcare321_S18,1,0.9951233267784119
CTZ,lineage,LR,label,4,Survcare337_S12,1,0.0019042124040424824
CTZ,lineage,LR,label,4,V1_S6_L001,0,0.40328148007392883
CTZ,lineage,LR,label,4,V108_S2_L001,0,0.0010394873097538948
CTZ,lineage,LR,label,4,V130_S5_L001,1,1.0
CTZ,lineage,LR,label,4,V131_S7_L001,1,5.58817525586619e-09
CTZ,lineage,LR,label,4,V139_S7_L001,0,0.9999994039535522
CTZ,lineage,LR,label,4,V152_S3_L001,0,0.19202262163162231
CTZ,lineage,LR,label,4,V158_S4_L001,1,2.705779138523212e-07
CTZ,lineage,LR,label,4,V163_S6_L001,0,5.640663221129216e-05
CTZ,lineage,LR,label,4,V182_S6_L001,1,0.9999791383743286
CTZ,lineage,LR,label,4,V232_S3_L001,0,4.939372047374491e-06
CTZ,lineage,LR,label,4,V268_S12_L001,1,1.0
CTZ,lineage,LR,label,4,V271_S13_L001,1,0.9999997615814209
CTZ,lineage,LR,label,4,W2RBF-17-133-1_S28,1,0.9999277591705322
CTZ,lineage,LR,label,4,wdh-RBB-16-025-1_S20,0,3.1249761223598274e-16
CTZ,lineage,LR,label,4,wdhRBF-17-0564-1_S230,0,0.7464351058006287
CTZ,lineage,LR,label,4,wdhRBF-18-0049-1_S13_L001,0,2.5500207414402842e-12
CTZ,lineage,LR,label,4,wdhRBF-18-0080-1_S17_L001,0,0.998115062713623
CTZ,lineage,LR,label,4,WDHRBG-16-049-1_S87,0,0.9481893181800842
CTZ,lineage,LR,label,4,WDHRBG-17-001-1_S82,0,6.987074252506886e-10
CTZ,lineage,LR,label,4,WDHRBG-17-005-2_S61,0,0.016820041462779045
CTZ,lineage,LR,label,4,WDHRBG-17-008-1_S83,0,0.01122758723795414
CTZ,lineage,LR,label,4,WDHRBG-17-0256-1_S17,0,0.03720351681113243
CTZ,lineage,LR,label,4,WDHRBG-17-122-1_S48,0,0.9902468919754028
CTZ,lineage,LR,label,4,wRBG-16-024-1_S152,0,0.013845744542777538
CTZ,lineage,LR,label,4,wRBG-16-027-1_S174,0,2.487968515652028e-07
CTZ,lineage,LR,label,4,wRBG-17-030-1_S165,0,3.904258426973284e-12
CTZ,lineage,LR,label,4,wRBG-17-047-1_S153,0,6.289071308174243e-08
CTZ,lineage,LR,label,4,wRBG-17-073-1_S118,0,3.672933601706063e-08
CTZ,lineage,LR,label,4,wwRBF-17-148-1_S27,0,1.3161504284653347e-05
CTZ,lineage,LR,label,4,wwRBF-17-251-1_S33,1,0.07575900852680206
CTZ,lineage,LR,label,4,wwRBK-17-0278-1_S41,1,0.9999116659164429
CTZ,lineage,LR,label,4,wwRBK-17-0298-1_S42,1,0.03922715410590172
CTZ,lineage,LR,label,4,wwRBL-16-111-1_S16,1,0.9999488592147827
CTZ,lineage,SVM,label,0,H109_S2_L001,0,0.9314475956293554
CTZ,lineage,SVM,label,0,H119_S7_L001,1,0.008223762847105708
CTZ,lineage,SVM,label,0,H38_S4_L001,1,0.954121549028016
CTZ,lineage,SVM,label,0,NNRBG-17-0196-1_S3,0,0.008295098432799604
CTZ,lineage,SVM,label,0,NNRBG-17-0199-1_S5,0,0.009595645371107322
CTZ,lineage,SVM,label,0,NNRBG-17-0205-1_S7,0,0.8323782804467685
CTZ,lineage,SVM,label,0,NNRBG-17-0294-1_S18,0,0.7916863569975973
CTZ,lineage,SVM,label,0,NNRBG-17-0319-1_S24,0,0.18961340252386538
CTZ,lineage,SVM,label,0,NNRBG-17-0328-1_S25,0,0.2357834817816259
CTZ,lineage,SVM,label,0,NNRBG-17-0329-1_S26,0,0.09102662846596986
CTZ,lineage,SVM,label,0,NNRBG-17-0399-1_S40,0,0.23319533185094657
CTZ,lineage,SVM,label,0,RBB-18-0892-1_S80_2,1,0.9687442496403688
CTZ,lineage,SVM,label,0,RBB-18-0972-1_S203_2,1,0.9774506907063713
CTZ,lineage,SVM,label,0,RBB-18-1212-1_S67_2,1,0.8546550568909671
CTZ,lineage,SVM,label,0,RBB-18-1488-1_S46,1,0.041556028111546586
CTZ,lineage,SVM,label,0,RBB-18-1502-1_S47,1,0.9902845443725267
CTZ,lineage,SVM,label,0,RBF-10-0240-1_S12_L001,0,0.2049115581109265
CTZ,lineage,SVM,label,0,RBF-16-0064-1_S136,0,0.06828321742999784
CTZ,lineage,SVM,label,0,RBF-17-0164-1_S137,0,0.3137123889048899
CTZ,lineage,SVM,label,0,RBF-17-0173-1_S138,0,0.5386789110071101
CTZ,lineage,SVM,label,0,RBF-17-0194-1_S140,0,0.3139182063509652
CTZ,lineage,SVM,label,0,RBF-17-0550-1_S84,0,0.8883883878412772
CTZ,lineage,SVM,label,0,RBF-17-0589-1_S92,0,0.35660634506419153
CTZ,lineage,SVM,label,0,RBF-17-0602-1_S93,0,0.33358962364141936
CTZ,lineage,SVM,label,0,RBF-17-0635-1_S98,0,0.08490741659108413
CTZ,lineage,SVM,label,0,RBF-17-0647-1_S99,0,0.32495422462672346
CTZ,lineage,SVM,label,0,RBF-17-0651-1_S62,0,0.011680574510181226
CTZ,lineage,SVM,label,0,RBF-17-266-1_S70,1,0.8686478536094878
CTZ,lineage,SVM,label,0,RBF-18-0036-1_S7,0,0.09833759783414647
CTZ,lineage,SVM,label,0,RBF-18-0085-1_S21,0,0.10229441565092497
CTZ,lineage,SVM,label,0,RBF-18-0086-1_S22,0,0.019744802463714434
CTZ,lineage,SVM,label,0,RBF-18-0127-1_S32,0,0.8649822380577068
CTZ,lineage,SVM,label,0,RBF-18-0214-1_S51,0,0.1627428151663022
CTZ,lineage,SVM,label,0,RBF-18-0217-1_S54,0,0.05730686832801596
CTZ,lineage,SVM,label,0,RBF-18-0338-1_S72,0,0.5906420368908037
CTZ,lineage,SVM,label,0,RBG-17-0284-1_S59,0,0.2556989989493533
CTZ,lineage,SVM,label,0,RBG-18-0025-1_S9_L001,0,0.002391376739623992
CTZ,lineage,SVM,label,0,RBG-18-0029-1_S40,0,0.022169327067543904
CTZ,lineage,SVM,label,0,RBG-18-0077-1_S9,1,0.9214052507331575
CTZ,lineage,SVM,label,0,RBG-18-0185-1_S40,0,0.232543815107449
CTZ,lineage,SVM,label,0,RBG-18-0191-1_S11_L001,0,0.3303000245058604
CTZ,lineage,SVM,label,0,RBG-18-0194-1_S45,0,0.002703521355695647
CTZ,lineage,SVM,label,0,RBG-18-0256-1_S8_L001,1,0.29591082035433003
CTZ,lineage,SVM,label,0,RBG-18-0265-1_S49,0,0.23976818550220577
CTZ,lineage,SVM,label,0,RBG-18-0276-1_S50,0,0.02897612833327619
CTZ,lineage,SVM,label,0,RBG-18-0301-1_S53,0,0.15459940470620065
CTZ,lineage,SVM,label,0,RBG-18-0394-1_S23_L001,0,0.17512216793881638
CTZ,lineage,SVM,label,0,RBK-16-124-1_S16,1,0.046454078582524407
CTZ,lineage,SVM,label,0,RBK-18-0019-1_S195,0,0.10851051251063527
CTZ,lineage,SVM,label,0,RBK-18-0037-1_S199,0,0.0014800755011896212
CTZ,lineage,SVM,label,0,RBK-18-0038-1_S200,0,0.047653159665830294
CTZ,lineage,SVM,label,0,RBK-18-0414-1_S59,0,0.0076177766247755236
CTZ,lineage,SVM,label,0,RBL-17-0090-1_S145,0,0.05593877694595814
CTZ,lineage,SVM,label,0,RBL-17-0104-1_S149,0,0.35913819802768737
CTZ,lineage,SVM,label,0,RBL-17-0117-1_S155,0,0.055610167014674396
CTZ,lineage,SVM,label,0,RBL-17-0129-1_S158,0,0.22279277609639325
CTZ,lineage,SVM,label,0,RBL-17-0133-1_S159,0,0.319722159598314
CTZ,lineage,SVM,label,0,RBL-17-0135-1_S160,0,0.24299731785637133
CTZ,lineage,SVM,label,0,RBL-17-0138-1_S162,0,0.14299857818897946
CTZ,lineage,SVM,label,0,RBL-17-0144-1_S163,0,0.909389704092486
CTZ,lineage,SVM,label,0,RBL-17-0155-1_S165,0,0.001126291568002083
CTZ,lineage,SVM,label,0,RBL-17-0197-1_S173,0,0.03486151577178998
CTZ,lineage,SVM,label,0,RBL-17-0217-1_S176,0,0.05505523834145147
CTZ,lineage,SVM,label,0,RBL-17-0235-1_S92,0,0.16827196967477556
CTZ,lineage,SVM,label,0,RBL-17-0267-1_S104,0,0.015103088982824803
CTZ,lineage,SVM,label,0,RBL-17-0300-1_S112,0,0.24798780900261885
CTZ,lineage,SVM,label,0,RBL-17-0306-1_S50,1,0.1944654652334259
CTZ,lineage,SVM,label,0,RBL-17-0393-1_S123,0,0.15324081129375808
CTZ,lineage,SVM,label,0,RBL-17-0409-1_S127,0,0.25820152189474904
CTZ,lineage,SVM,label,0,RBL-17-0429-1_S130,0,0.06004183160080281
CTZ,lineage,SVM,label,0,RBL-18-0019-1_S41,0,0.06334508317200405
CTZ,lineage,SVM,label,0,RBL-18-0032-1_S167,0,0.974916656304187
CTZ,lineage,SVM,label,0,RBL-18-0055-1_S170,0,0.35382905392831243
CTZ,lineage,SVM,label,0,RBT-17-0003-1_S16,0,0.03556297377797454
CTZ,lineage,SVM,label,0,RBT-17-0011-1_S19,0,0.17892534285984446
CTZ,lineage,SVM,label,0,RBT-17-0019-1_S62,1,0.8927555029790685
CTZ,lineage,SVM,label,0,RBT-17-0024-1_S23,0,0.4265209256183143
CTZ,lineage,SVM,label,0,RBT-17-0033-1_S12,1,0.04778048500908041
CTZ,lineage,SVM,label,0,RBT-17-0082-1_S30,0,0.06123923395475831
CTZ,lineage,SVM,label,0,RBT-17-0090-1_S32,0,0.005742374784492914
CTZ,lineage,SVM,label,0,RBT-17-0097-1_S34,1,0.8976304639905172
CTZ,lineage,SVM,label,0,RBT-17-0109-1_S40,0,0.18131552154692107
CTZ,lineage,SVM,label,0,RBT-17-0118-1_S45,0,0.24414419333614895
CTZ,lineage,SVM,label,0,RBT-17-0142-1_S53,0,0.10120821454198194
CTZ,lineage,SVM,label,0,RBT-17-0150-1_S54,0,0.2454608399152945
CTZ,lineage,SVM,label,0,RBT-17-0177-1_S65,0,0.001435167957715916
CTZ,lineage,SVM,label,0,RBT-17-0177-2_S7,0,0.0015040268751078916
CTZ,lineage,SVM,label,0,RBT-17-0188-1_S68,1,0.008268604200949319
CTZ,lineage,SVM,label,0,RBT-17-0243-1_S11,0,0.4010819211025772
CTZ,lineage,SVM,label,0,RBT-17-0337-1_S19,0,0.5586929226641579
CTZ,lineage,SVM,label,0,RBT-18-0030-1_S69,0,0.07510883749392008
CTZ,lineage,SVM,label,0,RBT-18-0046-1_S2,0,0.31780427955418483
CTZ,lineage,SVM,label,0,RBT-18-0057-1_S38,0,0.00024729037718739595
CTZ,lineage,SVM,label,0,RBT-18-0064-1_S15,0,0.08767369230011164
CTZ,lineage,SVM,label,0,RBT-18-0066-1_S40,0,0.6965586514169795
CTZ,lineage,SVM,label,0,RBT-18-0080-1_S49,1,0.7566237633601083
CTZ,lineage,SVM,label,0,RBT-18-0091-1_S42,0,0.6145286105184238
CTZ,lineage,SVM,label,0,RBT-18-0101-1_S22,0,0.004616207611015875
CTZ,lineage,SVM,label,0,RBT-18-0113-1_S44,0,0.2031311473383982
CTZ,lineage,SVM,label,0,RBT-18-0121-1_S28,0,0.040407020703430795
CTZ,lineage,SVM,label,0,RBT-18-0122-1_S63,0,0.010397359258958868
CTZ,lineage,SVM,label,0,RBT-18-0125-1_S50,0,0.2656256781030924
CTZ,lineage,SVM,label,0,RBT-18-0134-1_S29,0,0.44038963773399825
CTZ,lineage,SVM,label,0,RBT-18-0230-1_S45,0,0.018846960117228456
CTZ,lineage,SVM,label,0,RBT-18-0259-1_S55,0,0.03053650709776195
CTZ,lineage,SVM,label,0,RBT-18-0317-1_S27,0,0.164378985366646
CTZ,lineage,SVM,label,0,RBT-18-0341-1_S24,0,0.0012086518428966325
CTZ,lineage,SVM,label,0,RBT-18-0364-1_S29,0,0.12420993452908295
CTZ,lineage,SVM,label,0,RBT-18-0365-1_S30,0,0.9407460136492147
CTZ,lineage,SVM,label,0,ResetH10_S1_L001,0,0.8499717963986143
CTZ,lineage,SVM,label,0,ResetH68_S1_L001,0,0.2667277525569717
CTZ,lineage,SVM,label,0,ResetH93_S5_L001,1,0.5165335727832662
CTZ,lineage,SVM,label,0,ResetH98_S4_L001,0,0.18968917507383393
CTZ,lineage,SVM,label,0,ResetV143_S2_L001,0,0.02917541306899382
CTZ,lineage,SVM,label,0,Survcare125_S25,1,0.631681801070467
CTZ,lineage,SVM,label,0,Survcare130_S2,1,0.38207820734878933
CTZ,lineage,SVM,label,0,Survcare234_S3_L001,1,0.11090261329570082
CTZ,lineage,SVM,label,0,Survcare244_S9_L001,1,0.9899747406754811
CTZ,lineage,SVM,label,0,Survcare278_S62,1,0.14825470719755446
CTZ,lineage,SVM,label,0,Survcare289_S36,1,0.12419940821444247
CTZ,lineage,SVM,label,0,Survcare293_S40,1,0.28065761750109036
CTZ,lineage,SVM,label,0,Survcare309_S20_L001,1,0.4525644669899871
CTZ,lineage,SVM,label,0,Survcare317_S5_L001,1,0.011785624081106186
CTZ,lineage,SVM,label,0,Survcare318_S20_L001,1,0.5091697400978569
CTZ,lineage,SVM,label,0,Survcare319_S16,1,0.18041994352015453
CTZ,lineage,SVM,label,0,Survcare334_S10,1,0.48952727978115873
CTZ,lineage,SVM,label,0,Survcare335_S11,1,0.7055740718920834
CTZ,lineage,SVM,label,0,Survcare350_S44,1,0.33008947952099543
CTZ,lineage,SVM,label,0,Survcare360_S84,1,0.3205524299216859
CTZ,lineage,SVM,label,0,V153_S4_L001,0,0.004044433919893278
CTZ,lineage,SVM,label,0,V155_S5_L001,0,0.003000400369213068
CTZ,lineage,SVM,label,0,V177_S6_L001,1,0.15877684878144643
CTZ,lineage,SVM,label,0,V195_S1_L001,1,0.0032893199935071075
CTZ,lineage,SVM,label,0,V292_S6_L001,1,0.996414139522434
CTZ,lineage,SVM,label,0,V71_S4_L001,1,0.008384097949402248
CTZ,lineage,SVM,label,0,V73_S5_L001,1,0.8906725528081884
CTZ,lineage,SVM,label,0,V8_S7_L001,0,0.6793965569098519
CTZ,lineage,SVM,label,0,V86_S1_L001,1,0.9097539865209591
CTZ,lineage,SVM,label,0,V96_S2_L001,1,0.9490636072965819
CTZ,lineage,SVM,label,0,W2RBF-17-090-1_S26,1,0.007586663113132274
CTZ,lineage,SVM,label,0,wdhRBF-18-0057_S14_L001,0,0.40785596129640134
CTZ,lineage,SVM,label,0,wNRZ-32446_S79,1,0.011427053608736245
CTZ,lineage,SVM,label,0,wRBG-16-026-1_S163,0,0.06712511920495193
CTZ,lineage,SVM,label,0,wRBG-16-032-1_S142,0,0.1543869977573398
CTZ,lineage,SVM,label,0,wRBG-17-021-1_S166,0,0.11374682335951228
CTZ,lineage,SVM,label,0,wRBG-17-025-1_S133,0,0.002304320928265441
CTZ,lineage,SVM,label,0,wRBG-17-058-1_S130,0,0.02403893763557468
CTZ,lineage,SVM,label,0,wRBG-17-072-1_S129,0,0.008907857636081847
CTZ,lineage,SVM,label,0,wRBG-17-081-1_S117,0,0.03608200953295004
CTZ,lineage,SVM,label,0,wRBG-17-102-1_S169,0,3.106841280047333e-05
CTZ,lineage,SVM,label,1,H100_S2_L001,0,0.696120986567523
CTZ,lineage,SVM,label,1,H105_S3_L001,0,0.45580429945994244
CTZ,lineage,SVM,label,1,H136_S7_L001,0,0.45959747710895904
CTZ,lineage,SVM,label,1,H148_S4_L001,1,0.24822460196633941
CTZ,lineage,SVM,label,1,H28_S10_L001,0,0.0606858943048057
CTZ,lineage,SVM,label,1,H3_S1_L001,1,0.3039503469186552
CTZ,lineage,SVM,label,1,H51_S5_L001,0,0.46119300806418634
CTZ,lineage,SVM,label,1,H53_S4_L001,1,0.4187295081028572
CTZ,lineage,SVM,label,1,H71_S1_L001,1,0.3079819273726731
CTZ,lineage,SVM,label,1,H86_S1_L001,0,0.13005142850568183
CTZ,lineage,SVM,label,1,NNRBG-17-0191-1_S1,0,0.27666749005984237
CTZ,lineage,SVM,label,1,NNRBG-17-0198-1_S4,0,0.23262426483504564
CTZ,lineage,SVM,label,1,NNRBG-17-0242-1_S11,0,0.4818775727889261
CTZ,lineage,SVM,label,1,NNRBG-17-0249-1_S13,0,0.3148191458382335
CTZ,lineage,SVM,label,1,NNRBG-17-0255-1_S14,0,0.4113592419405795
CTZ,lineage,SVM,label,1,NNRBG-17-0378-1_S37,0,0.3764864282587573
CTZ,lineage,SVM,label,1,RBB-17-011-1_S40,1,0.4537679467878376
CTZ,lineage,SVM,label,1,RBB-17-171-1_S52,1,0.5820352830169175
CTZ,lineage,SVM,label,1,RBB-18-0537-1_S21_L001,1,0.5381128093636354
CTZ,lineage,SVM,label,1,RBB-18-0668-1_S188,1,0.2888691406137056
CTZ,lineage,SVM,label,1,RBB-18-1309-1_S42,1,0.2104650878394057
CTZ,lineage,SVM,label,1,RBB-18-1460-1_S45,1,0.19949277182564454
CTZ,lineage,SVM,label,1,RBF-16-004-1_S18,0,0.12867541117724077
CTZ,lineage,SVM,label,1,RBF-16-060-1_S22,1,0.47055139193971796
CTZ,lineage,SVM,label,1,RBF-17-0195-1_S141,0,0.3730067100796737
CTZ,lineage,SVM,label,1,RBF-17-0340-1_S81,1,0.5882430040847564
CTZ,lineage,SVM,label,1,RBF-17-0438-1_S9,1,0.4537679467878376
CTZ,lineage,SVM,label,1,RBF-17-0467-1_S12,1,0.4251203288476084
CTZ,lineage,SVM,label,1,RBF-17-0489-1_S13,1,0.28514019566011595
CTZ,lineage,SVM,label,1,RBF-17-0509-1_S74,0,0.09938927873118676
CTZ,lineage,SVM,label,1,RBF-17-0513-1_S76,0,0.5862844196057404
CTZ,lineage,SVM,label,1,RBF-17-0521-1_S78,0,0.4687023113210818
CTZ,lineage,SVM,label,1,RBF-17-0537-1_S56,1,0.43003571207377866
CTZ,lineage,SVM,label,1,RBF-17-0553-1_S85,0,0.4562408496801335
CTZ,lineage,SVM,label,1,RBF-17-0572-2_S89,0,0.30422718945824806
CTZ,lineage,SVM,label,1,RBF-17-067-1_S54,1,0.4479901628150881
CTZ,lineage,SVM,label,1,RBF-17-094-1_S56,1,0.40972467969475646
CTZ,lineage,SVM,label,1,RBF-17-170-1_S66,1,0.5210743590162724
CTZ,lineage,SVM,label,1,RBF-17-186-1_S69,1,0.4537679467878376
CTZ,lineage,SVM,label,1,RBF-17-318-1_S77,1,0.7570248988674599
CTZ,lineage,SVM,label,1,RBF-18-0019-1_S2,0,0.43422984276696913
CTZ,lineage,SVM,label,1,RBF-18-0066-1_S15,0,0.033044941865083645
CTZ,lineage,SVM,label,1,RBF-18-0068-1_S77,1,0.2521187970919131
CTZ,lineage,SVM,label,1,RBF-18-0075-1_S79,1,0.2487506847923987
CTZ,lineage,SVM,label,1,RBF-18-0121-1_S28,0,0.47016150831956016
CTZ,lineage,SVM,label,1,RBF-18-0139-1_S35,0,0.007399857531908096
CTZ,lineage,SVM,label,1,RBF-18-0147-1_S36,0,0.10657508006506532
CTZ,lineage,SVM,label,1,RBF-18-0172-1_S40,0,0.5886840504924429
CTZ,lineage,SVM,label,1,RBF-18-0173-1_S27,0,0.8541318527679719
CTZ,lineage,SVM,label,1,RBF-18-0174-1_S28,0,0.29457201258583404
CTZ,lineage,SVM,label,1,RBF-18-0187-1_S31,1,0.6718610390037282
CTZ,lineage,SVM,label,1,RBF-18-0194-1_S86,1,0.21117589266520867
CTZ,lineage,SVM,label,1,RBF-18-0196-1_S46,0,0.22254966521183353
CTZ,lineage,SVM,label,1,RBF-18-0199-1_S47,0,0.7610100880282635
CTZ,lineage,SVM,label,1,RBF-18-0227-1_S53,0,0.04109282078048269
CTZ,lineage,SVM,label,1,RBF-18-0252-1_S56,0,0.18528211088015303
CTZ,lineage,SVM,label,1,RBF-18-0277-1_S61,0,0.4396215515392237
CTZ,lineage,SVM,label,1,RBF-18-0282-1_S63,0,0.8015601119535293
CTZ,lineage,SVM,label,1,RBF-18-0321-1_S69,0,0.05165201178830684
CTZ,lineage,SVM,label,1,RBF-18-0333-1_S70,0,0.0076207105251411885
CTZ,lineage,SVM,label,1,RBF-18-0585-1_S48,1,0.32374771671118674
CTZ,lineage,SVM,label,1,RBF-18-0714-2_S204_2,1,0.3806051261744445
CTZ,lineage,SVM,label,1,RBG-17-0351-1_S20_L001,1,0.6044894288698196
CTZ,lineage,SVM,label,1,RBG-17-0383-1_S44,0,0.06132168960764014
CTZ,lineage,SVM,label,1,RBG-18-0004-1_S1,1,0.4537679467878376
CTZ,lineage,SVM,label,1,RBG-18-0072-1_S8,0,0.3553747677771029
CTZ,lineage,SVM,label,1,RBG-18-0099-1_S14,1,0.4537679467878376
CTZ,lineage,SVM,label,1,RBG-18-0113-1_S13_L001,0,0.48991247150460615
CTZ,lineage,SVM,label,1,RBG-18-0129-1_S15_L001,1,0.20487101362401822
CTZ,lineage,SVM,label,1,RBG-18-0153-1_S14,0,0.5330483494379594
CTZ,lineage,SVM,label,1,RBG-18-0177-1_S17_L001,1,0.40397309263772596
CTZ,lineage,SVM,label,1,RBG-18-0200-1_S18_L001,1,0.32641287138989983
CTZ,lineage,SVM,label,1,RBG-18-0224-1_S24_L001,1,0.4565069381276365
CTZ,lineage,SVM,label,1,RBG-18-0279-1_S36,1,0.4174344237982959
CTZ,lineage,SVM,label,1,RBG-18-0289-1_S37,1,0.19400387673691724
CTZ,lineage,SVM,label,1,RBG-18-0347-1_S22_L001,0,0.7403598252238514
CTZ,lineage,SVM,label,1,RBG-18-0380-1_S48,0,0.4537679467878376
CTZ,lineage,SVM,label,1,RBG-18-0388-1_S21_L001,1,0.4114221617581368
CTZ,lineage,SVM,label,1,RBG-18-0391-1_S22_L001,1,0.6491235432825466
CTZ,lineage,SVM,label,1,RBG-18-0410-1_S12,1,0.4518157462752364
CTZ,lineage,SVM,label,1,RBG-18-0421-1_S53,1,0.505393314738444
CTZ,lineage,SVM,label,1,RBG-18-0437-1_S54,0,0.4541349195439422
CTZ,lineage,SVM,label,1,RBK-17-0457-1_S6,1,0.5167269747340234
CTZ,lineage,SVM,label,1,RBK-17-0492-1_S8,1,0.08345085741673947
CTZ,lineage,SVM,label,1,RBK-17-0588-1_S24,1,0.43904200221837425
CTZ,lineage,SVM,label,1,RBK-17-0601-1_S25,1,0.4537679467878376
CTZ,lineage,SVM,label,1,RBK-17-0612-1_S27,1,0.44784336036809913
CTZ,lineage,SVM,label,1,RBK-17-0655-5_S182,1,0.4183280569860212
CTZ,lineage,SVM,label,1,RBK-18-0022-1_S197,0,0.4682835373972482
CTZ,lineage,SVM,label,1,RBK-18-0060-1_S22,0,0.971363372505501
CTZ,lineage,SVM,label,1,RBK-18-0077-1_S212,1,0.44784336036809913
CTZ,lineage,SVM,label,1,RBK-18-0080-1_S205,0,0.061630786823506645
CTZ,lineage,SVM,label,1,RBK-18-0236-2_S52_2,1,0.2570245550242677
CTZ,lineage,SVM,label,1,RBKk-18-0108-1_S201,1,0.45803878267847703
CTZ,lineage,SVM,label,1,RBL-17-0093-1_S146,0,0.19549243942589675
CTZ,lineage,SVM,label,1,RBL-17-0107-1_S150,0,0.1966241689784319
CTZ,lineage,SVM,label,1,RBL-17-0113-1_S153,0,0.6110644263369475
CTZ,lineage,SVM,label,1,RBL-17-0118-1_S156,0,0.37835420115314145
CTZ,lineage,SVM,label,1,RBL-17-0123-1_S157,0,0.024830610661232384
CTZ,lineage,SVM,label,1,RBL-17-0159-1_S166,0,0.41372402489239973
CTZ,lineage,SVM,label,1,RBL-17-0189-1_S172,0,0.36590440738715274
CTZ,lineage,SVM,label,1,RBL-17-0199-1_S174,0,0.40485961822474714
CTZ,lineage,SVM,label,1,RBL-17-0226-1_S41,1,0.42923667658448034
CTZ,lineage,SVM,label,1,RBL-17-0242-1_S42,1,0.4909679645706523
CTZ,lineage,SVM,label,1,RBL-17-0244-1_S44,1,0.41738610607738763
CTZ,lineage,SVM,label,1,RBL-17-0264-1_S103,0,0.08461817732639763
CTZ,lineage,SVM,label,1,RBL-17-0305-1_S49,1,0.8132493206109029
CTZ,lineage,SVM,label,1,RBL-17-0307-1_S51,1,0.4537679467878376
CTZ,lineage,SVM,label,1,RBL-17-0323-1_S115,0,0.22072780141447423
CTZ,lineage,SVM,label,1,RBL-17-0332-1_S118,0,0.7978464550533647
CTZ,lineage,SVM,label,1,RBL-17-0350-1_S106,0,0.824934823718946
CTZ,lineage,SVM,label,1,RBL-17-0359-1_S66,1,0.6398920894437465
CTZ,lineage,SVM,label,1,RBL-17-0360-1_S108,0,0.08200048942125528
CTZ,lineage,SVM,label,1,RBL-17-0365-1_S112,0,0.2687497650152418
CTZ,lineage,SVM,label,1,RBL-17-0392-1_S69,1,0.8132493206109029
CTZ,lineage,SVM,label,1,RBL-17-0411-1_S128,0,0.13433049955125362
CTZ,lineage,SVM,label,1,RBL-17-0432-1_S132,0,0.7961915119139841
CTZ,lineage,SVM,label,1,RBL-17-060-1_S17,1,0.2634591590755199
CTZ,lineage,SVM,label,1,RBL-18-0010-1_S159,0,0.7437599684783534
CTZ,lineage,SVM,label,1,RBL-18-0048-1_S44,0,0.8200447725666581
CTZ,lineage,SVM,label,1,RBL-18-0059-1_S171,0,0.15744809102602336
CTZ,lineage,SVM,label,1,RBL-18-0076-1_S47,1,0.511896485554895
CTZ,lineage,SVM,label,1,RBL-18-0090-1_S48,1,0.3555553392734466
CTZ,lineage,SVM,label,1,RBL-18-0093-1_S49,0,0.3423935505914971
CTZ,lineage,SVM,label,1,RBL-18-0098-1_S178,0,0.5311700659947349
CTZ,lineage,SVM,label,1,RBL-18-0194-1_S195_2,1,0.16044109482736157
CTZ,lineage,SVM,label,1,RBL-18-0343-1_S6,1,0.09749943312816559
CTZ,lineage,SVM,label,1,RBL-18-0467-1_S228_2,1,0.8522382129513534
CTZ,lineage,SVM,label,1,RBL-18-0500-1_S230_2,1,0.7918161545044042
CTZ,lineage,SVM,label,1,RBT-16-0024-1_S10,1,0.5806202326208558
CTZ,lineage,SVM,label,1,RBT-16-0038-1_S11,1,0.14375714337148304
CTZ,lineage,SVM,label,1,RBT-17-0009-1_S21,0,0.7989879516023624
CTZ,lineage,SVM,label,1,RBT-17-0039-1_S28,1,0.1515091119382462
CTZ,lineage,SVM,label,1,RBT-17-0102-1_S37,0,0.2897815222685676
CTZ,lineage,SVM,label,1,RBT-17-0183-1_S67,0,0.05823433531812938
CTZ,lineage,SVM,label,1,RBT-17-0217-1_S7,0,0.3161136155598159
CTZ,lineage,SVM,label,1,RBT-17-0219-1_S8,0,0.5543331042124607
CTZ,lineage,SVM,label,1,RBT-17-0232-1_S58,0,0.9846659534785293
CTZ,lineage,SVM,label,1,RBT-17-0249-1_S61,1,0.4463167303016167
CTZ,lineage,SVM,label,1,RBT-17-0328-1_S16,1,0.3457054681909272
CTZ,lineage,SVM,label,1,RBT-17-0339-1_S20,0,0.62600631171557
CTZ,lineage,SVM,label,1,RBT-18-0021-1_S56,1,0.4537679467878376
CTZ,lineage,SVM,label,1,RBT-18-0053-1_S36,1,0.34138305269420705
CTZ,lineage,SVM,label,1,RBT-18-0071-1_S41,0,0.19986498037312292
CTZ,lineage,SVM,label,1,RBT-18-0146-1_S55,0,0.0292220009261023
CTZ,lineage,SVM,label,1,RBT-18-0205-1_S6,1,0.5704485103003039
CTZ,lineage,SVM,label,1,RBT-18-0227-1_S46,1,0.49787481473090905
CTZ,lineage,SVM,label,1,RBT-18-0234-1_S15,1,0.5393994346373181
CTZ,lineage,SVM,label,1,RBT-18-0241-1_S50,0,0.42604429637544833
CTZ,lineage,SVM,label,1,RBT-18-0278-1_S64,0,0.7578991497084189
CTZ,lineage,SVM,label,1,RBT-18-0284-1_S66,1,0.3677190631959824
CTZ,lineage,SVM,label,1,RBT-18-0296-1_S72,1,0.5181159156734995
CTZ,lineage,SVM,label,1,RBT-18-0308-1_S34,0,0.4056100256149099
CTZ,lineage,SVM,label,1,RBT-18-0324-1_S57,1,0.39841833515363123
CTZ,lineage,SVM,label,1,RBT-18-0335-1_S41,0,0.5991801552856559
CTZ,lineage,SVM,label,1,RBT-18-0337-1_S46,0,0.16186571772267333
CTZ,lineage,SVM,label,1,RBT-18-0363-1_S72,1,0.3313141596746549
CTZ,lineage,SVM,label,1,RBT-18-0372-1_S31,1,0.5959631662150777
CTZ,lineage,SVM,label,1,RBT-18-0391-1_S35,1,0.31544250398317447
CTZ,lineage,SVM,label,1,RBT-18-0392-1_S56,1,0.36259847825239494
CTZ,lineage,SVM,label,1,RBT-18-0401-1_S43,0,0.2886873320872124
CTZ,lineage,SVM,label,1,ResetH127_S6_L001,1,0.6148993232382031
CTZ,lineage,SVM,label,1,ResetH129_S7_L001,1,0.3395268175125952
CTZ,lineage,SVM,label,1,ResetH131_S7_L001,1,0.44159517267798687
CTZ,lineage,SVM,label,1,ResetH132_S1_L001,1,0.22702958671008514
CTZ,lineage,SVM,label,1,ResetH49b_S6_L001,0,0.12702164991644457
CTZ,lineage,SVM,label,1,ResetH63_S7_L001,1,0.4537679467878376
CTZ,lineage,SVM,label,1,ResetH75_S2_L001,1,0.4512767267182148
CTZ,lineage,SVM,label,1,ResetV260_S5_L001,1,0.5403036535390152
CTZ,lineage,SVM,label,1,Survcare187_S32,1,0.5269496895165543
CTZ,lineage,SVM,label,1,Survcare236_S5_L001,1,0.17029932040341295
CTZ,lineage,SVM,label,1,Survcare265_S20,1,0.3028142305890338
CTZ,lineage,SVM,label,1,Survcare327_S1,1,0.4224822834872804
CTZ,lineage,SVM,label,1,Survcare341_S25,1,0.2345835423144001
CTZ,lineage,SVM,label,1,V111_S3_L001,0,0.3051942326447708
CTZ,lineage,SVM,label,1,V173_S6_L001,0,0.06232795229393933
CTZ,lineage,SVM,label,1,V282_S4_L001,0,0.4185847406573619
CTZ,lineage,SVM,label,1,V291_S5_L001,1,0.4214201735245833
CTZ,lineage,SVM,label,1,V295_S7_L001,0,0.4622761061058163
CTZ,lineage,SVM,label,1,V79_S6_L001,0,0.18408509748466034
CTZ,lineage,SVM,label,1,V89_S1_L001,0,0.08456121615107667
CTZ,lineage,SVM,label,1,W2RBK-17-168-1_S33,1,0.37443802165445217
CTZ,lineage,SVM,label,1,W2RBK-17-169-1_S34,1,0.12852101114163517
CTZ,lineage,SVM,label,1,W2RBL-16-018-1_S15,1,0.3060344977801015
CTZ,lineage,SVM,label,1,wdh-RBB-17-170-1_S16,1,0.4343933751711718
CTZ,lineage,SVM,label,1,wdh-RBF-17-0572-1_S43,0,0.3308920537028579
CTZ,lineage,SVM,label,1,wdhRBF-10-0002-1_S10_L001,1,0.6321654844436968
CTZ,lineage,SVM,label,1,wdhRBF-17-0567-1_S122,0,0.18561117694462484
CTZ,lineage,SVM,label,1,wdhRBF-18-0025-1_S11_L001,0,0.5029759434536961
CTZ,lineage,SVM,label,1,wdhRBF-18-0048-1_S12_L001,0,0.2888169941465947
CTZ,lineage,SVM,label,1,wdhRBF-18-0059-1_S15_L001,0,0.0659737659961217
CTZ,lineage,SVM,label,1,wdhRBF-18-0081-1_S18_L001,0,0.31764686983318785
CTZ,lineage,SVM,label,1,WDHRBG-17-121-1_S46,0,0.33362102002048005
CTZ,lineage,SVM,label,1,wRBF-17-0146-1_S35,1,0.4463167303016167
CTZ,lineage,SVM,label,1,wRBG-16-033-1_S153,0,0.14989134717820624
CTZ,lineage,SVM,label,1,wRBG-16-034-1_S164,0,0.7577095431439813
CTZ,lineage,SVM,label,1,wRBG-17-028-1_S100,0,0.17665200307850987
CTZ,lineage,SVM,label,1,wRBG-17-031-1_S154,0,0.6533277158938254
CTZ,lineage,SVM,label,1,wRBG-17-055-1_S163,0,0.7351769466340199
CTZ,lineage,SVM,label,1,wRBG-17-057-1_S141,0,0.19505815363414303
CTZ,lineage,SVM,label,1,wRBG-17-106-1_S125,0,0.14092738635379742
CTZ,lineage,SVM,label,1,wwRBB-16-112-1_S1,1,0.4151862033285937
CTZ,lineage,SVM,label,1,wwRBF-16-007-1_S10,1,0.4175001081301351
CTZ,lineage,SVM,label,1,wwRBF-17-167-1_S31,1,0.5742373332630786
CTZ,lineage,SVM,label,1,wwRBF-17-189-1_S32,1,0.4727088473619537
CTZ,lineage,SVM,label,1,wwRBF-17-209-1_S34,0,0.6898382773773539
CTZ,lineage,SVM,label,1,wwRBK-16-023-1_S5,1,0.29434232513788117
CTZ,lineage,SVM,label,1,wwRBK-17-0148-1_S37,1,0.4759505371062185
CTZ,lineage,SVM,label,1,wwRBK-17-0148-2_S38,1,0.4805267579951813
CTZ,lineage,SVM,label,1,wwRBK-17-0197-1_S39,1,0.4503738971659277
CTZ,lineage,SVM,label,1,wwRBK-17-075-1_S28,1,0.4360985626757227
CTZ,lineage,SVM,label,1,wwRBL-17-004-1_S44,1,0.4651587786713506
CTZ,lineage,SVM,label,2,H17_S2_L001,0,0.9655941436686984
CTZ,lineage,SVM,label,2,H37_S3_L001,0,0.9333312420996984
CTZ,lineage,SVM,label,2,NNRBG-17-0308-1_S20,0,0.12015770767581344
CTZ,lineage,SVM,label,2,NNRBG-17-0346-1_S30,0,0.2937313107917551
CTZ,lineage,SVM,label,2,NNRBG-17-0382-1_S38,0,0.0003142478606564869
CTZ,lineage,SVM,label,2,NNSurvcare045_S41,1,0.7919231560792418
CTZ,lineage,SVM,label,2,RBB-18-0490-1_S20_L001,1,0.09374607349401187
CTZ,lineage,SVM,label,2,RBB-18-0665-1_S23_L001,1,0.19601610980955889
CTZ,lineage,SVM,label,2,RBB-18-0765-1_S191,1,0.21850142322670807
CTZ,lineage,SVM,label,2,RBB-18-0772-1_S192,1,0.6204150275866714
CTZ,lineage,SVM,label,2,RBB-18-1086-1_S189_2,1,0.910649201655542
CTZ,lineage,SVM,label,2,RBB-18-1406-1_S49,1,0.9775869867905558
CTZ,lineage,SVM,label,2,RBB-19-0014-1_S44,1,0.647644832971152
CTZ,lineage,SVM,label,2,RBBK18-0189-1_S24_L001,0,0.09746074027584099
CTZ,lineage,SVM,label,2,RBF-16-073-1_S23,1,0.3717164109557515
CTZ,lineage,SVM,label,2,RBF-17-0424-1_S15,0,0.015144936135493265
CTZ,lineage,SVM,label,2,RBF-17-0450-1_S10,0,0.025207447160271262
CTZ,lineage,SVM,label,2,RBF-17-0508-1_S73,0,0.6974725930909015
CTZ,lineage,SVM,label,2,RBF-17-0538-1_S82,0,0.6163601801290557
CTZ,lineage,SVM,label,2,RBF-17-0540-1_S83,0,0.0914641251071867
CTZ,lineage,SVM,label,2,RBF-17-0630-1_S59,1,0.018369962791137073
CTZ,lineage,SVM,label,2,RBF-17-0648-1_S100,0,7.211105461685332e-05
CTZ,lineage,SVM,label,2,RBF-18-0027-1_S5,0,0.7910058033865262
CTZ,lineage,SVM,label,2,RBF-18-0035-1_S6,0,0.8385534260768376
CTZ,lineage,SVM,label,2,RBF-18-0055-1_S11,0,0.6611876014318097
CTZ,lineage,SVM,label,2,RBF-18-0087-1_S23,0,0.15881969763725784
CTZ,lineage,SVM,label,2,RBF-18-0093-1_S80,0,0.7185805338653674
CTZ,lineage,SVM,label,2,RBF-18-0125-1_S30,0,0.003389870104390846
CTZ,lineage,SVM,label,2,RBF-18-0126-1_S31,0,0.05055497764539082
CTZ,lineage,SVM,label,2,RBF-18-0151-1_S83,1,0.09711315786425573
CTZ,lineage,SVM,label,2,RBF-18-0184-1_S30,0,0.9010347629426041
CTZ,lineage,SVM,label,2,RBF-18-0251-1_S55,0,0.46106585323624905
CTZ,lineage,SVM,label,2,RBF-18-0339-1_S37,0,0.7258966109358761
CTZ,lineage,SVM,label,2,RBF-18-0664-1_S190,0,0.4507562288571744
CTZ,lineage,SVM,label,2,RBG-17-013-1_S16,1,0.30294982664238995
CTZ,lineage,SVM,label,2,RBG-18-0012-1_S3,0,0.6145291721514363
CTZ,lineage,SVM,label,2,RBG-18-0023-1_S2,0,0.31586194244505866
CTZ,lineage,SVM,label,2,RBG-18-0055-1_S43,0,0.0026826589167974584
CTZ,lineage,SVM,label,2,RBG-18-0085-1_S11,0,0.10276793962737672
CTZ,lineage,SVM,label,2,RBG-18-0144-1_S38,0,0.5118415360200324
CTZ,lineage,SVM,label,2,RBG-18-0202-1_S13_L001,0,0.12904360304833215
CTZ,lineage,SVM,label,2,RBG-18-0206-2_S46,0,0.24717744583005807
CTZ,lineage,SVM,label,2,RBG-18-0209-2_S46,0,0.17358702363996212
CTZ,lineage,SVM,label,2,RBG-18-0221-1_S47,0,0.0010284456938799503
CTZ,lineage,SVM,label,2,RBG-18-0280-1_S51,0,0.3978561926336278
CTZ,lineage,SVM,label,2,RBG-18-0312-1_S55,0,0.6646402105729157
CTZ,lineage,SVM,label,2,RBG-18-0352-1_S21_L001,0,0.40439093625888956
CTZ,lineage,SVM,label,2,RBG-18-0358-1_S39,1,0.10355609390656341
CTZ,lineage,SVM,label,2,RBG-18-0402-1_S50,1,0.9334341108825905
CTZ,lineage,SVM,label,2,RBG-18-0417-1_S52,0,0.4363753985973115
CTZ,lineage,SVM,label,2,RBK-16-073-1_S14,1,0.4180960874141758
CTZ,lineage,SVM,label,2,RBK-16-079-1_S15,1,0.3944351580444455
CTZ,lineage,SVM,label,2,RBK-17-0595-1_S187,1,0.6928631528589825
CTZ,lineage,SVM,label,2,RBK-18-0005-1_S18,0,0.2297028250522672
CTZ,lineage,SVM,label,2,RBk-18-0216-1_S231_2,0,0.5538802452085285
CTZ,lineage,SVM,label,2,RBK-18-0250-1_S235_2,0,0.11220425175616455
CTZ,lineage,SVM,label,2,RBK-18-0644-1_S180,1,0.08423922481000115
CTZ,lineage,SVM,label,2,RBL-17-0095-1_S147,0,0.023034943654749025
CTZ,lineage,SVM,label,2,RBL-17-0136-1_S161,0,0.11273863876882549
CTZ,lineage,SVM,label,2,RBL-17-0232-1_S91,0,0.06811386941334727
CTZ,lineage,SVM,label,2,RBL-17-0256-1_S98,0,0.0004524798822570597
CTZ,lineage,SVM,label,2,RBL-17-0261-1_S100,0,0.019890925411369532
CTZ,lineage,SVM,label,2,RBL-17-0263-1_S102,0,0.03401092644933251
CTZ,lineage,SVM,label,2,RBL-17-0283-1_S27,0,0.45639189167362926
CTZ,lineage,SVM,label,2,RBL-17-0320-1_S114,0,0.5855132987304768
CTZ,lineage,SVM,label,2,RBL-17-0349-1_S105,0,0.9318617409142175
CTZ,lineage,SVM,label,2,RBL-17-0374-1_S116,0,0.2004537112557892
CTZ,lineage,SVM,label,2,RBL-17-0383-1_S119,0,0.22076556681846932
CTZ,lineage,SVM,label,2,RBL-17-0391-1_S122,0,0.08346865503645977
CTZ,lineage,SVM,label,2,RBL-17-0397-1_S125,0,0.5334409242816144
CTZ,lineage,SVM,label,2,RBT-16-0045-1_S58,1,0.26681417509350824
CTZ,lineage,SVM,label,2,RBT-17-0008-1_S18,0,0.19466018018002879
CTZ,lineage,SVM,label,2,RBT-17-0023-1_S25,0,0.027327075472948225
CTZ,lineage,SVM,label,2,RBT-17-0079-1_S29,0,0.010373345702643045
CTZ,lineage,SVM,label,2,RBT-17-0084-1_S31,0,0.03884335255679513
CTZ,lineage,SVM,label,2,RBT-17-0099-1_S35,0,0.2589375306115956
CTZ,lineage,SVM,label,2,RBT-17-0113-1_S42,0,0.11406117724085452
CTZ,lineage,SVM,label,2,RBT-17-0130-1_S27,0,0.13989382605066628
CTZ,lineage,SVM,label,2,RBT-17-0138-1_S52,0,0.08559590984898581
CTZ,lineage,SVM,label,2,RBT-17-0156-1_S56,0,0.14450572446004933
CTZ,lineage,SVM,label,2,RBT-17-0163-1_S59,0,0.0348530908258222
CTZ,lineage,SVM,label,2,RBT-17-0165-1_S60,0,0.3462505190787077
CTZ,lineage,SVM,label,2,RBT-17-0167-1_S27,0,0.25170810793688836
CTZ,lineage,SVM,label,2,RBT-17-0173-1_S63,0,0.018263619593656195
CTZ,lineage,SVM,label,2,RBT-17-0225-1_S9,0,0.010756992573907198
CTZ,lineage,SVM,label,2,RBT-17-0270-1_S65,0,0.41173846988509716
CTZ,lineage,SVM,label,2,RBT-17-0285-1_S66,0,0.47357519958132066
CTZ,lineage,SVM,label,2,RBT-18-0023-1_S14,0,0.7147342853572092
CTZ,lineage,SVM,label,2,RBT-18-0050-1_S34,0,0.7232538366549977
CTZ,lineage,SVM,label,2,RBT-18-0052-1_S35,1,0.05734615331599264
CTZ,lineage,SVM,label,2,RBT-18-0103-1_S24,0,0.568227579861845
CTZ,lineage,SVM,label,2,RBT-18-0110-1_S27,0,0.2717031532496233
CTZ,lineage,SVM,label,2,RBT-18-0116-1_S46,0,0.8707243998520016
CTZ,lineage,SVM,label,2,RBT-18-0127-1_S51,0,0.013468672158765297
CTZ,lineage,SVM,label,2,RBT-18-0173-1_S35,0,0.6929130204959294
CTZ,lineage,SVM,label,2,RBT-18-0197-1_S40,0,0.029836634285230854
CTZ,lineage,SVM,label,2,RBT-18-0224-1_S43,0,0.018352856751924464
CTZ,lineage,SVM,label,2,RBT-18-0246-1_S52,0,0.05599526965169218
CTZ,lineage,SVM,label,2,RBT-18-0252-1_S53,0,0.8916253495078813
CTZ,lineage,SVM,label,2,RBT-18-0253-1_S54,0,0.9517172882300509
CTZ,lineage,SVM,label,2,RBT-18-0269-1_S61,0,0.0359613323622985
CTZ,lineage,SVM,label,2,RBT-18-0271-1_S62,0,0.012464308944544
CTZ,lineage,SVM,label,2,RBT-18-0288-1_S68,0,0.9415159096247845
CTZ,lineage,SVM,label,2,RBT-18-0293-1_S71,0,0.05020011098205779
CTZ,lineage,SVM,label,2,RBT-18-0339-1_S47,0,0.04232952106735656
CTZ,lineage,SVM,label,2,RBT-18-0361-1_S38,0,0.016323603929961714
CTZ,lineage,SVM,label,2,RBT-18-0370-1_S33,0,0.16968013162273257
CTZ,lineage,SVM,label,2,ResetH1_S1_L001,0,0.8576324937122726
CTZ,lineage,SVM,label,2,ResetH115_S6_L001,0,0.9728213431660252
CTZ,lineage,SVM,label,2,ResetH16_S2_L001,1,0.3242191121965693
CTZ,lineage,SVM,label,2,ResetH44_S3_L001,0,0.00786118337121495
CTZ,lineage,SVM,label,2,ResetH8_S2_L001,0,0.8062850664453951
CTZ,lineage,SVM,label,2,ResetH99_S5_L001,0,0.8207332145773896
CTZ,lineage,SVM,label,2,ResetV288_S6_L001,0,0.9480877317623858
CTZ,lineage,SVM,label,2,ResetV63_S5_L001,0,0.01032921185758179
CTZ,lineage,SVM,label,2,Survcare0114_S37,1,0.9928761035269571
CTZ,lineage,SVM,label,2,Survcare052_S22,1,0.9609923498417136
CTZ,lineage,SVM,label,2,Survcare104_S16_L001,1,0.0001829635550669538
CTZ,lineage,SVM,label,2,Survcare133_S25,1,0.7909778138785757
CTZ,lineage,SVM,label,2,Survcare134_S26,1,0.47926446632697417
CTZ,lineage,SVM,label,2,Survcare140_S4_L001,1,0.8337608407876227
CTZ,lineage,SVM,label,2,Survcare176_S17_L001,1,0.020894840115898188
CTZ,lineage,SVM,label,2,Survcare221_S7_L001,1,0.14762623651539852
CTZ,lineage,SVM,label,2,Survcare303_S15_L001,1,0.7965903436175056
CTZ,lineage,SVM,label,2,Survcare329_S3,1,0.4949505780321542
CTZ,lineage,SVM,label,2,V113_S3_L001,0,0.27044853347891085
CTZ,lineage,SVM,label,2,V114_S5_L001,1,0.7387533661180866
CTZ,lineage,SVM,label,2,V172_S5_L001,0,0.0034451403617924772
CTZ,lineage,SVM,label,2,V201_S4_L001,1,0.659330284983703
CTZ,lineage,SVM,label,2,V215_S2_L001,0,0.10116872532932736
CTZ,lineage,SVM,label,2,V289_S5_L001,0,0.9769372243891299
CTZ,lineage,SVM,label,2,V40_S2_L001,1,0.25347657286919884
CTZ,lineage,SVM,label,2,V64_S3_L001,0,0.007598577279459488
CTZ,lineage,SVM,label,2,V80_S7_L001,1,0.02179721054871086
CTZ,lineage,SVM,label,2,V9_S1_L001,1,0.27046408298699254
CTZ,lineage,SVM,label,2,w2RBG-16-037-1_S34,0,0.5416079473705065
CTZ,lineage,SVM,label,2,wdh-RBL-17-0431-1_S46,0,0.8525708202823061
CTZ,lineage,SVM,label,2,wdhRBF-17-0558-1_S121,0,0.9535837789767939
CTZ,lineage,SVM,label,2,WDHRBG-16-050-1_S40,1,0.9976016792547815
CTZ,lineage,SVM,label,2,wdhRBL-17-0370-1_S232,0,0.5273009646954651
CTZ,lineage,SVM,label,2,wNRZ-33910_S81,1,0.0939417178982636
CTZ,lineage,SVM,label,2,wRBG-17-023-1_S155,0,0.6733347371695038
CTZ,lineage,SVM,label,2,wRBG-17-052-1_S120,0,0.3355697353140133
CTZ,lineage,SVM,label,2,wRBG-17-082-1_S106,0,0.10497979777970105
CTZ,lineage,SVM,label,2,wRBG-17-112-1_S146,0,0.014443203034537985
CTZ,lineage,SVM,label,2,wwRBB-17-031-1_S25,1,0.43888580694485674
CTZ,lineage,SVM,label,2,wwRBF-16-094-1_S13,1,0.047411280248287425
CTZ,lineage,SVM,label,2,WWSurvcare043_S43,1,0.36477055015963444
CTZ,lineage,SVM,label,3,H116_S8_L001,1,0.9996164941516452
CTZ,lineage,SVM,label,3,H122_S4_L001,1,0.48209451215959875
CTZ,lineage,SVM,label,3,H123_S1_L001,0,0.9799188336402929
CTZ,lineage,SVM,label,3,H141_S6_L001,1,0.01908984983831753
CTZ,lineage,SVM,label,3,H153_S1_L001,1,0.3083313461957661
CTZ,lineage,SVM,label,3,H154_S2_L001,1,0.3569416988704941
CTZ,lineage,SVM,label,3,H157_S3_L001,0,0.6755860024888979
CTZ,lineage,SVM,label,3,H160_S3_L001,1,0.3017066686662377
CTZ,lineage,SVM,label,3,H162_S4_L001,0,0.030792051192461294
CTZ,lineage,SVM,label,3,H164_S3_L001,1,0.4802349751614991
CTZ,lineage,SVM,label,3,H176_S5_L001,0,0.963148595347553
CTZ,lineage,SVM,label,3,H50_S7_L001,0,0.8776676481712088
CTZ,lineage,SVM,label,3,NNRBG-17-0227-1_S8,0,0.038135571867233535
CTZ,lineage,SVM,label,3,NNRBG-17-0234-1_S9,0,0.024429757561879345
CTZ,lineage,SVM,label,3,NNRBG-17-0239-1_S10,0,0.43697978511535607
CTZ,lineage,SVM,label,3,NNRBG-17-0243-1_S12,0,0.0488602925637738
CTZ,lineage,SVM,label,3,NNRBG-17-0278-1_S16,0,0.6988993872214668
CTZ,lineage,SVM,label,3,NNRBG-17-0316-1_S23,0,0.5945791213768511
CTZ,lineage,SVM,label,3,RBB-18-0129-1_S179,1,0.4138479519293514
CTZ,lineage,SVM,label,3,RBB-18-0674-1_S189,1,0.8467558495531564
CTZ,lineage,SVM,label,3,RBB-18-0826-1_S193,1,0.2771091947689581
CTZ,lineage,SVM,label,3,RBB-18-1312-1_S43,1,0.732140283933284
CTZ,lineage,SVM,label,3,RBF-17-0520-2_S55,1,0.1778501000538529
CTZ,lineage,SVM,label,3,RBF-17-0587-1_S91,0,0.05663678582008106
CTZ,lineage,SVM,label,3,RBF-17-0632-1_S97,0,0.16106922033150642
CTZ,lineage,SVM,label,3,RBF-17-0645-1_S61,0,0.8169244506448611
CTZ,lineage,SVM,label,3,RBF-17-0664-1_S63,0,0.989961688073589
CTZ,lineage,SVM,label,3,RBF-18-0013-1_S25_L001,0,0.30613288092586843
CTZ,lineage,SVM,label,3,RBF-18-0064-2_S14,0,0.7057140639886945
CTZ,lineage,SVM,label,3,RBF-18-0072-1_S16,0,0.006763456917263901
CTZ,lineage,SVM,label,3,RBF-18-0099-1_S26,0,0.13442246742015673
CTZ,lineage,SVM,label,3,RBF-18-0192-1_S44,0,0.24662633556028404
CTZ,lineage,SVM,label,3,RBF-18-0201-1_S49,0,0.9816937995723929
CTZ,lineage,SVM,label,3,RBF-18-0253-1_S13_L001,0,0.19188718065851668
CTZ,lineage,SVM,label,3,RBF-18-0294-1_S64,0,0.026801907300191198
CTZ,lineage,SVM,label,3,RBF-18-0296-1_S17,0,0.16372035060662818
CTZ,lineage,SVM,label,3,RBF-18-0310-1_S36,0,0.9496762429927402
CTZ,lineage,SVM,label,3,RBF-18-0405-1_S81_2,1,0.99800181718334
CTZ,lineage,SVM,label,3,RBF-18-0634-1_S183,0,0.00022146172128016068
CTZ,lineage,SVM,label,3,RBG-17-0269-1_S41,0,0.8975139848055279
CTZ,lineage,SVM,label,3,RBG-18-0041-1_S6,0,7.392046819714597e-05
CTZ,lineage,SVM,label,3,RBG-18-0054-1_S42,0,0.947875060372168
CTZ,lineage,SVM,label,3,RBG-18-0071-1_S44,0,6.960735555513494e-05
CTZ,lineage,SVM,label,3,RBG-18-0076-1_S10,0,0.9847623475983256
CTZ,lineage,SVM,label,3,RBG-18-0083-1_S12,0,0.029461363706665872
CTZ,lineage,SVM,label,3,RBG-18-0108-1_S16,0,0.23528896978905658
CTZ,lineage,SVM,label,3,RBG-18-0166-1_S10_L001,0,0.7556846466525408
CTZ,lineage,SVM,label,3,RBG-18-0193-1_S8,0,0.7792724163116214
CTZ,lineage,SVM,label,3,RBG-18-0211-1_S35,1,0.001263412098424693
CTZ,lineage,SVM,label,3,RBG-18-0300-1_S52,0,0.14967591363562513
CTZ,lineage,SVM,label,3,RBG-18-0308-1_S54,1,0.009918344748475154
CTZ,lineage,SVM,label,3,RBG-18-0381-1_S49,0,0.3528894816790588
CTZ,lineage,SVM,label,3,RBG-18-0383-1_S37,1,0.9963690158049057
CTZ,lineage,SVM,label,3,RBK-18-0002-1_S38,1,0.30574855171084625
CTZ,lineage,SVM,label,3,RBK-18-0020-1_S19,0,0.07034102105720257
CTZ,lineage,SVM,label,3,RBK-18-0062-2_S203,0,0.9715264972003341
CTZ,lineage,SVM,label,3,RBL-17-0108-1_S151,0,0.4905710342518202
CTZ,lineage,SVM,label,3,RBL-17-0116-1_S154,0,0.09562896537216696
CTZ,lineage,SVM,label,3,RBL-17-0205-1_S175,0,0.14461021040787772
CTZ,lineage,SVM,label,3,RBL-17-0246-1_S94,0,0.6401555791679431
CTZ,lineage,SVM,label,3,RBL-17-0259-1_S99,0,0.152490713309803
CTZ,lineage,SVM,label,3,RBL-17-0274-2_S105,0,0.0009590580872704101
CTZ,lineage,SVM,label,3,RBL-17-0327-1_S116,0,0.06417674420785592
CTZ,lineage,SVM,label,3,RBL-17-0328-1_S117,0,0.5082347847244113
CTZ,lineage,SVM,label,3,RBL-17-0340-1_S102,0,0.40479282661725985
CTZ,lineage,SVM,label,3,RBL-17-0342-1_S103,0,0.4865879705572214
CTZ,lineage,SVM,label,3,RBL-17-0347-1_S104,0,0.13029317913177296
CTZ,lineage,SVM,label,3,RBL-17-0368-1_S114,0,0.1674649216398588
CTZ,lineage,SVM,label,3,RBL-17-0375-1_S117,0,0.9907278316597977
CTZ,lineage,SVM,label,3,RBL-17-0390-1_S121,0,0.0772285534913761
CTZ,lineage,SVM,label,3,RBL-17-0395-1_S124,0,0.2234437441183987
CTZ,lineage,SVM,label,3,RBL-17-0402-1_S126,0,0.11936292548463652
CTZ,lineage,SVM,label,3,RBL-17-0428-1_S70,1,0.9992204645324645
CTZ,lineage,SVM,label,3,RBL-17-0434-1_S133,0,0.15548643444330645
CTZ,lineage,SVM,label,3,RBL-17-0435-1_S134,0,0.062317460172280986
CTZ,lineage,SVM,label,3,RBL-18-0016-1_S161,0,0.05419774454236624
CTZ,lineage,SVM,label,3,RBL-18-0037-1_S168,0,0.028529270157968557
CTZ,lineage,SVM,label,3,RBL-18-0066-1_S173,0,0.024892114845942254
CTZ,lineage,SVM,label,3,RBL-18-0085-1_S176,0,0.6534427461803838
CTZ,lineage,SVM,label,3,RBL-18-0242-1_S51,0,0.04621841212391509
CTZ,lineage,SVM,label,3,RBT-17-0027-1_S3,0,0.5858316606053361
CTZ,lineage,SVM,label,3,RBT-17-0124-1_S46,0,0.2889682434255616
CTZ,lineage,SVM,label,3,RBT-17-0149-1_S13,1,0.023376660718110714
CTZ,lineage,SVM,label,3,RBT-17-0168-1_S61,0,0.05817136621696663
CTZ,lineage,SVM,label,3,RBT-17-0178-1_S66,0,0.18420714815294556
CTZ,lineage,SVM,label,3,RBT-17-0194-1_S30,0,0.16015356914191456
CTZ,lineage,SVM,label,3,RBT-17-0210-1_S55,0,0.04834804597807165
CTZ,lineage,SVM,label,3,RBT-17-0228-1_S10,0,0.043668730393417725
CTZ,lineage,SVM,label,3,RBT-17-0251-1_S62,0,0.8585563603512557
CTZ,lineage,SVM,label,3,RBT-17-0279-1_S12,0,0.21596204386839302
CTZ,lineage,SVM,label,3,RBT-17-0287-1_S10,0,0.00023839319584078908
CTZ,lineage,SVM,label,3,RBT-18-0045-1_S70,0,0.009510951154859084
CTZ,lineage,SVM,label,3,RBT-18-0095-1_S19,0,0.41982355319564474
CTZ,lineage,SVM,label,3,RBT-18-0096-1_S20,0,0.9589771558384138
CTZ,lineage,SVM,label,3,RBT-18-0100-1_S21,0,0.9816280443624299
CTZ,lineage,SVM,label,3,RBT-18-0120-1_S48,0,0.980672752896526
CTZ,lineage,SVM,label,3,RBT-18-0129-1_S52,0,0.16972387099176406
CTZ,lineage,SVM,label,3,RBT-18-0179-1_S37,0,0.8586722029598923
CTZ,lineage,SVM,label,3,RBT-18-0185-1_S39,0,0.09934901902810786
CTZ,lineage,SVM,label,3,RBT-18-0231-1_S14,0,0.5599479051248392
CTZ,lineage,SVM,label,3,RBT-18-0232-1_S47,0,0.13887719743487337
CTZ,lineage,SVM,label,3,RBT-18-0251-1_S7,0,0.7937304614557442
CTZ,lineage,SVM,label,3,RBT-18-0265-1_S59,0,0.00023901850492944013
CTZ,lineage,SVM,label,3,RBT-18-0303-1_S20,0,0.16726719117966612
CTZ,lineage,SVM,label,3,RBT-18-0316-1_S43,0,0.3318105231958533
CTZ,lineage,SVM,label,3,RBT-18-0351-1_S48,0,0.5949869033247364
CTZ,lineage,SVM,label,3,RBT-18-0360-1_S39,0,0.1745180475493224
CTZ,lineage,SVM,label,3,ResetH134_S8_L001,1,0.17570382815617866
CTZ,lineage,SVM,label,3,ResetH152_S4_L001,1,0.44711685634803294
CTZ,lineage,SVM,label,3,ResetH24a_S3_2_L001,1,0.9997051337059889
CTZ,lineage,SVM,label,3,ResetH45_S5_L001,0,0.7932477655511462
CTZ,lineage,SVM,label,3,ResetV105_S1_L001,0,0.805196610775193
CTZ,lineage,SVM,label,3,ResetV70_S6_L001,1,0.9978829119734443
CTZ,lineage,SVM,label,3,ResetV74_S7_L001,1,0.4669483937288495
CTZ,lineage,SVM,label,3,ResetV76_S7_L001,0,0.07685548181839896
CTZ,lineage,SVM,label,3,Survcare0111_S29,1,0.0129959083882008
CTZ,lineage,SVM,label,3,Survcare129_S1,1,0.00123410963657344
CTZ,lineage,SVM,label,3,Survcare190_S35,1,0.7975621992283684
CTZ,lineage,SVM,label,3,Survcare230_S17_L001,1,0.37057529931482147
CTZ,lineage,SVM,label,3,Survcare254_S36,1,0.7665153385000247
CTZ,lineage,SVM,label,3,Survcare292_S39,1,0.6192000018088447
CTZ,lineage,SVM,label,3,Survcare295_S8_L001,1,0.9847132660593515
CTZ,lineage,SVM,label,3,Survcare313_S24_L001,1,0.9672566035538106
CTZ,lineage,SVM,label,3,V116_S6_L001,0,0.7361236573253646
CTZ,lineage,SVM,label,3,V120_S5_L001,0,0.9847831828870856
CTZ,lineage,SVM,label,3,V123_S1_L001,0,0.9310291646942692
CTZ,lineage,SVM,label,3,V168_S9_L001,1,0.247378396118227
CTZ,lineage,SVM,label,3,V183_S7_L001,0,0.006182719380782023
CTZ,lineage,SVM,label,3,V205_S3_L001,0,0.9638763841398529
CTZ,lineage,SVM,label,3,V228_S8_L001,1,0.2183102772862635
CTZ,lineage,SVM,label,3,V229_S10_L001,1,0.23859935903316234
CTZ,lineage,SVM,label,3,V238_S11_L001,0,0.9043321752260345
CTZ,lineage,SVM,label,3,V279_S8_L001,1,0.10354737355171234
CTZ,lineage,SVM,label,3,V283_S5_L001,1,0.05824026927748465
CTZ,lineage,SVM,label,3,V41_S2_L001,0,0.03990172584311134
CTZ,lineage,SVM,label,3,V98_S3_L001,1,0.9995560756986923
CTZ,lineage,SVM,label,3,wdh-RBL-17-0361-1_S44,0,0.046385870841832176
CTZ,lineage,SVM,label,3,wdh-Survcare119_S44,1,0.8347334875077393
CTZ,lineage,SVM,label,3,wdh2NRZ-29911a_S31,1,0.8997143179478889
CTZ,lineage,SVM,label,3,wdhRBF-18-0098-1_S19_L001,0,0.1234456038095251
CTZ,lineage,SVM,label,3,WDHRBG-16-060-1_S27,0,0.44624654913510364
CTZ,lineage,SVM,label,3,WDHRBG-16-062-1_S49,0,0.0827748451191636
CTZ,lineage,SVM,label,3,WDHRBG-17-0093-1_S1,1,0.9957140848232957
CTZ,lineage,SVM,label,3,wRBG-17-014-1_S167,0,0.4548010350575527
CTZ,lineage,SVM,label,3,wRBG-17-022-1_S43,1,0.28432899749168605
CTZ,lineage,SVM,label,3,wRBG-17-034-1_S121,0,0.658700344245626
CTZ,lineage,SVM,label,3,wRBG-17-049-1_S142,0,0.02338027712552032
CTZ,lineage,SVM,label,3,wRBG-17-075-1_S96,0,0.014324196473384265
CTZ,lineage,SVM,label,3,wRBG-17-100-1_S104,0,0.18111113256333433
CTZ,lineage,SVM,label,3,wRBG-17-110-1_S168,0,0.04516789388923561
CTZ,lineage,SVM,label,4,H108_S5_L001,0,0.02866326572234244
CTZ,lineage,SVM,label,4,H113_S6_L001,0,0.5813240575381742
CTZ,lineage,SVM,label,4,H130_S2_L001,1,0.03361614864789249
CTZ,lineage,SVM,label,4,H66_S1_L001,1,0.5628423794581262
CTZ,lineage,SVM,label,4,H69_S6_L001,0,0.9138057244591665
CTZ,lineage,SVM,label,4,H83_S7_L001,0,0.7219322037672115
CTZ,lineage,SVM,label,4,NNRBG-17-0193-1_S2,0,0.010717980311250166
CTZ,lineage,SVM,label,4,NNRBG-17-0201-1_S6,0,0.03245499995644248
CTZ,lineage,SVM,label,4,NNRBG-17-0287-1_S17,0,0.8748003196429981
CTZ,lineage,SVM,label,4,NNRBG-17-0298-1_S19,0,0.08346144133901096
CTZ,lineage,SVM,label,4,RBB-18-0519-1_S184,1,0.14020545060852335
CTZ,lineage,SVM,label,4,RBB-18-0546-1_S22_L001,1,0.8748669627982681
CTZ,lineage,SVM,label,4,RBB-18-1393-1_S48,1,0.7815755875150323
CTZ,lineage,SVM,label,4,RBF-17-0178-1_S139,0,0.9229644048024197
CTZ,lineage,SVM,label,4,RBF-17-0523-1_S30,0,0.028367292698179808
CTZ,lineage,SVM,label,4,RBF-17-0532-1_S80,0,0.018446994402984734
CTZ,lineage,SVM,label,4,RBF-17-0532-2_S31,0,0.015176650761017896
CTZ,lineage,SVM,label,4,RBF-17-0605-1_S94,0,0.1352202829707374
CTZ,lineage,SVM,label,4,RBF-17-0614-3_S95,0,0.01660154401591651
CTZ,lineage,SVM,label,4,RBF-17-0616-1_S96,0,0.10625671784236132
CTZ,lineage,SVM,label,4,RBF-17-0653-1_S101,0,0.004945636269780809
CTZ,lineage,SVM,label,4,RBF-17-277-1_S73,1,0.00513262952122815
CTZ,lineage,SVM,label,4,RBF-18-0069-1_S78,1,0.9884393059072095
CTZ,lineage,SVM,label,4,RBF-18-0088-1_S24,0,0.004680196413295766
CTZ,lineage,SVM,label,4,RBF-18-0123-1_S25_L001,0,0.001932734511015976
CTZ,lineage,SVM,label,4,RBF-18-0132-1_S26,0,0.0889334051771903
CTZ,lineage,SVM,label,4,RBF-18-0135-1_S34,0,0.02358399618491709
CTZ,lineage,SVM,label,4,RBF-18-0160-1_S37,0,0.07602238620641784
CTZ,lineage,SVM,label,4,RBF-18-0163-2_S39,0,0.07566070665496176
CTZ,lineage,SVM,label,4,RBF-18-0179-1_S29,0,0.48045601875684874
CTZ,lineage,SVM,label,4,RBF-18-0200-1_S48,0,0.02244592534745026
CTZ,lineage,SVM,label,4,RBF-18-0208-2_S11_L001,0,0.012863876191497136
CTZ,lineage,SVM,label,4,RBF-18-0259-1_S33,0,0.012350014045081837
CTZ,lineage,SVM,label,4,RBF-18-0280-1_S62,0,0.013153586063566279
CTZ,lineage,SVM,label,4,RBg-17-123-2_S12,0,0.10465247711857192
CTZ,lineage,SVM,label,4,RBG-18-0017-1_S5,0,0.0003831849973007356
CTZ,lineage,SVM,label,4,RBG-18-0140-1_S14_L001,0,0.01552039927594349
CTZ,lineage,SVM,label,4,RBG-18-0170-1_S41,0,0.1420277369139477
CTZ,lineage,SVM,label,4,RBG-18-0204-1_S23_L001,0,0.06349740395642935
CTZ,lineage,SVM,label,4,RBG-18-0223-1_S2,0,0.03256019245764503
CTZ,lineage,SVM,label,4,RBG-18-0239-1_S4,0,0.0036703038631281646
CTZ,lineage,SVM,label,4,RBG-18-0355-1_S19_L001,0,0.007676417271846009
CTZ,lineage,SVM,label,4,RBG-18-0367-1_S57,0,0.14525055098820516
CTZ,lineage,SVM,label,4,RBK-16-007-1_S13,1,0.0011518284342929314
CTZ,lineage,SVM,label,4,RBK-17-049-1_S62,1,0.5293922534276494
CTZ,lineage,SVM,label,4,RBK-18-0047-1_S20,0,0.02153977246530445
CTZ,lineage,SVM,label,4,RBK-18-0104-1_S206,0,0.025756140328553053
CTZ,lineage,SVM,label,4,RBL-17-0076-1_S32,0,0.7271200105890878
CTZ,lineage,SVM,label,4,RBL-17-0101-1_S148,0,0.07406326413887956
CTZ,lineage,SVM,label,4,RBL-17-0165-1_S167,0,0.0010880117744656356
CTZ,lineage,SVM,label,4,RBL-17-0172-1_S170,0,0.4900142612280681
CTZ,lineage,SVM,label,4,RBL-17-0324-1_S54,1,0.14914035327155623
CTZ,lineage,SVM,label,4,RBL-17-0366-1_S113,0,0.0029549357163939755
CTZ,lineage,SVM,label,4,RBL-17-075-1_S18,1,0.1937678736885114
CTZ,lineage,SVM,label,4,RBL-18-0002-1_S158,0,9.792876468518678e-05
CTZ,lineage,SVM,label,4,RBL-18-0021-1_S42,0,0.26093479243508183
CTZ,lineage,SVM,label,4,RBL-18-0022-1_S43,0,0.18815803905614145
CTZ,lineage,SVM,label,4,RBL-18-0131-1_S188_2,1,0.6140040219068922
CTZ,lineage,SVM,label,4,RBT-17-0022-1_S24,0,0.014579070195905776
CTZ,lineage,SVM,label,4,RBT-17-0100-1_S36,0,0.0005396159623245165
CTZ,lineage,SVM,label,4,RBT-17-0107-1_S39,0,0.014308745828701501
CTZ,lineage,SVM,label,4,RBT-17-0112-1_S41,0,0.05730781161671733
CTZ,lineage,SVM,label,4,RBT-17-0133-1_S6,0,0.861982925297768
CTZ,lineage,SVM,label,4,RBT-17-0161-1_S57,0,0.03227858003212458
CTZ,lineage,SVM,label,4,RBT-17-0174-1_S64,0,0.23949896306446525
CTZ,lineage,SVM,label,4,RBT-17-0238-1_S59,0,0.027808448621951812
CTZ,lineage,SVM,label,4,RBT-17-0239-1_S60,0,0.06401954850542783
CTZ,lineage,SVM,label,4,RBT-17-0256-1_S25,0,0.0962931950771358
CTZ,lineage,SVM,label,4,RBT-17-0291-1_S14,0,0.026606064460728728
CTZ,lineage,SVM,label,4,RBT-17-0295-1_S15,0,0.025809535131813152
CTZ,lineage,SVM,label,4,RBT-18-0004-1_S51,1,0.8409304014136968
CTZ,lineage,SVM,label,4,RBT-18-0017-1_S67,0,0.011406696401647931
CTZ,lineage,SVM,label,4,RBT-18-0027-1_S68,0,0.09769605027469455
CTZ,lineage,SVM,label,4,RBT-18-0042-1_S60,0,0.0898130166039149
CTZ,lineage,SVM,label,4,RBT-18-0056-1_S37,0,0.02093645083982062
CTZ,lineage,SVM,label,4,RBT-18-0079-1_S16,0,0.3206069378105154
CTZ,lineage,SVM,label,4,RBT-18-0102-1_S23,0,0.05624597034202
CTZ,lineage,SVM,label,4,RBT-18-0115-1_S45,0,0.1310221349366874
CTZ,lineage,SVM,label,4,RBT-18-0133-1_S30,0,0.5142901274781814
CTZ,lineage,SVM,label,4,RBT-18-0141-1_S32,0,0.021247630443235337
CTZ,lineage,SVM,label,4,RBT-18-0164-1_S34,0,0.0018565189750644117
CTZ,lineage,SVM,label,4,RBT-18-0181-1_S61,1,0.1639696726688901
CTZ,lineage,SVM,label,4,RBT-18-0184-1_S38,1,0.0006522562535538257
CTZ,lineage,SVM,label,4,RBT-18-0236-1_S48,1,0.0005503775386095697
CTZ,lineage,SVM,label,4,RBT-18-0247-1_S16,1,0.8732932486122789
CTZ,lineage,SVM,label,4,RBT-18-0263-1_S58,0,0.06379119317567168
CTZ,lineage,SVM,label,4,RBT-18-0275-1_S63,0,0.024907685228398615
CTZ,lineage,SVM,label,4,RBT-18-0283-1_S65,0,0.18268159675913997
CTZ,lineage,SVM,label,4,RBT-18-0292-1_S70,0,0.15131773676205112
CTZ,lineage,SVM,label,4,RBT-18-0325-1_S44,0,0.46474006307066956
CTZ,lineage,SVM,label,4,RBT-18-0331-1_S22,0,0.43540773047721676
CTZ,lineage,SVM,label,4,RBT-18-0334-1_S23,0,0.043987878168323453
CTZ,lineage,SVM,label,4,RBT-18-0338-1_S35,0,0.02828725600025032
CTZ,lineage,SVM,label,4,RBT-18-0340-1_S36,0,0.11637215340174369
CTZ,lineage,SVM,label,4,RBT-18-0357-1_S27,0,0.011838481882172684
CTZ,lineage,SVM,label,4,RBT-18-0358-1_S28,0,0.09754593681093904
CTZ,lineage,SVM,label,4,RBT-18-0368-1_S32,1,0.41071260054217357
CTZ,lineage,SVM,label,4,RBT-18-0377-1_S1,0,0.03227106495720709
CTZ,lineage,SVM,label,4,RBT-18-0384-1_S40,0,0.02426364250557387
CTZ,lineage,SVM,label,4,RBT-18-0385-1_S34,0,0.006336500701497041
CTZ,lineage,SVM,label,4,ResetH139_S3_L001,0,0.029582396418520427
CTZ,lineage,SVM,label,4,ResetH30_S4_L001,0,0.058987882743354404
CTZ,lineage,SVM,label,4,ResetH89_S3_L001,1,0.5264292537096601
CTZ,lineage,SVM,label,4,ResetH92_S4_L001,1,0.9753755976817082
CTZ,lineage,SVM,label,4,ResetV161_S3_L001,1,0.9998289977761509
CTZ,lineage,SVM,label,4,ResetV210_S4_L001,1,0.9922147231557872
CTZ,lineage,SVM,label,4,RPG-18-0435-1_S32,0,0.037551724450258166
CTZ,lineage,SVM,label,4,Survcare058_S26,1,0.4501977140358845
CTZ,lineage,SVM,label,4,Survcare184_S19,1,0.0180793491990527
CTZ,lineage,SVM,label,4,Survcare253_S35,1,0.9916939595256844
CTZ,lineage,SVM,label,4,Survcare262_S23_L001,1,0.14183404984598025
CTZ,lineage,SVM,label,4,Survcare275_S38,1,0.04912348793180501
CTZ,lineage,SVM,label,4,Survcare291_S38,1,0.04016529781727392
CTZ,lineage,SVM,label,4,Survcare310_S21_L001,1,0.9469659763190331
CTZ,lineage,SVM,label,4,Survcare321_S18,1,0.6340296698246409
CTZ,lineage,SVM,label,4,Survcare337_S12,1,0.2368904951584939
CTZ,lineage,SVM,label,4,V1_S6_L001,0,0.35259991005648855
CTZ,lineage,SVM,label,4,V108_S2_L001,0,0.03213205964043191
CTZ,lineage,SVM,label,4,V130_S5_L001,1,0.9982517782714586
CTZ,lineage,SVM,label,4,V131_S7_L001,1,0.029343545313415542
CTZ,lineage,SVM,label,4,V139_S7_L001,0,0.9878360172958729
CTZ,lineage,SVM,label,4,V152_S3_L001,0,0.4942533865240233
CTZ,lineage,SVM,label,4,V158_S4_L001,1,0.10335944036750068
CTZ,lineage,SVM,label,4,V163_S6_L001,0,0.21150285380566533
CTZ,lineage,SVM,label,4,V182_S6_L001,1,0.9438858239759682
CTZ,lineage,SVM,label,4,V232_S3_L001,0,0.046201519765233415
CTZ,lineage,SVM,label,4,V268_S12_L001,1,0.9981258365879865
CTZ,lineage,SVM,label,4,V271_S13_L001,1,0.9922087012565975
CTZ,lineage,SVM,label,4,W2RBF-17-133-1_S28,1,0.8416356582385348
CTZ,lineage,SVM,label,4,wdh-RBB-16-025-1_S20,0,0.00044739472835844365
CTZ,lineage,SVM,label,4,wdhRBF-17-0564-1_S230,0,0.3216873111948242
CTZ,lineage,SVM,label,4,wdhRBF-18-0049-1_S13_L001,0,0.00012589395948458046
CTZ,lineage,SVM,label,4,wdhRBF-18-0080-1_S17_L001,0,0.8865309964710762
CTZ,lineage,SVM,label,4,WDHRBG-16-049-1_S87,0,0.7370637278758548
CTZ,lineage,SVM,label,4,WDHRBG-17-001-1_S82,0,0.000831628419280766
CTZ,lineage,SVM,label,4,WDHRBG-17-005-2_S61,0,0.43219239373448465
CTZ,lineage,SVM,label,4,WDHRBG-17-008-1_S83,0,0.21637360209757414
CTZ,lineage,SVM,label,4,WDHRBG-17-0256-1_S17,0,0.08003645940765254
CTZ,lineage,SVM,label,4,WDHRBG-17-122-1_S48,0,0.48725484909369843
CTZ,lineage,SVM,label,4,wRBG-16-024-1_S152,0,0.33679990740262844
CTZ,lineage,SVM,label,4,wRBG-16-027-1_S174,0,0.007296015293314225
CTZ,lineage,SVM,label,4,wRBG-17-030-1_S165,0,0.0015886306609882988
CTZ,lineage,SVM,label,4,wRBG-17-047-1_S153,0,0.017710584112012463
CTZ,lineage,SVM,label,4,wRBG-17-073-1_S118,0,0.0063745293950235845
CTZ,lineage,SVM,label,4,wwRBF-17-148-1_S27,0,0.07711198188259466
CTZ,lineage,SVM,label,4,wwRBF-17-251-1_S33,1,0.12287628625050957
CTZ,lineage,SVM,label,4,wwRBK-17-0278-1_S41,1,0.949573734874962
CTZ,lineage,SVM,label,4,wwRBK-17-0298-1_S42,1,0.1081614337647302
CTZ,lineage,SVM,label,4,wwRBL-16-111-1_S16,1,0.8977982594026537
CTZ,lineage,RF,label,0,H109_S2_L001,0,0.44
CTZ,lineage,RF,label,0,H119_S7_L001,1,0.642
CTZ,lineage,RF,label,0,H38_S4_L001,1,0.602
CTZ,lineage,RF,label,0,NNRBG-17-0196-1_S3,0,0.047764705882352945
CTZ,lineage,RF,label,0,NNRBG-17-0199-1_S5,0,0.047764705882352945
CTZ,lineage,RF,label,0,NNRBG-17-0205-1_S7,0,0.294
CTZ,lineage,RF,label,0,NNRBG-17-0294-1_S18,0,0.158
CTZ,lineage,RF,label,0,NNRBG-17-0319-1_S24,0,0.0819253896430367
CTZ,lineage,RF,label,0,NNRBG-17-0328-1_S25,0,0.08377154348919055
CTZ,lineage,RF,label,0,NNRBG-17-0329-1_S26,0,0.059833333333333336
CTZ,lineage,RF,label,0,NNRBG-17-0399-1_S40,0,0.08054141528406233
CTZ,lineage,RF,label,0,RBB-18-0892-1_S80_2,1,0.916
CTZ,lineage,RF,label,0,RBB-18-0972-1_S203_2,1,0.63
CTZ,lineage,RF,label,0,RBB-18-1212-1_S67_2,1,0.916
CTZ,lineage,RF,label,0,RBB-18-1488-1_S46,1,0.10092735042735043
CTZ,lineage,RF,label,0,RBB-18-1502-1_S47,1,0.424
CTZ,lineage,RF,label,0,RBF-10-0240-1_S12_L001,0,0.07674679487179488
CTZ,lineage,RF,label,0,RBF-16-0064-1_S136,0,0.066
CTZ,lineage,RF,label,0,RBF-17-0164-1_S137,0,0.3522015744489429
CTZ,lineage,RF,label,0,RBF-17-0173-1_S138,0,0.07726470588235294
CTZ,lineage,RF,label,0,RBF-17-0194-1_S140,0,0.0859253896430367
CTZ,lineage,RF,label,0,RBF-17-0550-1_S84,0,0.416
CTZ,lineage,RF,label,0,RBF-17-0589-1_S92,0,0.3472964462438146
CTZ,lineage,RF,label,0,RBF-17-0602-1_S93,0,0.06477670940170942
CTZ,lineage,RF,label,0,RBF-17-0635-1_S98,0,0.34
CTZ,lineage,RF,label,0,RBF-17-0647-1_S99,0,0.07630235042735044
CTZ,lineage,RF,label,0,RBF-17-0651-1_S62,0,0.29
CTZ,lineage,RF,label,0,RBF-17-266-1_S70,1,0.442
CTZ,lineage,RF,label,0,RBF-18-0036-1_S7,0,0.082
CTZ,lineage,RF,label,0,RBF-18-0085-1_S21,0,0.042
CTZ,lineage,RF,label,0,RBF-18-0086-1_S22,0,0.056
CTZ,lineage,RF,label,0,RBF-18-0127-1_S32,0,0.11
CTZ,lineage,RF,label,0,RBF-18-0214-1_S51,0,0.08023308195072902
CTZ,lineage,RF,label,0,RBF-18-0217-1_S54,0,0.34
CTZ,lineage,RF,label,0,RBF-18-0338-1_S72,0,0.052
CTZ,lineage,RF,label,0,RBG-17-0284-1_S59,0,0.126
CTZ,lineage,RF,label,0,RBG-18-0025-1_S9_L001,0,0.05
CTZ,lineage,RF,label,0,RBG-18-0029-1_S40,0,0.052357654600301666
CTZ,lineage,RF,label,0,RBG-18-0077-1_S9,1,0.428
CTZ,lineage,RF,label,0,RBG-18-0185-1_S40,0,0.08377154348919055
CTZ,lineage,RF,label,0,RBG-18-0191-1_S11_L001,0,0.06841321015585722
CTZ,lineage,RF,label,0,RBG-18-0194-1_S45,0,0.144
CTZ,lineage,RF,label,0,RBG-18-0256-1_S8_L001,1,0.10783930905695613
CTZ,lineage,RF,label,0,RBG-18-0265-1_S49,0,0.10783930905695613
CTZ,lineage,RF,label,0,RBG-18-0276-1_S50,0,0.586
CTZ,lineage,RF,label,0,RBG-18-0301-1_S53,0,0.06591321015585722
CTZ,lineage,RF,label,0,RBG-18-0394-1_S23_L001,0,0.06591321015585722
CTZ,lineage,RF,label,0,RBK-16-124-1_S16,1,0.188
CTZ,lineage,RF,label,0,RBK-18-0019-1_S195,0,0.06251150075414781
CTZ,lineage,RF,label,0,RBK-18-0037-1_S199,0,0.216
CTZ,lineage,RF,label,0,RBK-18-0038-1_S200,0,0.07
CTZ,lineage,RF,label,0,RBK-18-0414-1_S59,0,0.326
CTZ,lineage,RF,label,0,RBL-17-0090-1_S145,0,0.05985714285714285
CTZ,lineage,RF,label,0,RBL-17-0104-1_S149,0,0.112
CTZ,lineage,RF,label,0,RBL-17-0117-1_S155,0,0.051303167420814484
CTZ,lineage,RF,label,0,RBL-17-0129-1_S158,0,0.08306705630970337
CTZ,lineage,RF,label,0,RBL-17-0133-1_S159,0,0.08246837606837606
CTZ,lineage,RF,label,0,RBL-17-0135-1_S160,0,0.08326470588235294
CTZ,lineage,RF,label,0,RBL-17-0138-1_S162,0,0.104
CTZ,lineage,RF,label,0,RBL-17-0144-1_S163,0,0.294
CTZ,lineage,RF,label,0,RBL-17-0155-1_S165,0,0.632
CTZ,lineage,RF,label,0,RBL-17-0197-1_S173,0,0.108
CTZ,lineage,RF,label,0,RBL-17-0217-1_S176,0,0.238
CTZ,lineage,RF,label,0,RBL-17-0235-1_S92,0,0.108
CTZ,lineage,RF,label,0,RBL-17-0267-1_S104,0,0.21
CTZ,lineage,RF,label,0,RBL-17-0300-1_S112,0,0.086
CTZ,lineage,RF,label,0,RBL-17-0306-1_S50,1,0.446
CTZ,lineage,RF,label,0,RBL-17-0393-1_S123,0,0.06391321015585721
CTZ,lineage,RF,label,0,RBL-17-0409-1_S127,0,0.0686952614379085
CTZ,lineage,RF,label,0,RBL-17-0429-1_S130,0,0.06806705630970336
CTZ,lineage,RF,label,0,RBL-18-0019-1_S41,0,0.05
CTZ,lineage,RF,label,0,RBL-18-0032-1_S167,0,0.148
CTZ,lineage,RF,label,0,RBL-18-0055-1_S170,0,0.304
CTZ,lineage,RF,label,0,RBT-17-0003-1_S16,0,0.068
CTZ,lineage,RF,label,0,RBT-17-0011-1_S19,0,0.0835
CTZ,lineage,RF,label,0,RBT-17-0019-1_S62,1,0.912
CTZ,lineage,RF,label,0,RBT-17-0024-1_S23,0,0.102
CTZ,lineage,RF,label,0,RBT-17-0033-1_S12,1,0.302
CTZ,lineage,RF,label,0,RBT-17-0082-1_S30,0,0.10183333333333335
CTZ,lineage,RF,label,0,RBT-17-0090-1_S32,0,0.05
CTZ,lineage,RF,label,0,RBT-17-0097-1_S34,1,0.702
CTZ,lineage,RF,label,0,RBT-17-0109-1_S40,0,0.076
CTZ,lineage,RF,label,0,RBT-17-0118-1_S45,0,0.198
CTZ,lineage,RF,label,0,RBT-17-0142-1_S53,0,0.06
CTZ,lineage,RF,label,0,RBT-17-0150-1_S54,0,0.0615
CTZ,lineage,RF,label,0,RBT-17-0177-1_S65,0,0.252
CTZ,lineage,RF,label,0,RBT-17-0177-2_S7,0,0.246
CTZ,lineage,RF,label,0,RBT-17-0188-1_S68,1,0.362
CTZ,lineage,RF,label,0,RBT-17-0243-1_S11,0,0.08377154348919055
CTZ,lineage,RF,label,0,RBT-17-0337-1_S19,0,0.06926470588235294
CTZ,lineage,RF,label,0,RBT-18-0030-1_S69,0,0.066
CTZ,lineage,RF,label,0,RBT-18-0046-1_S2,0,0.356
CTZ,lineage,RF,label,0,RBT-18-0057-1_S38,0,0.188
CTZ,lineage,RF,label,0,RBT-18-0064-1_S15,0,0.228
CTZ,lineage,RF,label,0,RBT-18-0066-1_S40,0,0.06591321015585722
CTZ,lineage,RF,label,0,RBT-18-0080-1_S49,1,0.216
CTZ,lineage,RF,label,0,RBT-18-0091-1_S42,0,0.175875
CTZ,lineage,RF,label,0,RBT-18-0101-1_S22,0,0.466
CTZ,lineage,RF,label,0,RBT-18-0113-1_S44,0,0.06191321015585721
CTZ,lineage,RF,label,0,RBT-18-0121-1_S28,0,0.054
CTZ,lineage,RF,label,0,RBT-18-0122-1_S63,0,0.054
CTZ,lineage,RF,label,0,RBT-18-0125-1_S50,0,0.106
CTZ,lineage,RF,label,0,RBT-18-0134-1_S29,0,0.06391321015585721
CTZ,lineage,RF,label,0,RBT-18-0230-1_S45,0,0.06252859477124184
CTZ,lineage,RF,label,0,RBT-18-0259-1_S55,0,0.268
CTZ,lineage,RF,label,0,RBT-18-0317-1_S27,0,0.07926470588235295
CTZ,lineage,RF,label,0,RBT-18-0341-1_S24,0,0.332
CTZ,lineage,RF,label,0,RBT-18-0364-1_S29,0,0.534
CTZ,lineage,RF,label,0,RBT-18-0365-1_S30,0,0.256
CTZ,lineage,RF,label,0,ResetH10_S1_L001,0,0.3
CTZ,lineage,RF,label,0,ResetH68_S1_L001,0,0.06191321015585721
CTZ,lineage,RF,label,0,ResetH93_S5_L001,1,0.208
CTZ,lineage,RF,label,0,ResetH98_S4_L001,0,0.068
CTZ,lineage,RF,label,0,ResetV143_S2_L001,0,0.306
CTZ,lineage,RF,label,0,Survcare125_S25,1,0.842
CTZ,lineage,RF,label,0,Survcare130_S2,1,0.08926470588235294
CTZ,lineage,RF,label,0,Survcare234_S3_L001,1,0.07753846153846154
CTZ,lineage,RF,label,0,Survcare244_S9_L001,1,0.516
CTZ,lineage,RF,label,0,Survcare278_S62,1,0.458
CTZ,lineage,RF,label,0,Survcare289_S36,1,0.706
CTZ,lineage,RF,label,0,Survcare293_S40,1,0.706
CTZ,lineage,RF,label,0,Survcare309_S20_L001,1,0.692
CTZ,lineage,RF,label,0,Survcare317_S5_L001,1,0.264
CTZ,lineage,RF,label,0,Survcare318_S20_L001,1,0.762
CTZ,lineage,RF,label,0,Survcare319_S16,1,0.72
CTZ,lineage,RF,label,0,Survcare334_S10,1,0.818
CTZ,lineage,RF,label,0,Survcare335_S11,1,0.824
CTZ,lineage,RF,label,0,Survcare350_S44,1,0.344
CTZ,lineage,RF,label,0,Survcare360_S84,1,0.22
CTZ,lineage,RF,label,0,V153_S4_L001,0,0.34
CTZ,lineage,RF,label,0,V155_S5_L001,0,0.34
CTZ,lineage,RF,label,0,V177_S6_L001,1,0.624
CTZ,lineage,RF,label,0,V195_S1_L001,1,0.1
CTZ,lineage,RF,label,0,V292_S6_L001,1,0.926
CTZ,lineage,RF,label,0,V71_S4_L001,1,0.644
CTZ,lineage,RF,label,0,V73_S5_L001,1,0.24
CTZ,lineage,RF,label,0,V8_S7_L001,0,0.8
CTZ,lineage,RF,label,0,V86_S1_L001,1,0.236
CTZ,lineage,RF,label,0,V96_S2_L001,1,0.234
CTZ,lineage,RF,label,0,W2RBF-17-090-1_S26,1,0.474
CTZ,lineage,RF,label,0,wdhRBF-18-0057_S14_L001,0,0.134
CTZ,lineage,RF,label,0,wNRZ-32446_S79,1,0.292
CTZ,lineage,RF,label,0,wRBG-16-026-1_S163,0,0.05184615384615385
CTZ,lineage,RF,label,0,wRBG-16-032-1_S142,0,0.06206705630970337
CTZ,lineage,RF,label,0,wRBG-17-021-1_S166,0,0.06326470588235295
CTZ,lineage,RF,label,0,wRBG-17-025-1_S133,0,0.106
CTZ,lineage,RF,label,0,wRBG-17-058-1_S130,0,0.06576470588235295
CTZ,lineage,RF,label,0,wRBG-17-072-1_S129,0,0.066
CTZ,lineage,RF,label,0,wRBG-17-081-1_S117,0,0.136
CTZ,lineage,RF,label,0,wRBG-17-102-1_S169,0,0.436
CTZ,lineage,RF,label,1,H100_S2_L001,0,0.11
CTZ,lineage,RF,label,1,H105_S3_L001,0,0.362
CTZ,lineage,RF,label,1,H136_S7_L001,0,0.416
CTZ,lineage,RF,label,1,H148_S4_L001,1,0.376
CTZ,lineage,RF,label,1,H28_S10_L001,0,0.228
CTZ,lineage,RF,label,1,H3_S1_L001,1,0.362
CTZ,lineage,RF,label,1,H51_S5_L001,0,0.364
CTZ,lineage,RF,label,1,H53_S4_L001,1,0.362
CTZ,lineage,RF,label,1,H71_S1_L001,1,0.376
CTZ,lineage,RF,label,1,H86_S1_L001,0,0.318
CTZ,lineage,RF,label,1,NNRBG-17-0191-1_S1,0,0.238
CTZ,lineage,RF,label,1,NNRBG-17-0198-1_S4,0,0.092
CTZ,lineage,RF,label,1,NNRBG-17-0242-1_S11,0,0.234
CTZ,lineage,RF,label,1,NNRBG-17-0249-1_S13,0,0.25
CTZ,lineage,RF,label,1,NNRBG-17-0255-1_S14,0,0.204
CTZ,lineage,RF,label,1,NNRBG-17-0378-1_S37,0,0.366
CTZ,lineage,RF,label,1,RBB-17-011-1_S40,1,0.362
CTZ,lineage,RF,label,1,RBB-17-171-1_S52,1,0.446
CTZ,lineage,RF,label,1,RBB-18-0537-1_S21_L001,1,0.384
CTZ,lineage,RF,label,1,RBB-18-0668-1_S188,1,0.37
CTZ,lineage,RF,label,1,RBB-18-1309-1_S42,1,0.382
CTZ,lineage,RF,label,1,RBB-18-1460-1_S45,1,0.36
CTZ,lineage,RF,label,1,RBF-16-004-1_S18,0,0.41
CTZ,lineage,RF,label,1,RBF-16-060-1_S22,1,0.366
CTZ,lineage,RF,label,1,RBF-17-0195-1_S141,0,0.44
CTZ,lineage,RF,label,1,RBF-17-0340-1_S81,1,0.544
CTZ,lineage,RF,label,1,RBF-17-0438-1_S9,1,0.362
CTZ,lineage,RF,label,1,RBF-17-0467-1_S12,1,0.362
CTZ,lineage,RF,label,1,RBF-17-0489-1_S13,1,0.364
CTZ,lineage,RF,label,1,RBF-17-0509-1_S74,0,0.276
CTZ,lineage,RF,label,1,RBF-17-0513-1_S76,0,0.858
CTZ,lineage,RF,label,1,RBF-17-0521-1_S78,0,0.362
CTZ,lineage,RF,label,1,RBF-17-0537-1_S56,1,0.362
CTZ,lineage,RF,label,1,RBF-17-0553-1_S85,0,0.38
CTZ,lineage,RF,label,1,RBF-17-0572-2_S89,0,0.704
CTZ,lineage,RF,label,1,RBF-17-067-1_S54,1,0.362
CTZ,lineage,RF,label,1,RBF-17-094-1_S56,1,0.368
CTZ,lineage,RF,label,1,RBF-17-170-1_S66,1,0.396
CTZ,lineage,RF,label,1,RBF-17-186-1_S69,1,0.362
CTZ,lineage,RF,label,1,RBF-17-318-1_S77,1,0.414
CTZ,lineage,RF,label,1,RBF-18-0019-1_S2,0,0.366
CTZ,lineage,RF,label,1,RBF-18-0066-1_S15,0,0.442
CTZ,lineage,RF,label,1,RBF-18-0068-1_S77,1,0.526
CTZ,lineage,RF,label,1,RBF-18-0075-1_S79,1,0.386
CTZ,lineage,RF,label,1,RBF-18-0121-1_S28,0,0.412
CTZ,lineage,RF,label,1,RBF-18-0139-1_S35,0,0.43
CTZ,lineage,RF,label,1,RBF-18-0147-1_S36,0,0.284
CTZ,lineage,RF,label,1,RBF-18-0172-1_S40,0,0.416
CTZ,lineage,RF,label,1,RBF-18-0173-1_S27,0,0.258
CTZ,lineage,RF,label,1,RBF-18-0174-1_S28,0,0.388
CTZ,lineage,RF,label,1,RBF-18-0187-1_S31,1,0.362
CTZ,lineage,RF,label,1,RBF-18-0194-1_S86,1,0.418
CTZ,lineage,RF,label,1,RBF-18-0196-1_S46,0,0.386
CTZ,lineage,RF,label,1,RBF-18-0199-1_S47,0,0.368
CTZ,lineage,RF,label,1,RBF-18-0227-1_S53,0,0.308
CTZ,lineage,RF,label,1,RBF-18-0252-1_S56,0,0.448
CTZ,lineage,RF,label,1,RBF-18-0277-1_S61,0,0.376
CTZ,lineage,RF,label,1,RBF-18-0282-1_S63,0,0.588
CTZ,lineage,RF,label,1,RBF-18-0321-1_S69,0,0.236
CTZ,lineage,RF,label,1,RBF-18-0333-1_S70,0,0.22
CTZ,lineage,RF,label,1,RBF-18-0585-1_S48,1,0.386
CTZ,lineage,RF,label,1,RBF-18-0714-2_S204_2,1,0.384
CTZ,lineage,RF,label,1,RBG-17-0351-1_S20_L001,1,0.406
CTZ,lineage,RF,label,1,RBG-17-0383-1_S44,0,0.262
CTZ,lineage,RF,label,1,RBG-18-0004-1_S1,1,0.362
CTZ,lineage,RF,label,1,RBG-18-0072-1_S8,0,0.246
CTZ,lineage,RF,label,1,RBG-18-0099-1_S14,1,0.362
CTZ,lineage,RF,label,1,RBG-18-0113-1_S13_L001,0,0.106
CTZ,lineage,RF,label,1,RBG-18-0129-1_S15_L001,1,0.366
CTZ,lineage,RF,label,1,RBG-18-0153-1_S14,0,0.394
CTZ,lineage,RF,label,1,RBG-18-0177-1_S17_L001,1,0.374
CTZ,lineage,RF,label,1,RBG-18-0200-1_S18_L001,1,0.36
CTZ,lineage,RF,label,1,RBG-18-0224-1_S24_L001,1,0.37
CTZ,lineage,RF,label,1,RBG-18-0279-1_S36,1,0.362
CTZ,lineage,RF,label,1,RBG-18-0289-1_S37,1,0.32
CTZ,lineage,RF,label,1,RBG-18-0347-1_S22_L001,0,0.554
CTZ,lineage,RF,label,1,RBG-18-0380-1_S48,0,0.362
CTZ,lineage,RF,label,1,RBG-18-0388-1_S21_L001,1,0.39
CTZ,lineage,RF,label,1,RBG-18-0391-1_S22_L001,1,0.55
CTZ,lineage,RF,label,1,RBG-18-0410-1_S12,1,0.388
CTZ,lineage,RF,label,1,RBG-18-0421-1_S53,1,0.388
CTZ,lineage,RF,label,1,RBG-18-0437-1_S54,0,0.466
CTZ,lineage,RF,label,1,RBK-17-0457-1_S6,1,0.392
CTZ,lineage,RF,label,1,RBK-17-0492-1_S8,1,0.368
CTZ,lineage,RF,label,1,RBK-17-0588-1_S24,1,0.388
CTZ,lineage,RF,label,1,RBK-17-0601-1_S25,1,0.362
CTZ,lineage,RF,label,1,RBK-17-0612-1_S27,1,0.366
CTZ,lineage,RF,label,1,RBK-17-0655-5_S182,1,0.366
CTZ,lineage,RF,label,1,RBK-18-0022-1_S197,0,0.432
CTZ,lineage,RF,label,1,RBK-18-0060-1_S22,0,0.572
CTZ,lineage,RF,label,1,RBK-18-0077-1_S212,1,0.366
CTZ,lineage,RF,label,1,RBK-18-0080-1_S205,0,0.136
CTZ,lineage,RF,label,1,RBK-18-0236-2_S52_2,1,0.332
CTZ,lineage,RF,label,1,RBKk-18-0108-1_S201,1,0.366
CTZ,lineage,RF,label,1,RBL-17-0093-1_S146,0,0.316
CTZ,lineage,RF,label,1,RBL-17-0107-1_S150,0,0.326
CTZ,lineage,RF,label,1,RBL-17-0113-1_S153,0,0.368
CTZ,lineage,RF,label,1,RBL-17-0118-1_S156,0,0.16
CTZ,lineage,RF,label,1,RBL-17-0123-1_S157,0,0.082
CTZ,lineage,RF,label,1,RBL-17-0159-1_S166,0,0.188
CTZ,lineage,RF,label,1,RBL-17-0189-1_S172,0,0.148
CTZ,lineage,RF,label,1,RBL-17-0199-1_S174,0,0.36
CTZ,lineage,RF,label,1,RBL-17-0226-1_S41,1,0.362
CTZ,lineage,RF,label,1,RBL-17-0242-1_S42,1,0.366
CTZ,lineage,RF,label,1,RBL-17-0244-1_S44,1,0.362
CTZ,lineage,RF,label,1,RBL-17-0264-1_S103,0,0.39
CTZ,lineage,RF,label,1,RBL-17-0305-1_S49,1,0.416
CTZ,lineage,RF,label,1,RBL-17-0307-1_S51,1,0.362
CTZ,lineage,RF,label,1,RBL-17-0323-1_S115,0,0.284
CTZ,lineage,RF,label,1,RBL-17-0332-1_S118,0,0.434
CTZ,lineage,RF,label,1,RBL-17-0350-1_S106,0,0.512
CTZ,lineage,RF,label,1,RBL-17-0359-1_S66,1,0.406
CTZ,lineage,RF,label,1,RBL-17-0360-1_S108,0,0.304
CTZ,lineage,RF,label,1,RBL-17-0365-1_S112,0,0.108
CTZ,lineage,RF,label,1,RBL-17-0392-1_S69,1,0.416
CTZ,lineage,RF,label,1,RBL-17-0411-1_S128,0,0.382
CTZ,lineage,RF,label,1,RBL-17-0432-1_S132,0,0.744
CTZ,lineage,RF,label,1,RBL-17-060-1_S17,1,0.376
CTZ,lineage,RF,label,1,RBL-18-0010-1_S159,0,0.474
CTZ,lineage,RF,label,1,RBL-18-0048-1_S44,0,0.414
CTZ,lineage,RF,label,1,RBL-18-0059-1_S171,0,0.408
CTZ,lineage,RF,label,1,RBL-18-0076-1_S47,1,0.384
CTZ,lineage,RF,label,1,RBL-18-0090-1_S48,1,0.372
CTZ,lineage,RF,label,1,RBL-18-0093-1_S49,0,0.374
CTZ,lineage,RF,label,1,RBL-18-0098-1_S178,0,0.36
CTZ,lineage,RF,label,1,RBL-18-0194-1_S195_2,1,0.372
CTZ,lineage,RF,label,1,RBL-18-0343-1_S6,1,0.318
CTZ,lineage,RF,label,1,RBL-18-0467-1_S228_2,1,0.426
CTZ,lineage,RF,label,1,RBL-18-0500-1_S230_2,1,0.408
CTZ,lineage,RF,label,1,RBT-16-0024-1_S10,1,0.396
CTZ,lineage,RF,label,1,RBT-16-0038-1_S11,1,0.394
CTZ,lineage,RF,label,1,RBT-17-0009-1_S21,0,0.27
CTZ,lineage,RF,label,1,RBT-17-0039-1_S28,1,0.318
CTZ,lineage,RF,label,1,RBT-17-0102-1_S37,0,0.364
CTZ,lineage,RF,label,1,RBT-17-0183-1_S67,0,0.208
CTZ,lineage,RF,label,1,RBT-17-0217-1_S7,0,0.766
CTZ,lineage,RF,label,1,RBT-17-0219-1_S8,0,0.46
CTZ,lineage,RF,label,1,RBT-17-0232-1_S58,0,0.73
CTZ,lineage,RF,label,1,RBT-17-0249-1_S61,1,0.362
CTZ,lineage,RF,label,1,RBT-17-0328-1_S16,1,0.378
CTZ,lineage,RF,label,1,RBT-17-0339-1_S20,0,0.384
CTZ,lineage,RF,label,1,RBT-18-0021-1_S56,1,0.362
CTZ,lineage,RF,label,1,RBT-18-0053-1_S36,1,0.362
CTZ,lineage,RF,label,1,RBT-18-0071-1_S41,0,0.196
CTZ,lineage,RF,label,1,RBT-18-0146-1_S55,0,0.096
CTZ,lineage,RF,label,1,RBT-18-0205-1_S6,1,0.366
CTZ,lineage,RF,label,1,RBT-18-0227-1_S46,1,0.36
CTZ,lineage,RF,label,1,RBT-18-0234-1_S15,1,0.378
CTZ,lineage,RF,label,1,RBT-18-0241-1_S50,0,0.116
CTZ,lineage,RF,label,1,RBT-18-0278-1_S64,0,0.786
CTZ,lineage,RF,label,1,RBT-18-0284-1_S66,1,0.36
CTZ,lineage,RF,label,1,RBT-18-0296-1_S72,1,0.36
CTZ,lineage,RF,label,1,RBT-18-0308-1_S34,0,0.246
CTZ,lineage,RF,label,1,RBT-18-0324-1_S57,1,0.378
CTZ,lineage,RF,label,1,RBT-18-0335-1_S41,0,0.374
CTZ,lineage,RF,label,1,RBT-18-0337-1_S46,0,0.364
CTZ,lineage,RF,label,1,RBT-18-0363-1_S72,1,0.362
CTZ,lineage,RF,label,1,RBT-18-0372-1_S31,1,0.382
CTZ,lineage,RF,label,1,RBT-18-0391-1_S35,1,0.362
CTZ,lineage,RF,label,1,RBT-18-0392-1_S56,1,0.37
CTZ,lineage,RF,label,1,RBT-18-0401-1_S43,0,0.362
CTZ,lineage,RF,label,1,ResetH127_S6_L001,1,0.356
CTZ,lineage,RF,label,1,ResetH129_S7_L001,1,0.372
CTZ,lineage,RF,label,1,ResetH131_S7_L001,1,0.362
CTZ,lineage,RF,label,1,ResetH132_S1_L001,1,0.32
CTZ,lineage,RF,label,1,ResetH49b_S6_L001,0,0.32
CTZ,lineage,RF,label,1,ResetH63_S7_L001,1,0.362
CTZ,lineage,RF,label,1,ResetH75_S2_L001,1,0.37
CTZ,lineage,RF,label,1,ResetV260_S5_L001,1,0.376
CTZ,lineage,RF,label,1,Survcare187_S32,1,0.38
CTZ,lineage,RF,label,1,Survcare236_S5_L001,1,0.28
CTZ,lineage,RF,label,1,Survcare265_S20,1,0.24
CTZ,lineage,RF,label,1,Survcare327_S1,1,0.378
CTZ,lineage,RF,label,1,Survcare341_S25,1,0.42
CTZ,lineage,RF,label,1,V111_S3_L001,0,0.46
CTZ,lineage,RF,label,1,V173_S6_L001,0,0.196
CTZ,lineage,RF,label,1,V282_S4_L001,0,0.438
CTZ,lineage,RF,label,1,V291_S5_L001,1,0.37
CTZ,lineage,RF,label,1,V295_S7_L001,0,0.37
CTZ,lineage,RF,label,1,V79_S6_L001,0,0.438
CTZ,lineage,RF,label,1,V89_S1_L001,0,0.346
CTZ,lineage,RF,label,1,W2RBK-17-168-1_S33,1,0.392
CTZ,lineage,RF,label,1,W2RBK-17-169-1_S34,1,0.496
CTZ,lineage,RF,label,1,W2RBL-16-018-1_S15,1,0.378
CTZ,lineage,RF,label,1,wdh-RBB-17-170-1_S16,1,0.362
CTZ,lineage,RF,label,1,wdh-RBF-17-0572-1_S43,0,0.706
CTZ,lineage,RF,label,1,wdhRBF-10-0002-1_S10_L001,1,0.364
CTZ,lineage,RF,label,1,wdhRBF-17-0567-1_S122,0,0.26
CTZ,lineage,RF,label,1,wdhRBF-18-0025-1_S11_L001,0,0.388
CTZ,lineage,RF,label,1,wdhRBF-18-0048-1_S12_L001,0,0.412
CTZ,lineage,RF,label,1,wdhRBF-18-0059-1_S15_L001,0,0.222
CTZ,lineage,RF,label,1,wdhRBF-18-0081-1_S18_L001,0,0.35
CTZ,lineage,RF,label,1,WDHRBG-17-121-1_S46,0,0.26
CTZ,lineage,RF,label,1,wRBF-17-0146-1_S35,1,0.362
CTZ,lineage,RF,label,1,wRBG-16-033-1_S153,0,0.312
CTZ,lineage,RF,label,1,wRBG-16-034-1_S164,0,0.374
CTZ,lineage,RF,label,1,wRBG-17-028-1_S100,0,0.172
CTZ,lineage,RF,label,1,wRBG-17-031-1_S154,0,0.224
CTZ,lineage,RF,label,1,wRBG-17-055-1_S163,0,0.394
CTZ,lineage,RF,label,1,wRBG-17-057-1_S141,0,0.298
CTZ,lineage,RF,label,1,wRBG-17-106-1_S125,0,0.34
CTZ,lineage,RF,label,1,wwRBB-16-112-1_S1,1,0.376
CTZ,lineage,RF,label,1,wwRBF-16-007-1_S10,1,0.368
CTZ,lineage,RF,label,1,wwRBF-17-167-1_S31,1,0.412
CTZ,lineage,RF,label,1,wwRBF-17-189-1_S32,1,0.386
CTZ,lineage,RF,label,1,wwRBF-17-209-1_S34,0,0.508
CTZ,lineage,RF,label,1,wwRBK-16-023-1_S5,1,0.584
CTZ,lineage,RF,label,1,wwRBK-17-0148-1_S37,1,0.354
CTZ,lineage,RF,label,1,wwRBK-17-0148-2_S38,1,0.362
CTZ,lineage,RF,label,1,wwRBK-17-0197-1_S39,1,0.364
CTZ,lineage,RF,label,1,wwRBK-17-075-1_S28,1,0.358
CTZ,lineage,RF,label,1,wwRBL-17-004-1_S44,1,0.388
CTZ,lineage,RF,label,2,H17_S2_L001,0,0.144
CTZ,lineage,RF,label,2,H37_S3_L001,0,0.144
CTZ,lineage,RF,label,2,NNRBG-17-0308-1_S20,0,0.178
CTZ,lineage,RF,label,2,NNRBG-17-0346-1_S30,0,0.586
CTZ,lineage,RF,label,2,NNRBG-17-0382-1_S38,0,0.466
CTZ,lineage,RF,label,2,NNSurvcare045_S41,1,0.486
CTZ,lineage,RF,label,2,RBB-18-0490-1_S20_L001,1,0.41
CTZ,lineage,RF,label,2,RBB-18-0665-1_S23_L001,1,0.672
CTZ,lineage,RF,label,2,RBB-18-0765-1_S191,1,0.41
CTZ,lineage,RF,label,2,RBB-18-0772-1_S192,1,0.688
CTZ,lineage,RF,label,2,RBB-18-1086-1_S189_2,1,0.428
CTZ,lineage,RF,label,2,RBB-18-1406-1_S49,1,0.172
CTZ,lineage,RF,label,2,RBB-19-0014-1_S44,1,0.202
CTZ,lineage,RF,label,2,RBBK18-0189-1_S24_L001,0,0.304
CTZ,lineage,RF,label,2,RBF-16-073-1_S23,1,0.568
CTZ,lineage,RF,label,2,RBF-17-0424-1_S15,0,0.46
CTZ,lineage,RF,label,2,RBF-17-0450-1_S10,0,0.454
CTZ,lineage,RF,label,2,RBF-17-0508-1_S73,0,0.2
CTZ,lineage,RF,label,2,RBF-17-0538-1_S82,0,0.226
CTZ,lineage,RF,label,2,RBF-17-0540-1_S83,0,0.18
CTZ,lineage,RF,label,2,RBF-17-0630-1_S59,1,0.288
CTZ,lineage,RF,label,2,RBF-17-0648-1_S100,0,0.262
CTZ,lineage,RF,label,2,RBF-18-0027-1_S5,0,0.54
CTZ,lineage,RF,label,2,RBF-18-0035-1_S6,0,0.444
CTZ,lineage,RF,label,2,RBF-18-0055-1_S11,0,0.24
CTZ,lineage,RF,label,2,RBF-18-0087-1_S23,0,0.268
CTZ,lineage,RF,label,2,RBF-18-0093-1_S80,0,0.332
CTZ,lineage,RF,label,2,RBF-18-0125-1_S30,0,0.148
CTZ,lineage,RF,label,2,RBF-18-0126-1_S31,0,0.152
CTZ,lineage,RF,label,2,RBF-18-0151-1_S83,1,0.16
CTZ,lineage,RF,label,2,RBF-18-0184-1_S30,0,0.898
CTZ,lineage,RF,label,2,RBF-18-0251-1_S55,0,0.768
CTZ,lineage,RF,label,2,RBF-18-0339-1_S37,0,0.176
CTZ,lineage,RF,label,2,RBF-18-0664-1_S190,0,0.77
CTZ,lineage,RF,label,2,RBG-17-013-1_S16,1,0.58
CTZ,lineage,RF,label,2,RBG-18-0012-1_S3,0,0.418
CTZ,lineage,RF,label,2,RBG-18-0023-1_S2,0,0.292
CTZ,lineage,RF,label,2,RBG-18-0055-1_S43,0,0.084
CTZ,lineage,RF,label,2,RBG-18-0085-1_S11,0,0.14
CTZ,lineage,RF,label,2,RBG-18-0144-1_S38,0,0.172
CTZ,lineage,RF,label,2,RBG-18-0202-1_S13_L001,0,0.432
CTZ,lineage,RF,label,2,RBG-18-0206-2_S46,0,0.308
CTZ,lineage,RF,label,2,RBG-18-0209-2_S46,0,0.05
CTZ,lineage,RF,label,2,RBG-18-0221-1_S47,0,0.214
CTZ,lineage,RF,label,2,RBG-18-0280-1_S51,0,0.174
CTZ,lineage,RF,label,2,RBG-18-0312-1_S55,0,0.536
CTZ,lineage,RF,label,2,RBG-18-0352-1_S21_L001,0,0.18
CTZ,lineage,RF,label,2,RBG-18-0358-1_S39,1,0.138
CTZ,lineage,RF,label,2,RBG-18-0402-1_S50,1,0.61
CTZ,lineage,RF,label,2,RBG-18-0417-1_S52,0,0.166
CTZ,lineage,RF,label,2,RBK-16-073-1_S14,1,0.786
CTZ,lineage,RF,label,2,RBK-16-079-1_S15,1,0.196
CTZ,lineage,RF,label,2,RBK-17-0595-1_S187,1,0.742
CTZ,lineage,RF,label,2,RBK-18-0005-1_S18,0,0.186
CTZ,lineage,RF,label,2,RBk-18-0216-1_S231_2,0,0.24
CTZ,lineage,RF,label,2,RBK-18-0250-1_S235_2,0,0.248
CTZ,lineage,RF,label,2,RBK-18-0644-1_S180,1,0.14
CTZ,lineage,RF,label,2,RBL-17-0095-1_S147,0,0.166
CTZ,lineage,RF,label,2,RBL-17-0136-1_S161,0,0.056
CTZ,lineage,RF,label,2,RBL-17-0232-1_S91,0,0.2
CTZ,lineage,RF,label,2,RBL-17-0256-1_S98,0,0.236
CTZ,lineage,RF,label,2,RBL-17-0261-1_S100,0,0.3
CTZ,lineage,RF,label,2,RBL-17-0263-1_S102,0,0.19
CTZ,lineage,RF,label,2,RBL-17-0283-1_S27,0,0.178
CTZ,lineage,RF,label,2,RBL-17-0320-1_S114,0,0.62
CTZ,lineage,RF,label,2,RBL-17-0349-1_S105,0,0.22
CTZ,lineage,RF,label,2,RBL-17-0374-1_S116,0,0.188
CTZ,lineage,RF,label,2,RBL-17-0383-1_S119,0,0.214
CTZ,lineage,RF,label,2,RBL-17-0391-1_S122,0,0.428
CTZ,lineage,RF,label,2,RBL-17-0397-1_S125,0,0.188
CTZ,lineage,RF,label,2,RBT-16-0045-1_S58,1,0.684
CTZ,lineage,RF,label,2,RBT-17-0008-1_S18,0,0.262
CTZ,lineage,RF,label,2,RBT-17-0023-1_S25,0,0.566
CTZ,lineage,RF,label,2,RBT-17-0079-1_S29,0,0.17
CTZ,lineage,RF,label,2,RBT-17-0084-1_S31,0,0.162
CTZ,lineage,RF,label,2,RBT-17-0099-1_S35,0,0.536
CTZ,lineage,RF,label,2,RBT-17-0113-1_S42,0,0.242
CTZ,lineage,RF,label,2,RBT-17-0130-1_S27,0,0.114
CTZ,lineage,RF,label,2,RBT-17-0138-1_S52,0,0.558
CTZ,lineage,RF,label,2,RBT-17-0156-1_S56,0,0.174
CTZ,lineage,RF,label,2,RBT-17-0163-1_S59,0,0.17
CTZ,lineage,RF,label,2,RBT-17-0165-1_S60,0,0.2
CTZ,lineage,RF,label,2,RBT-17-0167-1_S27,0,0.134
CTZ,lineage,RF,label,2,RBT-17-0173-1_S63,0,0.116
CTZ,lineage,RF,label,2,RBT-17-0225-1_S9,0,0.18
CTZ,lineage,RF,label,2,RBT-17-0270-1_S65,0,0.164
CTZ,lineage,RF,label,2,RBT-17-0285-1_S66,0,0.686
CTZ,lineage,RF,label,2,RBT-18-0023-1_S14,0,0.182
CTZ,lineage,RF,label,2,RBT-18-0050-1_S34,0,0.222
CTZ,lineage,RF,label,2,RBT-18-0052-1_S35,1,0.192
CTZ,lineage,RF,label,2,RBT-18-0103-1_S24,0,0.244
CTZ,lineage,RF,label,2,RBT-18-0110-1_S27,0,0.534
CTZ,lineage,RF,label,2,RBT-18-0116-1_S46,0,0.146
CTZ,lineage,RF,label,2,RBT-18-0127-1_S51,0,0.162
CTZ,lineage,RF,label,2,RBT-18-0173-1_S35,0,0.234
CTZ,lineage,RF,label,2,RBT-18-0197-1_S40,0,0.088
CTZ,lineage,RF,label,2,RBT-18-0224-1_S43,0,0.162
CTZ,lineage,RF,label,2,RBT-18-0246-1_S52,0,0.168
CTZ,lineage,RF,label,2,RBT-18-0252-1_S53,0,0.864
CTZ,lineage,RF,label,2,RBT-18-0253-1_S54,0,0.54
CTZ,lineage,RF,label,2,RBT-18-0269-1_S61,0,0.19
CTZ,lineage,RF,label,2,RBT-18-0271-1_S62,0,0.174
CTZ,lineage,RF,label,2,RBT-18-0288-1_S68,0,0.144
CTZ,lineage,RF,label,2,RBT-18-0293-1_S71,0,0.162
CTZ,lineage,RF,label,2,RBT-18-0339-1_S47,0,0.104
CTZ,lineage,RF,label,2,RBT-18-0361-1_S38,0,0.23
CTZ,lineage,RF,label,2,RBT-18-0370-1_S33,0,0.15
CTZ,lineage,RF,label,2,ResetH1_S1_L001,0,0.148
CTZ,lineage,RF,label,2,ResetH115_S6_L001,0,0.312
CTZ,lineage,RF,label,2,ResetH16_S2_L001,1,0.604
CTZ,lineage,RF,label,2,ResetH44_S3_L001,0,0.182
CTZ,lineage,RF,label,2,ResetH8_S2_L001,0,0.262
CTZ,lineage,RF,label,2,ResetH99_S5_L001,0,0.244
CTZ,lineage,RF,label,2,ResetV288_S6_L001,0,0.71
CTZ,lineage,RF,label,2,ResetV63_S5_L001,0,0.084
CTZ,lineage,RF,label,2,Survcare0114_S37,1,0.158
CTZ,lineage,RF,label,2,Survcare052_S22,1,0.91
CTZ,lineage,RF,label,2,Survcare104_S16_L001,1,0.262
CTZ,lineage,RF,label,2,Survcare133_S25,1,0.696
CTZ,lineage,RF,label,2,Survcare134_S26,1,0.69
CTZ,lineage,RF,label,2,Survcare140_S4_L001,1,0.692
CTZ,lineage,RF,label,2,Survcare176_S17_L001,1,0.708
CTZ,lineage,RF,label,2,Survcare221_S7_L001,1,0.092
CTZ,lineage,RF,label,2,Survcare303_S15_L001,1,0.706
CTZ,lineage,RF,label,2,Survcare329_S3,1,0.468
CTZ,lineage,RF,label,2,V113_S3_L001,0,0.31
CTZ,lineage,RF,label,2,V114_S5_L001,1,0.654
CTZ,lineage,RF,label,2,V172_S5_L001,0,0.17
CTZ,lineage,RF,label,2,V201_S4_L001,1,0.652
CTZ,lineage,RF,label,2,V215_S2_L001,0,0.32
CTZ,lineage,RF,label,2,V289_S5_L001,0,0.714
CTZ,lineage,RF,label,2,V40_S2_L001,1,0.306
CTZ,lineage,RF,label,2,V64_S3_L001,0,0.088
CTZ,lineage,RF,label,2,V80_S7_L001,1,0.282
CTZ,lineage,RF,label,2,V9_S1_L001,1,0.308
CTZ,lineage,RF,label,2,w2RBG-16-037-1_S34,0,0.472
CTZ,lineage,RF,label,2,wdh-RBL-17-0431-1_S46,0,0.614
CTZ,lineage,RF,label,2,wdhRBF-17-0558-1_S121,0,0.794
CTZ,lineage,RF,label,2,WDHRBG-16-050-1_S40,1,0.506
CTZ,lineage,RF,label,2,wdhRBL-17-0370-1_S232,0,0.584
CTZ,lineage,RF,label,2,wNRZ-33910_S81,1,0.43
CTZ,lineage,RF,label,2,wRBG-17-023-1_S155,0,0.19
CTZ,lineage,RF,label,2,wRBG-17-052-1_S120,0,0.212
CTZ,lineage,RF,label,2,wRBG-17-082-1_S106,0,0.238
CTZ,lineage,RF,label,2,wRBG-17-112-1_S146,0,0.196
CTZ,lineage,RF,label,2,wwRBB-17-031-1_S25,1,0.554
CTZ,lineage,RF,label,2,wwRBF-16-094-1_S13,1,0.234
CTZ,lineage,RF,label,2,WWSurvcare043_S43,1,0.476
CTZ,lineage,RF,label,3,H116_S8_L001,1,0.45
CTZ,lineage,RF,label,3,H122_S4_L001,1,0.572
CTZ,lineage,RF,label,3,H123_S1_L001,0,0.71
CTZ,lineage,RF,label,3,H141_S6_L001,1,0.462
CTZ,lineage,RF,label,3,H153_S1_L001,1,0.204
CTZ,lineage,RF,label,3,H154_S2_L001,1,0.208
CTZ,lineage,RF,label,3,H157_S3_L001,0,0.39
CTZ,lineage,RF,label,3,H160_S3_L001,1,0.212
CTZ,lineage,RF,label,3,H162_S4_L001,0,0.268
CTZ,lineage,RF,label,3,H164_S3_L001,1,0.204
CTZ,lineage,RF,label,3,H176_S5_L001,0,0.47
CTZ,lineage,RF,label,3,H50_S7_L001,0,0.314
CTZ,lineage,RF,label,3,NNRBG-17-0227-1_S8,0,0.048
CTZ,lineage,RF,label,3,NNRBG-17-0234-1_S9,0,0.06983333333333334
CTZ,lineage,RF,label,3,NNRBG-17-0239-1_S10,0,0.09487418721629247
CTZ,lineage,RF,label,3,NNRBG-17-0243-1_S12,0,0.49
CTZ,lineage,RF,label,3,NNRBG-17-0278-1_S16,0,0.494
CTZ,lineage,RF,label,3,NNRBG-17-0316-1_S23,0,0.324
CTZ,lineage,RF,label,3,RBB-18-0129-1_S179,1,0.37
CTZ,lineage,RF,label,3,RBB-18-0674-1_S189,1,0.84
CTZ,lineage,RF,label,3,RBB-18-0826-1_S193,1,0.406
CTZ,lineage,RF,label,3,RBB-18-1312-1_S43,1,0.438
CTZ,lineage,RF,label,3,RBF-17-0520-2_S55,1,0.382
CTZ,lineage,RF,label,3,RBF-17-0587-1_S91,0,0.045566666666666665
CTZ,lineage,RF,label,3,RBF-17-0632-1_S97,0,0.068
CTZ,lineage,RF,label,3,RBF-17-0645-1_S61,0,0.458
CTZ,lineage,RF,label,3,RBF-17-0664-1_S63,0,0.434
CTZ,lineage,RF,label,3,RBF-18-0013-1_S25_L001,0,0.05144166666666666
CTZ,lineage,RF,label,3,RBF-18-0064-2_S14,0,0.09
CTZ,lineage,RF,label,3,RBF-18-0072-1_S16,0,0.052
CTZ,lineage,RF,label,3,RBF-18-0099-1_S26,0,0.0676
CTZ,lineage,RF,label,3,RBF-18-0192-1_S44,0,0.488
CTZ,lineage,RF,label,3,RBF-18-0201-1_S49,0,0.412
CTZ,lineage,RF,label,3,RBF-18-0253-1_S13_L001,0,0.328
CTZ,lineage,RF,label,3,RBF-18-0294-1_S64,0,0.05566666666666667
CTZ,lineage,RF,label,3,RBF-18-0296-1_S17,0,0.0957292624042624
CTZ,lineage,RF,label,3,RBF-18-0310-1_S36,0,0.338
CTZ,lineage,RF,label,3,RBF-18-0405-1_S81_2,1,0.442
CTZ,lineage,RF,label,3,RBF-18-0634-1_S183,0,0.098
CTZ,lineage,RF,label,3,RBG-17-0269-1_S41,0,0.33
CTZ,lineage,RF,label,3,RBG-18-0041-1_S6,0,0.23
CTZ,lineage,RF,label,3,RBG-18-0054-1_S42,0,0.238
CTZ,lineage,RF,label,3,RBG-18-0071-1_S44,0,0.23
CTZ,lineage,RF,label,3,RBG-18-0076-1_S10,0,0.266
CTZ,lineage,RF,label,3,RBG-18-0083-1_S12,0,0.406
CTZ,lineage,RF,label,3,RBG-18-0108-1_S16,0,0.06933333333333333
CTZ,lineage,RF,label,3,RBG-18-0166-1_S10_L001,0,0.07783333333333334
CTZ,lineage,RF,label,3,RBG-18-0193-1_S8,0,0.25
CTZ,lineage,RF,label,3,RBG-18-0211-1_S35,1,0.412
CTZ,lineage,RF,label,3,RBG-18-0300-1_S52,0,0.04944166666666666
CTZ,lineage,RF,label,3,RBG-18-0308-1_S54,1,0.496
CTZ,lineage,RF,label,3,RBG-18-0381-1_S49,0,0.07716666666666668
CTZ,lineage,RF,label,3,RBG-18-0383-1_S37,1,0.444
CTZ,lineage,RF,label,3,RBK-18-0002-1_S38,1,0.09898013959724485
CTZ,lineage,RF,label,3,RBK-18-0020-1_S19,0,0.258
CTZ,lineage,RF,label,3,RBK-18-0062-2_S203,0,0.474
CTZ,lineage,RF,label,3,RBL-17-0108-1_S151,0,0.084
CTZ,lineage,RF,label,3,RBL-17-0116-1_S154,0,0.08833966340676866
CTZ,lineage,RF,label,3,RBL-17-0205-1_S175,0,0.04383333333333333
CTZ,lineage,RF,label,3,RBL-17-0246-1_S94,0,0.324
CTZ,lineage,RF,label,3,RBL-17-0259-1_S99,0,0.09775
CTZ,lineage,RF,label,3,RBL-17-0274-2_S105,0,0.318
CTZ,lineage,RF,label,3,RBL-17-0327-1_S116,0,0.086
CTZ,lineage,RF,label,3,RBL-17-0328-1_S117,0,0.346
CTZ,lineage,RF,label,3,RBL-17-0340-1_S102,0,0.033833333333333326
CTZ,lineage,RF,label,3,RBL-17-0342-1_S103,0,0.08690393772893772
CTZ,lineage,RF,label,3,RBL-17-0347-1_S104,0,0.04
CTZ,lineage,RF,label,3,RBL-17-0368-1_S114,0,0.04173333333333334
CTZ,lineage,RF,label,3,RBL-17-0375-1_S117,0,0.892
CTZ,lineage,RF,label,3,RBL-17-0390-1_S121,0,0.06373333333333334
CTZ,lineage,RF,label,3,RBL-17-0395-1_S124,0,0.046
CTZ,lineage,RF,label,3,RBL-17-0402-1_S126,0,0.04373333333333333
CTZ,lineage,RF,label,3,RBL-17-0428-1_S70,1,0.444
CTZ,lineage,RF,label,3,RBL-17-0434-1_S133,0,0.484
CTZ,lineage,RF,label,3,RBL-17-0435-1_S134,0,0.04766666666666667
CTZ,lineage,RF,label,3,RBL-18-0016-1_S161,0,0.045441666666666665
CTZ,lineage,RF,label,3,RBL-18-0037-1_S168,0,0.178
CTZ,lineage,RF,label,3,RBL-18-0066-1_S173,0,0.114
CTZ,lineage,RF,label,3,RBL-18-0085-1_S176,0,0.104
CTZ,lineage,RF,label,3,RBL-18-0242-1_S51,0,0.176
CTZ,lineage,RF,label,3,RBT-17-0027-1_S3,0,0.112
CTZ,lineage,RF,label,3,RBT-17-0124-1_S46,0,0.294
CTZ,lineage,RF,label,3,RBT-17-0149-1_S13,1,0.124
CTZ,lineage,RF,label,3,RBT-17-0168-1_S61,0,0.44
CTZ,lineage,RF,label,3,RBT-17-0178-1_S66,0,0.072
CTZ,lineage,RF,label,3,RBT-17-0194-1_S30,0,0.238
CTZ,lineage,RF,label,3,RBT-17-0210-1_S55,0,0.052
CTZ,lineage,RF,label,3,RBT-17-0228-1_S10,0,0.334
CTZ,lineage,RF,label,3,RBT-17-0251-1_S62,0,0.894
CTZ,lineage,RF,label,3,RBT-17-0279-1_S12,0,0.284
CTZ,lineage,RF,label,3,RBT-17-0287-1_S10,0,0.242
CTZ,lineage,RF,label,3,RBT-18-0045-1_S70,0,0.272
CTZ,lineage,RF,label,3,RBT-18-0095-1_S19,0,0.0519
CTZ,lineage,RF,label,3,RBT-18-0096-1_S20,0,0.096
CTZ,lineage,RF,label,3,RBT-18-0100-1_S21,0,0.262
CTZ,lineage,RF,label,3,RBT-18-0120-1_S48,0,0.264
CTZ,lineage,RF,label,3,RBT-18-0129-1_S52,0,0.486
CTZ,lineage,RF,label,3,RBT-18-0179-1_S37,0,0.388
CTZ,lineage,RF,label,3,RBT-18-0185-1_S39,0,0.074
CTZ,lineage,RF,label,3,RBT-18-0231-1_S14,0,0.238
CTZ,lineage,RF,label,3,RBT-18-0232-1_S47,0,0.328
CTZ,lineage,RF,label,3,RBT-18-0251-1_S7,0,0.132
CTZ,lineage,RF,label,3,RBT-18-0265-1_S59,0,0.126
CTZ,lineage,RF,label,3,RBT-18-0303-1_S20,0,0.458
CTZ,lineage,RF,label,3,RBT-18-0316-1_S43,0,0.07502380952380953
CTZ,lineage,RF,label,3,RBT-18-0351-1_S48,0,0.388
CTZ,lineage,RF,label,3,RBT-18-0360-1_S39,0,0.46
CTZ,lineage,RF,label,3,ResetH134_S8_L001,1,0.436
CTZ,lineage,RF,label,3,ResetH152_S4_L001,1,0.202
CTZ,lineage,RF,label,3,ResetH24a_S3_2_L001,1,0.448
CTZ,lineage,RF,label,3,ResetH45_S5_L001,0,0.32
CTZ,lineage,RF,label,3,ResetV105_S1_L001,0,0.26
CTZ,lineage,RF,label,3,ResetV70_S6_L001,1,0.44
CTZ,lineage,RF,label,3,ResetV74_S7_L001,1,0.392
CTZ,lineage,RF,label,3,ResetV76_S7_L001,0,0.094
CTZ,lineage,RF,label,3,Survcare0111_S29,1,0.24
CTZ,lineage,RF,label,3,Survcare129_S1,1,0.042
CTZ,lineage,RF,label,3,Survcare190_S35,1,0.344
CTZ,lineage,RF,label,3,Survcare230_S17_L001,1,0.656
CTZ,lineage,RF,label,3,Survcare254_S36,1,0.872
CTZ,lineage,RF,label,3,Survcare292_S39,1,0.29
CTZ,lineage,RF,label,3,Survcare295_S8_L001,1,0.628
CTZ,lineage,RF,label,3,Survcare313_S24_L001,1,0.872
CTZ,lineage,RF,label,3,V116_S6_L001,0,0.384
CTZ,lineage,RF,label,3,V120_S5_L001,0,0.266
CTZ,lineage,RF,label,3,V123_S1_L001,0,0.322
CTZ,lineage,RF,label,3,V168_S9_L001,1,0.626
CTZ,lineage,RF,label,3,V183_S7_L001,0,0.31
CTZ,lineage,RF,label,3,V205_S3_L001,0,0.234
CTZ,lineage,RF,label,3,V228_S8_L001,1,0.462
CTZ,lineage,RF,label,3,V229_S10_L001,1,0.464
CTZ,lineage,RF,label,3,V238_S11_L001,0,0.338
CTZ,lineage,RF,label,3,V279_S8_L001,1,0.252
CTZ,lineage,RF,label,3,V283_S5_L001,1,0.254
CTZ,lineage,RF,label,3,V41_S2_L001,0,0.306
CTZ,lineage,RF,label,3,V98_S3_L001,1,0.45
CTZ,lineage,RF,label,3,wdh-RBL-17-0361-1_S44,0,0.04173333333333334
CTZ,lineage,RF,label,3,wdh-Survcare119_S44,1,0.329625
CTZ,lineage,RF,label,3,wdh2NRZ-29911a_S31,1,0.314
CTZ,lineage,RF,label,3,wdhRBF-18-0098-1_S19_L001,0,0.146
CTZ,lineage,RF,label,3,WDHRBG-16-060-1_S27,0,0.318
CTZ,lineage,RF,label,3,WDHRBG-16-062-1_S49,0,0.068
CTZ,lineage,RF,label,3,WDHRBG-17-0093-1_S1,1,0.592
CTZ,lineage,RF,label,3,wRBG-17-014-1_S167,0,0.348
CTZ,lineage,RF,label,3,wRBG-17-022-1_S43,1,0.584
CTZ,lineage,RF,label,3,wRBG-17-034-1_S121,0,0.278
CTZ,lineage,RF,label,3,wRBG-17-049-1_S142,0,0.43
CTZ,lineage,RF,label,3,wRBG-17-075-1_S96,0,0.095875
CTZ,lineage,RF,label,3,wRBG-17-100-1_S104,0,0.404
CTZ,lineage,RF,label,3,wRBG-17-110-1_S168,0,0.48
CTZ,lineage,RF,label,4,H108_S5_L001,0,0.314
CTZ,lineage,RF,label,4,H113_S6_L001,0,0.2977070707070707
CTZ,lineage,RF,label,4,H130_S2_L001,1,0.316
CTZ,lineage,RF,label,4,H66_S1_L001,1,0.872
CTZ,lineage,RF,label,4,H69_S6_L001,0,0.748
CTZ,lineage,RF,label,4,H83_S7_L001,0,0.186
CTZ,lineage,RF,label,4,NNRBG-17-0193-1_S2,0,0.094
CTZ,lineage,RF,label,4,NNRBG-17-0201-1_S6,0,0.298
CTZ,lineage,RF,label,4,NNRBG-17-0287-1_S17,0,0.328
CTZ,lineage,RF,label,4,NNRBG-17-0298-1_S19,0,0.068
CTZ,lineage,RF,label,4,RBB-18-0519-1_S184,1,0.324
CTZ,lineage,RF,label,4,RBB-18-0546-1_S22_L001,1,0.846
CTZ,lineage,RF,label,4,RBB-18-1393-1_S48,1,0.878
CTZ,lineage,RF,label,4,RBF-17-0178-1_S139,0,0.732
CTZ,lineage,RF,label,4,RBF-17-0523-1_S30,0,0.2
CTZ,lineage,RF,label,4,RBF-17-0532-1_S80,0,0.09
CTZ,lineage,RF,label,4,RBF-17-0532-2_S31,0,0.088
CTZ,lineage,RF,label,4,RBF-17-0605-1_S94,0,0.322
CTZ,lineage,RF,label,4,RBF-17-0614-3_S95,0,0.112
CTZ,lineage,RF,label,4,RBF-17-0616-1_S96,0,0.308
CTZ,lineage,RF,label,4,RBF-17-0653-1_S101,0,0.094
CTZ,lineage,RF,label,4,RBF-17-277-1_S73,1,0.326
CTZ,lineage,RF,label,4,RBF-18-0069-1_S78,1,0.48186666666666667
CTZ,lineage,RF,label,4,RBF-18-0088-1_S24,0,0.094
CTZ,lineage,RF,label,4,RBF-18-0123-1_S25_L001,0,0.252
CTZ,lineage,RF,label,4,RBF-18-0132-1_S26,0,0.08347008547008547
CTZ,lineage,RF,label,4,RBF-18-0135-1_S34,0,0.098
CTZ,lineage,RF,label,4,RBF-18-0160-1_S37,0,0.536
CTZ,lineage,RF,label,4,RBF-18-0163-2_S39,0,0.286
CTZ,lineage,RF,label,4,RBF-18-0179-1_S29,0,0.254
CTZ,lineage,RF,label,4,RBF-18-0200-1_S48,0,0.182
CTZ,lineage,RF,label,4,RBF-18-0208-2_S11_L001,0,0.138
CTZ,lineage,RF,label,4,RBF-18-0259-1_S33,0,0.18338888888888888
CTZ,lineage,RF,label,4,RBF-18-0280-1_S62,0,0.344
CTZ,lineage,RF,label,4,RBg-17-123-2_S12,0,0.45
CTZ,lineage,RF,label,4,RBG-18-0017-1_S5,0,0.244
CTZ,lineage,RF,label,4,RBG-18-0140-1_S14_L001,0,0.316
CTZ,lineage,RF,label,4,RBG-18-0170-1_S41,0,0.088
CTZ,lineage,RF,label,4,RBG-18-0204-1_S23_L001,0,0.206
CTZ,lineage,RF,label,4,RBG-18-0223-1_S2,0,0.128
CTZ,lineage,RF,label,4,RBG-18-0239-1_S4,0,0.166
CTZ,lineage,RF,label,4,RBG-18-0355-1_S19_L001,0,0.196
CTZ,lineage,RF,label,4,RBG-18-0367-1_S57,0,0.312
CTZ,lineage,RF,label,4,RBK-16-007-1_S13,1,0.238
CTZ,lineage,RF,label,4,RBK-17-049-1_S62,1,0.876
CTZ,lineage,RF,label,4,RBK-18-0047-1_S20,0,0.32
CTZ,lineage,RF,label,4,RBK-18-0104-1_S206,0,0.134
CTZ,lineage,RF,label,4,RBL-17-0076-1_S32,0,0.29
CTZ,lineage,RF,label,4,RBL-17-0101-1_S148,0,0.1
CTZ,lineage,RF,label,4,RBL-17-0165-1_S167,0,0.214
CTZ,lineage,RF,label,4,RBL-17-0172-1_S170,0,0.13
CTZ,lineage,RF,label,4,RBL-17-0324-1_S54,1,0.342
CTZ,lineage,RF,label,4,RBL-17-0366-1_S113,0,0.2638888888888889
CTZ,lineage,RF,label,4,RBL-17-075-1_S18,1,0.862
CTZ,lineage,RF,label,4,RBL-18-0002-1_S158,0,0.204
CTZ,lineage,RF,label,4,RBL-18-0021-1_S42,0,0.25
CTZ,lineage,RF,label,4,RBL-18-0022-1_S43,0,0.09778947368421052
CTZ,lineage,RF,label,4,RBL-18-0131-1_S188_2,1,0.518
CTZ,lineage,RF,label,4,RBT-17-0022-1_S24,0,0.18788888888888888
CTZ,lineage,RF,label,4,RBT-17-0100-1_S36,0,0.242
CTZ,lineage,RF,label,4,RBT-17-0107-1_S39,0,0.062
CTZ,lineage,RF,label,4,RBT-17-0112-1_S41,0,0.114
CTZ,lineage,RF,label,4,RBT-17-0133-1_S6,0,0.69
CTZ,lineage,RF,label,4,RBT-17-0161-1_S57,0,0.084
CTZ,lineage,RF,label,4,RBT-17-0174-1_S64,0,0.124
CTZ,lineage,RF,label,4,RBT-17-0238-1_S59,0,0.218
CTZ,lineage,RF,label,4,RBT-17-0239-1_S60,0,0.104
CTZ,lineage,RF,label,4,RBT-17-0256-1_S25,0,0.238
CTZ,lineage,RF,label,4,RBT-17-0291-1_S14,0,0.234
CTZ,lineage,RF,label,4,RBT-17-0295-1_S15,0,0.1
CTZ,lineage,RF,label,4,RBT-18-0004-1_S51,1,0.706
CTZ,lineage,RF,label,4,RBT-18-0017-1_S67,0,0.078
CTZ,lineage,RF,label,4,RBT-18-0027-1_S68,0,0.108
CTZ,lineage,RF,label,4,RBT-18-0042-1_S60,0,0.082
CTZ,lineage,RF,label,4,RBT-18-0056-1_S37,0,0.085875
CTZ,lineage,RF,label,4,RBT-18-0079-1_S16,0,0.2736904761904762
CTZ,lineage,RF,label,4,RBT-18-0102-1_S23,0,0.104
CTZ,lineage,RF,label,4,RBT-18-0115-1_S45,0,0.26575
CTZ,lineage,RF,label,4,RBT-18-0133-1_S30,0,0.09564661654135338
CTZ,lineage,RF,label,4,RBT-18-0141-1_S32,0,0.088
CTZ,lineage,RF,label,4,RBT-18-0164-1_S34,0,0.23
CTZ,lineage,RF,label,4,RBT-18-0181-1_S61,1,0.318
CTZ,lineage,RF,label,4,RBT-18-0184-1_S38,1,0.24
CTZ,lineage,RF,label,4,RBT-18-0236-1_S48,1,0.24
CTZ,lineage,RF,label,4,RBT-18-0247-1_S16,1,0.702
CTZ,lineage,RF,label,4,RBT-18-0263-1_S58,0,0.106
CTZ,lineage,RF,label,4,RBT-18-0275-1_S63,0,0.196
CTZ,lineage,RF,label,4,RBT-18-0283-1_S65,0,0.09563970588235295
CTZ,lineage,RF,label,4,RBT-18-0292-1_S70,0,0.092
CTZ,lineage,RF,label,4,RBT-18-0325-1_S44,0,0.23
CTZ,lineage,RF,label,4,RBT-18-0331-1_S22,0,0.092
CTZ,lineage,RF,label,4,RBT-18-0334-1_S23,0,0.132
CTZ,lineage,RF,label,4,RBT-18-0338-1_S35,0,0.10175
CTZ,lineage,RF,label,4,RBT-18-0340-1_S36,0,0.096
CTZ,lineage,RF,label,4,RBT-18-0357-1_S27,0,0.09
CTZ,lineage,RF,label,4,RBT-18-0358-1_S28,0,0.11155
CTZ,lineage,RF,label,4,RBT-18-0368-1_S32,1,0.116
CTZ,lineage,RF,label,4,RBT-18-0377-1_S1,0,0.09
CTZ,lineage,RF,label,4,RBT-18-0384-1_S40,0,0.206
CTZ,lineage,RF,label,4,RBT-18-0385-1_S34,0,0.084
CTZ,lineage,RF,label,4,ResetH139_S3_L001,0,0.314
CTZ,lineage,RF,label,4,ResetH30_S4_L001,0,0.164
CTZ,lineage,RF,label,4,ResetH89_S3_L001,1,0.356
CTZ,lineage,RF,label,4,ResetH92_S4_L001,1,0.754
CTZ,lineage,RF,label,4,ResetV161_S3_L001,1,0.458
CTZ,lineage,RF,label,4,ResetV210_S4_L001,1,0.522
CTZ,lineage,RF,label,4,RPG-18-0435-1_S32,0,0.082
CTZ,lineage,RF,label,4,Survcare058_S26,1,0.864
CTZ,lineage,RF,label,4,Survcare184_S19,1,0.21
CTZ,lineage,RF,label,4,Survcare253_S35,1,0.616
CTZ,lineage,RF,label,4,Survcare262_S23_L001,1,0.27
CTZ,lineage,RF,label,4,Survcare275_S38,1,0.206
CTZ,lineage,RF,label,4,Survcare291_S38,1,0.198
CTZ,lineage,RF,label,4,Survcare310_S21_L001,1,0.27
CTZ,lineage,RF,label,4,Survcare321_S18,1,0.864
CTZ,lineage,RF,label,4,Survcare337_S12,1,0.282
CTZ,lineage,RF,label,4,V1_S6_L001,0,0.576
CTZ,lineage,RF,label,4,V108_S2_L001,0,0.29
CTZ,lineage,RF,label,4,V130_S5_L001,1,0.526
CTZ,lineage,RF,label,4,V131_S7_L001,1,0.174
CTZ,lineage,RF,label,4,V139_S7_L001,0,0.524
CTZ,lineage,RF,label,4,V152_S3_L001,0,0.10985714285714286
CTZ,lineage,RF,label,4,V158_S4_L001,1,0.206
CTZ,lineage,RF,label,4,V163_S6_L001,0,0.232
CTZ,lineage,RF,label,4,V182_S6_L001,1,0.756
CTZ,lineage,RF,label,4,V232_S3_L001,0,0.108
CTZ,lineage,RF,label,4,V268_S12_L001,1,0.528
CTZ,lineage,RF,label,4,V271_S13_L001,1,0.522
CTZ,lineage,RF,label,4,W2RBF-17-133-1_S28,1,0.466
CTZ,lineage,RF,label,4,wdh-RBB-16-025-1_S20,0,0.074
CTZ,lineage,RF,label,4,wdhRBF-17-0564-1_S230,0,0.862
CTZ,lineage,RF,label,4,wdhRBF-18-0049-1_S13_L001,0,0.364
CTZ,lineage,RF,label,4,wdhRBF-18-0080-1_S17_L001,0,0.644
CTZ,lineage,RF,label,4,WDHRBG-16-049-1_S87,0,0.588
CTZ,lineage,RF,label,4,WDHRBG-17-001-1_S82,0,0.234
CTZ,lineage,RF,label,4,WDHRBG-17-005-2_S61,0,0.074
CTZ,lineage,RF,label,4,WDHRBG-17-008-1_S83,0,0.524
CTZ,lineage,RF,label,4,WDHRBG-17-0256-1_S17,0,0.4
CTZ,lineage,RF,label,4,WDHRBG-17-122-1_S48,0,0.514
CTZ,lineage,RF,label,4,wRBG-16-024-1_S152,0,0.404
CTZ,lineage,RF,label,4,wRBG-16-027-1_S174,0,0.172
CTZ,lineage,RF,label,4,wRBG-17-030-1_S165,0,0.128
CTZ,lineage,RF,label,4,wRBG-17-047-1_S153,0,0.082
CTZ,lineage,RF,label,4,wRBG-17-073-1_S118,0,0.18
CTZ,lineage,RF,label,4,wwRBF-17-148-1_S27,0,0.11155
CTZ,lineage,RF,label,4,wwRBF-17-251-1_S33,1,0.876
CTZ,lineage,RF,label,4,wwRBK-17-0278-1_S41,1,0.714
CTZ,lineage,RF,label,4,wwRBK-17-0298-1_S42,1,0.874
CTZ,lineage,RF,label,4,wwRBL-16-111-1_S16,1,0.516
CTZ,lineage,LR,onehot,0,H109_S2_L001,0,0.44337326288223267
CTZ,lineage,LR,onehot,0,H119_S7_L001,1,0.008457746356725693
CTZ,lineage,LR,onehot,0,H38_S4_L001,1,0.764280378818512
CTZ,lineage,LR,onehot,0,NNRBG-17-0196-1_S3,0,0.0006768254679627717
CTZ,lineage,LR,onehot,0,NNRBG-17-0199-1_S5,0,0.0009326559957116842
CTZ,lineage,LR,onehot,0,NNRBG-17-0205-1_S7,0,0.003974579740315676
CTZ,lineage,LR,onehot,0,NNRBG-17-0294-1_S18,0,0.047362688928842545
CTZ,lineage,LR,onehot,0,NNRBG-17-0319-1_S24,0,0.06369183212518692
CTZ,lineage,LR,onehot,0,NNRBG-17-0328-1_S25,0,0.15451879799365997
CTZ,lineage,LR,onehot,0,NNRBG-17-0329-1_S26,0,0.0029253128450363874
CTZ,lineage,LR,onehot,0,NNRBG-17-0399-1_S40,0,0.1235729455947876
CTZ,lineage,LR,onehot,0,RBB-18-0892-1_S80_2,1,0.9999889135360718
CTZ,lineage,LR,onehot,0,RBB-18-0972-1_S203_2,1,0.9967888593673706
CTZ,lineage,LR,onehot,0,RBB-18-1212-1_S67_2,1,0.9999531507492065
CTZ,lineage,LR,onehot,0,RBB-18-1488-1_S46,1,0.011121803894639015
CTZ,lineage,LR,onehot,0,RBB-18-1502-1_S47,1,0.04729912802577019
CTZ,lineage,LR,onehot,0,RBF-10-0240-1_S12_L001,0,0.02625049091875553
CTZ,lineage,LR,onehot,0,RBF-16-0064-1_S136,0,0.03325466439127922
CTZ,lineage,LR,onehot,0,RBF-17-0164-1_S137,0,0.07173798233270645
CTZ,lineage,LR,onehot,0,RBF-17-0173-1_S138,0,0.5251985192298889
CTZ,lineage,LR,onehot,0,RBF-17-0194-1_S140,0,0.13373081386089325
CTZ,lineage,LR,onehot,0,RBF-17-0550-1_S84,0,0.17682196199893951
CTZ,lineage,LR,onehot,0,RBF-17-0589-1_S92,0,0.11305167526006699
CTZ,lineage,LR,onehot,0,RBF-17-0602-1_S93,0,0.1639966368675232
CTZ,lineage,LR,onehot,0,RBF-17-0635-1_S98,0,0.0003655918990261853
CTZ,lineage,LR,onehot,0,RBF-17-0647-1_S99,0,0.06723048537969589
CTZ,lineage,LR,onehot,0,RBF-17-0651-1_S62,0,0.0005358083872124553
CTZ,lineage,LR,onehot,0,RBF-17-266-1_S70,1,0.9946874380111694
CTZ,lineage,LR,onehot,0,RBF-18-0036-1_S7,0,0.0008105491870082915
CTZ,lineage,LR,onehot,0,RBF-18-0085-1_S21,0,0.0033554905094206333
CTZ,lineage,LR,onehot,0,RBF-18-0086-1_S22,0,8.309182885568589e-05
CTZ,lineage,LR,onehot,0,RBF-18-0127-1_S32,0,0.3351899981498718
CTZ,lineage,LR,onehot,0,RBF-18-0214-1_S51,0,0.1163041889667511
CTZ,lineage,LR,onehot,0,RBF-18-0217-1_S54,0,0.003255760995671153
CTZ,lineage,LR,onehot,0,RBF-18-0338-1_S72,0,0.009126780554652214
CTZ,lineage,LR,onehot,0,RBG-17-0284-1_S59,0,0.008414958603680134
CTZ,lineage,LR,onehot,0,RBG-18-0025-1_S9_L001,0,3.0066001272643916e-05
CTZ,lineage,LR,onehot,0,RBG-18-0029-1_S40,0,0.000718386028893292
CTZ,lineage,LR,onehot,0,RBG-18-0077-1_S9,1,0.9898353219032288
CTZ,lineage,LR,onehot,0,RBG-18-0185-1_S40,0,0.10075726360082626
CTZ,lineage,LR,onehot,0,RBG-18-0191-1_S11_L001,0,0.03221692144870758
CTZ,lineage,LR,onehot,0,RBG-18-0194-1_S45,0,4.489890852710232e-05
CTZ,lineage,LR,onehot,0,RBG-18-0256-1_S8_L001,1,0.022289209067821503
CTZ,lineage,LR,onehot,0,RBG-18-0265-1_S49,0,0.017130788415670395
CTZ,lineage,LR,onehot,0,RBG-18-0276-1_S50,0,0.439205139875412
CTZ,lineage,LR,onehot,0,RBG-18-0301-1_S53,0,0.016798362135887146
CTZ,lineage,LR,onehot,0,RBG-18-0394-1_S23_L001,0,0.035485949367284775
CTZ,lineage,LR,onehot,0,RBK-16-124-1_S16,1,0.00114213558845222
CTZ,lineage,LR,onehot,0,RBK-18-0019-1_S195,0,0.005380335263907909
CTZ,lineage,LR,onehot,0,RBK-18-0037-1_S199,0,3.052166721317917e-05
CTZ,lineage,LR,onehot,0,RBK-18-0038-1_S200,0,0.004952908959239721
CTZ,lineage,LR,onehot,0,RBK-18-0414-1_S59,0,0.00013350795779842883
CTZ,lineage,LR,onehot,0,RBL-17-0090-1_S145,0,0.0005537375691346824
CTZ,lineage,LR,onehot,0,RBL-17-0104-1_S149,0,0.28772416710853577
CTZ,lineage,LR,onehot,0,RBL-17-0117-1_S155,0,0.0074728382751345634
CTZ,lineage,LR,onehot,0,RBL-17-0129-1_S158,0,0.04009731113910675
CTZ,lineage,LR,onehot,0,RBL-17-0133-1_S159,0,0.1643504500389099
CTZ,lineage,LR,onehot,0,RBL-17-0135-1_S160,0,0.13915887475013733
CTZ,lineage,LR,onehot,0,RBL-17-0138-1_S162,0,0.008596573024988174
CTZ,lineage,LR,onehot,0,RBL-17-0144-1_S163,0,0.17711879312992096
CTZ,lineage,LR,onehot,0,RBL-17-0155-1_S165,0,0.0009461345616728067
CTZ,lineage,LR,onehot,0,RBL-17-0197-1_S173,0,0.00858115591108799
CTZ,lineage,LR,onehot,0,RBL-17-0217-1_S176,0,0.005880586337298155
CTZ,lineage,LR,onehot,0,RBL-17-0235-1_S92,0,0.02176433801651001
CTZ,lineage,LR,onehot,0,RBL-17-0267-1_S104,0,0.00803354475647211
CTZ,lineage,LR,onehot,0,RBL-17-0300-1_S112,0,0.009051674976944923
CTZ,lineage,LR,onehot,0,RBL-17-0306-1_S50,1,0.04444769397377968
CTZ,lineage,LR,onehot,0,RBL-17-0393-1_S123,0,0.01416785642504692
CTZ,lineage,LR,onehot,0,RBL-17-0409-1_S127,0,0.09801318496465683
CTZ,lineage,LR,onehot,0,RBL-17-0429-1_S130,0,0.0007485374808311462
CTZ,lineage,LR,onehot,0,RBL-18-0019-1_S41,0,0.001058627967722714
CTZ,lineage,LR,onehot,0,RBL-18-0032-1_S167,0,0.9400428533554077
CTZ,lineage,LR,onehot,0,RBL-18-0055-1_S170,0,0.5379010438919067
CTZ,lineage,LR,onehot,0,RBT-17-0003-1_S16,0,0.03468174487352371
CTZ,lineage,LR,onehot,0,RBT-17-0011-1_S19,0,0.045218586921691895
CTZ,lineage,LR,onehot,0,RBT-17-0019-1_S62,1,0.9999392032623291
CTZ,lineage,LR,onehot,0,RBT-17-0024-1_S23,0,0.29233047366142273
CTZ,lineage,LR,onehot,0,RBT-17-0033-1_S12,1,0.003883308731019497
CTZ,lineage,LR,onehot,0,RBT-17-0082-1_S30,0,0.01975059323012829
CTZ,lineage,LR,onehot,0,RBT-17-0090-1_S32,0,0.0002055190852843225
CTZ,lineage,LR,onehot,0,RBT-17-0097-1_S34,1,0.9982307553291321
CTZ,lineage,LR,onehot,0,RBT-17-0109-1_S40,0,0.09180759638547897
CTZ,lineage,LR,onehot,0,RBT-17-0118-1_S45,0,0.008528187870979309
CTZ,lineage,LR,onehot,0,RBT-17-0142-1_S53,0,0.008356975391507149
CTZ,lineage,LR,onehot,0,RBT-17-0150-1_S54,0,0.012136023491621017
CTZ,lineage,LR,onehot,0,RBT-17-0177-1_S65,0,3.046754682145547e-05
CTZ,lineage,LR,onehot,0,RBT-17-0177-2_S7,0,3.0108349164947867e-05
CTZ,lineage,LR,onehot,0,RBT-17-0188-1_S68,1,0.0006802599527873099
CTZ,lineage,LR,onehot,0,RBT-17-0243-1_S11,0,0.24401775002479553
CTZ,lineage,LR,onehot,0,RBT-17-0337-1_S19,0,0.1538296788930893
CTZ,lineage,LR,onehot,0,RBT-18-0030-1_S69,0,0.002517042448744178
CTZ,lineage,LR,onehot,0,RBT-18-0046-1_S2,0,0.02641310542821884
CTZ,lineage,LR,onehot,0,RBT-18-0057-1_S38,0,4.009090392997905e-09
CTZ,lineage,LR,onehot,0,RBT-18-0064-1_S15,0,0.38929152488708496
CTZ,lineage,LR,onehot,0,RBT-18-0066-1_S40,0,0.18623216450214386
CTZ,lineage,LR,onehot,0,RBT-18-0080-1_S49,1,0.14184677600860596
CTZ,lineage,LR,onehot,0,RBT-18-0091-1_S42,0,0.2598564326763153
CTZ,lineage,LR,onehot,0,RBT-18-0101-1_S22,0,0.0015938751166686416
CTZ,lineage,LR,onehot,0,RBT-18-0113-1_S44,0,0.023757969960570335
CTZ,lineage,LR,onehot,0,RBT-18-0121-1_S28,0,0.011091521009802818
CTZ,lineage,LR,onehot,0,RBT-18-0122-1_S63,0,2.0302879420341924e-05
CTZ,lineage,LR,onehot,0,RBT-18-0125-1_S50,0,0.013290622271597385
CTZ,lineage,LR,onehot,0,RBT-18-0134-1_S29,0,0.05679360404610634
CTZ,lineage,LR,onehot,0,RBT-18-0230-1_S45,0,0.009215781465172768
CTZ,lineage,LR,onehot,0,RBT-18-0259-1_S55,0,3.677897620946169e-05
CTZ,lineage,LR,onehot,0,RBT-18-0317-1_S27,0,0.03828563913702965
CTZ,lineage,LR,onehot,0,RBT-18-0341-1_S24,0,1.8316375644644722e-05
CTZ,lineage,LR,onehot,0,RBT-18-0364-1_S29,0,0.11414540559053421
CTZ,lineage,LR,onehot,0,RBT-18-0365-1_S30,0,0.9992029070854187
CTZ,lineage,LR,onehot,0,ResetH10_S1_L001,0,0.012573903426527977
CTZ,lineage,LR,onehot,0,ResetH68_S1_L001,0,0.08607560396194458
CTZ,lineage,LR,onehot,0,ResetH93_S5_L001,1,0.8884149193763733
CTZ,lineage,LR,onehot,0,ResetH98_S4_L001,0,0.00022871549299452454
CTZ,lineage,LR,onehot,0,ResetV143_S2_L001,0,1.3184406270738691e-05
CTZ,lineage,LR,onehot,0,Survcare125_S25,1,0.9920579791069031
CTZ,lineage,LR,onehot,0,Survcare130_S2,1,0.23383088409900665
CTZ,lineage,LR,onehot,0,Survcare234_S3_L001,1,0.0001603250711923465
CTZ,lineage,LR,onehot,0,Survcare244_S9_L001,1,0.9963132739067078
CTZ,lineage,LR,onehot,0,Survcare278_S62,1,0.00041363577474839985
CTZ,lineage,LR,onehot,0,Survcare289_S36,1,0.9709484577178955
CTZ,lineage,LR,onehot,0,Survcare293_S40,1,0.957322895526886
CTZ,lineage,LR,onehot,0,Survcare309_S20_L001,1,0.9823134541511536
CTZ,lineage,LR,onehot,0,Survcare317_S5_L001,1,0.00018730027659330517
CTZ,lineage,LR,onehot,0,Survcare318_S20_L001,1,0.9174053072929382
CTZ,lineage,LR,onehot,0,Survcare319_S16,1,0.2181393951177597
CTZ,lineage,LR,onehot,0,Survcare334_S10,1,0.9600181579589844
CTZ,lineage,LR,onehot,0,Survcare335_S11,1,0.940049409866333
CTZ,lineage,LR,onehot,0,Survcare350_S44,1,0.2774878144264221
CTZ,lineage,LR,onehot,0,Survcare360_S84,1,0.0006906309863552451
CTZ,lineage,LR,onehot,0,V153_S4_L001,0,3.9404494600603357e-07
CTZ,lineage,LR,onehot,0,V155_S5_L001,0,3.0720786980964476e-07
CTZ,lineage,LR,onehot,0,V177_S6_L001,1,0.42320606112480164
CTZ,lineage,LR,onehot,0,V195_S1_L001,1,2.6436393909534672e-06
CTZ,lineage,LR,onehot,0,V292_S6_L001,1,0.9999997615814209
CTZ,lineage,LR,onehot,0,V71_S4_L001,1,0.008096380159258842
CTZ,lineage,LR,onehot,0,V73_S5_L001,1,0.8918567299842834
CTZ,lineage,LR,onehot,0,V8_S7_L001,0,0.9854359030723572
CTZ,lineage,LR,onehot,0,V86_S1_L001,1,0.9594164490699768
CTZ,lineage,LR,onehot,0,V96_S2_L001,1,0.9857339859008789
CTZ,lineage,LR,onehot,0,W2RBF-17-090-1_S26,1,0.0014996035024523735
CTZ,lineage,LR,onehot,0,wdhRBF-18-0057_S14_L001,0,0.8569416403770447
CTZ,lineage,LR,onehot,0,wNRZ-32446_S79,1,0.00015135564899537712
CTZ,lineage,LR,onehot,0,wRBG-16-026-1_S163,0,0.001092767110094428
CTZ,lineage,LR,onehot,0,wRBG-16-032-1_S142,0,0.017065709456801414
CTZ,lineage,LR,onehot,0,wRBG-17-021-1_S166,0,0.00479226466268301
CTZ,lineage,LR,onehot,0,wRBG-17-025-1_S133,0,8.612169767729938e-05
CTZ,lineage,LR,onehot,0,wRBG-17-058-1_S130,0,0.00032749498495832086
CTZ,lineage,LR,onehot,0,wRBG-17-072-1_S129,0,2.4028895495575853e-05
CTZ,lineage,LR,onehot,0,wRBG-17-081-1_S117,0,0.0015218091430142522
CTZ,lineage,LR,onehot,0,wRBG-17-102-1_S169,0,2.8274149599383236e-07
CTZ,lineage,LR,onehot,1,H100_S2_L001,0,0.9131988286972046
CTZ,lineage,LR,onehot,1,H105_S3_L001,0,0.9149231910705566
CTZ,lineage,LR,onehot,1,H136_S7_L001,0,0.0730617567896843
CTZ,lineage,LR,onehot,1,H148_S4_L001,1,0.7155928015708923
CTZ,lineage,LR,onehot,1,H28_S10_L001,0,0.02538173645734787
CTZ,lineage,LR,onehot,1,H3_S1_L001,1,0.7300330996513367
CTZ,lineage,LR,onehot,1,H51_S5_L001,0,0.9269232153892517
CTZ,lineage,LR,onehot,1,H53_S4_L001,1,0.9227373600006104
CTZ,lineage,LR,onehot,1,H71_S1_L001,1,0.6592185497283936
CTZ,lineage,LR,onehot,1,H86_S1_L001,0,0.03862312063574791
CTZ,lineage,LR,onehot,1,NNRBG-17-0191-1_S1,0,0.5879142880439758
CTZ,lineage,LR,onehot,1,NNRBG-17-0198-1_S4,0,1.3185750731281587e-06
CTZ,lineage,LR,onehot,1,NNRBG-17-0242-1_S11,0,0.727853000164032
CTZ,lineage,LR,onehot,1,NNRBG-17-0249-1_S13,0,0.4888891279697418
CTZ,lineage,LR,onehot,1,NNRBG-17-0255-1_S14,0,0.0419820174574852
CTZ,lineage,LR,onehot,1,NNRBG-17-0378-1_S37,0,0.8705151677131653
CTZ,lineage,LR,onehot,1,RBB-17-011-1_S40,1,0.9232285618782043
CTZ,lineage,LR,onehot,1,RBB-17-171-1_S52,1,0.9051322340965271
CTZ,lineage,LR,onehot,1,RBB-18-0537-1_S21_L001,1,0.9533102512359619
CTZ,lineage,LR,onehot,1,RBB-18-0668-1_S188,1,0.8424245119094849
CTZ,lineage,LR,onehot,1,RBB-18-1309-1_S42,1,0.7172665596008301
CTZ,lineage,LR,onehot,1,RBB-18-1460-1_S45,1,0.36167022585868835
CTZ,lineage,LR,onehot,1,RBF-16-004-1_S18,0,0.30687278509140015
CTZ,lineage,LR,onehot,1,RBF-16-060-1_S22,1,0.923069953918457
CTZ,lineage,LR,onehot,1,RBF-17-0195-1_S141,0,0.11518129706382751
CTZ,lineage,LR,onehot,1,RBF-17-0340-1_S81,1,0.9965897798538208
CTZ,lineage,LR,onehot,1,RBF-17-0438-1_S9,1,0.9232285618782043
CTZ,lineage,LR,onehot,1,RBF-17-0467-1_S12,1,0.8854391574859619
CTZ,lineage,LR,onehot,1,RBF-17-0489-1_S13,1,0.7322595119476318
CTZ,lineage,LR,onehot,1,RBF-17-0509-1_S74,0,0.00026177294785156846
CTZ,lineage,LR,onehot,1,RBF-17-0513-1_S76,0,0.9552082419395447
CTZ,lineage,LR,onehot,1,RBF-17-0521-1_S78,0,0.949429988861084
CTZ,lineage,LR,onehot,1,RBF-17-0537-1_S56,1,0.8936722874641418
CTZ,lineage,LR,onehot,1,RBF-17-0553-1_S85,0,0.9521022439002991
CTZ,lineage,LR,onehot,1,RBF-17-0572-2_S89,0,0.9887164831161499
CTZ,lineage,LR,onehot,1,RBF-17-067-1_S54,1,0.8288338780403137
CTZ,lineage,LR,onehot,1,RBF-17-094-1_S56,1,0.8819911479949951
CTZ,lineage,LR,onehot,1,RBF-17-170-1_S66,1,0.8554853796958923
CTZ,lineage,LR,onehot,1,RBF-17-186-1_S69,1,0.9232285618782043
CTZ,lineage,LR,onehot,1,RBF-17-318-1_S77,1,0.9910401701927185
CTZ,lineage,LR,onehot,1,RBF-18-0019-1_S2,0,0.9359320998191833
CTZ,lineage,LR,onehot,1,RBF-18-0066-1_S15,0,9.243555723514874e-06
CTZ,lineage,LR,onehot,1,RBF-18-0068-1_S77,1,0.9468094706535339
CTZ,lineage,LR,onehot,1,RBF-18-0075-1_S79,1,0.32511791586875916
CTZ,lineage,LR,onehot,1,RBF-18-0121-1_S28,0,0.040474243462085724
CTZ,lineage,LR,onehot,1,RBF-18-0139-1_S35,0,7.910545036793337e-07
CTZ,lineage,LR,onehot,1,RBF-18-0147-1_S36,0,0.005428655073046684
CTZ,lineage,LR,onehot,1,RBF-18-0172-1_S40,0,0.1214945837855339
CTZ,lineage,LR,onehot,1,RBF-18-0173-1_S27,0,0.9870275259017944
CTZ,lineage,LR,onehot,1,RBF-18-0174-1_S28,0,0.8101006746292114
CTZ,lineage,LR,onehot,1,RBF-18-0187-1_S31,1,0.9896432161331177
CTZ,lineage,LR,onehot,1,RBF-18-0194-1_S86,1,0.14656057953834534
CTZ,lineage,LR,onehot,1,RBF-18-0196-1_S46,0,0.595274806022644
CTZ,lineage,LR,onehot,1,RBF-18-0199-1_S47,0,0.9885595440864563
CTZ,lineage,LR,onehot,1,RBF-18-0227-1_S53,0,0.0061010196805000305
CTZ,lineage,LR,onehot,1,RBF-18-0252-1_S56,0,0.006729293614625931
CTZ,lineage,LR,onehot,1,RBF-18-0277-1_S61,0,0.973357617855072
CTZ,lineage,LR,onehot,1,RBF-18-0282-1_S63,0,0.99956876039505
CTZ,lineage,LR,onehot,1,RBF-18-0321-1_S69,0,0.00040360080311074853
CTZ,lineage,LR,onehot,1,RBF-18-0333-1_S70,0,0.0009578965255059302
CTZ,lineage,LR,onehot,1,RBF-18-0585-1_S48,1,0.7408235669136047
CTZ,lineage,LR,onehot,1,RBF-18-0714-2_S204_2,1,0.8347487449645996
CTZ,lineage,LR,onehot,1,RBG-17-0351-1_S20_L001,1,0.9881850481033325
CTZ,lineage,LR,onehot,1,RBG-17-0383-1_S44,0,0.02249276079237461
CTZ,lineage,LR,onehot,1,RBG-18-0004-1_S1,1,0.9232285618782043
CTZ,lineage,LR,onehot,1,RBG-18-0072-1_S8,0,0.5396689176559448
CTZ,lineage,LR,onehot,1,RBG-18-0099-1_S14,1,0.9232285618782043
CTZ,lineage,LR,onehot,1,RBG-18-0113-1_S13_L001,0,0.7033410668373108
CTZ,lineage,LR,onehot,1,RBG-18-0129-1_S15_L001,1,0.2454904168844223
CTZ,lineage,LR,onehot,1,RBG-18-0153-1_S14,0,0.942410409450531
CTZ,lineage,LR,onehot,1,RBG-18-0177-1_S17_L001,1,0.9072173833847046
CTZ,lineage,LR,onehot,1,RBG-18-0200-1_S18_L001,1,0.7251754999160767
CTZ,lineage,LR,onehot,1,RBG-18-0224-1_S24_L001,1,0.9278312921524048
CTZ,lineage,LR,onehot,1,RBG-18-0279-1_S36,1,0.8822423219680786
CTZ,lineage,LR,onehot,1,RBG-18-0289-1_S37,1,0.032781943678855896
CTZ,lineage,LR,onehot,1,RBG-18-0347-1_S22_L001,0,0.19975697994232178
CTZ,lineage,LR,onehot,1,RBG-18-0380-1_S48,0,0.9232285618782043
CTZ,lineage,LR,onehot,1,RBG-18-0388-1_S21_L001,1,0.8433657288551331
CTZ,lineage,LR,onehot,1,RBG-18-0391-1_S22_L001,1,0.9972676038742065
CTZ,lineage,LR,onehot,1,RBG-18-0410-1_S12,1,0.8667308688163757
CTZ,lineage,LR,onehot,1,RBG-18-0421-1_S53,1,0.902973473072052
CTZ,lineage,LR,onehot,1,RBG-18-0437-1_S54,0,0.8923854827880859
CTZ,lineage,LR,onehot,1,RBK-17-0457-1_S6,1,0.9570630788803101
CTZ,lineage,LR,onehot,1,RBK-17-0492-1_S8,1,0.14853201806545258
CTZ,lineage,LR,onehot,1,RBK-17-0588-1_S24,1,0.8984771966934204
CTZ,lineage,LR,onehot,1,RBK-17-0601-1_S25,1,0.9232285618782043
CTZ,lineage,LR,onehot,1,RBK-17-0612-1_S27,1,0.9202479720115662
CTZ,lineage,LR,onehot,1,RBK-17-0655-5_S182,1,0.9093718528747559
CTZ,lineage,LR,onehot,1,RBK-18-0022-1_S197,0,0.08838184922933578
CTZ,lineage,LR,onehot,1,RBK-18-0060-1_S22,0,0.9999947547912598
CTZ,lineage,LR,onehot,1,RBK-18-0077-1_S212,1,0.9202479720115662
CTZ,lineage,LR,onehot,1,RBK-18-0080-1_S205,0,2.808200861181831e-06
CTZ,lineage,LR,onehot,1,RBK-18-0236-2_S52_2,1,0.18169346451759338
CTZ,lineage,LR,onehot,1,RBKk-18-0108-1_S201,1,0.8414173722267151
CTZ,lineage,LR,onehot,1,RBL-17-0093-1_S146,0,0.05787190794944763
CTZ,lineage,LR,onehot,1,RBL-17-0107-1_S150,0,0.0795857384800911
CTZ,lineage,LR,onehot,1,RBL-17-0113-1_S153,0,0.9454827904701233
CTZ,lineage,LR,onehot,1,RBL-17-0118-1_S156,0,0.4003555476665497
CTZ,lineage,LR,onehot,1,RBL-17-0123-1_S157,0,3.8963879234188425e-08
CTZ,lineage,LR,onehot,1,RBL-17-0159-1_S166,0,0.007670816965401173
CTZ,lineage,LR,onehot,1,RBL-17-0189-1_S172,0,0.4826568067073822
CTZ,lineage,LR,onehot,1,RBL-17-0199-1_S174,0,0.8498184680938721
CTZ,lineage,LR,onehot,1,RBL-17-0226-1_S41,1,0.8912920355796814
CTZ,lineage,LR,onehot,1,RBL-17-0242-1_S42,1,0.9659246206283569
CTZ,lineage,LR,onehot,1,RBL-17-0244-1_S44,1,0.884137749671936
CTZ,lineage,LR,onehot,1,RBL-17-0264-1_S103,0,0.07206686586141586
CTZ,lineage,LR,onehot,1,RBL-17-0305-1_S49,1,0.9807878732681274
CTZ,lineage,LR,onehot,1,RBL-17-0307-1_S51,1,0.9232285618782043
CTZ,lineage,LR,onehot,1,RBL-17-0323-1_S115,0,0.5890747904777527
CTZ,lineage,LR,onehot,1,RBL-17-0332-1_S118,0,0.9125929474830627
CTZ,lineage,LR,onehot,1,RBL-17-0350-1_S106,0,0.9973950386047363
CTZ,lineage,LR,onehot,1,RBL-17-0359-1_S66,1,0.9757096171379089
CTZ,lineage,LR,onehot,1,RBL-17-0360-1_S108,0,2.382083584961947e-05
CTZ,lineage,LR,onehot,1,RBL-17-0365-1_S112,0,0.18246528506278992
CTZ,lineage,LR,onehot,1,RBL-17-0392-1_S69,1,0.9807878732681274
CTZ,lineage,LR,onehot,1,RBL-17-0411-1_S128,0,0.5901006460189819
CTZ,lineage,LR,onehot,1,RBL-17-0432-1_S132,0,0.9999663829803467
CTZ,lineage,LR,onehot,1,RBL-17-060-1_S17,1,0.750905454158783
CTZ,lineage,LR,onehot,1,RBL-18-0010-1_S159,0,0.5048072338104248
CTZ,lineage,LR,onehot,1,RBL-18-0048-1_S44,0,0.9975426197052002
CTZ,lineage,LR,onehot,1,RBL-18-0059-1_S171,0,0.20793770253658295
CTZ,lineage,LR,onehot,1,RBL-18-0076-1_S47,1,0.985856294631958
CTZ,lineage,LR,onehot,1,RBL-18-0090-1_S48,1,0.6387571096420288
CTZ,lineage,LR,onehot,1,RBL-18-0093-1_S49,0,0.738595724105835
CTZ,lineage,LR,onehot,1,RBL-18-0098-1_S178,0,0.939798891544342
CTZ,lineage,LR,onehot,1,RBL-18-0194-1_S195_2,1,0.6264079809188843
CTZ,lineage,LR,onehot,1,RBL-18-0343-1_S6,1,0.016965018585324287
CTZ,lineage,LR,onehot,1,RBL-18-0467-1_S228_2,1,0.9925107955932617
CTZ,lineage,LR,onehot,1,RBL-18-0500-1_S230_2,1,0.9956810474395752
CTZ,lineage,LR,onehot,1,RBT-16-0024-1_S10,1,0.9278533458709717
CTZ,lineage,LR,onehot,1,RBT-16-0038-1_S11,1,0.4087805151939392
CTZ,lineage,LR,onehot,1,RBT-17-0009-1_S21,0,0.9765390157699585
CTZ,lineage,LR,onehot,1,RBT-17-0039-1_S28,1,0.13228341937065125
CTZ,lineage,LR,onehot,1,RBT-17-0102-1_S37,0,0.7412075400352478
CTZ,lineage,LR,onehot,1,RBT-17-0183-1_S67,0,0.00020732646225951612
CTZ,lineage,LR,onehot,1,RBT-17-0217-1_S7,0,0.4132804572582245
CTZ,lineage,LR,onehot,1,RBT-17-0219-1_S8,0,0.0005645350902341306
CTZ,lineage,LR,onehot,1,RBT-17-0232-1_S58,0,0.9999977350234985
CTZ,lineage,LR,onehot,1,RBT-17-0249-1_S61,1,0.9097090363502502
CTZ,lineage,LR,onehot,1,RBT-17-0328-1_S16,1,0.8112123608589172
CTZ,lineage,LR,onehot,1,RBT-17-0339-1_S20,0,0.9304474592208862
CTZ,lineage,LR,onehot,1,RBT-18-0021-1_S56,1,0.9232285618782043
CTZ,lineage,LR,onehot,1,RBT-18-0053-1_S36,1,0.7969897389411926
CTZ,lineage,LR,onehot,1,RBT-18-0071-1_S41,0,0.0023021299857646227
CTZ,lineage,LR,onehot,1,RBT-18-0146-1_S55,0,4.4222321093911887e-07
CTZ,lineage,LR,onehot,1,RBT-18-0205-1_S6,1,0.9021130204200745
CTZ,lineage,LR,onehot,1,RBT-18-0227-1_S46,1,0.8986486792564392
CTZ,lineage,LR,onehot,1,RBT-18-0234-1_S15,1,0.9206167459487915
CTZ,lineage,LR,onehot,1,RBT-18-0241-1_S50,0,0.7163811326026917
CTZ,lineage,LR,onehot,1,RBT-18-0278-1_S64,0,0.9999903440475464
CTZ,lineage,LR,onehot,1,RBT-18-0284-1_S66,1,0.6776213049888611
CTZ,lineage,LR,onehot,1,RBT-18-0296-1_S72,1,0.8910586833953857
CTZ,lineage,LR,onehot,1,RBT-18-0308-1_S34,0,0.7429018020629883
CTZ,lineage,LR,onehot,1,RBT-18-0324-1_S57,1,0.8348349928855896
CTZ,lineage,LR,onehot,1,RBT-18-0335-1_S41,0,0.951077401638031
CTZ,lineage,LR,onehot,1,RBT-18-0337-1_S46,0,0.8030270338058472
CTZ,lineage,LR,onehot,1,RBT-18-0363-1_S72,1,0.6628211140632629
CTZ,lineage,LR,onehot,1,RBT-18-0372-1_S31,1,0.9319939017295837
CTZ,lineage,LR,onehot,1,RBT-18-0391-1_S35,1,0.8833404183387756
CTZ,lineage,LR,onehot,1,RBT-18-0392-1_S56,1,0.8376380205154419
CTZ,lineage,LR,onehot,1,RBT-18-0401-1_S43,0,0.747689425945282
CTZ,lineage,LR,onehot,1,ResetH127_S6_L001,1,0.9519185423851013
CTZ,lineage,LR,onehot,1,ResetH129_S7_L001,1,0.8184170722961426
CTZ,lineage,LR,onehot,1,ResetH131_S7_L001,1,0.8730272650718689
CTZ,lineage,LR,onehot,1,ResetH132_S1_L001,1,0.12279028445482254
CTZ,lineage,LR,onehot,1,ResetH49b_S6_L001,0,0.1558685451745987
CTZ,lineage,LR,onehot,1,ResetH63_S7_L001,1,0.9232285618782043
CTZ,lineage,LR,onehot,1,ResetH75_S2_L001,1,0.9078324437141418
CTZ,lineage,LR,onehot,1,ResetV260_S5_L001,1,0.9034487009048462
CTZ,lineage,LR,onehot,1,Survcare187_S32,1,0.9425999522209167
CTZ,lineage,LR,onehot,1,Survcare236_S5_L001,1,0.4382735788822174
CTZ,lineage,LR,onehot,1,Survcare265_S20,1,0.6188153028488159
CTZ,lineage,LR,onehot,1,Survcare327_S1,1,0.851264238357544
CTZ,lineage,LR,onehot,1,Survcare341_S25,1,0.6632677316665649
CTZ,lineage,LR,onehot,1,V111_S3_L001,0,0.005359280854463577
CTZ,lineage,LR,onehot,1,V173_S6_L001,0,5.6065608077915385e-05
CTZ,lineage,LR,onehot,1,V282_S4_L001,0,0.9133567214012146
CTZ,lineage,LR,onehot,1,V291_S5_L001,1,0.9273673295974731
CTZ,lineage,LR,onehot,1,V295_S7_L001,0,0.9260334968566895
CTZ,lineage,LR,onehot,1,V79_S6_L001,0,0.041609589010477066
CTZ,lineage,LR,onehot,1,V89_S1_L001,0,0.003132827812805772
CTZ,lineage,LR,onehot,1,W2RBK-17-168-1_S33,1,0.8833954334259033
CTZ,lineage,LR,onehot,1,W2RBK-17-169-1_S34,1,0.18199360370635986
CTZ,lineage,LR,onehot,1,W2RBL-16-018-1_S15,1,0.8202288150787354
CTZ,lineage,LR,onehot,1,wdh-RBB-17-170-1_S16,1,0.8382353782653809
CTZ,lineage,LR,onehot,1,wdh-RBF-17-0572-1_S43,0,0.9889047741889954
CTZ,lineage,LR,onehot,1,wdhRBF-10-0002-1_S10_L001,1,0.9783969521522522
CTZ,lineage,LR,onehot,1,wdhRBF-17-0567-1_S122,0,0.260816365480423
CTZ,lineage,LR,onehot,1,wdhRBF-18-0025-1_S11_L001,0,0.6170978546142578
CTZ,lineage,LR,onehot,1,wdhRBF-18-0048-1_S12_L001,0,0.0020570072811096907
CTZ,lineage,LR,onehot,1,wdhRBF-18-0059-1_S15_L001,0,0.00015382956189569086
CTZ,lineage,LR,onehot,1,wdhRBF-18-0081-1_S18_L001,0,0.42171600461006165
CTZ,lineage,LR,onehot,1,WDHRBG-17-121-1_S46,0,0.5771327018737793
CTZ,lineage,LR,onehot,1,wRBF-17-0146-1_S35,1,0.9097090363502502
CTZ,lineage,LR,onehot,1,wRBG-16-033-1_S153,0,0.04164714366197586
CTZ,lineage,LR,onehot,1,wRBG-16-034-1_S164,0,0.8970211148262024
CTZ,lineage,LR,onehot,1,wRBG-17-028-1_S100,0,0.004781776107847691
CTZ,lineage,LR,onehot,1,wRBG-17-031-1_S154,0,0.02078189328312874
CTZ,lineage,LR,onehot,1,wRBG-17-055-1_S163,0,0.9644889831542969
CTZ,lineage,LR,onehot,1,wRBG-17-057-1_S141,0,0.09630569815635681
CTZ,lineage,LR,onehot,1,wRBG-17-106-1_S125,0,0.21646809577941895
CTZ,lineage,LR,onehot,1,wwRBB-16-112-1_S1,1,0.9161622524261475
CTZ,lineage,LR,onehot,1,wwRBF-16-007-1_S10,1,0.8894690275192261
CTZ,lineage,LR,onehot,1,wwRBF-17-167-1_S31,1,0.9892822504043579
CTZ,lineage,LR,onehot,1,wwRBF-17-189-1_S32,1,0.9083631038665771
CTZ,lineage,LR,onehot,1,wwRBF-17-209-1_S34,0,0.9910057783126831
CTZ,lineage,LR,onehot,1,wwRBK-16-023-1_S5,1,0.9897879362106323
CTZ,lineage,LR,onehot,1,wwRBK-17-0148-1_S37,1,0.9273208975791931
CTZ,lineage,LR,onehot,1,wwRBK-17-0148-2_S38,1,0.9317851066589355
CTZ,lineage,LR,onehot,1,wwRBK-17-0197-1_S39,1,0.7103772163391113
CTZ,lineage,LR,onehot,1,wwRBK-17-075-1_S28,1,0.8681866526603699
CTZ,lineage,LR,onehot,1,wwRBL-17-004-1_S44,1,0.9388212561607361
CTZ,lineage,LR,onehot,2,H17_S2_L001,0,0.14582329988479614
CTZ,lineage,LR,onehot,2,H37_S3_L001,0,0.20166495442390442
CTZ,lineage,LR,onehot,2,NNRBG-17-0308-1_S20,0,0.00994732603430748
CTZ,lineage,LR,onehot,2,NNRBG-17-0346-1_S30,0,0.19915662705898285
CTZ,lineage,LR,onehot,2,NNRBG-17-0382-1_S38,0,0.00023993356444407254
CTZ,lineage,LR,onehot,2,NNSurvcare045_S41,1,0.4976816773414612
CTZ,lineage,LR,onehot,2,RBB-18-0490-1_S20_L001,1,0.043681416660547256
CTZ,lineage,LR,onehot,2,RBB-18-0665-1_S23_L001,1,0.5707732439041138
CTZ,lineage,LR,onehot,2,RBB-18-0765-1_S191,1,0.23598043620586395
CTZ,lineage,LR,onehot,2,RBB-18-0772-1_S192,1,0.3850181996822357
CTZ,lineage,LR,onehot,2,RBB-18-1086-1_S189_2,1,0.4790528416633606
CTZ,lineage,LR,onehot,2,RBB-18-1406-1_S49,1,0.3785562515258789
CTZ,lineage,LR,onehot,2,RBB-19-0014-1_S44,1,0.0007593532209284604
CTZ,lineage,LR,onehot,2,RBBK18-0189-1_S24_L001,0,0.0004670181078836322
CTZ,lineage,LR,onehot,2,RBF-16-073-1_S23,1,0.4570680260658264
CTZ,lineage,LR,onehot,2,RBF-17-0424-1_S15,0,0.0008214567205868661
CTZ,lineage,LR,onehot,2,RBF-17-0450-1_S10,0,0.0005750560667365789
CTZ,lineage,LR,onehot,2,RBF-17-0508-1_S73,0,0.24804244935512543
CTZ,lineage,LR,onehot,2,RBF-17-0538-1_S82,0,0.9496942162513733
CTZ,lineage,LR,onehot,2,RBF-17-0540-1_S83,0,0.0021763304248452187
CTZ,lineage,LR,onehot,2,RBF-17-0630-1_S59,1,0.0003195954777766019
CTZ,lineage,LR,onehot,2,RBF-17-0648-1_S100,0,2.201851856398207e-08
CTZ,lineage,LR,onehot,2,RBF-18-0027-1_S5,0,0.7919791340827942
CTZ,lineage,LR,onehot,2,RBF-18-0035-1_S6,0,0.8938352465629578
CTZ,lineage,LR,onehot,2,RBF-18-0055-1_S11,0,0.14075374603271484
CTZ,lineage,LR,onehot,2,RBF-18-0087-1_S23,0,0.23144368827342987
CTZ,lineage,LR,onehot,2,RBF-18-0093-1_S80,0,0.043007075786590576
CTZ,lineage,LR,onehot,2,RBF-18-0125-1_S30,0,1.5026811524876393e-05
CTZ,lineage,LR,onehot,2,RBF-18-0126-1_S31,0,0.005143699236214161
CTZ,lineage,LR,onehot,2,RBF-18-0151-1_S83,1,2.864020279957913e-05
CTZ,lineage,LR,onehot,2,RBF-18-0184-1_S30,0,0.9997667670249939
CTZ,lineage,LR,onehot,2,RBF-18-0251-1_S55,0,0.801450788974762
CTZ,lineage,LR,onehot,2,RBF-18-0339-1_S37,0,0.09021471440792084
CTZ,lineage,LR,onehot,2,RBF-18-0664-1_S190,0,0.5734594464302063
CTZ,lineage,LR,onehot,2,RBG-17-013-1_S16,1,0.5810554623603821
CTZ,lineage,LR,onehot,2,RBG-18-0012-1_S3,0,0.06810568273067474
CTZ,lineage,LR,onehot,2,RBG-18-0023-1_S2,0,0.047311265021562576
CTZ,lineage,LR,onehot,2,RBG-18-0055-1_S43,0,6.609225238207728e-07
CTZ,lineage,LR,onehot,2,RBG-18-0085-1_S11,0,0.0005438458756543696
CTZ,lineage,LR,onehot,2,RBG-18-0144-1_S38,0,0.00015906062617432326
CTZ,lineage,LR,onehot,2,RBG-18-0202-1_S13_L001,0,0.0004718856362160295
CTZ,lineage,LR,onehot,2,RBG-18-0206-2_S46,0,0.04228605702519417
CTZ,lineage,LR,onehot,2,RBG-18-0209-2_S46,0,0.014278926886618137
CTZ,lineage,LR,onehot,2,RBG-18-0221-1_S47,0,4.840987344323366e-07
CTZ,lineage,LR,onehot,2,RBG-18-0280-1_S51,0,0.001643365598283708
CTZ,lineage,LR,onehot,2,RBG-18-0312-1_S55,0,0.430725634098053
CTZ,lineage,LR,onehot,2,RBG-18-0352-1_S21_L001,0,1.5157887901295908e-05
CTZ,lineage,LR,onehot,2,RBG-18-0358-1_S39,1,6.100175596657209e-06
CTZ,lineage,LR,onehot,2,RBG-18-0402-1_S50,1,0.7655673027038574
CTZ,lineage,LR,onehot,2,RBG-18-0417-1_S52,0,0.09363052248954773
CTZ,lineage,LR,onehot,2,RBK-16-073-1_S14,1,0.6539589166641235
CTZ,lineage,LR,onehot,2,RBK-16-079-1_S15,1,0.016074154525995255
CTZ,lineage,LR,onehot,2,RBK-17-0595-1_S187,1,0.20088236033916473
CTZ,lineage,LR,onehot,2,RBK-18-0005-1_S18,0,5.114857049193233e-05
CTZ,lineage,LR,onehot,2,RBk-18-0216-1_S231_2,0,0.9497420191764832
CTZ,lineage,LR,onehot,2,RBK-18-0250-1_S235_2,0,0.005752359516918659
CTZ,lineage,LR,onehot,2,RBK-18-0644-1_S180,1,4.920377705275314e-06
CTZ,lineage,LR,onehot,2,RBL-17-0095-1_S147,0,0.002166909398511052
CTZ,lineage,LR,onehot,2,RBL-17-0136-1_S161,0,0.055523380637168884
CTZ,lineage,LR,onehot,2,RBL-17-0232-1_S91,0,0.00017504383868072182
CTZ,lineage,LR,onehot,2,RBL-17-0256-1_S98,0,0.0001370878453599289
CTZ,lineage,LR,onehot,2,RBL-17-0261-1_S100,0,0.00011283567437203601
CTZ,lineage,LR,onehot,2,RBL-17-0263-1_S102,0,0.0024146963842213154
CTZ,lineage,LR,onehot,2,RBL-17-0283-1_S27,0,0.05968388915061951
CTZ,lineage,LR,onehot,2,RBL-17-0320-1_S114,0,0.3338147699832916
CTZ,lineage,LR,onehot,2,RBL-17-0349-1_S105,0,0.680878758430481
CTZ,lineage,LR,onehot,2,RBL-17-0374-1_S116,0,0.00933467410504818
CTZ,lineage,LR,onehot,2,RBL-17-0383-1_S119,0,0.001659126253798604
CTZ,lineage,LR,onehot,2,RBL-17-0391-1_S122,0,0.0013338748831301928
CTZ,lineage,LR,onehot,2,RBL-17-0397-1_S125,0,0.0743987113237381
CTZ,lineage,LR,onehot,2,RBT-16-0045-1_S58,1,0.07350648939609528
CTZ,lineage,LR,onehot,2,RBT-17-0008-1_S18,0,0.0028211690951138735
CTZ,lineage,LR,onehot,2,RBT-17-0023-1_S25,0,7.260632264660671e-05
CTZ,lineage,LR,onehot,2,RBT-17-0079-1_S29,0,8.041424007387832e-05
CTZ,lineage,LR,onehot,2,RBT-17-0084-1_S31,0,0.0010918737389147282
CTZ,lineage,LR,onehot,2,RBT-17-0099-1_S35,0,0.41538965702056885
CTZ,lineage,LR,onehot,2,RBT-17-0113-1_S42,0,0.0006793590728193521
CTZ,lineage,LR,onehot,2,RBT-17-0130-1_S27,0,0.0007834816933609545
CTZ,lineage,LR,onehot,2,RBT-17-0138-1_S52,0,0.23247261345386505
CTZ,lineage,LR,onehot,2,RBT-17-0156-1_S56,0,0.016651621088385582
CTZ,lineage,LR,onehot,2,RBT-17-0163-1_S59,0,0.001100408029742539
CTZ,lineage,LR,onehot,2,RBT-17-0165-1_S60,0,0.00030927135958336294
CTZ,lineage,LR,onehot,2,RBT-17-0167-1_S27,0,0.00420244550332427
CTZ,lineage,LR,onehot,2,RBT-17-0173-1_S63,0,0.00010289929923601449
CTZ,lineage,LR,onehot,2,RBT-17-0225-1_S9,0,0.0013005714863538742
CTZ,lineage,LR,onehot,2,RBT-17-0270-1_S65,0,0.0037368154153227806
CTZ,lineage,LR,onehot,2,RBT-17-0285-1_S66,0,0.8920605182647705
CTZ,lineage,LR,onehot,2,RBT-18-0023-1_S14,0,0.0014112929347902536
CTZ,lineage,LR,onehot,2,RBT-18-0050-1_S34,0,0.6289306879043579
CTZ,lineage,LR,onehot,2,RBT-18-0052-1_S35,1,0.00644710985943675
CTZ,lineage,LR,onehot,2,RBT-18-0103-1_S24,0,0.202654168009758
CTZ,lineage,LR,onehot,2,RBT-18-0110-1_S27,0,0.2830488085746765
CTZ,lineage,LR,onehot,2,RBT-18-0116-1_S46,0,0.1589501053094864
CTZ,lineage,LR,onehot,2,RBT-18-0127-1_S51,0,0.0018983939662575722
CTZ,lineage,LR,onehot,2,RBT-18-0173-1_S35,0,0.006991701200604439
CTZ,lineage,LR,onehot,2,RBT-18-0197-1_S40,0,0.00013306034088600427
CTZ,lineage,LR,onehot,2,RBT-18-0224-1_S43,0,0.010663380846381187
CTZ,lineage,LR,onehot,2,RBT-18-0246-1_S52,0,0.004123686347156763
CTZ,lineage,LR,onehot,2,RBT-18-0252-1_S53,0,0.9997052550315857
CTZ,lineage,LR,onehot,2,RBT-18-0253-1_S54,0,0.9999150037765503
CTZ,lineage,LR,onehot,2,RBT-18-0269-1_S61,0,0.000876378733664751
CTZ,lineage,LR,onehot,2,RBT-18-0271-1_S62,0,0.0021218028850853443
CTZ,lineage,LR,onehot,2,RBT-18-0288-1_S68,0,0.36900684237480164
CTZ,lineage,LR,onehot,2,RBT-18-0293-1_S71,0,0.0020690872333943844
CTZ,lineage,LR,onehot,2,RBT-18-0339-1_S47,0,0.0003298683150205761
CTZ,lineage,LR,onehot,2,RBT-18-0361-1_S38,0,0.0004936071345582604
CTZ,lineage,LR,onehot,2,RBT-18-0370-1_S33,0,0.01364166010171175
CTZ,lineage,LR,onehot,2,ResetH1_S1_L001,0,0.04818236827850342
CTZ,lineage,LR,onehot,2,ResetH115_S6_L001,0,0.7803143858909607
CTZ,lineage,LR,onehot,2,ResetH16_S2_L001,1,0.043196745216846466
CTZ,lineage,LR,onehot,2,ResetH44_S3_L001,0,9.664535900810733e-05
CTZ,lineage,LR,onehot,2,ResetH8_S2_L001,0,0.24476124346256256
CTZ,lineage,LR,onehot,2,ResetH99_S5_L001,0,0.11431431770324707
CTZ,lineage,LR,onehot,2,ResetV288_S6_L001,0,0.994831919670105
CTZ,lineage,LR,onehot,2,ResetV63_S5_L001,0,1.0532519354455872e-06
CTZ,lineage,LR,onehot,2,Survcare0114_S37,1,0.93412846326828
CTZ,lineage,LR,onehot,2,Survcare052_S22,1,0.9998804330825806
CTZ,lineage,LR,onehot,2,Survcare104_S16_L001,1,1.5190693375188857e-05
CTZ,lineage,LR,onehot,2,Survcare133_S25,1,0.8805027604103088
CTZ,lineage,LR,onehot,2,Survcare134_S26,1,0.693024218082428
CTZ,lineage,LR,onehot,2,Survcare140_S4_L001,1,0.818210244178772
CTZ,lineage,LR,onehot,2,Survcare176_S17_L001,1,0.5383528470993042
CTZ,lineage,LR,onehot,2,Survcare221_S7_L001,1,0.00021582549379672855
CTZ,lineage,LR,onehot,2,Survcare303_S15_L001,1,0.6759768724441528
CTZ,lineage,LR,onehot,2,Survcare329_S3,1,0.8400530219078064
CTZ,lineage,LR,onehot,2,V113_S3_L001,0,2.115507641065051e-06
CTZ,lineage,LR,onehot,2,V114_S5_L001,1,0.982892632484436
CTZ,lineage,LR,onehot,2,V172_S5_L001,0,5.547546493289701e-07
CTZ,lineage,LR,onehot,2,V201_S4_L001,1,0.9718834757804871
CTZ,lineage,LR,onehot,2,V215_S2_L001,0,0.006299118045717478
CTZ,lineage,LR,onehot,2,V289_S5_L001,0,0.9969141483306885
CTZ,lineage,LR,onehot,2,V40_S2_L001,1,0.003937589004635811
CTZ,lineage,LR,onehot,2,V64_S3_L001,0,2.951767328340793e-07
CTZ,lineage,LR,onehot,2,V80_S7_L001,1,4.628903297998477e-06
CTZ,lineage,LR,onehot,2,V9_S1_L001,1,0.008446833118796349
CTZ,lineage,LR,onehot,2,w2RBG-16-037-1_S34,0,0.368406742811203
CTZ,lineage,LR,onehot,2,wdh-RBL-17-0431-1_S46,0,0.5522862076759338
CTZ,lineage,LR,onehot,2,wdhRBF-17-0558-1_S121,0,0.6686220169067383
CTZ,lineage,LR,onehot,2,WDHRBG-16-050-1_S40,1,0.996508777141571
CTZ,lineage,LR,onehot,2,wdhRBL-17-0370-1_S232,0,0.2015252709388733
CTZ,lineage,LR,onehot,2,wNRZ-33910_S81,1,0.17770853638648987
CTZ,lineage,LR,onehot,2,wRBG-17-023-1_S155,0,0.0004080203943885863
CTZ,lineage,LR,onehot,2,wRBG-17-052-1_S120,0,0.0013380819000303745
CTZ,lineage,LR,onehot,2,wRBG-17-082-1_S106,0,2.3074622731655836e-05
CTZ,lineage,LR,onehot,2,wRBG-17-112-1_S146,0,0.00014064846618566662
CTZ,lineage,LR,onehot,2,wwRBB-17-031-1_S25,1,0.2657453715801239
CTZ,lineage,LR,onehot,2,wwRBF-16-094-1_S13,1,0.01049794815480709
CTZ,lineage,LR,onehot,2,WWSurvcare043_S43,1,0.3446059226989746
CTZ,lineage,LR,onehot,3,H116_S8_L001,1,0.982193112373352
CTZ,lineage,LR,onehot,3,H122_S4_L001,1,0.0633213147521019
CTZ,lineage,LR,onehot,3,H123_S1_L001,0,0.99469393491745
CTZ,lineage,LR,onehot,3,H141_S6_L001,1,7.175713835749775e-05
CTZ,lineage,LR,onehot,3,H153_S1_L001,1,0.08532202243804932
CTZ,lineage,LR,onehot,3,H154_S2_L001,1,0.1299206167459488
CTZ,lineage,LR,onehot,3,H157_S3_L001,0,0.9012522101402283
CTZ,lineage,LR,onehot,3,H160_S3_L001,1,0.07653198391199112
CTZ,lineage,LR,onehot,3,H162_S4_L001,0,0.015065537765622139
CTZ,lineage,LR,onehot,3,H164_S3_L001,1,0.15758749842643738
CTZ,lineage,LR,onehot,3,H176_S5_L001,0,0.9991575479507446
CTZ,lineage,LR,onehot,3,H50_S7_L001,0,0.9893745183944702
CTZ,lineage,LR,onehot,3,NNRBG-17-0227-1_S8,0,6.368744834617246e-06
CTZ,lineage,LR,onehot,3,NNRBG-17-0234-1_S9,0,2.0709569071186706e-05
CTZ,lineage,LR,onehot,3,NNRBG-17-0239-1_S10,0,0.00493214325979352
CTZ,lineage,LR,onehot,3,NNRBG-17-0243-1_S12,0,0.006239892914891243
CTZ,lineage,LR,onehot,3,NNRBG-17-0278-1_S16,0,0.9842334389686584
CTZ,lineage,LR,onehot,3,NNRBG-17-0316-1_S23,0,0.11662717163562775
CTZ,lineage,LR,onehot,3,RBB-18-0129-1_S179,1,0.18465368449687958
CTZ,lineage,LR,onehot,3,RBB-18-0674-1_S189,1,0.9474863409996033
CTZ,lineage,LR,onehot,3,RBB-18-0826-1_S193,1,0.8726237416267395
CTZ,lineage,LR,onehot,3,RBB-18-1312-1_S43,1,0.999961256980896
CTZ,lineage,LR,onehot,3,RBF-17-0520-2_S55,1,0.010589966550469398
CTZ,lineage,LR,onehot,3,RBF-17-0587-1_S91,0,0.00011709272803273052
CTZ,lineage,LR,onehot,3,RBF-17-0632-1_S97,0,0.0005586984916590154
CTZ,lineage,LR,onehot,3,RBF-17-0645-1_S61,0,0.999731719493866
CTZ,lineage,LR,onehot,3,RBF-17-0664-1_S63,0,0.9999758005142212
CTZ,lineage,LR,onehot,3,RBF-18-0013-1_S25_L001,0,0.0009844134328886867
CTZ,lineage,LR,onehot,3,RBF-18-0064-2_S14,0,0.018256383016705513
CTZ,lineage,LR,onehot,3,RBF-18-0072-1_S16,0,1.4161983017402235e-06
CTZ,lineage,LR,onehot,3,RBF-18-0099-1_S26,0,0.00042666576337069273
CTZ,lineage,LR,onehot,3,RBF-18-0192-1_S44,0,0.9843379855155945
CTZ,lineage,LR,onehot,3,RBF-18-0201-1_S49,0,0.999595582485199
CTZ,lineage,LR,onehot,3,RBF-18-0253-1_S13_L001,0,0.11217907816171646
CTZ,lineage,LR,onehot,3,RBF-18-0294-1_S64,0,4.49718463642057e-05
CTZ,lineage,LR,onehot,3,RBF-18-0296-1_S17,0,0.00037025526398792863
CTZ,lineage,LR,onehot,3,RBF-18-0310-1_S36,0,0.9912347793579102
CTZ,lineage,LR,onehot,3,RBF-18-0405-1_S81_2,1,0.9120149612426758
CTZ,lineage,LR,onehot,3,RBF-18-0634-1_S183,0,1.6578032349667815e-11
CTZ,lineage,LR,onehot,3,RBG-17-0269-1_S41,0,0.09080728888511658
CTZ,lineage,LR,onehot,3,RBG-18-0041-1_S6,0,2.0298349806546767e-11
CTZ,lineage,LR,onehot,3,RBG-18-0054-1_S42,0,0.07549529522657394
CTZ,lineage,LR,onehot,3,RBG-18-0071-1_S44,0,1.5857473320557425e-11
CTZ,lineage,LR,onehot,3,RBG-18-0076-1_S10,0,0.9991040825843811
CTZ,lineage,LR,onehot,3,RBG-18-0083-1_S12,0,0.00017817494517657906
CTZ,lineage,LR,onehot,3,RBG-18-0108-1_S16,0,0.00013085761747788638
CTZ,lineage,LR,onehot,3,RBG-18-0166-1_S10_L001,0,0.061634548008441925
CTZ,lineage,LR,onehot,3,RBG-18-0193-1_S8,0,0.01698642410337925
CTZ,lineage,LR,onehot,3,RBG-18-0211-1_S35,1,2.2981302194580167e-08
CTZ,lineage,LR,onehot,3,RBG-18-0300-1_S52,0,0.00037622504169121385
CTZ,lineage,LR,onehot,3,RBG-18-0308-1_S54,1,0.017696186900138855
CTZ,lineage,LR,onehot,3,RBG-18-0381-1_S49,0,0.0039889574982225895
CTZ,lineage,LR,onehot,3,RBG-18-0383-1_S37,1,0.6530046463012695
CTZ,lineage,LR,onehot,3,RBK-18-0002-1_S38,1,0.0008169327047653496
CTZ,lineage,LR,onehot,3,RBK-18-0020-1_S19,0,1.4592395928048063e-05
CTZ,lineage,LR,onehot,3,RBK-18-0062-2_S203,0,0.9998268485069275
CTZ,lineage,LR,onehot,3,RBL-17-0108-1_S151,0,0.007915136404335499
CTZ,lineage,LR,onehot,3,RBL-17-0116-1_S154,0,0.000218008499359712
CTZ,lineage,LR,onehot,3,RBL-17-0205-1_S175,0,0.0010526567930355668
CTZ,lineage,LR,onehot,3,RBL-17-0246-1_S94,0,0.12432851642370224
CTZ,lineage,LR,onehot,3,RBL-17-0259-1_S99,0,0.0011197830317541957
CTZ,lineage,LR,onehot,3,RBL-17-0274-2_S105,0,0.0004018547770101577
CTZ,lineage,LR,onehot,3,RBL-17-0327-1_S116,0,1.4918599617885775e-06
CTZ,lineage,LR,onehot,3,RBL-17-0328-1_S117,0,0.00010681878484319896
CTZ,lineage,LR,onehot,3,RBL-17-0340-1_S102,0,0.0002719694166444242
CTZ,lineage,LR,onehot,3,RBL-17-0342-1_S103,0,0.0008235654095187783
CTZ,lineage,LR,onehot,3,RBL-17-0347-1_S104,0,8.165431063389406e-05
CTZ,lineage,LR,onehot,3,RBL-17-0368-1_S114,0,9.022238373290747e-05
CTZ,lineage,LR,onehot,3,RBL-17-0375-1_S117,0,0.9999985694885254
CTZ,lineage,LR,onehot,3,RBL-17-0390-1_S121,0,3.973559068981558e-05
CTZ,lineage,LR,onehot,3,RBL-17-0395-1_S124,0,5.765231617260724e-05
CTZ,lineage,LR,onehot,3,RBL-17-0402-1_S126,0,5.576030525844544e-05
CTZ,lineage,LR,onehot,3,RBL-17-0428-1_S70,1,0.9693812131881714
CTZ,lineage,LR,onehot,3,RBL-17-0434-1_S133,0,0.0645294040441513
CTZ,lineage,LR,onehot,3,RBL-17-0435-1_S134,0,0.00023229536600410938
CTZ,lineage,LR,onehot,3,RBL-18-0016-1_S161,0,0.00012002311268588528
CTZ,lineage,LR,onehot,3,RBL-18-0037-1_S168,0,0.005079349968582392
CTZ,lineage,LR,onehot,3,RBL-18-0066-1_S173,0,7.061879296088591e-05
CTZ,lineage,LR,onehot,3,RBL-18-0085-1_S176,0,0.0049634105525910854
CTZ,lineage,LR,onehot,3,RBL-18-0242-1_S51,0,0.6018843650817871
CTZ,lineage,LR,onehot,3,RBT-17-0027-1_S3,0,0.017345795407891273
CTZ,lineage,LR,onehot,3,RBT-17-0124-1_S46,0,0.9536890387535095
CTZ,lineage,LR,onehot,3,RBT-17-0149-1_S13,1,1.483896267018281e-05
CTZ,lineage,LR,onehot,3,RBT-17-0168-1_S61,0,0.0007477314793504775
CTZ,lineage,LR,onehot,3,RBT-17-0178-1_S66,0,0.0002848433796316385
CTZ,lineage,LR,onehot,3,RBT-17-0194-1_S30,0,0.19344507157802582
CTZ,lineage,LR,onehot,3,RBT-17-0210-1_S55,0,9.878834680421278e-05
CTZ,lineage,LR,onehot,3,RBT-17-0228-1_S10,0,0.006441687233746052
CTZ,lineage,LR,onehot,3,RBT-17-0251-1_S62,0,0.9491332769393921
CTZ,lineage,LR,onehot,3,RBT-17-0279-1_S12,0,0.0005541436257772148
CTZ,lineage,LR,onehot,3,RBT-17-0287-1_S10,0,5.544462666762229e-10
CTZ,lineage,LR,onehot,3,RBT-18-0045-1_S70,0,0.027257727459073067
CTZ,lineage,LR,onehot,3,RBT-18-0095-1_S19,0,0.012382466346025467
CTZ,lineage,LR,onehot,3,RBT-18-0096-1_S20,0,0.3611740469932556
CTZ,lineage,LR,onehot,3,RBT-18-0100-1_S21,0,0.9980781078338623
CTZ,lineage,LR,onehot,3,RBT-18-0120-1_S48,0,0.9983571171760559
CTZ,lineage,LR,onehot,3,RBT-18-0129-1_S52,0,0.10761495679616928
CTZ,lineage,LR,onehot,3,RBT-18-0179-1_S37,0,0.03276349604129791
CTZ,lineage,LR,onehot,3,RBT-18-0185-1_S39,0,5.753587174694985e-05
CTZ,lineage,LR,onehot,3,RBT-18-0231-1_S14,0,0.04699336364865303
CTZ,lineage,LR,onehot,3,RBT-18-0232-1_S47,0,0.002915427088737488
CTZ,lineage,LR,onehot,3,RBT-18-0251-1_S7,0,0.338479220867157
CTZ,lineage,LR,onehot,3,RBT-18-0265-1_S59,0,2.679363120261513e-10
CTZ,lineage,LR,onehot,3,RBT-18-0303-1_S20,0,0.15976612269878387
CTZ,lineage,LR,onehot,3,RBT-18-0316-1_S43,0,0.0036335845943540335
CTZ,lineage,LR,onehot,3,RBT-18-0351-1_S48,0,0.006869656965136528
CTZ,lineage,LR,onehot,3,RBT-18-0360-1_S39,0,0.05884624645113945
CTZ,lineage,LR,onehot,3,ResetH134_S8_L001,1,0.009623798541724682
CTZ,lineage,LR,onehot,3,ResetH152_S4_L001,1,0.10566391050815582
CTZ,lineage,LR,onehot,3,ResetH24a_S3_2_L001,1,0.9802556037902832
CTZ,lineage,LR,onehot,3,ResetH45_S5_L001,0,0.9847007989883423
CTZ,lineage,LR,onehot,3,ResetV105_S1_L001,0,0.6091358661651611
CTZ,lineage,LR,onehot,3,ResetV70_S6_L001,1,0.879834771156311
CTZ,lineage,LR,onehot,3,ResetV74_S7_L001,1,0.6635786294937134
CTZ,lineage,LR,onehot,3,ResetV76_S7_L001,0,4.2053066863445565e-05
CTZ,lineage,LR,onehot,3,Survcare0111_S29,1,1.201003556161595e-06
CTZ,lineage,LR,onehot,3,Survcare129_S1,1,3.267074077939469e-08
CTZ,lineage,LR,onehot,3,Survcare190_S35,1,0.2625254690647125
CTZ,lineage,LR,onehot,3,Survcare230_S17_L001,1,0.9763420820236206
CTZ,lineage,LR,onehot,3,Survcare254_S36,1,0.768587052822113
CTZ,lineage,LR,onehot,3,Survcare292_S39,1,0.05482012405991554
CTZ,lineage,LR,onehot,3,Survcare295_S8_L001,1,0.9999991655349731
CTZ,lineage,LR,onehot,3,Survcare313_S24_L001,1,0.9995999932289124
CTZ,lineage,LR,onehot,3,V116_S6_L001,0,0.970890462398529
CTZ,lineage,LR,onehot,3,V120_S5_L001,0,0.9965680837631226
CTZ,lineage,LR,onehot,3,V123_S1_L001,0,0.3980167806148529
CTZ,lineage,LR,onehot,3,V168_S9_L001,1,0.31989046931266785
CTZ,lineage,LR,onehot,3,V183_S7_L001,0,6.0362617659848183e-05
CTZ,lineage,LR,onehot,3,V205_S3_L001,0,0.9935438632965088
CTZ,lineage,LR,onehot,3,V228_S8_L001,1,0.22968432307243347
CTZ,lineage,LR,onehot,3,V229_S10_L001,1,0.29818224906921387
CTZ,lineage,LR,onehot,3,V238_S11_L001,0,0.9636639356613159
CTZ,lineage,LR,onehot,3,V279_S8_L001,1,0.010402814485132694
CTZ,lineage,LR,onehot,3,V283_S5_L001,1,0.010053313337266445
CTZ,lineage,LR,onehot,3,V41_S2_L001,0,0.01181176770478487
CTZ,lineage,LR,onehot,3,V98_S3_L001,1,0.9864357113838196
CTZ,lineage,LR,onehot,3,wdh-RBL-17-0361-1_S44,0,3.7366189644671977e-05
CTZ,lineage,LR,onehot,3,wdh-Survcare119_S44,1,0.6522907018661499
CTZ,lineage,LR,onehot,3,wdh2NRZ-29911a_S31,1,0.10190494358539581
CTZ,lineage,LR,onehot,3,wdhRBF-18-0098-1_S19_L001,0,0.006291994825005531
CTZ,lineage,LR,onehot,3,WDHRBG-16-060-1_S27,0,0.004153328016400337
CTZ,lineage,LR,onehot,3,WDHRBG-16-062-1_S49,0,7.377634756267071e-05
CTZ,lineage,LR,onehot,3,WDHRBG-17-0093-1_S1,1,0.9999992847442627
CTZ,lineage,LR,onehot,3,wRBG-17-014-1_S167,0,0.17721733450889587
CTZ,lineage,LR,onehot,3,wRBG-17-022-1_S43,1,0.16206979751586914
CTZ,lineage,LR,onehot,3,wRBG-17-034-1_S121,0,0.10210121423006058
CTZ,lineage,LR,onehot,3,wRBG-17-049-1_S142,0,9.098588634515181e-05
CTZ,lineage,LR,onehot,3,wRBG-17-075-1_S96,0,2.8972567633900326e-06
CTZ,lineage,LR,onehot,3,wRBG-17-100-1_S104,0,0.016372056677937508
CTZ,lineage,LR,onehot,3,wRBG-17-110-1_S168,0,0.0006438291748054326
CTZ,lineage,LR,onehot,4,H108_S5_L001,0,3.1673444027546793e-06
CTZ,lineage,LR,onehot,4,H113_S6_L001,0,0.03354669362306595
CTZ,lineage,LR,onehot,4,H130_S2_L001,1,9.244948159903288e-06
CTZ,lineage,LR,onehot,4,H66_S1_L001,1,0.9965423941612244
CTZ,lineage,LR,onehot,4,H69_S6_L001,0,0.9977328777313232
CTZ,lineage,LR,onehot,4,H83_S7_L001,0,0.1965436339378357
CTZ,lineage,LR,onehot,4,NNRBG-17-0193-1_S2,0,1.3508387297633817e-08
CTZ,lineage,LR,onehot,4,NNRBG-17-0201-1_S6,0,0.0019973970483988523
CTZ,lineage,LR,onehot,4,NNRBG-17-0287-1_S17,0,0.05688541382551193
CTZ,lineage,LR,onehot,4,NNRBG-17-0298-1_S19,0,0.0006667696288786829
CTZ,lineage,LR,onehot,4,RBB-18-0519-1_S184,1,6.884088361402974e-05
CTZ,lineage,LR,onehot,4,RBB-18-0546-1_S22_L001,1,0.9965957999229431
CTZ,lineage,LR,onehot,4,RBB-18-1393-1_S48,1,0.9949619770050049
CTZ,lineage,LR,onehot,4,RBF-17-0178-1_S139,0,0.9990754127502441
CTZ,lineage,LR,onehot,4,RBF-17-0523-1_S30,0,8.521768904756755e-05
CTZ,lineage,LR,onehot,4,RBF-17-0532-1_S80,0,3.3918829558388097e-06
CTZ,lineage,LR,onehot,4,RBF-17-0532-2_S31,0,5.473626174534729e-07
CTZ,lineage,LR,onehot,4,RBF-17-0605-1_S94,0,0.0001754769909894094
CTZ,lineage,LR,onehot,4,RBF-17-0614-3_S95,0,6.180754280649126e-05
CTZ,lineage,LR,onehot,4,RBF-17-0616-1_S96,0,0.03310634195804596
CTZ,lineage,LR,onehot,4,RBF-17-0653-1_S101,0,2.899576543313742e-07
CTZ,lineage,LR,onehot,4,RBF-17-277-1_S73,1,1.2628943295567296e-05
CTZ,lineage,LR,onehot,4,RBF-18-0069-1_S78,1,0.996840238571167
CTZ,lineage,LR,onehot,4,RBF-18-0088-1_S24,0,4.2127265231783895e-08
CTZ,lineage,LR,onehot,4,RBF-18-0123-1_S25_L001,0,9.551910373772898e-10
CTZ,lineage,LR,onehot,4,RBF-18-0132-1_S26,0,0.0006394549855031073
CTZ,lineage,LR,onehot,4,RBF-18-0135-1_S34,0,1.4288582406152273e-06
CTZ,lineage,LR,onehot,4,RBF-18-0160-1_S37,0,0.00015033157251309603
CTZ,lineage,LR,onehot,4,RBF-18-0163-2_S39,0,0.00015676113252993673
CTZ,lineage,LR,onehot,4,RBF-18-0179-1_S29,0,0.052412744611501694
CTZ,lineage,LR,onehot,4,RBF-18-0200-1_S48,0,5.861260797246359e-05
CTZ,lineage,LR,onehot,4,RBF-18-0208-2_S11_L001,0,3.1708564165455755e-06
CTZ,lineage,LR,onehot,4,RBF-18-0259-1_S33,0,1.86933611985296e-05
CTZ,lineage,LR,onehot,4,RBF-18-0280-1_S62,0,6.294648756011156e-06
CTZ,lineage,LR,onehot,4,RBg-17-123-2_S12,0,0.005753341130912304
CTZ,lineage,LR,onehot,4,RBG-18-0017-1_S5,0,4.908333721687086e-07
CTZ,lineage,LR,onehot,4,RBG-18-0140-1_S14_L001,0,7.269439947776846e-07
CTZ,lineage,LR,onehot,4,RBG-18-0170-1_S41,0,0.0001386022922815755
CTZ,lineage,LR,onehot,4,RBG-18-0204-1_S23_L001,0,0.09633554518222809
CTZ,lineage,LR,onehot,4,RBG-18-0223-1_S2,0,6.1759506024827715e-06
CTZ,lineage,LR,onehot,4,RBG-18-0239-1_S4,0,7.602872301504249e-06
CTZ,lineage,LR,onehot,4,RBG-18-0355-1_S19_L001,0,6.374130316544324e-05
CTZ,lineage,LR,onehot,4,RBG-18-0367-1_S57,0,0.0023514737840741873
CTZ,lineage,LR,onehot,4,RBK-16-007-1_S13,1,2.751425654423656e-06
CTZ,lineage,LR,onehot,4,RBK-17-049-1_S62,1,0.8869810104370117
CTZ,lineage,LR,onehot,4,RBK-18-0047-1_S20,0,2.497871037121513e-06
CTZ,lineage,LR,onehot,4,RBK-18-0104-1_S206,0,7.630050049556303e-07
CTZ,lineage,LR,onehot,4,RBL-17-0076-1_S32,0,0.11830317974090576
CTZ,lineage,LR,onehot,4,RBL-17-0101-1_S148,0,9.933632827596739e-05
CTZ,lineage,LR,onehot,4,RBL-17-0165-1_S167,0,0.00011149976489832625
CTZ,lineage,LR,onehot,4,RBL-17-0172-1_S170,0,0.0006750900065526366
CTZ,lineage,LR,onehot,4,RBL-17-0324-1_S54,1,3.0925817554816604e-05
CTZ,lineage,LR,onehot,4,RBL-17-0366-1_S113,0,3.710438249981962e-05
CTZ,lineage,LR,onehot,4,RBL-17-075-1_S18,1,0.3454083502292633
CTZ,lineage,LR,onehot,4,RBL-18-0002-1_S158,0,3.2461900900671026e-06
CTZ,lineage,LR,onehot,4,RBL-18-0021-1_S42,0,0.08280916512012482
CTZ,lineage,LR,onehot,4,RBL-18-0022-1_S43,0,0.007314807269722223
CTZ,lineage,LR,onehot,4,RBL-18-0131-1_S188_2,1,0.9864280819892883
CTZ,lineage,LR,onehot,4,RBT-17-0022-1_S24,0,0.00011157709377584979
CTZ,lineage,LR,onehot,4,RBT-17-0100-1_S36,0,8.679173220116354e-07
CTZ,lineage,LR,onehot,4,RBT-17-0107-1_S39,0,3.963764538639225e-05
CTZ,lineage,LR,onehot,4,RBT-17-0112-1_S41,0,5.374872102947847e-07
CTZ,lineage,LR,onehot,4,RBT-17-0133-1_S6,0,0.9894640445709229
CTZ,lineage,LR,onehot,4,RBT-17-0161-1_S57,0,1.53985823203584e-07
CTZ,lineage,LR,onehot,4,RBT-17-0174-1_S64,0,0.0011212421813979745
CTZ,lineage,LR,onehot,4,RBT-17-0238-1_S59,0,0.0027445140294730663
CTZ,lineage,LR,onehot,4,RBT-17-0239-1_S60,0,1.416957729816204e-05
CTZ,lineage,LR,onehot,4,RBT-17-0256-1_S25,0,0.0007800102466717362
CTZ,lineage,LR,onehot,4,RBT-17-0291-1_S14,0,0.00017649740038905293
CTZ,lineage,LR,onehot,4,RBT-17-0295-1_S15,0,2.084209700115025e-05
CTZ,lineage,LR,onehot,4,RBT-18-0004-1_S51,1,0.9890252947807312
CTZ,lineage,LR,onehot,4,RBT-18-0017-1_S67,0,2.557820550919132e-07
CTZ,lineage,LR,onehot,4,RBT-18-0027-1_S68,0,0.000329223315929994
CTZ,lineage,LR,onehot,4,RBT-18-0042-1_S60,0,2.5220248062396422e-05
CTZ,lineage,LR,onehot,4,RBT-18-0056-1_S37,0,7.172957793954993e-06
CTZ,lineage,LR,onehot,4,RBT-18-0079-1_S16,0,0.0018016754183918238
CTZ,lineage,LR,onehot,4,RBT-18-0102-1_S23,0,6.802313237130875e-06
CTZ,lineage,LR,onehot,4,RBT-18-0115-1_S45,0,1.205428361572558e-05
CTZ,lineage,LR,onehot,4,RBT-18-0133-1_S30,0,0.16291138529777527
CTZ,lineage,LR,onehot,4,RBT-18-0141-1_S32,0,7.732076483080164e-06
CTZ,lineage,LR,onehot,4,RBT-18-0164-1_S34,0,4.967877430317458e-06
CTZ,lineage,LR,onehot,4,RBT-18-0181-1_S61,1,9.525191853754222e-05
CTZ,lineage,LR,onehot,4,RBT-18-0184-1_S38,1,1.5978448573150672e-06
CTZ,lineage,LR,onehot,4,RBT-18-0236-1_S48,1,1.4501088116958272e-06
CTZ,lineage,LR,onehot,4,RBT-18-0247-1_S16,1,0.9942082166671753
CTZ,lineage,LR,onehot,4,RBT-18-0263-1_S58,0,0.003325683530420065
CTZ,lineage,LR,onehot,4,RBT-18-0275-1_S63,0,8.321378118125722e-05
CTZ,lineage,LR,onehot,4,RBT-18-0283-1_S65,0,9.893182868836448e-05
CTZ,lineage,LR,onehot,4,RBT-18-0292-1_S70,0,0.021925950422883034
CTZ,lineage,LR,onehot,4,RBT-18-0325-1_S44,0,0.01132899709045887
CTZ,lineage,LR,onehot,4,RBT-18-0331-1_S22,0,0.000125606355140917
CTZ,lineage,LR,onehot,4,RBT-18-0334-1_S23,0,2.2705306037096307e-05
CTZ,lineage,LR,onehot,4,RBT-18-0338-1_S35,0,2.1315985577530228e-05
CTZ,lineage,LR,onehot,4,RBT-18-0340-1_S36,0,2.563281850598287e-05
CTZ,lineage,LR,onehot,4,RBT-18-0357-1_S27,0,4.090105448995018e-06
CTZ,lineage,LR,onehot,4,RBT-18-0358-1_S28,0,6.477200804511085e-05
CTZ,lineage,LR,onehot,4,RBT-18-0368-1_S32,1,8.703605271875858e-05
CTZ,lineage,LR,onehot,4,RBT-18-0377-1_S1,0,0.00015270542644429952
CTZ,lineage,LR,onehot,4,RBT-18-0384-1_S40,0,9.70790206338279e-05
CTZ,lineage,LR,onehot,4,RBT-18-0385-1_S34,0,3.3492079865027335e-07
CTZ,lineage,LR,onehot,4,ResetH139_S3_L001,0,3.409431428735843e-06
CTZ,lineage,LR,onehot,4,ResetH30_S4_L001,0,2.172060703742318e-05
CTZ,lineage,LR,onehot,4,ResetH89_S3_L001,1,0.3334122598171234
CTZ,lineage,LR,onehot,4,ResetH92_S4_L001,1,0.9997037053108215
CTZ,lineage,LR,onehot,4,ResetV161_S3_L001,1,0.9999991655349731
CTZ,lineage,LR,onehot,4,ResetV210_S4_L001,1,0.9999353885650635
CTZ,lineage,LR,onehot,4,RPG-18-0435-1_S32,0,3.644587707185565e-07
CTZ,lineage,LR,onehot,4,Survcare058_S26,1,0.961404025554657
CTZ,lineage,LR,onehot,4,Survcare184_S19,1,0.03392578661441803
CTZ,lineage,LR,onehot,4,Survcare253_S35,1,0.9935924410820007
CTZ,lineage,LR,onehot,4,Survcare262_S23_L001,1,3.9819082303438336e-05
CTZ,lineage,LR,onehot,4,Survcare275_S38,1,0.008718602359294891
CTZ,lineage,LR,onehot,4,Survcare291_S38,1,0.01793520897626877
CTZ,lineage,LR,onehot,4,Survcare310_S21_L001,1,0.00010411390394438058
CTZ,lineage,LR,onehot,4,Survcare321_S18,1,0.9870044589042664
CTZ,lineage,LR,onehot,4,Survcare337_S12,1,0.17248797416687012
CTZ,lineage,LR,onehot,4,V1_S6_L001,0,0.4540877938270569
CTZ,lineage,LR,onehot,4,V108_S2_L001,0,1.2622369467862882e-05
CTZ,lineage,LR,onehot,4,V130_S5_L001,1,0.9999808073043823
CTZ,lineage,LR,onehot,4,V131_S7_L001,1,1.8882553831645055e-06
CTZ,lineage,LR,onehot,4,V139_S7_L001,0,0.9997180104255676
CTZ,lineage,LR,onehot,4,V152_S3_L001,0,0.08767673373222351
CTZ,lineage,LR,onehot,4,V158_S4_L001,1,0.0019444107310846448
CTZ,lineage,LR,onehot,4,V163_S6_L001,0,0.00019175557827111334
CTZ,lineage,LR,onehot,4,V182_S6_L001,1,0.9990143775939941
CTZ,lineage,LR,onehot,4,V232_S3_L001,0,2.9985533274157206e-06
CTZ,lineage,LR,onehot,4,V268_S12_L001,1,0.9999849796295166
CTZ,lineage,LR,onehot,4,V271_S13_L001,1,0.9999325275421143
CTZ,lineage,LR,onehot,4,W2RBF-17-133-1_S28,1,0.9991996884346008
CTZ,lineage,LR,onehot,4,wdh-RBB-16-025-1_S20,0,3.2523420068208964e-10
CTZ,lineage,LR,onehot,4,wdhRBF-17-0564-1_S230,0,0.9737748503684998
CTZ,lineage,LR,onehot,4,wdhRBF-18-0049-1_S13_L001,0,2.9696150249947095e-07
CTZ,lineage,LR,onehot,4,wdhRBF-18-0080-1_S17_L001,0,0.9823434352874756
CTZ,lineage,LR,onehot,4,WDHRBG-16-049-1_S87,0,0.9540095925331116
CTZ,lineage,LR,onehot,4,WDHRBG-17-001-1_S82,0,1.3524778523787973e-06
CTZ,lineage,LR,onehot,4,WDHRBG-17-005-2_S61,0,0.00308270868845284
CTZ,lineage,LR,onehot,4,WDHRBG-17-008-1_S83,0,0.009730309247970581
CTZ,lineage,LR,onehot,4,WDHRBG-17-0256-1_S17,0,0.14549024403095245
CTZ,lineage,LR,onehot,4,WDHRBG-17-122-1_S48,0,0.690249502658844
CTZ,lineage,LR,onehot,4,wRBG-16-024-1_S152,0,0.07699950784444809
CTZ,lineage,LR,onehot,4,wRBG-16-027-1_S174,0,4.695041570812464e-05
CTZ,lineage,LR,onehot,4,wRBG-17-030-1_S165,0,2.3098502666130116e-08
CTZ,lineage,LR,onehot,4,wRBG-17-047-1_S153,0,6.599003654628177e-08
CTZ,lineage,LR,onehot,4,wRBG-17-073-1_S118,0,1.8080705785905593e-06
CTZ,lineage,LR,onehot,4,wwRBF-17-148-1_S27,0,4.215517401462421e-05
CTZ,lineage,LR,onehot,4,wwRBF-17-251-1_S33,1,0.5662629008293152
CTZ,lineage,LR,onehot,4,wwRBK-17-0278-1_S41,1,0.9997406601905823
CTZ,lineage,LR,onehot,4,wwRBK-17-0298-1_S42,1,0.6000483632087708
CTZ,lineage,LR,onehot,4,wwRBL-16-111-1_S16,1,0.9966457486152649
CTZ,lineage,SVM,onehot,0,H109_S2_L001,0,0.8589719824547336
CTZ,lineage,SVM,onehot,0,H119_S7_L001,1,0.07199466966907929
CTZ,lineage,SVM,onehot,0,H38_S4_L001,1,0.784220954385448
CTZ,lineage,SVM,onehot,0,NNRBG-17-0196-1_S3,0,0.03893992070382472
CTZ,lineage,SVM,onehot,0,NNRBG-17-0199-1_S5,0,0.041398600794365324
CTZ,lineage,SVM,onehot,0,NNRBG-17-0205-1_S7,0,0.8187680568095304
CTZ,lineage,SVM,onehot,0,NNRBG-17-0294-1_S18,0,0.4688848820984436
CTZ,lineage,SVM,onehot,0,NNRBG-17-0319-1_S24,0,0.4136046582796504
CTZ,lineage,SVM,onehot,0,NNRBG-17-0328-1_S25,0,0.6124295519677274
CTZ,lineage,SVM,onehot,0,NNRBG-17-0329-1_S26,0,0.29984998081726527
CTZ,lineage,SVM,onehot,0,NNRBG-17-0399-1_S40,0,0.48344751361825916
CTZ,lineage,SVM,onehot,0,RBB-18-0892-1_S80_2,1,0.935262045020086
CTZ,lineage,SVM,onehot,0,RBB-18-0972-1_S203_2,1,0.9196548557525291
CTZ,lineage,SVM,onehot,0,RBB-18-1212-1_S67_2,1,0.8796582832052635
CTZ,lineage,SVM,onehot,0,RBB-18-1488-1_S46,1,0.06143513925787139
CTZ,lineage,SVM,onehot,0,RBB-18-1502-1_S47,1,0.454217735160838
CTZ,lineage,SVM,onehot,0,RBF-10-0240-1_S12_L001,0,0.27163010790455694
CTZ,lineage,SVM,onehot,0,RBF-16-0064-1_S136,0,0.1845822946330447
CTZ,lineage,SVM,onehot,0,RBF-17-0164-1_S137,0,0.45511136595307083
CTZ,lineage,SVM,onehot,0,RBF-17-0173-1_S138,0,0.8039364964759401
CTZ,lineage,SVM,onehot,0,RBF-17-0194-1_S140,0,0.5080288148067406
CTZ,lineage,SVM,onehot,0,RBF-17-0550-1_S84,0,0.946247158585234
CTZ,lineage,SVM,onehot,0,RBF-17-0589-1_S92,0,0.496324392838299
CTZ,lineage,SVM,onehot,0,RBF-17-0602-1_S93,0,0.6160456674182597
CTZ,lineage,SVM,onehot,0,RBF-17-0635-1_S98,0,0.3580708737446871
CTZ,lineage,SVM,onehot,0,RBF-17-0647-1_S99,0,0.4613106952089527
CTZ,lineage,SVM,onehot,0,RBF-17-0651-1_S62,0,0.11207039937922789
CTZ,lineage,SVM,onehot,0,RBF-17-266-1_S70,1,0.8053192829954934
CTZ,lineage,SVM,onehot,0,RBF-18-0036-1_S7,0,0.07811287641913771
CTZ,lineage,SVM,onehot,0,RBF-18-0085-1_S21,0,0.26450749396564366
CTZ,lineage,SVM,onehot,0,RBF-18-0086-1_S22,0,0.031362447861023234
CTZ,lineage,SVM,onehot,0,RBF-18-0127-1_S32,0,0.9429243107101909
CTZ,lineage,SVM,onehot,0,RBF-18-0214-1_S51,0,0.51615312014504
CTZ,lineage,SVM,onehot,0,RBF-18-0217-1_S54,0,0.14938277672613573
CTZ,lineage,SVM,onehot,0,RBF-18-0338-1_S72,0,0.2971164923707036
CTZ,lineage,SVM,onehot,0,RBG-17-0284-1_S59,0,0.5709188468411661
CTZ,lineage,SVM,onehot,0,RBG-18-0025-1_S9_L001,0,0.005245584182322952
CTZ,lineage,SVM,onehot,0,RBG-18-0029-1_S40,0,0.09902314940420479
CTZ,lineage,SVM,onehot,0,RBG-18-0077-1_S9,1,0.9065181046175479
CTZ,lineage,SVM,onehot,0,RBG-18-0185-1_S40,0,0.5396691982461513
CTZ,lineage,SVM,onehot,0,RBG-18-0191-1_S11_L001,0,0.4750150985546186
CTZ,lineage,SVM,onehot,0,RBG-18-0194-1_S45,0,0.026664000923306105
CTZ,lineage,SVM,onehot,0,RBG-18-0256-1_S8_L001,1,0.46077610816074943
CTZ,lineage,SVM,onehot,0,RBG-18-0265-1_S49,0,0.3903222154758432
CTZ,lineage,SVM,onehot,0,RBG-18-0276-1_S50,0,0.544512822963903
CTZ,lineage,SVM,onehot,0,RBG-18-0301-1_S53,0,0.34661890124891176
CTZ,lineage,SVM,onehot,0,RBG-18-0394-1_S23_L001,0,0.4106234377736604
CTZ,lineage,SVM,onehot,0,RBK-16-124-1_S16,1,0.13611380343485618
CTZ,lineage,SVM,onehot,0,RBK-18-0019-1_S195,0,0.29788049565569574
CTZ,lineage,SVM,onehot,0,RBK-18-0037-1_S199,0,0.04350605419440857
CTZ,lineage,SVM,onehot,0,RBK-18-0038-1_S200,0,0.21947885621128851
CTZ,lineage,SVM,onehot,0,RBK-18-0414-1_S59,0,0.0021461796077730123
CTZ,lineage,SVM,onehot,0,RBL-17-0090-1_S145,0,0.15581993410817913
CTZ,lineage,SVM,onehot,0,RBL-17-0104-1_S149,0,0.2565638603946989
CTZ,lineage,SVM,onehot,0,RBL-17-0117-1_S155,0,0.24062018164404758
CTZ,lineage,SVM,onehot,0,RBL-17-0129-1_S158,0,0.42413585620752764
CTZ,lineage,SVM,onehot,0,RBL-17-0133-1_S159,0,0.6094514740548714
CTZ,lineage,SVM,onehot,0,RBL-17-0135-1_S160,0,0.5770872370532418
CTZ,lineage,SVM,onehot,0,RBL-17-0138-1_S162,0,0.41076013820210727
CTZ,lineage,SVM,onehot,0,RBL-17-0144-1_S163,0,0.928957957051824
CTZ,lineage,SVM,onehot,0,RBL-17-0155-1_S165,0,0.033604500719155196
CTZ,lineage,SVM,onehot,0,RBL-17-0197-1_S173,0,0.05087763634685668
CTZ,lineage,SVM,onehot,0,RBL-17-0217-1_S176,0,0.11314825466187678
CTZ,lineage,SVM,onehot,0,RBL-17-0235-1_S92,0,0.39888459762367845
CTZ,lineage,SVM,onehot,0,RBL-17-0267-1_S104,0,0.13964836512089013
CTZ,lineage,SVM,onehot,0,RBL-17-0300-1_S112,0,0.1654139386893362
CTZ,lineage,SVM,onehot,0,RBL-17-0306-1_S50,1,0.0859434857448032
CTZ,lineage,SVM,onehot,0,RBL-17-0393-1_S123,0,0.32204061894755304
CTZ,lineage,SVM,onehot,0,RBL-17-0409-1_S127,0,0.4684491693932334
CTZ,lineage,SVM,onehot,0,RBL-17-0429-1_S130,0,0.08289657620535969
CTZ,lineage,SVM,onehot,0,RBL-18-0019-1_S41,0,0.10296588538369988
CTZ,lineage,SVM,onehot,0,RBL-18-0032-1_S167,0,0.8853557177398729
CTZ,lineage,SVM,onehot,0,RBL-18-0055-1_S170,0,0.5363298371256837
CTZ,lineage,SVM,onehot,0,RBT-17-0003-1_S16,0,0.15759864467010648
CTZ,lineage,SVM,onehot,0,RBT-17-0011-1_S19,0,0.3165655997851595
CTZ,lineage,SVM,onehot,0,RBT-17-0019-1_S62,1,0.8030886144689591
CTZ,lineage,SVM,onehot,0,RBT-17-0024-1_S23,0,0.6916815091255579
CTZ,lineage,SVM,onehot,0,RBT-17-0033-1_S12,1,0.03906115095885359
CTZ,lineage,SVM,onehot,0,RBT-17-0082-1_S30,0,0.08173698766145394
CTZ,lineage,SVM,onehot,0,RBT-17-0090-1_S32,0,0.017023316770422407
CTZ,lineage,SVM,onehot,0,RBT-17-0097-1_S34,1,0.8937053056544166
CTZ,lineage,SVM,onehot,0,RBT-17-0109-1_S40,0,0.40493989882592557
CTZ,lineage,SVM,onehot,0,RBT-17-0118-1_S45,0,0.820893575340695
CTZ,lineage,SVM,onehot,0,RBT-17-0142-1_S53,0,0.2772940055553751
CTZ,lineage,SVM,onehot,0,RBT-17-0150-1_S54,0,0.26026075128819326
CTZ,lineage,SVM,onehot,0,RBT-17-0177-1_S65,0,0.010621585700752745
CTZ,lineage,SVM,onehot,0,RBT-17-0177-2_S7,0,0.010591216559149564
CTZ,lineage,SVM,onehot,0,RBT-17-0188-1_S68,1,0.049122550902057104
CTZ,lineage,SVM,onehot,0,RBT-17-0243-1_S11,0,0.6965711585789024
CTZ,lineage,SVM,onehot,0,RBT-17-0337-1_S19,0,0.5631173160330135
CTZ,lineage,SVM,onehot,0,RBT-18-0030-1_S69,0,0.16998160293793035
CTZ,lineage,SVM,onehot,0,RBT-18-0046-1_S2,0,0.13696982136520439
CTZ,lineage,SVM,onehot,0,RBT-18-0057-1_S38,0,0.003958618250583244
CTZ,lineage,SVM,onehot,0,RBT-18-0064-1_S15,0,0.3888598225088953
CTZ,lineage,SVM,onehot,0,RBT-18-0066-1_S40,0,0.7073989264145224
CTZ,lineage,SVM,onehot,0,RBT-18-0080-1_S49,1,0.45213099840665166
CTZ,lineage,SVM,onehot,0,RBT-18-0091-1_S42,0,0.6183932012169837
CTZ,lineage,SVM,onehot,0,RBT-18-0101-1_S22,0,0.027932686111732496
CTZ,lineage,SVM,onehot,0,RBT-18-0113-1_S44,0,0.4259879759669396
CTZ,lineage,SVM,onehot,0,RBT-18-0121-1_S28,0,0.08726523683113367
CTZ,lineage,SVM,onehot,0,RBT-18-0122-1_S63,0,0.03157179331586393
CTZ,lineage,SVM,onehot,0,RBT-18-0125-1_S50,0,0.46181420069867896
CTZ,lineage,SVM,onehot,0,RBT-18-0134-1_S29,0,0.5016339883306984
CTZ,lineage,SVM,onehot,0,RBT-18-0230-1_S45,0,0.1816584047927968
CTZ,lineage,SVM,onehot,0,RBT-18-0259-1_S55,0,0.008727594142845381
CTZ,lineage,SVM,onehot,0,RBT-18-0317-1_S27,0,0.35515825556051867
CTZ,lineage,SVM,onehot,0,RBT-18-0341-1_S24,0,0.004196077388496602
CTZ,lineage,SVM,onehot,0,RBT-18-0364-1_S29,0,0.10782045591673492
CTZ,lineage,SVM,onehot,0,RBT-18-0365-1_S30,0,0.9752430022224452
CTZ,lineage,SVM,onehot,0,ResetH10_S1_L001,0,0.9157067188420466
CTZ,lineage,SVM,onehot,0,ResetH68_S1_L001,0,0.6011726328344642
CTZ,lineage,SVM,onehot,0,ResetH93_S5_L001,1,0.8283386372839919
CTZ,lineage,SVM,onehot,0,ResetH98_S4_L001,0,0.10230328055428284
CTZ,lineage,SVM,onehot,0,ResetV143_S2_L001,0,0.007176409449938659
CTZ,lineage,SVM,onehot,0,Survcare125_S25,1,0.992743963110369
CTZ,lineage,SVM,onehot,0,Survcare130_S2,1,0.6586833858589652
CTZ,lineage,SVM,onehot,0,Survcare234_S3_L001,1,0.028196972768062965
CTZ,lineage,SVM,onehot,0,Survcare244_S9_L001,1,0.9909796500881329
CTZ,lineage,SVM,onehot,0,Survcare278_S62,1,0.01806949093582642
CTZ,lineage,SVM,onehot,0,Survcare289_S36,1,0.4116542100724789
CTZ,lineage,SVM,onehot,0,Survcare293_S40,1,0.4875730487171928
CTZ,lineage,SVM,onehot,0,Survcare309_S20_L001,1,0.6724723798375438
CTZ,lineage,SVM,onehot,0,Survcare317_S5_L001,1,0.11805095656791963
CTZ,lineage,SVM,onehot,0,Survcare318_S20_L001,1,0.8600279517401107
CTZ,lineage,SVM,onehot,0,Survcare319_S16,1,0.3457476254764416
CTZ,lineage,SVM,onehot,0,Survcare334_S10,1,0.9847578051066409
CTZ,lineage,SVM,onehot,0,Survcare335_S11,1,0.8209181427724945
CTZ,lineage,SVM,onehot,0,Survcare350_S44,1,0.6251267928935891
CTZ,lineage,SVM,onehot,0,Survcare360_S84,1,0.29839539058412085
CTZ,lineage,SVM,onehot,0,V153_S4_L001,0,0.035107268773612046
CTZ,lineage,SVM,onehot,0,V155_S5_L001,0,0.027429839192039597
CTZ,lineage,SVM,onehot,0,V177_S6_L001,1,0.21179539331216982
CTZ,lineage,SVM,onehot,0,V195_S1_L001,1,0.03696739078773569
CTZ,lineage,SVM,onehot,0,V292_S6_L001,1,0.9949069459961565
CTZ,lineage,SVM,onehot,0,V71_S4_L001,1,0.07500463971244277
CTZ,lineage,SVM,onehot,0,V73_S5_L001,1,0.8520123618698868
CTZ,lineage,SVM,onehot,0,V8_S7_L001,0,0.8135838414080964
CTZ,lineage,SVM,onehot,0,V86_S1_L001,1,0.9452376649068542
CTZ,lineage,SVM,onehot,0,V96_S2_L001,1,0.9411499585031871
CTZ,lineage,SVM,onehot,0,W2RBF-17-090-1_S26,1,0.03416706778947875
CTZ,lineage,SVM,onehot,0,wdhRBF-18-0057_S14_L001,0,0.4567298316446206
CTZ,lineage,SVM,onehot,0,wNRZ-32446_S79,1,0.02565745304950274
CTZ,lineage,SVM,onehot,0,wRBG-16-026-1_S163,0,0.13307340526099976
CTZ,lineage,SVM,onehot,0,wRBG-16-032-1_S142,0,0.34761639946768796
CTZ,lineage,SVM,onehot,0,wRBG-17-021-1_S166,0,0.28953481078195686
CTZ,lineage,SVM,onehot,0,wRBG-17-025-1_S133,0,0.0019310955755727464
CTZ,lineage,SVM,onehot,0,wRBG-17-058-1_S130,0,0.09682582545327967
CTZ,lineage,SVM,onehot,0,wRBG-17-072-1_S129,0,0.026376494205267553
CTZ,lineage,SVM,onehot,0,wRBG-17-081-1_S117,0,0.03848458192063297
CTZ,lineage,SVM,onehot,0,wRBG-17-102-1_S169,0,0.00024669926457401197
CTZ,lineage,SVM,onehot,1,H100_S2_L001,0,0.8347028554643228
CTZ,lineage,SVM,onehot,1,H105_S3_L001,0,0.7395609219931542
CTZ,lineage,SVM,onehot,1,H136_S7_L001,0,0.6847683451911136
CTZ,lineage,SVM,onehot,1,H148_S4_L001,1,0.6930218097743802
CTZ,lineage,SVM,onehot,1,H28_S10_L001,0,0.1335048344212037
CTZ,lineage,SVM,onehot,1,H3_S1_L001,1,0.7055780629932453
CTZ,lineage,SVM,onehot,1,H51_S5_L001,0,0.7440503121869987
CTZ,lineage,SVM,onehot,1,H53_S4_L001,1,0.716647204315693
CTZ,lineage,SVM,onehot,1,H71_S1_L001,1,0.6506887168917241
CTZ,lineage,SVM,onehot,1,H86_S1_L001,0,0.27454160570050307
CTZ,lineage,SVM,onehot,1,NNRBG-17-0191-1_S1,0,0.5916065540778714
CTZ,lineage,SVM,onehot,1,NNRBG-17-0198-1_S4,0,0.04283165796665364
CTZ,lineage,SVM,onehot,1,NNRBG-17-0242-1_S11,0,0.6620601341065039
CTZ,lineage,SVM,onehot,1,NNRBG-17-0249-1_S13,0,0.4689151027219746
CTZ,lineage,SVM,onehot,1,NNRBG-17-0255-1_S14,0,0.30288953719229034
CTZ,lineage,SVM,onehot,1,NNRBG-17-0378-1_S37,0,0.681679837975833
CTZ,lineage,SVM,onehot,1,RBB-17-011-1_S40,1,0.7410333302048814
CTZ,lineage,SVM,onehot,1,RBB-17-171-1_S52,1,0.573169986700374
CTZ,lineage,SVM,onehot,1,RBB-18-0537-1_S21_L001,1,0.7774094796581247
CTZ,lineage,SVM,onehot,1,RBB-18-0668-1_S188,1,0.6626144001450264
CTZ,lineage,SVM,onehot,1,RBB-18-1309-1_S42,1,0.5352523364646397
CTZ,lineage,SVM,onehot,1,RBB-18-1460-1_S45,1,0.4091141994048037
CTZ,lineage,SVM,onehot,1,RBF-16-004-1_S18,0,0.23802519914683037
CTZ,lineage,SVM,onehot,1,RBF-16-060-1_S22,1,0.7514999050279724
CTZ,lineage,SVM,onehot,1,RBF-17-0195-1_S141,0,0.2462661879325936
CTZ,lineage,SVM,onehot,1,RBF-17-0340-1_S81,1,0.787410286250372
CTZ,lineage,SVM,onehot,1,RBF-17-0438-1_S9,1,0.7410333302048814
CTZ,lineage,SVM,onehot,1,RBF-17-0467-1_S12,1,0.7119623180835185
CTZ,lineage,SVM,onehot,1,RBF-17-0489-1_S13,1,0.6213977127048581
CTZ,lineage,SVM,onehot,1,RBF-17-0509-1_S74,0,0.0716644409426605
CTZ,lineage,SVM,onehot,1,RBF-17-0513-1_S76,0,0.5646615860605879
CTZ,lineage,SVM,onehot,1,RBF-17-0521-1_S78,0,0.7839610171897373
CTZ,lineage,SVM,onehot,1,RBF-17-0537-1_S56,1,0.6801827915905891
CTZ,lineage,SVM,onehot,1,RBF-17-0553-1_S85,0,0.7578246817794614
CTZ,lineage,SVM,onehot,1,RBF-17-0572-2_S89,0,0.5583765139634744
CTZ,lineage,SVM,onehot,1,RBF-17-067-1_S54,1,0.6464078141692718
CTZ,lineage,SVM,onehot,1,RBF-17-094-1_S56,1,0.667792995296145
CTZ,lineage,SVM,onehot,1,RBF-17-170-1_S66,1,0.7431700294862525
CTZ,lineage,SVM,onehot,1,RBF-17-186-1_S69,1,0.7410333302048814
CTZ,lineage,SVM,onehot,1,RBF-17-318-1_S77,1,0.8279050445654124
CTZ,lineage,SVM,onehot,1,RBF-18-0019-1_S2,0,0.7578432619193507
CTZ,lineage,SVM,onehot,1,RBF-18-0066-1_S15,0,0.023919003702096174
CTZ,lineage,SVM,onehot,1,RBF-18-0068-1_S77,1,0.4697871685932113
CTZ,lineage,SVM,onehot,1,RBF-18-0075-1_S79,1,0.4701458783812993
CTZ,lineage,SVM,onehot,1,RBF-18-0121-1_S28,0,0.5461869267388574
CTZ,lineage,SVM,onehot,1,RBF-18-0139-1_S35,0,0.012824248562659834
CTZ,lineage,SVM,onehot,1,RBF-18-0147-1_S36,0,0.08459836712063594
CTZ,lineage,SVM,onehot,1,RBF-18-0172-1_S40,0,0.6784542291759409
CTZ,lineage,SVM,onehot,1,RBF-18-0173-1_S27,0,0.8750292500817857
CTZ,lineage,SVM,onehot,1,RBF-18-0174-1_S28,0,0.5060455755940575
CTZ,lineage,SVM,onehot,1,RBF-18-0187-1_S31,1,0.85167287917471
CTZ,lineage,SVM,onehot,1,RBF-18-0194-1_S86,1,0.27909557710654304
CTZ,lineage,SVM,onehot,1,RBF-18-0196-1_S46,0,0.42447406783771496
CTZ,lineage,SVM,onehot,1,RBF-18-0199-1_S47,0,0.8570992862377743
CTZ,lineage,SVM,onehot,1,RBF-18-0227-1_S53,0,0.1028209435975267
CTZ,lineage,SVM,onehot,1,RBF-18-0252-1_S56,0,0.12570204807708016
CTZ,lineage,SVM,onehot,1,RBF-18-0277-1_S61,0,0.7834497887469045
CTZ,lineage,SVM,onehot,1,RBF-18-0282-1_S63,0,0.9649049536419453
CTZ,lineage,SVM,onehot,1,RBF-18-0321-1_S69,0,0.26413465294437366
CTZ,lineage,SVM,onehot,1,RBF-18-0333-1_S70,0,0.03851644480045101
CTZ,lineage,SVM,onehot,1,RBF-18-0585-1_S48,1,0.5552838428296288
CTZ,lineage,SVM,onehot,1,RBF-18-0714-2_S204_2,1,0.5793853171015266
CTZ,lineage,SVM,onehot,1,RBG-17-0351-1_S20_L001,1,0.8167088747353636
CTZ,lineage,SVM,onehot,1,RBG-17-0383-1_S44,0,0.25586493138390126
CTZ,lineage,SVM,onehot,1,RBG-18-0004-1_S1,1,0.7410333302048814
CTZ,lineage,SVM,onehot,1,RBG-18-0072-1_S8,0,0.6072721921458418
CTZ,lineage,SVM,onehot,1,RBG-18-0099-1_S14,1,0.7410333302048814
CTZ,lineage,SVM,onehot,1,RBG-18-0113-1_S13_L001,0,0.7452101750197001
CTZ,lineage,SVM,onehot,1,RBG-18-0129-1_S15_L001,1,0.39923632455596453
CTZ,lineage,SVM,onehot,1,RBG-18-0153-1_S14,0,0.7630803077312236
CTZ,lineage,SVM,onehot,1,RBG-18-0177-1_S17_L001,1,0.7186261281666433
CTZ,lineage,SVM,onehot,1,RBG-18-0200-1_S18_L001,1,0.6188103973746888
CTZ,lineage,SVM,onehot,1,RBG-18-0224-1_S24_L001,1,0.7438274371862332
CTZ,lineage,SVM,onehot,1,RBG-18-0279-1_S36,1,0.6623967725067883
CTZ,lineage,SVM,onehot,1,RBG-18-0289-1_S37,1,0.24757688288045743
CTZ,lineage,SVM,onehot,1,RBG-18-0347-1_S22_L001,0,0.7402501402657058
CTZ,lineage,SVM,onehot,1,RBG-18-0380-1_S48,0,0.7410333302048814
CTZ,lineage,SVM,onehot,1,RBG-18-0388-1_S21_L001,1,0.6730172654834345
CTZ,lineage,SVM,onehot,1,RBG-18-0391-1_S22_L001,1,0.8418639995012227
CTZ,lineage,SVM,onehot,1,RBG-18-0410-1_S12,1,0.6256646439830764
CTZ,lineage,SVM,onehot,1,RBG-18-0421-1_S53,1,0.7428276949120685
CTZ,lineage,SVM,onehot,1,RBG-18-0437-1_S54,0,0.6339967627036854
CTZ,lineage,SVM,onehot,1,RBK-17-0457-1_S6,1,0.7714022598530665
CTZ,lineage,SVM,onehot,1,RBK-17-0492-1_S8,1,0.22758461261262936
CTZ,lineage,SVM,onehot,1,RBK-17-0588-1_S24,1,0.6846535227608566
CTZ,lineage,SVM,onehot,1,RBK-17-0601-1_S25,1,0.7410333302048814
CTZ,lineage,SVM,onehot,1,RBK-17-0612-1_S27,1,0.7397360311715484
CTZ,lineage,SVM,onehot,1,RBK-17-0655-5_S182,1,0.7207231782871113
CTZ,lineage,SVM,onehot,1,RBK-18-0022-1_S197,0,0.46855526091885213
CTZ,lineage,SVM,onehot,1,RBK-18-0060-1_S22,0,0.9900998735373098
CTZ,lineage,SVM,onehot,1,RBK-18-0077-1_S212,1,0.7397360311715484
CTZ,lineage,SVM,onehot,1,RBK-18-0080-1_S205,0,0.05087814704996941
CTZ,lineage,SVM,onehot,1,RBK-18-0236-2_S52_2,1,0.465869164379884
CTZ,lineage,SVM,onehot,1,RBKk-18-0108-1_S201,1,0.6471560147389717
CTZ,lineage,SVM,onehot,1,RBL-17-0093-1_S146,0,0.3235440596551999
CTZ,lineage,SVM,onehot,1,RBL-17-0107-1_S150,0,0.3847707566706148
CTZ,lineage,SVM,onehot,1,RBL-17-0113-1_S153,0,0.8098777328019475
CTZ,lineage,SVM,onehot,1,RBL-17-0118-1_S156,0,0.48684488597296544
CTZ,lineage,SVM,onehot,1,RBL-17-0123-1_S157,0,0.015698868588434205
CTZ,lineage,SVM,onehot,1,RBL-17-0159-1_S166,0,0.5253605813579089
CTZ,lineage,SVM,onehot,1,RBL-17-0189-1_S172,0,0.5547317875590945
CTZ,lineage,SVM,onehot,1,RBL-17-0199-1_S174,0,0.6257674090728113
CTZ,lineage,SVM,onehot,1,RBL-17-0226-1_S41,1,0.6773771741025683
CTZ,lineage,SVM,onehot,1,RBL-17-0242-1_S42,1,0.7970635512008436
CTZ,lineage,SVM,onehot,1,RBL-17-0244-1_S44,1,0.680611315854142
CTZ,lineage,SVM,onehot,1,RBL-17-0264-1_S103,0,0.23730237365737153
CTZ,lineage,SVM,onehot,1,RBL-17-0305-1_S49,1,0.7848096621811119
CTZ,lineage,SVM,onehot,1,RBL-17-0307-1_S51,1,0.7410333302048814
CTZ,lineage,SVM,onehot,1,RBL-17-0323-1_S115,0,0.40184035571744736
CTZ,lineage,SVM,onehot,1,RBL-17-0332-1_S118,0,0.6616547322549203
CTZ,lineage,SVM,onehot,1,RBL-17-0350-1_S106,0,0.8870077137404914
CTZ,lineage,SVM,onehot,1,RBL-17-0359-1_S66,1,0.8168239286673807
CTZ,lineage,SVM,onehot,1,RBL-17-0360-1_S108,0,0.04549873587995444
CTZ,lineage,SVM,onehot,1,RBL-17-0365-1_S112,0,0.3706896311020208
CTZ,lineage,SVM,onehot,1,RBL-17-0392-1_S69,1,0.7848096621811119
CTZ,lineage,SVM,onehot,1,RBL-17-0411-1_S128,0,0.3451447683131518
CTZ,lineage,SVM,onehot,1,RBL-17-0432-1_S132,0,0.944259872781022
CTZ,lineage,SVM,onehot,1,RBL-17-060-1_S17,1,0.5687910828392081
CTZ,lineage,SVM,onehot,1,RBL-18-0010-1_S159,0,0.6239873831665415
CTZ,lineage,SVM,onehot,1,RBL-18-0048-1_S44,0,0.8968556736022445
CTZ,lineage,SVM,onehot,1,RBL-18-0059-1_S171,0,0.5270844957916205
CTZ,lineage,SVM,onehot,1,RBL-18-0076-1_S47,1,0.779078814078351
CTZ,lineage,SVM,onehot,1,RBL-18-0090-1_S48,1,0.5814389633144108
CTZ,lineage,SVM,onehot,1,RBL-18-0093-1_S49,0,0.6329502674168971
CTZ,lineage,SVM,onehot,1,RBL-18-0098-1_S178,0,0.7697056320555096
CTZ,lineage,SVM,onehot,1,RBL-18-0194-1_S195_2,1,0.4385186807782296
CTZ,lineage,SVM,onehot,1,RBL-18-0343-1_S6,1,0.22046278248315843
CTZ,lineage,SVM,onehot,1,RBL-18-0467-1_S228_2,1,0.8459666366245313
CTZ,lineage,SVM,onehot,1,RBL-18-0500-1_S230_2,1,0.8828417190071209
CTZ,lineage,SVM,onehot,1,RBT-16-0024-1_S10,1,0.7841722480649118
CTZ,lineage,SVM,onehot,1,RBT-16-0038-1_S11,1,0.43008596243833064
CTZ,lineage,SVM,onehot,1,RBT-17-0009-1_S21,0,0.8752772360762926
CTZ,lineage,SVM,onehot,1,RBT-17-0039-1_S28,1,0.23915870732300754
CTZ,lineage,SVM,onehot,1,RBT-17-0102-1_S37,0,0.447228182806205
CTZ,lineage,SVM,onehot,1,RBT-17-0183-1_S67,0,0.13499426825979202
CTZ,lineage,SVM,onehot,1,RBT-17-0217-1_S7,0,0.3213432642556626
CTZ,lineage,SVM,onehot,1,RBT-17-0219-1_S8,0,0.2393810925733103
CTZ,lineage,SVM,onehot,1,RBT-17-0232-1_S58,0,0.9770644555702301
CTZ,lineage,SVM,onehot,1,RBT-17-0249-1_S61,1,0.7370505744486134
CTZ,lineage,SVM,onehot,1,RBT-17-0328-1_S16,1,0.5892007878336182
CTZ,lineage,SVM,onehot,1,RBT-17-0339-1_S20,0,0.7608902705036364
CTZ,lineage,SVM,onehot,1,RBT-18-0021-1_S56,1,0.7410333302048814
CTZ,lineage,SVM,onehot,1,RBT-18-0053-1_S36,1,0.6285054558831172
CTZ,lineage,SVM,onehot,1,RBT-18-0071-1_S41,0,0.16024641607979467
CTZ,lineage,SVM,onehot,1,RBT-18-0146-1_S55,0,0.030265698425294526
CTZ,lineage,SVM,onehot,1,RBT-18-0205-1_S6,1,0.7561618599117487
CTZ,lineage,SVM,onehot,1,RBT-18-0227-1_S46,1,0.7276687596263491
CTZ,lineage,SVM,onehot,1,RBT-18-0234-1_S15,1,0.7579926237449541
CTZ,lineage,SVM,onehot,1,RBT-18-0241-1_S50,0,0.7180237905224004
CTZ,lineage,SVM,onehot,1,RBT-18-0278-1_S64,0,0.9553157567206717
CTZ,lineage,SVM,onehot,1,RBT-18-0284-1_S66,1,0.6127329866773674
CTZ,lineage,SVM,onehot,1,RBT-18-0296-1_S72,1,0.717737478366339
CTZ,lineage,SVM,onehot,1,RBT-18-0308-1_S34,0,0.6338693280793217
CTZ,lineage,SVM,onehot,1,RBT-18-0324-1_S57,1,0.698954459201926
CTZ,lineage,SVM,onehot,1,RBT-18-0335-1_S41,0,0.8062710187178523
CTZ,lineage,SVM,onehot,1,RBT-18-0337-1_S46,0,0.6456230280052558
CTZ,lineage,SVM,onehot,1,RBT-18-0363-1_S72,1,0.5944042106538626
CTZ,lineage,SVM,onehot,1,RBT-18-0372-1_S31,1,0.7863208148992973
CTZ,lineage,SVM,onehot,1,RBT-18-0391-1_S35,1,0.640634498135966
CTZ,lineage,SVM,onehot,1,RBT-18-0392-1_S56,1,0.6479736577991885
CTZ,lineage,SVM,onehot,1,RBT-18-0401-1_S43,0,0.5973444246960458
CTZ,lineage,SVM,onehot,1,ResetH127_S6_L001,1,0.8119330006537463
CTZ,lineage,SVM,onehot,1,ResetH129_S7_L001,1,0.6274416719953742
CTZ,lineage,SVM,onehot,1,ResetH131_S7_L001,1,0.6750666182713677
CTZ,lineage,SVM,onehot,1,ResetH132_S1_L001,1,0.43510412776741314
CTZ,lineage,SVM,onehot,1,ResetH49b_S6_L001,0,0.32544967024572186
CTZ,lineage,SVM,onehot,1,ResetH63_S7_L001,1,0.7410333302048814
CTZ,lineage,SVM,onehot,1,ResetH75_S2_L001,1,0.7211372128631345
CTZ,lineage,SVM,onehot,1,ResetV260_S5_L001,1,0.7363038916584251
CTZ,lineage,SVM,onehot,1,Survcare187_S32,1,0.7658147162233001
CTZ,lineage,SVM,onehot,1,Survcare236_S5_L001,1,0.3821676052148371
CTZ,lineage,SVM,onehot,1,Survcare265_S20,1,0.5998619365905117
CTZ,lineage,SVM,onehot,1,Survcare327_S1,1,0.6476975787305963
CTZ,lineage,SVM,onehot,1,Survcare341_S25,1,0.4560991803439857
CTZ,lineage,SVM,onehot,1,V111_S3_L001,0,0.20734063174877743
CTZ,lineage,SVM,onehot,1,V173_S6_L001,0,0.10662861910663443
CTZ,lineage,SVM,onehot,1,V282_S4_L001,0,0.6541228926930354
CTZ,lineage,SVM,onehot,1,V291_S5_L001,1,0.7196048664207646
CTZ,lineage,SVM,onehot,1,V295_S7_L001,0,0.7460982897961432
CTZ,lineage,SVM,onehot,1,V79_S6_L001,0,0.31431938750115135
CTZ,lineage,SVM,onehot,1,V89_S1_L001,0,0.16354886375152045
CTZ,lineage,SVM,onehot,1,W2RBK-17-168-1_S33,1,0.7367208270339842
CTZ,lineage,SVM,onehot,1,W2RBK-17-169-1_S34,1,0.16768028831873738
CTZ,lineage,SVM,onehot,1,W2RBL-16-018-1_S15,1,0.6581730394482479
CTZ,lineage,SVM,onehot,1,wdh-RBB-17-170-1_S16,1,0.6790905590284696
CTZ,lineage,SVM,onehot,1,wdh-RBF-17-0572-1_S43,0,0.6072923267548953
CTZ,lineage,SVM,onehot,1,wdhRBF-10-0002-1_S10_L001,1,0.8557648564461454
CTZ,lineage,SVM,onehot,1,wdhRBF-17-0567-1_S122,0,0.3484353693950435
CTZ,lineage,SVM,onehot,1,wdhRBF-18-0025-1_S11_L001,0,0.6819874873746693
CTZ,lineage,SVM,onehot,1,wdhRBF-18-0048-1_S12_L001,0,0.5509747289821022
CTZ,lineage,SVM,onehot,1,wdhRBF-18-0059-1_S15_L001,0,0.10184851954941747
CTZ,lineage,SVM,onehot,1,wdhRBF-18-0081-1_S18_L001,0,0.7328353020369867
CTZ,lineage,SVM,onehot,1,WDHRBG-17-121-1_S46,0,0.5458535939582259
CTZ,lineage,SVM,onehot,1,wRBF-17-0146-1_S35,1,0.7370505744486134
CTZ,lineage,SVM,onehot,1,wRBG-16-033-1_S153,0,0.2784233709699425
CTZ,lineage,SVM,onehot,1,wRBG-16-034-1_S164,0,0.8318487721156532
CTZ,lineage,SVM,onehot,1,wRBG-17-028-1_S100,0,0.17051235153199668
CTZ,lineage,SVM,onehot,1,wRBG-17-031-1_S154,0,0.34701644654737984
CTZ,lineage,SVM,onehot,1,wRBG-17-055-1_S163,0,0.7647352092830714
CTZ,lineage,SVM,onehot,1,wRBG-17-057-1_S141,0,0.2595931045270085
CTZ,lineage,SVM,onehot,1,wRBG-17-106-1_S125,0,0.30716576793040784
CTZ,lineage,SVM,onehot,1,wwRBB-16-112-1_S1,1,0.676858986804433
CTZ,lineage,SVM,onehot,1,wwRBF-16-007-1_S10,1,0.6888763148932462
CTZ,lineage,SVM,onehot,1,wwRBF-17-167-1_S31,1,0.8669935684292324
CTZ,lineage,SVM,onehot,1,wwRBF-17-189-1_S32,1,0.5822821396046431
CTZ,lineage,SVM,onehot,1,wwRBF-17-209-1_S34,0,0.817867297507217
CTZ,lineage,SVM,onehot,1,wwRBK-16-023-1_S5,1,0.7026888943242761
CTZ,lineage,SVM,onehot,1,wwRBK-17-0148-1_S37,1,0.7142633439060395
CTZ,lineage,SVM,onehot,1,wwRBK-17-0148-2_S38,1,0.7711476325898745
CTZ,lineage,SVM,onehot,1,wwRBK-17-0197-1_S39,1,0.6548600610736679
CTZ,lineage,SVM,onehot,1,wwRBK-17-075-1_S28,1,0.6886344240209121
CTZ,lineage,SVM,onehot,1,wwRBL-17-004-1_S44,1,0.7510540478952967
CTZ,lineage,SVM,onehot,2,H17_S2_L001,0,0.9188268919296458
CTZ,lineage,SVM,onehot,2,H37_S3_L001,0,0.9080099169742698
CTZ,lineage,SVM,onehot,2,NNRBG-17-0308-1_S20,0,0.14343303742082084
CTZ,lineage,SVM,onehot,2,NNRBG-17-0346-1_S30,0,0.608298461162216
CTZ,lineage,SVM,onehot,2,NNRBG-17-0382-1_S38,0,0.0010584898248786458
CTZ,lineage,SVM,onehot,2,NNSurvcare045_S41,1,0.8074352143333962
CTZ,lineage,SVM,onehot,2,RBB-18-0490-1_S20_L001,1,0.1937564825890579
CTZ,lineage,SVM,onehot,2,RBB-18-0665-1_S23_L001,1,0.30156941038100715
CTZ,lineage,SVM,onehot,2,RBB-18-0765-1_S191,1,0.35867416079779085
CTZ,lineage,SVM,onehot,2,RBB-18-0772-1_S192,1,0.41034786915337246
CTZ,lineage,SVM,onehot,2,RBB-18-1086-1_S189_2,1,0.43882341676048164
CTZ,lineage,SVM,onehot,2,RBB-18-1406-1_S49,1,0.963557713252689
CTZ,lineage,SVM,onehot,2,RBB-19-0014-1_S44,1,0.6319739847355573
CTZ,lineage,SVM,onehot,2,RBBK18-0189-1_S24_L001,0,0.06598263822004607
CTZ,lineage,SVM,onehot,2,RBF-16-073-1_S23,1,0.42163081116871115
CTZ,lineage,SVM,onehot,2,RBF-17-0424-1_S15,0,0.018603211289596928
CTZ,lineage,SVM,onehot,2,RBF-17-0450-1_S10,0,0.03262188450184464
CTZ,lineage,SVM,onehot,2,RBF-17-0508-1_S73,0,0.5350014634270538
CTZ,lineage,SVM,onehot,2,RBF-17-0538-1_S82,0,0.7595976986004288
CTZ,lineage,SVM,onehot,2,RBF-17-0540-1_S83,0,0.0450705921551132
CTZ,lineage,SVM,onehot,2,RBF-17-0630-1_S59,1,0.013401262502255358
CTZ,lineage,SVM,onehot,2,RBF-17-0648-1_S100,0,0.004633783064985414
CTZ,lineage,SVM,onehot,2,RBF-18-0027-1_S5,0,0.8384541742727777
CTZ,lineage,SVM,onehot,2,RBF-18-0035-1_S6,0,0.7080099333420142
CTZ,lineage,SVM,onehot,2,RBF-18-0055-1_S11,0,0.579477717606987
CTZ,lineage,SVM,onehot,2,RBF-18-0087-1_S23,0,0.28339426515820076
CTZ,lineage,SVM,onehot,2,RBF-18-0093-1_S80,0,0.6088641631973094
CTZ,lineage,SVM,onehot,2,RBF-18-0125-1_S30,0,0.003991334032577656
CTZ,lineage,SVM,onehot,2,RBF-18-0126-1_S31,0,0.1040232879985572
CTZ,lineage,SVM,onehot,2,RBF-18-0151-1_S83,1,0.0712669954003439
CTZ,lineage,SVM,onehot,2,RBF-18-0184-1_S30,0,0.8434870734425922
CTZ,lineage,SVM,onehot,2,RBF-18-0251-1_S55,0,0.2915618227125423
CTZ,lineage,SVM,onehot,2,RBF-18-0339-1_S37,0,0.6821314784136323
CTZ,lineage,SVM,onehot,2,RBF-18-0664-1_S190,0,0.20395731967483086
CTZ,lineage,SVM,onehot,2,RBG-17-013-1_S16,1,0.3517383646623405
CTZ,lineage,SVM,onehot,2,RBG-18-0012-1_S3,0,0.3876589618613742
CTZ,lineage,SVM,onehot,2,RBG-18-0023-1_S2,0,0.36196110084840316
CTZ,lineage,SVM,onehot,2,RBG-18-0055-1_S43,0,0.0016133866306479287
CTZ,lineage,SVM,onehot,2,RBG-18-0085-1_S11,0,0.04414264381767435
CTZ,lineage,SVM,onehot,2,RBG-18-0144-1_S38,0,0.26536324635216474
CTZ,lineage,SVM,onehot,2,RBG-18-0202-1_S13_L001,0,0.0528191448834021
CTZ,lineage,SVM,onehot,2,RBG-18-0206-2_S46,0,0.3292578492760259
CTZ,lineage,SVM,onehot,2,RBG-18-0209-2_S46,0,0.3090012518824504
CTZ,lineage,SVM,onehot,2,RBG-18-0221-1_S47,0,0.001836127275915956
CTZ,lineage,SVM,onehot,2,RBG-18-0280-1_S51,0,0.4352127939508846
CTZ,lineage,SVM,onehot,2,RBG-18-0312-1_S55,0,0.6454932731533072
CTZ,lineage,SVM,onehot,2,RBG-18-0352-1_S21_L001,0,0.19139155779889697
CTZ,lineage,SVM,onehot,2,RBG-18-0358-1_S39,1,0.021765739935859566
CTZ,lineage,SVM,onehot,2,RBG-18-0402-1_S50,1,0.713705639906858
CTZ,lineage,SVM,onehot,2,RBG-18-0417-1_S52,0,0.5586938258150043
CTZ,lineage,SVM,onehot,2,RBK-16-073-1_S14,1,0.24176448080112165
CTZ,lineage,SVM,onehot,2,RBK-16-079-1_S15,1,0.2575575525829537
CTZ,lineage,SVM,onehot,2,RBK-17-0595-1_S187,1,0.40377276530743894
CTZ,lineage,SVM,onehot,2,RBK-18-0005-1_S18,0,0.10837948214555854
CTZ,lineage,SVM,onehot,2,RBk-18-0216-1_S231_2,0,0.3891582828589624
CTZ,lineage,SVM,onehot,2,RBK-18-0250-1_S235_2,0,0.0783592010529563
CTZ,lineage,SVM,onehot,2,RBK-18-0644-1_S180,1,0.02291145358516613
CTZ,lineage,SVM,onehot,2,RBL-17-0095-1_S147,0,0.05581660186429902
CTZ,lineage,SVM,onehot,2,RBL-17-0136-1_S161,0,0.34934872283636026
CTZ,lineage,SVM,onehot,2,RBL-17-0232-1_S91,0,0.02635240040461228
CTZ,lineage,SVM,onehot,2,RBL-17-0256-1_S98,0,0.0078100400902443275
CTZ,lineage,SVM,onehot,2,RBL-17-0261-1_S100,0,0.01598233777759665
CTZ,lineage,SVM,onehot,2,RBL-17-0263-1_S102,0,0.10514829241995162
CTZ,lineage,SVM,onehot,2,RBL-17-0283-1_S27,0,0.35308137846215465
CTZ,lineage,SVM,onehot,2,RBL-17-0320-1_S114,0,0.697733215108613
CTZ,lineage,SVM,onehot,2,RBL-17-0349-1_S105,0,0.8585131185748912
CTZ,lineage,SVM,onehot,2,RBL-17-0374-1_S116,0,0.1979266968381365
CTZ,lineage,SVM,onehot,2,RBL-17-0383-1_S119,0,0.17599878608833142
CTZ,lineage,SVM,onehot,2,RBL-17-0391-1_S122,0,0.032106769923948064
CTZ,lineage,SVM,onehot,2,RBL-17-0397-1_S125,0,0.6188472047615315
CTZ,lineage,SVM,onehot,2,RBT-16-0045-1_S58,1,0.27774572765853794
CTZ,lineage,SVM,onehot,2,RBT-17-0008-1_S18,0,0.15054747119924808
CTZ,lineage,SVM,onehot,2,RBT-17-0023-1_S25,0,0.008767566132907273
CTZ,lineage,SVM,onehot,2,RBT-17-0079-1_S29,0,0.018137452762064805
CTZ,lineage,SVM,onehot,2,RBT-17-0084-1_S31,0,0.06821998960436264
CTZ,lineage,SVM,onehot,2,RBT-17-0099-1_S35,0,0.6118242401264707
CTZ,lineage,SVM,onehot,2,RBT-17-0113-1_S42,0,0.03235343907563925
CTZ,lineage,SVM,onehot,2,RBT-17-0130-1_S27,0,0.1429298505413532
CTZ,lineage,SVM,onehot,2,RBT-17-0138-1_S52,0,0.46827320303682396
CTZ,lineage,SVM,onehot,2,RBT-17-0156-1_S56,0,0.2170644682149051
CTZ,lineage,SVM,onehot,2,RBT-17-0163-1_S59,0,0.030271195832297308
CTZ,lineage,SVM,onehot,2,RBT-17-0165-1_S60,0,0.422907781654575
CTZ,lineage,SVM,onehot,2,RBT-17-0167-1_S27,0,0.1882349715263494
CTZ,lineage,SVM,onehot,2,RBT-17-0173-1_S63,0,0.021148839073890466
CTZ,lineage,SVM,onehot,2,RBT-17-0225-1_S9,0,0.04501878588514532
CTZ,lineage,SVM,onehot,2,RBT-17-0270-1_S65,0,0.4089234288984166
CTZ,lineage,SVM,onehot,2,RBT-17-0285-1_S66,0,0.45714363931883667
CTZ,lineage,SVM,onehot,2,RBT-18-0023-1_S14,0,0.34110309025517394
CTZ,lineage,SVM,onehot,2,RBT-18-0050-1_S34,0,0.710953102225457
CTZ,lineage,SVM,onehot,2,RBT-18-0052-1_S35,1,0.1665200881412027
CTZ,lineage,SVM,onehot,2,RBT-18-0103-1_S24,0,0.46787504934926905
CTZ,lineage,SVM,onehot,2,RBT-18-0110-1_S27,0,0.6087541451312627
CTZ,lineage,SVM,onehot,2,RBT-18-0116-1_S46,0,0.7648878394039218
CTZ,lineage,SVM,onehot,2,RBT-18-0127-1_S51,0,0.06185567343308114
CTZ,lineage,SVM,onehot,2,RBT-18-0173-1_S35,0,0.5423159036988124
CTZ,lineage,SVM,onehot,2,RBT-18-0197-1_S40,0,0.0662483765730994
CTZ,lineage,SVM,onehot,2,RBT-18-0224-1_S43,0,0.10839428799048781
CTZ,lineage,SVM,onehot,2,RBT-18-0246-1_S52,0,0.1978563129232938
CTZ,lineage,SVM,onehot,2,RBT-18-0252-1_S53,0,0.7922453251204625
CTZ,lineage,SVM,onehot,2,RBT-18-0253-1_S54,0,0.9925512990170324
CTZ,lineage,SVM,onehot,2,RBT-18-0269-1_S61,0,0.0724544020177875
CTZ,lineage,SVM,onehot,2,RBT-18-0271-1_S62,0,0.06095063299312892
CTZ,lineage,SVM,onehot,2,RBT-18-0288-1_S68,0,0.9141612255193333
CTZ,lineage,SVM,onehot,2,RBT-18-0293-1_S71,0,0.08441320281162419
CTZ,lineage,SVM,onehot,2,RBT-18-0339-1_S47,0,0.04245348247183361
CTZ,lineage,SVM,onehot,2,RBT-18-0361-1_S38,0,0.011045089956460133
CTZ,lineage,SVM,onehot,2,RBT-18-0370-1_S33,0,0.24942133043376485
CTZ,lineage,SVM,onehot,2,ResetH1_S1_L001,0,0.7520440465983314
CTZ,lineage,SVM,onehot,2,ResetH115_S6_L001,0,0.9721540410733654
CTZ,lineage,SVM,onehot,2,ResetH16_S2_L001,1,0.066933444861457
CTZ,lineage,SVM,onehot,2,ResetH44_S3_L001,0,0.17036819304900339
CTZ,lineage,SVM,onehot,2,ResetH8_S2_L001,0,0.2113389758722728
CTZ,lineage,SVM,onehot,2,ResetH99_S5_L001,0,0.4579300128403414
CTZ,lineage,SVM,onehot,2,ResetV288_S6_L001,0,0.9382793992271019
CTZ,lineage,SVM,onehot,2,ResetV63_S5_L001,0,0.003588894860175978
CTZ,lineage,SVM,onehot,2,Survcare0114_S37,1,0.9833400829959414
CTZ,lineage,SVM,onehot,2,Survcare052_S22,1,0.9565635338318667
CTZ,lineage,SVM,onehot,2,Survcare104_S16_L001,1,0.003536704441567947
CTZ,lineage,SVM,onehot,2,Survcare133_S25,1,0.5751032480187231
CTZ,lineage,SVM,onehot,2,Survcare134_S26,1,0.38082796611981157
CTZ,lineage,SVM,onehot,2,Survcare140_S4_L001,1,0.4545508375298755
CTZ,lineage,SVM,onehot,2,Survcare176_S17_L001,1,0.0891632034017514
CTZ,lineage,SVM,onehot,2,Survcare221_S7_L001,1,0.07399548328963822
CTZ,lineage,SVM,onehot,2,Survcare303_S15_L001,1,0.5036229798909772
CTZ,lineage,SVM,onehot,2,Survcare329_S3,1,0.09295596999935543
CTZ,lineage,SVM,onehot,2,V113_S3_L001,0,0.05639634907376847
CTZ,lineage,SVM,onehot,2,V114_S5_L001,1,0.8173929632819941
CTZ,lineage,SVM,onehot,2,V172_S5_L001,0,0.0029052417887401663
CTZ,lineage,SVM,onehot,2,V201_S4_L001,1,0.7812576434106143
CTZ,lineage,SVM,onehot,2,V215_S2_L001,0,0.04235588640858896
CTZ,lineage,SVM,onehot,2,V289_S5_L001,0,0.9543996070339851
CTZ,lineage,SVM,onehot,2,V40_S2_L001,1,0.11457646324527886
CTZ,lineage,SVM,onehot,2,V64_S3_L001,0,0.0028343541976688725
CTZ,lineage,SVM,onehot,2,V80_S7_L001,1,0.02828841771078056
CTZ,lineage,SVM,onehot,2,V9_S1_L001,1,0.16854322350740927
CTZ,lineage,SVM,onehot,2,w2RBG-16-037-1_S34,0,0.6862227801068912
CTZ,lineage,SVM,onehot,2,wdh-RBL-17-0431-1_S46,0,0.8494579868462417
CTZ,lineage,SVM,onehot,2,wdhRBF-17-0558-1_S121,0,0.7728134435930069
CTZ,lineage,SVM,onehot,2,WDHRBG-16-050-1_S40,1,0.806389954317868
CTZ,lineage,SVM,onehot,2,wdhRBL-17-0370-1_S232,0,0.640910069108575
CTZ,lineage,SVM,onehot,2,wNRZ-33910_S81,1,0.38382139531077225
CTZ,lineage,SVM,onehot,2,wRBG-17-023-1_S155,0,0.30485212641083503
CTZ,lineage,SVM,onehot,2,wRBG-17-052-1_S120,0,0.26350467624866825
CTZ,lineage,SVM,onehot,2,wRBG-17-082-1_S106,0,0.014704113474864762
CTZ,lineage,SVM,onehot,2,wRBG-17-112-1_S146,0,0.03413782974041426
CTZ,lineage,SVM,onehot,2,wwRBB-17-031-1_S25,1,0.5517867495382078
CTZ,lineage,SVM,onehot,2,wwRBF-16-094-1_S13,1,0.06013898223351285
CTZ,lineage,SVM,onehot,2,WWSurvcare043_S43,1,0.4913712720593136
CTZ,lineage,SVM,onehot,3,H116_S8_L001,1,0.9958012227466797
CTZ,lineage,SVM,onehot,3,H122_S4_L001,1,0.4289203198737014
CTZ,lineage,SVM,onehot,3,H123_S1_L001,0,0.7666243076145326
CTZ,lineage,SVM,onehot,3,H141_S6_L001,1,0.027697408205996223
CTZ,lineage,SVM,onehot,3,H153_S1_L001,1,0.24860648877526156
CTZ,lineage,SVM,onehot,3,H154_S2_L001,1,0.285472797429753
CTZ,lineage,SVM,onehot,3,H157_S3_L001,0,0.9057751582368337
CTZ,lineage,SVM,onehot,3,H160_S3_L001,1,0.2335647170618406
CTZ,lineage,SVM,onehot,3,H162_S4_L001,0,0.12030176593842155
CTZ,lineage,SVM,onehot,3,H164_S3_L001,1,0.4007324443312171
CTZ,lineage,SVM,onehot,3,H176_S5_L001,0,0.960707131221349
CTZ,lineage,SVM,onehot,3,H50_S7_L001,0,0.9283243323886884
CTZ,lineage,SVM,onehot,3,NNRBG-17-0227-1_S8,0,0.007297329586690608
CTZ,lineage,SVM,onehot,3,NNRBG-17-0234-1_S9,0,0.028089182069407297
CTZ,lineage,SVM,onehot,3,NNRBG-17-0239-1_S10,0,0.20201108984423335
CTZ,lineage,SVM,onehot,3,NNRBG-17-0243-1_S12,0,0.0477151922940494
CTZ,lineage,SVM,onehot,3,NNRBG-17-0278-1_S16,0,0.7601247802375318
CTZ,lineage,SVM,onehot,3,NNRBG-17-0316-1_S23,0,0.4001180187868426
CTZ,lineage,SVM,onehot,3,RBB-18-0129-1_S179,1,0.4316039849385504
CTZ,lineage,SVM,onehot,3,RBB-18-0674-1_S189,1,0.8726945904937011
CTZ,lineage,SVM,onehot,3,RBB-18-0826-1_S193,1,0.8000505850995557
CTZ,lineage,SVM,onehot,3,RBB-18-1312-1_S43,1,0.9053368642396014
CTZ,lineage,SVM,onehot,3,RBF-17-0520-2_S55,1,0.10367363557652193
CTZ,lineage,SVM,onehot,3,RBF-17-0587-1_S91,0,0.013356910959629768
CTZ,lineage,SVM,onehot,3,RBF-17-0632-1_S97,0,0.06071688954479431
CTZ,lineage,SVM,onehot,3,RBF-17-0645-1_S61,0,0.7559939048330919
CTZ,lineage,SVM,onehot,3,RBF-17-0664-1_S63,0,0.9775017520638258
CTZ,lineage,SVM,onehot,3,RBF-18-0013-1_S25_L001,0,0.09513396543861603
CTZ,lineage,SVM,onehot,3,RBF-18-0064-2_S14,0,0.5111642376149073
CTZ,lineage,SVM,onehot,3,RBF-18-0072-1_S16,0,0.007221279458439682
CTZ,lineage,SVM,onehot,3,RBF-18-0099-1_S26,0,0.053204426743009604
CTZ,lineage,SVM,onehot,3,RBF-18-0192-1_S44,0,0.5918023065738439
CTZ,lineage,SVM,onehot,3,RBF-18-0201-1_S49,0,0.9236427497882963
CTZ,lineage,SVM,onehot,3,RBF-18-0253-1_S13_L001,0,0.4018816539529612
CTZ,lineage,SVM,onehot,3,RBF-18-0294-1_S64,0,0.01791375684559227
CTZ,lineage,SVM,onehot,3,RBF-18-0296-1_S17,0,0.05775000294374758
CTZ,lineage,SVM,onehot,3,RBF-18-0310-1_S36,0,0.8941479858033928
CTZ,lineage,SVM,onehot,3,RBF-18-0405-1_S81_2,1,0.9884536586484833
CTZ,lineage,SVM,onehot,3,RBF-18-0634-1_S183,0,3.294757695907688e-05
CTZ,lineage,SVM,onehot,3,RBG-17-0269-1_S41,0,0.9039937897606036
CTZ,lineage,SVM,onehot,3,RBG-18-0041-1_S6,0,1.2527306819383809e-05
CTZ,lineage,SVM,onehot,3,RBG-18-0054-1_S42,0,0.47267553350864017
CTZ,lineage,SVM,onehot,3,RBG-18-0071-1_S44,0,1.3173080986433823e-05
CTZ,lineage,SVM,onehot,3,RBG-18-0076-1_S10,0,0.9675981697290913
CTZ,lineage,SVM,onehot,3,RBG-18-0083-1_S12,0,0.013376794637376713
CTZ,lineage,SVM,onehot,3,RBG-18-0108-1_S16,0,0.04407155886457997
CTZ,lineage,SVM,onehot,3,RBG-18-0166-1_S10_L001,0,0.4504417212075535
CTZ,lineage,SVM,onehot,3,RBG-18-0193-1_S8,0,0.45290638659809684
CTZ,lineage,SVM,onehot,3,RBG-18-0211-1_S35,1,0.00015184036097207022
CTZ,lineage,SVM,onehot,3,RBG-18-0300-1_S52,0,0.04206230287315133
CTZ,lineage,SVM,onehot,3,RBG-18-0308-1_S54,1,0.016451232380606556
CTZ,lineage,SVM,onehot,3,RBG-18-0381-1_S49,0,0.1555609190991598
CTZ,lineage,SVM,onehot,3,RBG-18-0383-1_S37,1,0.9604717054997504
CTZ,lineage,SVM,onehot,3,RBK-18-0002-1_S38,1,0.12611570736415614
CTZ,lineage,SVM,onehot,3,RBK-18-0020-1_S19,0,0.01351709388658969
CTZ,lineage,SVM,onehot,3,RBK-18-0062-2_S203,0,0.9191503083708457
CTZ,lineage,SVM,onehot,3,RBL-17-0108-1_S151,0,0.12388764413919288
CTZ,lineage,SVM,onehot,3,RBL-17-0116-1_S154,0,0.05921817637358936
CTZ,lineage,SVM,onehot,3,RBL-17-0205-1_S175,0,0.11931641570559583
CTZ,lineage,SVM,onehot,3,RBL-17-0246-1_S94,0,0.5249032375651221
CTZ,lineage,SVM,onehot,3,RBL-17-0259-1_S99,0,0.1315929176207376
CTZ,lineage,SVM,onehot,3,RBL-17-0274-2_S105,0,0.00692174128974343
CTZ,lineage,SVM,onehot,3,RBL-17-0327-1_S116,0,0.011037648517325584
CTZ,lineage,SVM,onehot,3,RBL-17-0328-1_S117,0,0.22284362743913905
CTZ,lineage,SVM,onehot,3,RBL-17-0340-1_S102,0,0.08624316089525104
CTZ,lineage,SVM,onehot,3,RBL-17-0342-1_S103,0,0.16211743225852324
CTZ,lineage,SVM,onehot,3,RBL-17-0347-1_S104,0,0.05682955757711686
CTZ,lineage,SVM,onehot,3,RBL-17-0368-1_S114,0,0.08494422108833312
CTZ,lineage,SVM,onehot,3,RBL-17-0375-1_S117,0,0.9914434482097457
CTZ,lineage,SVM,onehot,3,RBL-17-0390-1_S121,0,0.01980671588882026
CTZ,lineage,SVM,onehot,3,RBL-17-0395-1_S124,0,0.05934773451148794
CTZ,lineage,SVM,onehot,3,RBL-17-0402-1_S126,0,0.07565486563459588
CTZ,lineage,SVM,onehot,3,RBL-17-0428-1_S70,1,0.9901276306670759
CTZ,lineage,SVM,onehot,3,RBL-17-0434-1_S133,0,0.5201286592496708
CTZ,lineage,SVM,onehot,3,RBL-17-0435-1_S134,0,0.0159063805013163
CTZ,lineage,SVM,onehot,3,RBL-18-0016-1_S161,0,0.014659429642994722
CTZ,lineage,SVM,onehot,3,RBL-18-0037-1_S168,0,0.016675948644203898
CTZ,lineage,SVM,onehot,3,RBL-18-0066-1_S173,0,0.013122529018837752
CTZ,lineage,SVM,onehot,3,RBL-18-0085-1_S176,0,0.2384644536303458
CTZ,lineage,SVM,onehot,3,RBL-18-0242-1_S51,0,0.3883798562647426
CTZ,lineage,SVM,onehot,3,RBT-17-0027-1_S3,0,0.27720474128046485
CTZ,lineage,SVM,onehot,3,RBT-17-0124-1_S46,0,0.6145695709710266
CTZ,lineage,SVM,onehot,3,RBT-17-0149-1_S13,1,0.007498339233956969
CTZ,lineage,SVM,onehot,3,RBT-17-0168-1_S61,0,0.03718315586533168
CTZ,lineage,SVM,onehot,3,RBT-17-0178-1_S66,0,0.02342517855770668
CTZ,lineage,SVM,onehot,3,RBT-17-0194-1_S30,0,0.15136444099766827
CTZ,lineage,SVM,onehot,3,RBT-17-0210-1_S55,0,0.007680095657635889
CTZ,lineage,SVM,onehot,3,RBT-17-0228-1_S10,0,0.32357885012980936
CTZ,lineage,SVM,onehot,3,RBT-17-0251-1_S62,0,0.8490887065687002
CTZ,lineage,SVM,onehot,3,RBT-17-0279-1_S12,0,0.1433612563358946
CTZ,lineage,SVM,onehot,3,RBT-17-0287-1_S10,0,0.00014529175689057168
CTZ,lineage,SVM,onehot,3,RBT-18-0045-1_S70,0,0.03188148457702392
CTZ,lineage,SVM,onehot,3,RBT-18-0095-1_S19,0,0.1429348733724877
CTZ,lineage,SVM,onehot,3,RBT-18-0096-1_S20,0,0.8231095887542506
CTZ,lineage,SVM,onehot,3,RBT-18-0100-1_S21,0,0.9571616019582085
CTZ,lineage,SVM,onehot,3,RBT-18-0120-1_S48,0,0.9543524980071375
CTZ,lineage,SVM,onehot,3,RBT-18-0129-1_S52,0,0.2381608014465094
CTZ,lineage,SVM,onehot,3,RBT-18-0179-1_S37,0,0.25712592184045946
CTZ,lineage,SVM,onehot,3,RBT-18-0185-1_S39,0,0.04278902080678286
CTZ,lineage,SVM,onehot,3,RBT-18-0231-1_S14,0,0.32379695777907946
CTZ,lineage,SVM,onehot,3,RBT-18-0232-1_S47,0,0.06504248111419585
CTZ,lineage,SVM,onehot,3,RBT-18-0251-1_S7,0,0.30856031490327285
CTZ,lineage,SVM,onehot,3,RBT-18-0265-1_S59,0,0.0006105278114398069
CTZ,lineage,SVM,onehot,3,RBT-18-0303-1_S20,0,0.31517890524371395
CTZ,lineage,SVM,onehot,3,RBT-18-0316-1_S43,0,0.15791072250725985
CTZ,lineage,SVM,onehot,3,RBT-18-0351-1_S48,0,0.13236092417504614
CTZ,lineage,SVM,onehot,3,RBT-18-0360-1_S39,0,0.21044107051089975
CTZ,lineage,SVM,onehot,3,ResetH134_S8_L001,1,0.1309884525295
CTZ,lineage,SVM,onehot,3,ResetH152_S4_L001,1,0.34451452804807675
CTZ,lineage,SVM,onehot,3,ResetH24a_S3_2_L001,1,0.9956140454866785
CTZ,lineage,SVM,onehot,3,ResetH45_S5_L001,0,0.8846806699246473
CTZ,lineage,SVM,onehot,3,ResetV105_S1_L001,0,0.854295408565234
CTZ,lineage,SVM,onehot,3,ResetV70_S6_L001,1,0.9802537304062363
CTZ,lineage,SVM,onehot,3,ResetV74_S7_L001,1,0.5465141904304871
CTZ,lineage,SVM,onehot,3,ResetV76_S7_L001,0,0.1052786220866447
CTZ,lineage,SVM,onehot,3,Survcare0111_S29,1,0.0073366693526709745
CTZ,lineage,SVM,onehot,3,Survcare129_S1,1,0.0006119065277182724
CTZ,lineage,SVM,onehot,3,Survcare190_S35,1,0.6968391244824133
CTZ,lineage,SVM,onehot,3,Survcare230_S17_L001,1,0.41309367301328626
CTZ,lineage,SVM,onehot,3,Survcare254_S36,1,0.7660420142736365
CTZ,lineage,SVM,onehot,3,Survcare292_S39,1,0.6359612205092501
CTZ,lineage,SVM,onehot,3,Survcare295_S8_L001,1,0.9906660470582669
CTZ,lineage,SVM,onehot,3,Survcare313_S24_L001,1,0.9081649230043798
CTZ,lineage,SVM,onehot,3,V116_S6_L001,0,0.8612356292367619
CTZ,lineage,SVM,onehot,3,V120_S5_L001,0,0.9618075759239364
CTZ,lineage,SVM,onehot,3,V123_S1_L001,0,0.7429716907172115
CTZ,lineage,SVM,onehot,3,V168_S9_L001,1,0.46790074770531964
CTZ,lineage,SVM,onehot,3,V183_S7_L001,0,0.0027941800223785806
CTZ,lineage,SVM,onehot,3,V205_S3_L001,0,0.9537885703202412
CTZ,lineage,SVM,onehot,3,V228_S8_L001,1,0.6638367075303936
CTZ,lineage,SVM,onehot,3,V229_S10_L001,1,0.6908034317158593
CTZ,lineage,SVM,onehot,3,V238_S11_L001,0,0.9294895693026833
CTZ,lineage,SVM,onehot,3,V279_S8_L001,1,0.3412801142423275
CTZ,lineage,SVM,onehot,3,V283_S5_L001,1,0.22288342984960366
CTZ,lineage,SVM,onehot,3,V41_S2_L001,0,0.1106629755137882
CTZ,lineage,SVM,onehot,3,V98_S3_L001,1,0.9964112955497845
CTZ,lineage,SVM,onehot,3,wdh-RBL-17-0361-1_S44,0,0.03889170282281693
CTZ,lineage,SVM,onehot,3,wdh-Survcare119_S44,1,0.7234708552579576
CTZ,lineage,SVM,onehot,3,wdh2NRZ-29911a_S31,1,0.5484879188786471
CTZ,lineage,SVM,onehot,3,wdhRBF-18-0098-1_S19_L001,0,0.03562189208660858
CTZ,lineage,SVM,onehot,3,WDHRBG-16-060-1_S27,0,0.2213910558562272
CTZ,lineage,SVM,onehot,3,WDHRBG-16-062-1_S49,0,0.03305809716791178
CTZ,lineage,SVM,onehot,3,WDHRBG-17-0093-1_S1,1,0.9971859372963806
CTZ,lineage,SVM,onehot,3,wRBG-17-014-1_S167,0,0.7435193820048963
CTZ,lineage,SVM,onehot,3,wRBG-17-022-1_S43,1,0.5271229577604835
CTZ,lineage,SVM,onehot,3,wRBG-17-034-1_S121,0,0.5935442401740401
CTZ,lineage,SVM,onehot,3,wRBG-17-049-1_S142,0,0.015100928048722092
CTZ,lineage,SVM,onehot,3,wRBG-17-075-1_S96,0,0.016552883445915136
CTZ,lineage,SVM,onehot,3,wRBG-17-100-1_S104,0,0.11415252280826442
CTZ,lineage,SVM,onehot,3,wRBG-17-110-1_S168,0,0.030283615724471413
CTZ,lineage,SVM,onehot,4,H108_S5_L001,0,0.021456110699709454
CTZ,lineage,SVM,onehot,4,H113_S6_L001,0,0.4119807027178136
CTZ,lineage,SVM,onehot,4,H130_S2_L001,1,0.028763597277865025
CTZ,lineage,SVM,onehot,4,H66_S1_L001,1,0.8001090514572289
CTZ,lineage,SVM,onehot,4,H69_S6_L001,0,0.9613805971481332
CTZ,lineage,SVM,onehot,4,H83_S7_L001,0,0.689649674823045
CTZ,lineage,SVM,onehot,4,NNRBG-17-0193-1_S2,0,0.002173751255696241
CTZ,lineage,SVM,onehot,4,NNRBG-17-0201-1_S6,0,0.14945316353441102
CTZ,lineage,SVM,onehot,4,NNRBG-17-0287-1_S17,0,0.8254618098503252
CTZ,lineage,SVM,onehot,4,NNRBG-17-0298-1_S19,0,0.11256102513923327
CTZ,lineage,SVM,onehot,4,RBB-18-0519-1_S184,1,0.10985701197649173
CTZ,lineage,SVM,onehot,4,RBB-18-0546-1_S22_L001,1,0.9223951158873106
CTZ,lineage,SVM,onehot,4,RBB-18-1393-1_S48,1,0.8533140480451137
CTZ,lineage,SVM,onehot,4,RBF-17-0178-1_S139,0,0.9711143923383075
CTZ,lineage,SVM,onehot,4,RBF-17-0523-1_S30,0,0.0159494665594271
CTZ,lineage,SVM,onehot,4,RBF-17-0532-1_S80,0,0.05289724264170013
CTZ,lineage,SVM,onehot,4,RBF-17-0532-2_S31,0,0.028774050877748786
CTZ,lineage,SVM,onehot,4,RBF-17-0605-1_S94,0,0.1098978127265937
CTZ,lineage,SVM,onehot,4,RBF-17-0614-3_S95,0,0.031076865781911527
CTZ,lineage,SVM,onehot,4,RBF-17-0616-1_S96,0,0.6173746194537734
CTZ,lineage,SVM,onehot,4,RBF-17-0653-1_S101,0,0.002259181438059353
CTZ,lineage,SVM,onehot,4,RBF-17-277-1_S73,1,0.008635507583640015
CTZ,lineage,SVM,onehot,4,RBF-18-0069-1_S78,1,0.9772509305634398
CTZ,lineage,SVM,onehot,4,RBF-18-0088-1_S24,0,0.005650812466758276
CTZ,lineage,SVM,onehot,4,RBF-18-0123-1_S25_L001,0,0.005734569976715735
CTZ,lineage,SVM,onehot,4,RBF-18-0132-1_S26,0,0.09891379965275644
CTZ,lineage,SVM,onehot,4,RBF-18-0135-1_S34,0,0.04161664288741563
CTZ,lineage,SVM,onehot,4,RBF-18-0160-1_S37,0,0.3662553851176413
CTZ,lineage,SVM,onehot,4,RBF-18-0163-2_S39,0,0.06317460566964114
CTZ,lineage,SVM,onehot,4,RBF-18-0179-1_S29,0,0.06201786150884324
CTZ,lineage,SVM,onehot,4,RBF-18-0200-1_S48,0,0.04769707039088192
CTZ,lineage,SVM,onehot,4,RBF-18-0208-2_S11_L001,0,0.013653478661538867
CTZ,lineage,SVM,onehot,4,RBF-18-0259-1_S33,0,0.0127017101671801
CTZ,lineage,SVM,onehot,4,RBF-18-0280-1_S62,0,0.016740670991646816
CTZ,lineage,SVM,onehot,4,RBg-17-123-2_S12,0,0.05125890248990384
CTZ,lineage,SVM,onehot,4,RBG-18-0017-1_S5,0,0.0011325417344010495
CTZ,lineage,SVM,onehot,4,RBG-18-0140-1_S14_L001,0,0.009876242920791478
CTZ,lineage,SVM,onehot,4,RBG-18-0170-1_S41,0,0.052418178136959794
CTZ,lineage,SVM,onehot,4,RBG-18-0204-1_S23_L001,0,0.18883671793420648
CTZ,lineage,SVM,onehot,4,RBG-18-0223-1_S2,0,0.014148301483645804
CTZ,lineage,SVM,onehot,4,RBG-18-0239-1_S4,0,0.006302939184879669
CTZ,lineage,SVM,onehot,4,RBG-18-0355-1_S19_L001,0,0.011303993435664348
CTZ,lineage,SVM,onehot,4,RBG-18-0367-1_S57,0,0.1625372870738253
CTZ,lineage,SVM,onehot,4,RBK-16-007-1_S13,1,0.002458905048188155
CTZ,lineage,SVM,onehot,4,RBK-17-049-1_S62,1,0.6622902082149413
CTZ,lineage,SVM,onehot,4,RBK-18-0047-1_S20,0,0.011351613407390429
CTZ,lineage,SVM,onehot,4,RBK-18-0104-1_S206,0,0.013847588691905416
CTZ,lineage,SVM,onehot,4,RBL-17-0076-1_S32,0,0.6126828381955559
CTZ,lineage,SVM,onehot,4,RBL-17-0101-1_S148,0,0.07560020819873109
CTZ,lineage,SVM,onehot,4,RBL-17-0165-1_S167,0,0.0048851796629814405
CTZ,lineage,SVM,onehot,4,RBL-17-0172-1_S170,0,0.16782603357941608
CTZ,lineage,SVM,onehot,4,RBL-17-0324-1_S54,1,0.05823843377231334
CTZ,lineage,SVM,onehot,4,RBL-17-0366-1_S113,0,0.007188212296875744
CTZ,lineage,SVM,onehot,4,RBL-17-075-1_S18,1,0.2082736801523411
CTZ,lineage,SVM,onehot,4,RBL-18-0002-1_S158,0,0.0014096749566514075
CTZ,lineage,SVM,onehot,4,RBL-18-0021-1_S42,0,0.5496505225269508
CTZ,lineage,SVM,onehot,4,RBL-18-0022-1_S43,0,0.2859444037562972
CTZ,lineage,SVM,onehot,4,RBL-18-0131-1_S188_2,1,0.8854791740837632
CTZ,lineage,SVM,onehot,4,RBT-17-0022-1_S24,0,0.02085765582539416
CTZ,lineage,SVM,onehot,4,RBT-17-0100-1_S36,0,0.0008281956868250453
CTZ,lineage,SVM,onehot,4,RBT-17-0107-1_S39,0,0.012479700211936817
CTZ,lineage,SVM,onehot,4,RBT-17-0112-1_S41,0,0.007809877774565465
CTZ,lineage,SVM,onehot,4,RBT-17-0133-1_S6,0,0.9286802379468672
CTZ,lineage,SVM,onehot,4,RBT-17-0161-1_S57,0,0.009967887510876197
CTZ,lineage,SVM,onehot,4,RBT-17-0174-1_S64,0,0.11231846828081311
CTZ,lineage,SVM,onehot,4,RBT-17-0238-1_S59,0,0.038387101952906635
CTZ,lineage,SVM,onehot,4,RBT-17-0239-1_S60,0,0.027477130329411494
CTZ,lineage,SVM,onehot,4,RBT-17-0256-1_S25,0,0.14664255639335197
CTZ,lineage,SVM,onehot,4,RBT-17-0291-1_S14,0,0.14826696263602132
CTZ,lineage,SVM,onehot,4,RBT-17-0295-1_S15,0,0.025036059543779556
CTZ,lineage,SVM,onehot,4,RBT-18-0004-1_S51,1,0.9264354308269949
CTZ,lineage,SVM,onehot,4,RBT-18-0017-1_S67,0,0.007055704578210375
CTZ,lineage,SVM,onehot,4,RBT-18-0027-1_S68,0,0.06580085395532813
CTZ,lineage,SVM,onehot,4,RBT-18-0042-1_S60,0,0.041533622233689046
CTZ,lineage,SVM,onehot,4,RBT-18-0056-1_S37,0,0.016107085633527172
CTZ,lineage,SVM,onehot,4,RBT-18-0079-1_S16,0,0.23717456255642091
CTZ,lineage,SVM,onehot,4,RBT-18-0102-1_S23,0,0.029653232471361375
CTZ,lineage,SVM,onehot,4,RBT-18-0115-1_S45,0,0.04468417693976392
CTZ,lineage,SVM,onehot,4,RBT-18-0133-1_S30,0,0.41514468694213075
CTZ,lineage,SVM,onehot,4,RBT-18-0141-1_S32,0,0.02411823629617439
CTZ,lineage,SVM,onehot,4,RBT-18-0164-1_S34,0,0.0037466333336312247
CTZ,lineage,SVM,onehot,4,RBT-18-0181-1_S61,1,0.1862123819352038
CTZ,lineage,SVM,onehot,4,RBT-18-0184-1_S38,1,0.0016888098536002789
CTZ,lineage,SVM,onehot,4,RBT-18-0236-1_S48,1,0.0015767988620480713
CTZ,lineage,SVM,onehot,4,RBT-18-0247-1_S16,1,0.9337365052488715
CTZ,lineage,SVM,onehot,4,RBT-18-0263-1_S58,0,0.39609803112251946
CTZ,lineage,SVM,onehot,4,RBT-18-0275-1_S63,0,0.013884553489174264
CTZ,lineage,SVM,onehot,4,RBT-18-0283-1_S65,0,0.12266494703449296
CTZ,lineage,SVM,onehot,4,RBT-18-0292-1_S70,0,0.1496975453009866
CTZ,lineage,SVM,onehot,4,RBT-18-0325-1_S44,0,0.5230466188633552
CTZ,lineage,SVM,onehot,4,RBT-18-0331-1_S22,0,0.25085821652378176
CTZ,lineage,SVM,onehot,4,RBT-18-0334-1_S23,0,0.016186996013947956
CTZ,lineage,SVM,onehot,4,RBT-18-0338-1_S35,0,0.02600188281170352
CTZ,lineage,SVM,onehot,4,RBT-18-0340-1_S36,0,0.06868942623331446
CTZ,lineage,SVM,onehot,4,RBT-18-0357-1_S27,0,0.008212433339138514
CTZ,lineage,SVM,onehot,4,RBT-18-0358-1_S28,0,0.09205593492486759
CTZ,lineage,SVM,onehot,4,RBT-18-0368-1_S32,1,0.097500514498987
CTZ,lineage,SVM,onehot,4,RBT-18-0377-1_S1,0,0.18259823607881948
CTZ,lineage,SVM,onehot,4,RBT-18-0384-1_S40,0,0.017054771281789678
CTZ,lineage,SVM,onehot,4,RBT-18-0385-1_S34,0,0.003933052934463323
CTZ,lineage,SVM,onehot,4,ResetH139_S3_L001,0,0.021137524748169732
CTZ,lineage,SVM,onehot,4,ResetH30_S4_L001,0,0.15534840396780167
CTZ,lineage,SVM,onehot,4,ResetH89_S3_L001,1,0.6939691566679401
CTZ,lineage,SVM,onehot,4,ResetH92_S4_L001,1,0.9845588477151306
CTZ,lineage,SVM,onehot,4,ResetV161_S3_L001,1,0.9946668208268478
CTZ,lineage,SVM,onehot,4,ResetV210_S4_L001,1,0.9894838484762607
CTZ,lineage,SVM,onehot,4,RPG-18-0435-1_S32,0,0.012084476217566944
CTZ,lineage,SVM,onehot,4,Survcare058_S26,1,0.6229293781452414
CTZ,lineage,SVM,onehot,4,Survcare184_S19,1,0.0891960845654344
CTZ,lineage,SVM,onehot,4,Survcare253_S35,1,0.8279069501870479
CTZ,lineage,SVM,onehot,4,Survcare262_S23_L001,1,0.023202949684470613
CTZ,lineage,SVM,onehot,4,Survcare275_S38,1,0.07023128811223028
CTZ,lineage,SVM,onehot,4,Survcare291_S38,1,0.07745106868567607
CTZ,lineage,SVM,onehot,4,Survcare310_S21_L001,1,0.7524050446738705
CTZ,lineage,SVM,onehot,4,Survcare321_S18,1,0.7725598514471095
CTZ,lineage,SVM,onehot,4,Survcare337_S12,1,0.4313503251931534
CTZ,lineage,SVM,onehot,4,V1_S6_L001,0,0.6141711548821756
CTZ,lineage,SVM,onehot,4,V108_S2_L001,0,0.034497112498786
CTZ,lineage,SVM,onehot,4,V130_S5_L001,1,0.9969803667014492
CTZ,lineage,SVM,onehot,4,V131_S7_L001,1,0.09167575634915026
CTZ,lineage,SVM,onehot,4,V139_S7_L001,0,0.9798471303226507
CTZ,lineage,SVM,onehot,4,V152_S3_L001,0,0.5432010875216297
CTZ,lineage,SVM,onehot,4,V158_S4_L001,1,0.4182429234785297
CTZ,lineage,SVM,onehot,4,V163_S6_L001,0,0.27014991746674905
CTZ,lineage,SVM,onehot,4,V182_S6_L001,1,0.9606385127986639
CTZ,lineage,SVM,onehot,4,V232_S3_L001,0,0.013582472626099944
CTZ,lineage,SVM,onehot,4,V268_S12_L001,1,0.9971883557706381
CTZ,lineage,SVM,onehot,4,V271_S13_L001,1,0.9905719588761879
CTZ,lineage,SVM,onehot,4,W2RBF-17-133-1_S28,1,0.7985443008774262
CTZ,lineage,SVM,onehot,4,wdh-RBB-16-025-1_S20,0,0.0017851269185455022
CTZ,lineage,SVM,onehot,4,wdhRBF-17-0564-1_S230,0,0.5733110268761881
CTZ,lineage,SVM,onehot,4,wdhRBF-18-0049-1_S13_L001,0,0.0004680321799491571
CTZ,lineage,SVM,onehot,4,wdhRBF-18-0080-1_S17_L001,0,0.905550179076008
CTZ,lineage,SVM,onehot,4,WDHRBG-16-049-1_S87,0,0.8769482558546784
CTZ,lineage,SVM,onehot,4,WDHRBG-17-001-1_S82,0,0.002196016394222541
CTZ,lineage,SVM,onehot,4,WDHRBG-17-005-2_S61,0,0.2380637402731101
CTZ,lineage,SVM,onehot,4,WDHRBG-17-008-1_S83,0,0.0668808385641113
CTZ,lineage,SVM,onehot,4,WDHRBG-17-0256-1_S17,0,0.02783160414440708
CTZ,lineage,SVM,onehot,4,WDHRBG-17-122-1_S48,0,0.121642894734458
CTZ,lineage,SVM,onehot,4,wRBG-16-024-1_S152,0,0.3702719659702773
CTZ,lineage,SVM,onehot,4,wRBG-16-027-1_S174,0,0.010799432673893177
CTZ,lineage,SVM,onehot,4,wRBG-17-030-1_S165,0,0.0010857353192910207
CTZ,lineage,SVM,onehot,4,wRBG-17-047-1_S153,0,0.005640011137420979
CTZ,lineage,SVM,onehot,4,wRBG-17-073-1_S118,0,0.007136309888126515
CTZ,lineage,SVM,onehot,4,wwRBF-17-148-1_S27,0,0.07349769786542816
CTZ,lineage,SVM,onehot,4,wwRBF-17-251-1_S33,1,0.27719202492871065
CTZ,lineage,SVM,onehot,4,wwRBK-17-0278-1_S41,1,0.9779023214806829
CTZ,lineage,SVM,onehot,4,wwRBK-17-0298-1_S42,1,0.36169600217071746
CTZ,lineage,SVM,onehot,4,wwRBL-16-111-1_S16,1,0.913571998198642
CTZ,lineage,RF,onehot,0,H109_S2_L001,0,0.386
CTZ,lineage,RF,onehot,0,H119_S7_L001,1,0.636
CTZ,lineage,RF,onehot,0,H38_S4_L001,1,0.67
CTZ,lineage,RF,onehot,0,NNRBG-17-0196-1_S3,0,0.04556666666666667
CTZ,lineage,RF,onehot,0,NNRBG-17-0199-1_S5,0,0.04556666666666667
CTZ,lineage,RF,onehot,0,NNRBG-17-0205-1_S7,0,0.284
CTZ,lineage,RF,onehot,0,NNRBG-17-0294-1_S18,0,0.166
CTZ,lineage,RF,onehot,0,NNRBG-17-0319-1_S24,0,0.08554761904761905
CTZ,lineage,RF,onehot,0,NNRBG-17-0328-1_S25,0,0.08954761904761906
CTZ,lineage,RF,onehot,0,NNRBG-17-0329-1_S26,0,0.05173333333333333
CTZ,lineage,RF,onehot,0,NNRBG-17-0399-1_S40,0,0.09371428571428572
CTZ,lineage,RF,onehot,0,RBB-18-0892-1_S80_2,1,0.916
CTZ,lineage,RF,onehot,0,RBB-18-0972-1_S203_2,1,0.684
CTZ,lineage,RF,onehot,0,RBB-18-1212-1_S67_2,1,0.916
CTZ,lineage,RF,onehot,0,RBB-18-1488-1_S46,1,0.0816
CTZ,lineage,RF,onehot,0,RBB-18-1502-1_S47,1,0.444
CTZ,lineage,RF,onehot,0,RBF-10-0240-1_S12_L001,0,0.05946666666666667
CTZ,lineage,RF,onehot,0,RBF-16-0064-1_S136,0,0.084
CTZ,lineage,RF,onehot,0,RBF-17-0164-1_S137,0,0.26156666666666667
CTZ,lineage,RF,onehot,0,RBF-17-0173-1_S138,0,0.082
CTZ,lineage,RF,onehot,0,RBF-17-0194-1_S140,0,0.08754761904761905
CTZ,lineage,RF,onehot,0,RBF-17-0550-1_S84,0,0.432
CTZ,lineage,RF,onehot,0,RBF-17-0589-1_S92,0,0.262
CTZ,lineage,RF,onehot,0,RBF-17-0602-1_S93,0,0.06143333333333334
CTZ,lineage,RF,onehot,0,RBF-17-0635-1_S98,0,0.33
CTZ,lineage,RF,onehot,0,RBF-17-0647-1_S99,0,0.07943333333333334
CTZ,lineage,RF,onehot,0,RBF-17-0651-1_S62,0,0.28
CTZ,lineage,RF,onehot,0,RBF-17-266-1_S70,1,0.438
CTZ,lineage,RF,onehot,0,RBF-18-0036-1_S7,0,0.07
CTZ,lineage,RF,onehot,0,RBF-18-0085-1_S21,0,0.048
CTZ,lineage,RF,onehot,0,RBF-18-0086-1_S22,0,0.044
CTZ,lineage,RF,onehot,0,RBF-18-0127-1_S32,0,0.094
CTZ,lineage,RF,onehot,0,RBF-18-0214-1_S51,0,0.08383333333333333
CTZ,lineage,RF,onehot,0,RBF-18-0217-1_S54,0,0.262
CTZ,lineage,RF,onehot,0,RBF-18-0338-1_S72,0,0.072
CTZ,lineage,RF,onehot,0,RBG-17-0284-1_S59,0,0.118
CTZ,lineage,RF,onehot,0,RBG-18-0025-1_S9_L001,0,0.046
CTZ,lineage,RF,onehot,0,RBG-18-0029-1_S40,0,0.049300000000000004
CTZ,lineage,RF,onehot,0,RBG-18-0077-1_S9,1,0.52
CTZ,lineage,RF,onehot,0,RBG-18-0185-1_S40,0,0.08754761904761905
CTZ,lineage,RF,onehot,0,RBG-18-0191-1_S11_L001,0,0.05916666666666667
CTZ,lineage,RF,onehot,0,RBG-18-0194-1_S45,0,0.138
CTZ,lineage,RF,onehot,0,RBG-18-0256-1_S8_L001,1,0.11383333333333334
CTZ,lineage,RF,onehot,0,RBG-18-0265-1_S49,0,0.11183333333333334
CTZ,lineage,RF,onehot,0,RBG-18-0276-1_S50,0,0.582
CTZ,lineage,RF,onehot,0,RBG-18-0301-1_S53,0,0.061041666666666675
CTZ,lineage,RF,onehot,0,RBG-18-0394-1_S23_L001,0,0.057433333333333336
CTZ,lineage,RF,onehot,0,RBK-16-124-1_S16,1,0.222
CTZ,lineage,RF,onehot,0,RBK-18-0019-1_S195,0,0.05516666666666667
CTZ,lineage,RF,onehot,0,RBK-18-0037-1_S199,0,0.228
CTZ,lineage,RF,onehot,0,RBK-18-0038-1_S200,0,0.07356666666666667
CTZ,lineage,RF,onehot,0,RBK-18-0414-1_S59,0,0.262
CTZ,lineage,RF,onehot,0,RBL-17-0090-1_S145,0,0.046
CTZ,lineage,RF,onehot,0,RBL-17-0104-1_S149,0,0.082
CTZ,lineage,RF,onehot,0,RBL-17-0117-1_S155,0,0.04530000000000001
CTZ,lineage,RF,onehot,0,RBL-17-0129-1_S158,0,0.08328095238095239
CTZ,lineage,RF,onehot,0,RBL-17-0133-1_S159,0,0.09
CTZ,lineage,RF,onehot,0,RBL-17-0135-1_S160,0,0.088
CTZ,lineage,RF,onehot,0,RBL-17-0138-1_S162,0,0.1
CTZ,lineage,RF,onehot,0,RBL-17-0144-1_S163,0,0.29
CTZ,lineage,RF,onehot,0,RBL-17-0155-1_S165,0,0.604
CTZ,lineage,RF,onehot,0,RBL-17-0197-1_S173,0,0.088
CTZ,lineage,RF,onehot,0,RBL-17-0217-1_S176,0,0.232
CTZ,lineage,RF,onehot,0,RBL-17-0235-1_S92,0,0.096
CTZ,lineage,RF,onehot,0,RBL-17-0267-1_S104,0,0.174
CTZ,lineage,RF,onehot,0,RBL-17-0300-1_S112,0,0.076
CTZ,lineage,RF,onehot,0,RBL-17-0306-1_S50,1,0.51
CTZ,lineage,RF,onehot,0,RBL-17-0393-1_S123,0,0.05516666666666667
CTZ,lineage,RF,onehot,0,RBL-17-0409-1_S127,0,0.05556666666666667
CTZ,lineage,RF,onehot,0,RBL-17-0429-1_S130,0,0.06130000000000001
CTZ,lineage,RF,onehot,0,RBL-18-0019-1_S41,0,0.048
CTZ,lineage,RF,onehot,0,RBL-18-0032-1_S167,0,0.124
CTZ,lineage,RF,onehot,0,RBL-18-0055-1_S170,0,0.228
CTZ,lineage,RF,onehot,0,RBT-17-0003-1_S16,0,0.086
CTZ,lineage,RF,onehot,0,RBT-17-0011-1_S19,0,0.092
CTZ,lineage,RF,onehot,0,RBT-17-0019-1_S62,1,0.916
CTZ,lineage,RF,onehot,0,RBT-17-0024-1_S23,0,0.104
CTZ,lineage,RF,onehot,0,RBT-17-0033-1_S12,1,0.358
CTZ,lineage,RF,onehot,0,RBT-17-0082-1_S30,0,0.09
CTZ,lineage,RF,onehot,0,RBT-17-0090-1_S32,0,0.056
CTZ,lineage,RF,onehot,0,RBT-17-0097-1_S34,1,0.742
CTZ,lineage,RF,onehot,0,RBT-17-0109-1_S40,0,0.084
CTZ,lineage,RF,onehot,0,RBT-17-0118-1_S45,0,0.18
CTZ,lineage,RF,onehot,0,RBT-17-0142-1_S53,0,0.07356666666666667
CTZ,lineage,RF,onehot,0,RBT-17-0150-1_S54,0,0.058
CTZ,lineage,RF,onehot,0,RBT-17-0177-1_S65,0,0.254
CTZ,lineage,RF,onehot,0,RBT-17-0177-2_S7,0,0.254
CTZ,lineage,RF,onehot,0,RBT-17-0188-1_S68,1,0.428
CTZ,lineage,RF,onehot,0,RBT-17-0243-1_S11,0,0.08954761904761906
CTZ,lineage,RF,onehot,0,RBT-17-0337-1_S19,0,0.064
CTZ,lineage,RF,onehot,0,RBT-18-0030-1_S69,0,0.058
CTZ,lineage,RF,onehot,0,RBT-18-0046-1_S2,0,0.45
CTZ,lineage,RF,onehot,0,RBT-18-0057-1_S38,0,0.16
CTZ,lineage,RF,onehot,0,RBT-18-0064-1_S15,0,0.222
CTZ,lineage,RF,onehot,0,RBT-18-0066-1_S40,0,0.05716666666666667
CTZ,lineage,RF,onehot,0,RBT-18-0080-1_S49,1,0.216
CTZ,lineage,RF,onehot,0,RBT-18-0091-1_S42,0,0.15783333333333335
CTZ,lineage,RF,onehot,0,RBT-18-0101-1_S22,0,0.456
CTZ,lineage,RF,onehot,0,RBT-18-0113-1_S44,0,0.05516666666666667
CTZ,lineage,RF,onehot,0,RBT-18-0121-1_S28,0,0.074
CTZ,lineage,RF,onehot,0,RBT-18-0122-1_S63,0,0.052
CTZ,lineage,RF,onehot,0,RBT-18-0125-1_S50,0,0.076
CTZ,lineage,RF,onehot,0,RBT-18-0134-1_S29,0,0.05516666666666667
CTZ,lineage,RF,onehot,0,RBT-18-0230-1_S45,0,0.05973333333333333
CTZ,lineage,RF,onehot,0,RBT-18-0259-1_S55,0,0.208
CTZ,lineage,RF,onehot,0,RBT-18-0317-1_S27,0,0.088
CTZ,lineage,RF,onehot,0,RBT-18-0341-1_S24,0,0.294
CTZ,lineage,RF,onehot,0,RBT-18-0364-1_S29,0,0.526
CTZ,lineage,RF,onehot,0,RBT-18-0365-1_S30,0,0.29
CTZ,lineage,RF,onehot,0,ResetH10_S1_L001,0,0.308
CTZ,lineage,RF,onehot,0,ResetH68_S1_L001,0,0.0553
CTZ,lineage,RF,onehot,0,ResetH93_S5_L001,1,0.2
CTZ,lineage,RF,onehot,0,ResetH98_S4_L001,0,0.07
CTZ,lineage,RF,onehot,0,ResetV143_S2_L001,0,0.25
CTZ,lineage,RF,onehot,0,Survcare125_S25,1,0.844
CTZ,lineage,RF,onehot,0,Survcare130_S2,1,0.09
CTZ,lineage,RF,onehot,0,Survcare234_S3_L001,1,0.078
CTZ,lineage,RF,onehot,0,Survcare244_S9_L001,1,0.504
CTZ,lineage,RF,onehot,0,Survcare278_S62,1,0.462
CTZ,lineage,RF,onehot,0,Survcare289_S36,1,0.734
CTZ,lineage,RF,onehot,0,Survcare293_S40,1,0.722
CTZ,lineage,RF,onehot,0,Survcare309_S20_L001,1,0.72
CTZ,lineage,RF,onehot,0,Survcare317_S5_L001,1,0.276
CTZ,lineage,RF,onehot,0,Survcare318_S20_L001,1,0.794
CTZ,lineage,RF,onehot,0,Survcare319_S16,1,0.736
CTZ,lineage,RF,onehot,0,Survcare334_S10,1,0.822
CTZ,lineage,RF,onehot,0,Survcare335_S11,1,0.846
CTZ,lineage,RF,onehot,0,Survcare350_S44,1,0.344
CTZ,lineage,RF,onehot,0,Survcare360_S84,1,0.216
CTZ,lineage,RF,onehot,0,V153_S4_L001,0,0.292
CTZ,lineage,RF,onehot,0,V155_S5_L001,0,0.294
CTZ,lineage,RF,onehot,0,V177_S6_L001,1,0.6
CTZ,lineage,RF,onehot,0,V195_S1_L001,1,0.112
CTZ,lineage,RF,onehot,0,V292_S6_L001,1,0.914
CTZ,lineage,RF,onehot,0,V71_S4_L001,1,0.636
CTZ,lineage,RF,onehot,0,V73_S5_L001,1,0.218
CTZ,lineage,RF,onehot,0,V8_S7_L001,0,0.814
CTZ,lineage,RF,onehot,0,V86_S1_L001,1,0.22
CTZ,lineage,RF,onehot,0,V96_S2_L001,1,0.21
CTZ,lineage,RF,onehot,0,W2RBF-17-090-1_S26,1,0.464
CTZ,lineage,RF,onehot,0,wdhRBF-18-0057_S14_L001,0,0.126
CTZ,lineage,RF,onehot,0,wNRZ-32446_S79,1,0.242
CTZ,lineage,RF,onehot,0,wRBG-16-026-1_S163,0,0.04956666666666667
CTZ,lineage,RF,onehot,0,wRBG-16-032-1_S142,0,0.05516666666666667
CTZ,lineage,RF,onehot,0,wRBG-17-021-1_S166,0,0.0597
CTZ,lineage,RF,onehot,0,wRBG-17-025-1_S133,0,0.092
CTZ,lineage,RF,onehot,0,wRBG-17-058-1_S130,0,0.05
CTZ,lineage,RF,onehot,0,wRBG-17-072-1_S129,0,0.056
CTZ,lineage,RF,onehot,0,wRBG-17-081-1_S117,0,0.114
CTZ,lineage,RF,onehot,0,wRBG-17-102-1_S169,0,0.43
CTZ,lineage,RF,onehot,1,H100_S2_L001,0,0.152
CTZ,lineage,RF,onehot,1,H105_S3_L001,0,0.524
CTZ,lineage,RF,onehot,1,H136_S7_L001,0,0.37
CTZ,lineage,RF,onehot,1,H148_S4_L001,1,0.526
CTZ,lineage,RF,onehot,1,H28_S10_L001,0,0.242
CTZ,lineage,RF,onehot,1,H3_S1_L001,1,0.528
CTZ,lineage,RF,onehot,1,H51_S5_L001,0,0.526
CTZ,lineage,RF,onehot,1,H53_S4_L001,1,0.524
CTZ,lineage,RF,onehot,1,H71_S1_L001,1,0.526
CTZ,lineage,RF,onehot,1,H86_S1_L001,0,0.398
CTZ,lineage,RF,onehot,1,NNRBG-17-0191-1_S1,0,0.38
CTZ,lineage,RF,onehot,1,NNRBG-17-0198-1_S4,0,0.066
CTZ,lineage,RF,onehot,1,NNRBG-17-0242-1_S11,0,0.376
CTZ,lineage,RF,onehot,1,NNRBG-17-0249-1_S13,0,0.378
CTZ,lineage,RF,onehot,1,NNRBG-17-0255-1_S14,0,0.198
CTZ,lineage,RF,onehot,1,NNRBG-17-0378-1_S37,0,0.52
CTZ,lineage,RF,onehot,1,RBB-17-011-1_S40,1,0.524
CTZ,lineage,RF,onehot,1,RBB-17-171-1_S52,1,0.584
CTZ,lineage,RF,onehot,1,RBB-18-0537-1_S21_L001,1,0.552
CTZ,lineage,RF,onehot,1,RBB-18-0668-1_S188,1,0.528
CTZ,lineage,RF,onehot,1,RBB-18-1309-1_S42,1,0.518
CTZ,lineage,RF,onehot,1,RBB-18-1460-1_S45,1,0.524
CTZ,lineage,RF,onehot,1,RBF-16-004-1_S18,0,0.556
CTZ,lineage,RF,onehot,1,RBF-16-060-1_S22,1,0.53
CTZ,lineage,RF,onehot,1,RBF-17-0195-1_S141,0,0.44
CTZ,lineage,RF,onehot,1,RBF-17-0340-1_S81,1,0.644
CTZ,lineage,RF,onehot,1,RBF-17-0438-1_S9,1,0.524
CTZ,lineage,RF,onehot,1,RBF-17-0467-1_S12,1,0.524
CTZ,lineage,RF,onehot,1,RBF-17-0489-1_S13,1,0.528
CTZ,lineage,RF,onehot,1,RBF-17-0509-1_S74,0,0.296
CTZ,lineage,RF,onehot,1,RBF-17-0513-1_S76,0,0.86
CTZ,lineage,RF,onehot,1,RBF-17-0521-1_S78,0,0.524
CTZ,lineage,RF,onehot,1,RBF-17-0537-1_S56,1,0.524
CTZ,lineage,RF,onehot,1,RBF-17-0553-1_S85,0,0.526
CTZ,lineage,RF,onehot,1,RBF-17-0572-2_S89,0,0.686
CTZ,lineage,RF,onehot,1,RBF-17-067-1_S54,1,0.522
CTZ,lineage,RF,onehot,1,RBF-17-094-1_S56,1,0.526
CTZ,lineage,RF,onehot,1,RBF-17-170-1_S66,1,0.554
CTZ,lineage,RF,onehot,1,RBF-17-186-1_S69,1,0.524
CTZ,lineage,RF,onehot,1,RBF-17-318-1_S77,1,0.55
CTZ,lineage,RF,onehot,1,RBF-18-0019-1_S2,0,0.524
CTZ,lineage,RF,onehot,1,RBF-18-0066-1_S15,0,0.396
CTZ,lineage,RF,onehot,1,RBF-18-0068-1_S77,1,0.654
CTZ,lineage,RF,onehot,1,RBF-18-0075-1_S79,1,0.534
CTZ,lineage,RF,onehot,1,RBF-18-0121-1_S28,0,0.368
CTZ,lineage,RF,onehot,1,RBF-18-0139-1_S35,0,0.438
CTZ,lineage,RF,onehot,1,RBF-18-0147-1_S36,0,0.304
CTZ,lineage,RF,onehot,1,RBF-18-0172-1_S40,0,0.376
CTZ,lineage,RF,onehot,1,RBF-18-0173-1_S27,0,0.386
CTZ,lineage,RF,onehot,1,RBF-18-0174-1_S28,0,0.54
CTZ,lineage,RF,onehot,1,RBF-18-0187-1_S31,1,0.526
CTZ,lineage,RF,onehot,1,RBF-18-0194-1_S86,1,0.562
CTZ,lineage,RF,onehot,1,RBF-18-0196-1_S46,0,0.53
CTZ,lineage,RF,onehot,1,RBF-18-0199-1_S47,0,0.528
CTZ,lineage,RF,onehot,1,RBF-18-0227-1_S53,0,0.408
CTZ,lineage,RF,onehot,1,RBF-18-0252-1_S56,0,0.422
CTZ,lineage,RF,onehot,1,RBF-18-0277-1_S61,0,0.532
CTZ,lineage,RF,onehot,1,RBF-18-0282-1_S63,0,0.498
CTZ,lineage,RF,onehot,1,RBF-18-0321-1_S69,0,0.262
CTZ,lineage,RF,onehot,1,RBF-18-0333-1_S70,0,0.236
CTZ,lineage,RF,onehot,1,RBF-18-0585-1_S48,1,0.536
CTZ,lineage,RF,onehot,1,RBF-18-0714-2_S204_2,1,0.534
CTZ,lineage,RF,onehot,1,RBG-17-0351-1_S20_L001,1,0.536
CTZ,lineage,RF,onehot,1,RBG-17-0383-1_S44,0,0.394
CTZ,lineage,RF,onehot,1,RBG-18-0004-1_S1,1,0.524
CTZ,lineage,RF,onehot,1,RBG-18-0072-1_S8,0,0.38
CTZ,lineage,RF,onehot,1,RBG-18-0099-1_S14,1,0.524
CTZ,lineage,RF,onehot,1,RBG-18-0113-1_S13_L001,0,0.152
CTZ,lineage,RF,onehot,1,RBG-18-0129-1_S15_L001,1,0.532
CTZ,lineage,RF,onehot,1,RBG-18-0153-1_S14,0,0.544
CTZ,lineage,RF,onehot,1,RBG-18-0177-1_S17_L001,1,0.528
CTZ,lineage,RF,onehot,1,RBG-18-0200-1_S18_L001,1,0.522
CTZ,lineage,RF,onehot,1,RBG-18-0224-1_S24_L001,1,0.524
CTZ,lineage,RF,onehot,1,RBG-18-0279-1_S36,1,0.524
CTZ,lineage,RF,onehot,1,RBG-18-0289-1_S37,1,0.396
CTZ,lineage,RF,onehot,1,RBG-18-0347-1_S22_L001,0,0.582
CTZ,lineage,RF,onehot,1,RBG-18-0380-1_S48,0,0.524
CTZ,lineage,RF,onehot,1,RBG-18-0388-1_S21_L001,1,0.546
CTZ,lineage,RF,onehot,1,RBG-18-0391-1_S22_L001,1,0.64
CTZ,lineage,RF,onehot,1,RBG-18-0410-1_S12,1,0.544
CTZ,lineage,RF,onehot,1,RBG-18-0421-1_S53,1,0.546
CTZ,lineage,RF,onehot,1,RBG-18-0437-1_S54,0,0.58
CTZ,lineage,RF,onehot,1,RBK-17-0457-1_S6,1,0.538
CTZ,lineage,RF,onehot,1,RBK-17-0492-1_S8,1,0.534
CTZ,lineage,RF,onehot,1,RBK-17-0588-1_S24,1,0.54
CTZ,lineage,RF,onehot,1,RBK-17-0601-1_S25,1,0.524
CTZ,lineage,RF,onehot,1,RBK-17-0612-1_S27,1,0.524
CTZ,lineage,RF,onehot,1,RBK-17-0655-5_S182,1,0.528
CTZ,lineage,RF,onehot,1,RBK-18-0022-1_S197,0,0.474
CTZ,lineage,RF,onehot,1,RBK-18-0060-1_S22,0,0.5
CTZ,lineage,RF,onehot,1,RBK-18-0077-1_S212,1,0.524
CTZ,lineage,RF,onehot,1,RBK-18-0080-1_S205,0,0.116
CTZ,lineage,RF,onehot,1,RBK-18-0236-2_S52_2,1,0.392
CTZ,lineage,RF,onehot,1,RBKk-18-0108-1_S201,1,0.524
CTZ,lineage,RF,onehot,1,RBL-17-0093-1_S146,0,0.398
CTZ,lineage,RF,onehot,1,RBL-17-0107-1_S150,0,0.4
CTZ,lineage,RF,onehot,1,RBL-17-0113-1_S153,0,0.522
CTZ,lineage,RF,onehot,1,RBL-17-0118-1_S156,0,0.204
CTZ,lineage,RF,onehot,1,RBL-17-0123-1_S157,0,0.08
CTZ,lineage,RF,onehot,1,RBL-17-0159-1_S166,0,0.194
CTZ,lineage,RF,onehot,1,RBL-17-0189-1_S172,0,0.21
CTZ,lineage,RF,onehot,1,RBL-17-0199-1_S174,0,0.53
CTZ,lineage,RF,onehot,1,RBL-17-0226-1_S41,1,0.524
CTZ,lineage,RF,onehot,1,RBL-17-0242-1_S42,1,0.534
CTZ,lineage,RF,onehot,1,RBL-17-0244-1_S44,1,0.524
CTZ,lineage,RF,onehot,1,RBL-17-0264-1_S103,0,0.544
CTZ,lineage,RF,onehot,1,RBL-17-0305-1_S49,1,0.55
CTZ,lineage,RF,onehot,1,RBL-17-0307-1_S51,1,0.524
CTZ,lineage,RF,onehot,1,RBL-17-0323-1_S115,0,0.408
CTZ,lineage,RF,onehot,1,RBL-17-0332-1_S118,0,0.386
CTZ,lineage,RF,onehot,1,RBL-17-0350-1_S106,0,0.61
CTZ,lineage,RF,onehot,1,RBL-17-0359-1_S66,1,0.536
CTZ,lineage,RF,onehot,1,RBL-17-0360-1_S108,0,0.32
CTZ,lineage,RF,onehot,1,RBL-17-0365-1_S112,0,0.164
CTZ,lineage,RF,onehot,1,RBL-17-0392-1_S69,1,0.55
CTZ,lineage,RF,onehot,1,RBL-17-0411-1_S128,0,0.322
CTZ,lineage,RF,onehot,1,RBL-17-0432-1_S132,0,0.778
CTZ,lineage,RF,onehot,1,RBL-17-060-1_S17,1,0.524
CTZ,lineage,RF,onehot,1,RBL-18-0010-1_S159,0,0.492
CTZ,lineage,RF,onehot,1,RBL-18-0048-1_S44,0,0.55
CTZ,lineage,RF,onehot,1,RBL-18-0059-1_S171,0,0.546
CTZ,lineage,RF,onehot,1,RBL-18-0076-1_S47,1,0.534
CTZ,lineage,RF,onehot,1,RBL-18-0090-1_S48,1,0.522
CTZ,lineage,RF,onehot,1,RBL-18-0093-1_S49,0,0.534
CTZ,lineage,RF,onehot,1,RBL-18-0098-1_S178,0,0.524
CTZ,lineage,RF,onehot,1,RBL-18-0194-1_S195_2,1,0.528
CTZ,lineage,RF,onehot,1,RBL-18-0343-1_S6,1,0.398
CTZ,lineage,RF,onehot,1,RBL-18-0467-1_S228_2,1,0.56
CTZ,lineage,RF,onehot,1,RBL-18-0500-1_S230_2,1,0.55
CTZ,lineage,RF,onehot,1,RBT-16-0024-1_S10,1,0.536
CTZ,lineage,RF,onehot,1,RBT-16-0038-1_S11,1,0.54
CTZ,lineage,RF,onehot,1,RBT-17-0009-1_S21,0,0.39
CTZ,lineage,RF,onehot,1,RBT-17-0039-1_S28,1,0.402
CTZ,lineage,RF,onehot,1,RBT-17-0102-1_S37,0,0.526
CTZ,lineage,RF,onehot,1,RBT-17-0183-1_S67,0,0.23
CTZ,lineage,RF,onehot,1,RBT-17-0217-1_S7,0,0.732
CTZ,lineage,RF,onehot,1,RBT-17-0219-1_S8,0,0.51
CTZ,lineage,RF,onehot,1,RBT-17-0232-1_S58,0,0.756
CTZ,lineage,RF,onehot,1,RBT-17-0249-1_S61,1,0.524
CTZ,lineage,RF,onehot,1,RBT-17-0328-1_S16,1,0.528
CTZ,lineage,RF,onehot,1,RBT-17-0339-1_S20,0,0.526
CTZ,lineage,RF,onehot,1,RBT-18-0021-1_S56,1,0.524
CTZ,lineage,RF,onehot,1,RBT-18-0053-1_S36,1,0.526
CTZ,lineage,RF,onehot,1,RBT-18-0071-1_S41,0,0.184
CTZ,lineage,RF,onehot,1,RBT-18-0146-1_S55,0,0.078
CTZ,lineage,RF,onehot,1,RBT-18-0205-1_S6,1,0.522
CTZ,lineage,RF,onehot,1,RBT-18-0227-1_S46,1,0.526
CTZ,lineage,RF,onehot,1,RBT-18-0234-1_S15,1,0.54
CTZ,lineage,RF,onehot,1,RBT-18-0241-1_S50,0,0.158
CTZ,lineage,RF,onehot,1,RBT-18-0278-1_S64,0,0.806
CTZ,lineage,RF,onehot,1,RBT-18-0284-1_S66,1,0.516
CTZ,lineage,RF,onehot,1,RBT-18-0296-1_S72,1,0.524
CTZ,lineage,RF,onehot,1,RBT-18-0308-1_S34,0,0.378
CTZ,lineage,RF,onehot,1,RBT-18-0324-1_S57,1,0.518
CTZ,lineage,RF,onehot,1,RBT-18-0335-1_S41,0,0.534
CTZ,lineage,RF,onehot,1,RBT-18-0337-1_S46,0,0.524
CTZ,lineage,RF,onehot,1,RBT-18-0363-1_S72,1,0.522
CTZ,lineage,RF,onehot,1,RBT-18-0372-1_S31,1,0.524
CTZ,lineage,RF,onehot,1,RBT-18-0391-1_S35,1,0.528
CTZ,lineage,RF,onehot,1,RBT-18-0392-1_S56,1,0.526
CTZ,lineage,RF,onehot,1,RBT-18-0401-1_S43,0,0.528
CTZ,lineage,RF,onehot,1,ResetH127_S6_L001,1,0.52
CTZ,lineage,RF,onehot,1,ResetH129_S7_L001,1,0.528
CTZ,lineage,RF,onehot,1,ResetH131_S7_L001,1,0.524
CTZ,lineage,RF,onehot,1,ResetH132_S1_L001,1,0.398
CTZ,lineage,RF,onehot,1,ResetH49b_S6_L001,0,0.404
CTZ,lineage,RF,onehot,1,ResetH63_S7_L001,1,0.524
CTZ,lineage,RF,onehot,1,ResetH75_S2_L001,1,0.524
CTZ,lineage,RF,onehot,1,ResetV260_S5_L001,1,0.524
CTZ,lineage,RF,onehot,1,Survcare187_S32,1,0.522
CTZ,lineage,RF,onehot,1,Survcare236_S5_L001,1,0.388
CTZ,lineage,RF,onehot,1,Survcare265_S20,1,0.386
CTZ,lineage,RF,onehot,1,Survcare327_S1,1,0.526
CTZ,lineage,RF,onehot,1,Survcare341_S25,1,0.576
CTZ,lineage,RF,onehot,1,V111_S3_L001,0,0.444
CTZ,lineage,RF,onehot,1,V173_S6_L001,0,0.206
CTZ,lineage,RF,onehot,1,V282_S4_L001,0,0.558
CTZ,lineage,RF,onehot,1,V291_S5_L001,1,0.524
CTZ,lineage,RF,onehot,1,V295_S7_L001,0,0.524
CTZ,lineage,RF,onehot,1,V79_S6_L001,0,0.434
CTZ,lineage,RF,onehot,1,V89_S1_L001,0,0.33
CTZ,lineage,RF,onehot,1,W2RBK-17-168-1_S33,1,0.54
CTZ,lineage,RF,onehot,1,W2RBK-17-169-1_S34,1,0.626
CTZ,lineage,RF,onehot,1,W2RBL-16-018-1_S15,1,0.538
CTZ,lineage,RF,onehot,1,wdh-RBB-17-170-1_S16,1,0.524
CTZ,lineage,RF,onehot,1,wdh-RBF-17-0572-1_S43,0,0.688
CTZ,lineage,RF,onehot,1,wdhRBF-10-0002-1_S10_L001,1,0.516
CTZ,lineage,RF,onehot,1,wdhRBF-17-0567-1_S122,0,0.38
CTZ,lineage,RF,onehot,1,wdhRBF-18-0025-1_S11_L001,0,0.374
CTZ,lineage,RF,onehot,1,wdhRBF-18-0048-1_S12_L001,0,0.432
CTZ,lineage,RF,onehot,1,wdhRBF-18-0059-1_S15_L001,0,0.188
CTZ,lineage,RF,onehot,1,wdhRBF-18-0081-1_S18_L001,0,0.308
CTZ,lineage,RF,onehot,1,WDHRBG-17-121-1_S46,0,0.25
CTZ,lineage,RF,onehot,1,wRBF-17-0146-1_S35,1,0.524
CTZ,lineage,RF,onehot,1,wRBG-16-033-1_S153,0,0.398
CTZ,lineage,RF,onehot,1,wRBG-16-034-1_S164,0,0.38
CTZ,lineage,RF,onehot,1,wRBG-17-028-1_S100,0,0.234
CTZ,lineage,RF,onehot,1,wRBG-17-031-1_S154,0,0.262
CTZ,lineage,RF,onehot,1,wRBG-17-055-1_S163,0,0.552
CTZ,lineage,RF,onehot,1,wRBG-17-057-1_S141,0,0.418
CTZ,lineage,RF,onehot,1,wRBG-17-106-1_S125,0,0.414
CTZ,lineage,RF,onehot,1,wwRBB-16-112-1_S1,1,0.528
CTZ,lineage,RF,onehot,1,wwRBF-16-007-1_S10,1,0.526
CTZ,lineage,RF,onehot,1,wwRBF-17-167-1_S31,1,0.56
CTZ,lineage,RF,onehot,1,wwRBF-17-189-1_S32,1,0.526
CTZ,lineage,RF,onehot,1,wwRBF-17-209-1_S34,0,0.606
CTZ,lineage,RF,onehot,1,wwRBK-16-023-1_S5,1,0.68
CTZ,lineage,RF,onehot,1,wwRBK-17-0148-1_S37,1,0.516
CTZ,lineage,RF,onehot,1,wwRBK-17-0148-2_S38,1,0.526
CTZ,lineage,RF,onehot,1,wwRBK-17-0197-1_S39,1,0.522
CTZ,lineage,RF,onehot,1,wwRBK-17-075-1_S28,1,0.52
CTZ,lineage,RF,onehot,1,wwRBL-17-004-1_S44,1,0.528
CTZ,lineage,RF,onehot,2,H17_S2_L001,0,0.162
CTZ,lineage,RF,onehot,2,H37_S3_L001,0,0.152
CTZ,lineage,RF,onehot,2,NNRBG-17-0308-1_S20,0,0.208
CTZ,lineage,RF,onehot,2,NNRBG-17-0346-1_S30,0,0.496
CTZ,lineage,RF,onehot,2,NNRBG-17-0382-1_S38,0,0.528
CTZ,lineage,RF,onehot,2,NNSurvcare045_S41,1,0.55
CTZ,lineage,RF,onehot,2,RBB-18-0490-1_S20_L001,1,0.442
CTZ,lineage,RF,onehot,2,RBB-18-0665-1_S23_L001,1,0.678
CTZ,lineage,RF,onehot,2,RBB-18-0765-1_S191,1,0.422
CTZ,lineage,RF,onehot,2,RBB-18-0772-1_S192,1,0.708
CTZ,lineage,RF,onehot,2,RBB-18-1086-1_S189_2,1,0.456
CTZ,lineage,RF,onehot,2,RBB-18-1406-1_S49,1,0.174
CTZ,lineage,RF,onehot,2,RBB-19-0014-1_S44,1,0.184
CTZ,lineage,RF,onehot,2,RBBK18-0189-1_S24_L001,0,0.378
CTZ,lineage,RF,onehot,2,RBF-16-073-1_S23,1,0.642
CTZ,lineage,RF,onehot,2,RBF-17-0424-1_S15,0,0.396
CTZ,lineage,RF,onehot,2,RBF-17-0450-1_S10,0,0.404
CTZ,lineage,RF,onehot,2,RBF-17-0508-1_S73,0,0.232
CTZ,lineage,RF,onehot,2,RBF-17-0538-1_S82,0,0.26
CTZ,lineage,RF,onehot,2,RBF-17-0540-1_S83,0,0.22
CTZ,lineage,RF,onehot,2,RBF-17-0630-1_S59,1,0.31
CTZ,lineage,RF,onehot,2,RBF-17-0648-1_S100,0,0.268
CTZ,lineage,RF,onehot,2,RBF-18-0027-1_S5,0,0.48
CTZ,lineage,RF,onehot,2,RBF-18-0035-1_S6,0,0.46
CTZ,lineage,RF,onehot,2,RBF-18-0055-1_S11,0,0.294
CTZ,lineage,RF,onehot,2,RBF-18-0087-1_S23,0,0.318
CTZ,lineage,RF,onehot,2,RBF-18-0093-1_S80,0,0.318
CTZ,lineage,RF,onehot,2,RBF-18-0125-1_S30,0,0.152
CTZ,lineage,RF,onehot,2,RBF-18-0126-1_S31,0,0.17
CTZ,lineage,RF,onehot,2,RBF-18-0151-1_S83,1,0.21
CTZ,lineage,RF,onehot,2,RBF-18-0184-1_S30,0,0.9
CTZ,lineage,RF,onehot,2,RBF-18-0251-1_S55,0,0.782
CTZ,lineage,RF,onehot,2,RBF-18-0339-1_S37,0,0.208
CTZ,lineage,RF,onehot,2,RBF-18-0664-1_S190,0,0.77
CTZ,lineage,RF,onehot,2,RBG-17-013-1_S16,1,0.58
CTZ,lineage,RF,onehot,2,RBG-18-0012-1_S3,0,0.398
CTZ,lineage,RF,onehot,2,RBG-18-0023-1_S2,0,0.342
CTZ,lineage,RF,onehot,2,RBG-18-0055-1_S43,0,0.07
CTZ,lineage,RF,onehot,2,RBG-18-0085-1_S11,0,0.134
CTZ,lineage,RF,onehot,2,RBG-18-0144-1_S38,0,0.2
CTZ,lineage,RF,onehot,2,RBG-18-0202-1_S13_L001,0,0.454
CTZ,lineage,RF,onehot,2,RBG-18-0206-2_S46,0,0.346
CTZ,lineage,RF,onehot,2,RBG-18-0209-2_S46,0,0.084
CTZ,lineage,RF,onehot,2,RBG-18-0221-1_S47,0,0.21
CTZ,lineage,RF,onehot,2,RBG-18-0280-1_S51,0,0.164
CTZ,lineage,RF,onehot,2,RBG-18-0312-1_S55,0,0.536
CTZ,lineage,RF,onehot,2,RBG-18-0352-1_S21_L001,0,0.196
CTZ,lineage,RF,onehot,2,RBG-18-0358-1_S39,1,0.186
CTZ,lineage,RF,onehot,2,RBG-18-0402-1_S50,1,0.616
CTZ,lineage,RF,onehot,2,RBG-18-0417-1_S52,0,0.202
CTZ,lineage,RF,onehot,2,RBK-16-073-1_S14,1,0.778
CTZ,lineage,RF,onehot,2,RBK-16-079-1_S15,1,0.238
CTZ,lineage,RF,onehot,2,RBK-17-0595-1_S187,1,0.686
CTZ,lineage,RF,onehot,2,RBK-18-0005-1_S18,0,0.202
CTZ,lineage,RF,onehot,2,RBk-18-0216-1_S231_2,0,0.248
CTZ,lineage,RF,onehot,2,RBK-18-0250-1_S235_2,0,0.152
CTZ,lineage,RF,onehot,2,RBK-18-0644-1_S180,1,0.186
CTZ,lineage,RF,onehot,2,RBL-17-0095-1_S147,0,0.21
CTZ,lineage,RF,onehot,2,RBL-17-0136-1_S161,0,0.08
CTZ,lineage,RF,onehot,2,RBL-17-0232-1_S91,0,0.168
CTZ,lineage,RF,onehot,2,RBL-17-0256-1_S98,0,0.214
CTZ,lineage,RF,onehot,2,RBL-17-0261-1_S100,0,0.28
CTZ,lineage,RF,onehot,2,RBL-17-0263-1_S102,0,0.258
CTZ,lineage,RF,onehot,2,RBL-17-0283-1_S27,0,0.224
CTZ,lineage,RF,onehot,2,RBL-17-0320-1_S114,0,0.534
CTZ,lineage,RF,onehot,2,RBL-17-0349-1_S105,0,0.27
CTZ,lineage,RF,onehot,2,RBL-17-0374-1_S116,0,0.226
CTZ,lineage,RF,onehot,2,RBL-17-0383-1_S119,0,0.266
CTZ,lineage,RF,onehot,2,RBL-17-0391-1_S122,0,0.438
CTZ,lineage,RF,onehot,2,RBL-17-0397-1_S125,0,0.232
CTZ,lineage,RF,onehot,2,RBT-16-0045-1_S58,1,0.66
CTZ,lineage,RF,onehot,2,RBT-17-0008-1_S18,0,0.294
CTZ,lineage,RF,onehot,2,RBT-17-0023-1_S25,0,0.586
CTZ,lineage,RF,onehot,2,RBT-17-0079-1_S29,0,0.182
CTZ,lineage,RF,onehot,2,RBT-17-0084-1_S31,0,0.194
CTZ,lineage,RF,onehot,2,RBT-17-0099-1_S35,0,0.488
CTZ,lineage,RF,onehot,2,RBT-17-0113-1_S42,0,0.278
CTZ,lineage,RF,onehot,2,RBT-17-0130-1_S27,0,0.158
CTZ,lineage,RF,onehot,2,RBT-17-0138-1_S52,0,0.496
CTZ,lineage,RF,onehot,2,RBT-17-0156-1_S56,0,0.194
CTZ,lineage,RF,onehot,2,RBT-17-0163-1_S59,0,0.214
CTZ,lineage,RF,onehot,2,RBT-17-0165-1_S60,0,0.214
CTZ,lineage,RF,onehot,2,RBT-17-0167-1_S27,0,0.166
CTZ,lineage,RF,onehot,2,RBT-17-0173-1_S63,0,0.142
CTZ,lineage,RF,onehot,2,RBT-17-0225-1_S9,0,0.206
CTZ,lineage,RF,onehot,2,RBT-17-0270-1_S65,0,0.156
CTZ,lineage,RF,onehot,2,RBT-17-0285-1_S66,0,0.692
CTZ,lineage,RF,onehot,2,RBT-18-0023-1_S14,0,0.198
CTZ,lineage,RF,onehot,2,RBT-18-0050-1_S34,0,0.288
CTZ,lineage,RF,onehot,2,RBT-18-0052-1_S35,1,0.248
CTZ,lineage,RF,onehot,2,RBT-18-0103-1_S24,0,0.284
CTZ,lineage,RF,onehot,2,RBT-18-0110-1_S27,0,0.482
CTZ,lineage,RF,onehot,2,RBT-18-0116-1_S46,0,0.154
CTZ,lineage,RF,onehot,2,RBT-18-0127-1_S51,0,0.196
CTZ,lineage,RF,onehot,2,RBT-18-0173-1_S35,0,0.236
CTZ,lineage,RF,onehot,2,RBT-18-0197-1_S40,0,0.106
CTZ,lineage,RF,onehot,2,RBT-18-0224-1_S43,0,0.2
CTZ,lineage,RF,onehot,2,RBT-18-0246-1_S52,0,0.192
CTZ,lineage,RF,onehot,2,RBT-18-0252-1_S53,0,0.902
CTZ,lineage,RF,onehot,2,RBT-18-0253-1_S54,0,0.53
CTZ,lineage,RF,onehot,2,RBT-18-0269-1_S61,0,0.21
CTZ,lineage,RF,onehot,2,RBT-18-0271-1_S62,0,0.2
CTZ,lineage,RF,onehot,2,RBT-18-0288-1_S68,0,0.154
CTZ,lineage,RF,onehot,2,RBT-18-0293-1_S71,0,0.19
CTZ,lineage,RF,onehot,2,RBT-18-0339-1_S47,0,0.112
CTZ,lineage,RF,onehot,2,RBT-18-0361-1_S38,0,0.29
CTZ,lineage,RF,onehot,2,RBT-18-0370-1_S33,0,0.146
CTZ,lineage,RF,onehot,2,ResetH1_S1_L001,0,0.158
CTZ,lineage,RF,onehot,2,ResetH115_S6_L001,0,0.304
CTZ,lineage,RF,onehot,2,ResetH16_S2_L001,1,0.608
CTZ,lineage,RF,onehot,2,ResetH44_S3_L001,0,0.172
CTZ,lineage,RF,onehot,2,ResetH8_S2_L001,0,0.244
CTZ,lineage,RF,onehot,2,ResetH99_S5_L001,0,0.22
CTZ,lineage,RF,onehot,2,ResetV288_S6_L001,0,0.742
CTZ,lineage,RF,onehot,2,ResetV63_S5_L001,0,0.062
CTZ,lineage,RF,onehot,2,Survcare0114_S37,1,0.172
CTZ,lineage,RF,onehot,2,Survcare052_S22,1,0.874
CTZ,lineage,RF,onehot,2,Survcare104_S16_L001,1,0.226
CTZ,lineage,RF,onehot,2,Survcare133_S25,1,0.724
CTZ,lineage,RF,onehot,2,Survcare134_S26,1,0.716
CTZ,lineage,RF,onehot,2,Survcare140_S4_L001,1,0.714
CTZ,lineage,RF,onehot,2,Survcare176_S17_L001,1,0.77
CTZ,lineage,RF,onehot,2,Survcare221_S7_L001,1,0.124
CTZ,lineage,RF,onehot,2,Survcare303_S15_L001,1,0.73
CTZ,lineage,RF,onehot,2,Survcare329_S3,1,0.42
CTZ,lineage,RF,onehot,2,V113_S3_L001,0,0.288
CTZ,lineage,RF,onehot,2,V114_S5_L001,1,0.65
CTZ,lineage,RF,onehot,2,V172_S5_L001,0,0.172
CTZ,lineage,RF,onehot,2,V201_S4_L001,1,0.642
CTZ,lineage,RF,onehot,2,V215_S2_L001,0,0.294
CTZ,lineage,RF,onehot,2,V289_S5_L001,0,0.74
CTZ,lineage,RF,onehot,2,V40_S2_L001,1,0.392
CTZ,lineage,RF,onehot,2,V64_S3_L001,0,0.064
CTZ,lineage,RF,onehot,2,V80_S7_L001,1,0.276
CTZ,lineage,RF,onehot,2,V9_S1_L001,1,0.39
CTZ,lineage,RF,onehot,2,w2RBG-16-037-1_S34,0,0.512
CTZ,lineage,RF,onehot,2,wdh-RBL-17-0431-1_S46,0,0.618
CTZ,lineage,RF,onehot,2,wdhRBF-17-0558-1_S121,0,0.736
CTZ,lineage,RF,onehot,2,WDHRBG-16-050-1_S40,1,0.544
CTZ,lineage,RF,onehot,2,wdhRBL-17-0370-1_S232,0,0.514
CTZ,lineage,RF,onehot,2,wNRZ-33910_S81,1,0.414
CTZ,lineage,RF,onehot,2,wRBG-17-023-1_S155,0,0.204
CTZ,lineage,RF,onehot,2,wRBG-17-052-1_S120,0,0.25
CTZ,lineage,RF,onehot,2,wRBG-17-082-1_S106,0,0.304
CTZ,lineage,RF,onehot,2,wRBG-17-112-1_S146,0,0.244
CTZ,lineage,RF,onehot,2,wwRBB-17-031-1_S25,1,0.496
CTZ,lineage,RF,onehot,2,wwRBF-16-094-1_S13,1,0.268
CTZ,lineage,RF,onehot,2,WWSurvcare043_S43,1,0.534
CTZ,lineage,RF,onehot,3,H116_S8_L001,1,0.466
CTZ,lineage,RF,onehot,3,H122_S4_L001,1,0.562
CTZ,lineage,RF,onehot,3,H123_S1_L001,0,0.696
CTZ,lineage,RF,onehot,3,H141_S6_L001,1,0.44
CTZ,lineage,RF,onehot,3,H153_S1_L001,1,0.21
CTZ,lineage,RF,onehot,3,H154_S2_L001,1,0.212
CTZ,lineage,RF,onehot,3,H157_S3_L001,0,0.398
CTZ,lineage,RF,onehot,3,H160_S3_L001,1,0.212
CTZ,lineage,RF,onehot,3,H162_S4_L001,0,0.334
CTZ,lineage,RF,onehot,3,H164_S3_L001,1,0.21
CTZ,lineage,RF,onehot,3,H176_S5_L001,0,0.526
CTZ,lineage,RF,onehot,3,H50_S7_L001,0,0.284
CTZ,lineage,RF,onehot,3,NNRBG-17-0227-1_S8,0,0.018
CTZ,lineage,RF,onehot,3,NNRBG-17-0234-1_S9,0,0.066
CTZ,lineage,RF,onehot,3,NNRBG-17-0239-1_S10,0,0.062
CTZ,lineage,RF,onehot,3,NNRBG-17-0243-1_S12,0,0.498
CTZ,lineage,RF,onehot,3,NNRBG-17-0278-1_S16,0,0.532
CTZ,lineage,RF,onehot,3,NNRBG-17-0316-1_S23,0,0.292
CTZ,lineage,RF,onehot,3,RBB-18-0129-1_S179,1,0.358
CTZ,lineage,RF,onehot,3,RBB-18-0674-1_S189,1,0.796
CTZ,lineage,RF,onehot,3,RBB-18-0826-1_S193,1,0.412
CTZ,lineage,RF,onehot,3,RBB-18-1312-1_S43,1,0.564
CTZ,lineage,RF,onehot,3,RBF-17-0520-2_S55,1,0.378
CTZ,lineage,RF,onehot,3,RBF-17-0587-1_S91,0,0.03389473684210526
CTZ,lineage,RF,onehot,3,RBF-17-0632-1_S97,0,0.058
CTZ,lineage,RF,onehot,3,RBF-17-0645-1_S61,0,0.47
CTZ,lineage,RF,onehot,3,RBF-17-0664-1_S63,0,0.428
CTZ,lineage,RF,onehot,3,RBF-18-0013-1_S25_L001,0,0.03589473684210526
CTZ,lineage,RF,onehot,3,RBF-18-0064-2_S14,0,0.072
CTZ,lineage,RF,onehot,3,RBF-18-0072-1_S16,0,0.032
CTZ,lineage,RF,onehot,3,RBF-18-0099-1_S26,0,0.056
CTZ,lineage,RF,onehot,3,RBF-18-0192-1_S44,0,0.536
CTZ,lineage,RF,onehot,3,RBF-18-0201-1_S49,0,0.416
CTZ,lineage,RF,onehot,3,RBF-18-0253-1_S13_L001,0,0.322
CTZ,lineage,RF,onehot,3,RBF-18-0294-1_S64,0,0.044
CTZ,lineage,RF,onehot,3,RBF-18-0296-1_S17,0,0.0629560813799204
CTZ,lineage,RF,onehot,3,RBF-18-0310-1_S36,0,0.372
CTZ,lineage,RF,onehot,3,RBF-18-0405-1_S81_2,1,0.468
CTZ,lineage,RF,onehot,3,RBF-18-0634-1_S183,0,0.106
CTZ,lineage,RF,onehot,3,RBG-17-0269-1_S41,0,0.284
CTZ,lineage,RF,onehot,3,RBG-18-0041-1_S6,0,0.226
CTZ,lineage,RF,onehot,3,RBG-18-0054-1_S42,0,0.258
CTZ,lineage,RF,onehot,3,RBG-18-0071-1_S44,0,0.226
CTZ,lineage,RF,onehot,3,RBG-18-0076-1_S10,0,0.244
CTZ,lineage,RF,onehot,3,RBG-18-0083-1_S12,0,0.39
CTZ,lineage,RF,onehot,3,RBG-18-0108-1_S16,0,0.06
CTZ,lineage,RF,onehot,3,RBG-18-0166-1_S10_L001,0,0.064
CTZ,lineage,RF,onehot,3,RBG-18-0193-1_S8,0,0.246
CTZ,lineage,RF,onehot,3,RBG-18-0211-1_S35,1,0.326
CTZ,lineage,RF,onehot,3,RBG-18-0300-1_S52,0,0.03189473684210526
CTZ,lineage,RF,onehot,3,RBG-18-0308-1_S54,1,0.532
CTZ,lineage,RF,onehot,3,RBG-18-0381-1_S49,0,0.062
CTZ,lineage,RF,onehot,3,RBG-18-0383-1_S37,1,0.464
CTZ,lineage,RF,onehot,3,RBK-18-0002-1_S38,1,0.0627656051894442
CTZ,lineage,RF,onehot,3,RBK-18-0020-1_S19,0,0.262
CTZ,lineage,RF,onehot,3,RBK-18-0062-2_S203,0,0.5
CTZ,lineage,RF,onehot,3,RBL-17-0108-1_S151,0,0.046
CTZ,lineage,RF,onehot,3,RBL-17-0116-1_S154,0,0.06106134453781513
CTZ,lineage,RF,onehot,3,RBL-17-0205-1_S175,0,0.042
CTZ,lineage,RF,onehot,3,RBL-17-0246-1_S94,0,0.298
CTZ,lineage,RF,onehot,3,RBL-17-0259-1_S99,0,0.062
CTZ,lineage,RF,onehot,3,RBL-17-0274-2_S105,0,0.264
CTZ,lineage,RF,onehot,3,RBL-17-0327-1_S116,0,0.07
CTZ,lineage,RF,onehot,3,RBL-17-0328-1_S117,0,0.28
CTZ,lineage,RF,onehot,3,RBL-17-0340-1_S102,0,0.022
CTZ,lineage,RF,onehot,3,RBL-17-0342-1_S103,0,0.05958095238095238
CTZ,lineage,RF,onehot,3,RBL-17-0347-1_S104,0,0.024
CTZ,lineage,RF,onehot,3,RBL-17-0368-1_S114,0,0.022
CTZ,lineage,RF,onehot,3,RBL-17-0375-1_S117,0,0.866
CTZ,lineage,RF,onehot,3,RBL-17-0390-1_S121,0,0.058
CTZ,lineage,RF,onehot,3,RBL-17-0395-1_S124,0,0.026
CTZ,lineage,RF,onehot,3,RBL-17-0402-1_S126,0,0.024
CTZ,lineage,RF,onehot,3,RBL-17-0428-1_S70,1,0.476
CTZ,lineage,RF,onehot,3,RBL-17-0434-1_S133,0,0.49
CTZ,lineage,RF,onehot,3,RBL-17-0435-1_S134,0,0.034
CTZ,lineage,RF,onehot,3,RBL-18-0016-1_S161,0,0.03389473684210526
CTZ,lineage,RF,onehot,3,RBL-18-0037-1_S168,0,0.136
CTZ,lineage,RF,onehot,3,RBL-18-0066-1_S173,0,0.062
CTZ,lineage,RF,onehot,3,RBL-18-0085-1_S176,0,0.072
CTZ,lineage,RF,onehot,3,RBL-18-0242-1_S51,0,0.144
CTZ,lineage,RF,onehot,3,RBT-17-0027-1_S3,0,0.082
CTZ,lineage,RF,onehot,3,RBT-17-0124-1_S46,0,0.3
CTZ,lineage,RF,onehot,3,RBT-17-0149-1_S13,1,0.094
CTZ,lineage,RF,onehot,3,RBT-17-0168-1_S61,0,0.43
CTZ,lineage,RF,onehot,3,RBT-17-0178-1_S66,0,0.06
CTZ,lineage,RF,onehot,3,RBT-17-0194-1_S30,0,0.232
CTZ,lineage,RF,onehot,3,RBT-17-0210-1_S55,0,0.034
CTZ,lineage,RF,onehot,3,RBT-17-0228-1_S10,0,0.336
CTZ,lineage,RF,onehot,3,RBT-17-0251-1_S62,0,0.86
CTZ,lineage,RF,onehot,3,RBT-17-0279-1_S12,0,0.25
CTZ,lineage,RF,onehot,3,RBT-17-0287-1_S10,0,0.246
CTZ,lineage,RF,onehot,3,RBT-18-0045-1_S70,0,0.294
CTZ,lineage,RF,onehot,3,RBT-18-0095-1_S19,0,0.034
CTZ,lineage,RF,onehot,3,RBT-18-0096-1_S20,0,0.05
CTZ,lineage,RF,onehot,3,RBT-18-0100-1_S21,0,0.242
CTZ,lineage,RF,onehot,3,RBT-18-0120-1_S48,0,0.24
CTZ,lineage,RF,onehot,3,RBT-18-0129-1_S52,0,0.519875
CTZ,lineage,RF,onehot,3,RBT-18-0179-1_S37,0,0.372
CTZ,lineage,RF,onehot,3,RBT-18-0185-1_S39,0,0.066
CTZ,lineage,RF,onehot,3,RBT-18-0231-1_S14,0,0.25
CTZ,lineage,RF,onehot,3,RBT-18-0232-1_S47,0,0.314
CTZ,lineage,RF,onehot,3,RBT-18-0251-1_S7,0,0.112
CTZ,lineage,RF,onehot,3,RBT-18-0265-1_S59,0,0.096
CTZ,lineage,RF,onehot,3,RBT-18-0303-1_S20,0,0.48
CTZ,lineage,RF,onehot,3,RBT-18-0316-1_S43,0,0.058
CTZ,lineage,RF,onehot,3,RBT-18-0351-1_S48,0,0.37
CTZ,lineage,RF,onehot,3,RBT-18-0360-1_S39,0,0.488
CTZ,lineage,RF,onehot,3,ResetH134_S8_L001,1,0.47
CTZ,lineage,RF,onehot,3,ResetH152_S4_L001,1,0.208
CTZ,lineage,RF,onehot,3,ResetH24a_S3_2_L001,1,0.466
CTZ,lineage,RF,onehot,3,ResetH45_S5_L001,0,0.288
CTZ,lineage,RF,onehot,3,ResetV105_S1_L001,0,0.288
CTZ,lineage,RF,onehot,3,ResetV70_S6_L001,1,0.466
CTZ,lineage,RF,onehot,3,ResetV74_S7_L001,1,0.354
CTZ,lineage,RF,onehot,3,ResetV76_S7_L001,0,0.094
CTZ,lineage,RF,onehot,3,Survcare0111_S29,1,0.282
CTZ,lineage,RF,onehot,3,Survcare129_S1,1,0.022
CTZ,lineage,RF,onehot,3,Survcare190_S35,1,0.294
CTZ,lineage,RF,onehot,3,Survcare230_S17_L001,1,0.694
CTZ,lineage,RF,onehot,3,Survcare254_S36,1,0.874
CTZ,lineage,RF,onehot,3,Survcare292_S39,1,0.254
CTZ,lineage,RF,onehot,3,Survcare295_S8_L001,1,0.668
CTZ,lineage,RF,onehot,3,Survcare313_S24_L001,1,0.856
CTZ,lineage,RF,onehot,3,V116_S6_L001,0,0.436
CTZ,lineage,RF,onehot,3,V120_S5_L001,0,0.242
CTZ,lineage,RF,onehot,3,V123_S1_L001,0,0.29
CTZ,lineage,RF,onehot,3,V168_S9_L001,1,0.568
CTZ,lineage,RF,onehot,3,V183_S7_L001,0,0.306
CTZ,lineage,RF,onehot,3,V205_S3_L001,0,0.242
CTZ,lineage,RF,onehot,3,V228_S8_L001,1,0.43
CTZ,lineage,RF,onehot,3,V229_S10_L001,1,0.432
CTZ,lineage,RF,onehot,3,V238_S11_L001,0,0.406
CTZ,lineage,RF,onehot,3,V279_S8_L001,1,0.254
CTZ,lineage,RF,onehot,3,V283_S5_L001,1,0.256
CTZ,lineage,RF,onehot,3,V41_S2_L001,0,0.36
CTZ,lineage,RF,onehot,3,V98_S3_L001,1,0.47
CTZ,lineage,RF,onehot,3,wdh-RBL-17-0361-1_S44,0,0.022
CTZ,lineage,RF,onehot,3,wdh-Survcare119_S44,1,0.242
CTZ,lineage,RF,onehot,3,wdh2NRZ-29911a_S31,1,0.298
CTZ,lineage,RF,onehot,3,wdhRBF-18-0098-1_S19_L001,0,0.114
CTZ,lineage,RF,onehot,3,WDHRBG-16-060-1_S27,0,0.292
CTZ,lineage,RF,onehot,3,WDHRBG-16-062-1_S49,0,0.06
CTZ,lineage,RF,onehot,3,WDHRBG-17-0093-1_S1,1,0.694
CTZ,lineage,RF,onehot,3,wRBG-17-014-1_S167,0,0.294
CTZ,lineage,RF,onehot,3,wRBG-17-022-1_S43,1,0.542
CTZ,lineage,RF,onehot,3,wRBG-17-034-1_S121,0,0.25
CTZ,lineage,RF,onehot,3,wRBG-17-049-1_S142,0,0.434
CTZ,lineage,RF,onehot,3,wRBG-17-075-1_S96,0,0.06
CTZ,lineage,RF,onehot,3,wRBG-17-100-1_S104,0,0.448
CTZ,lineage,RF,onehot,3,wRBG-17-110-1_S168,0,0.494
CTZ,lineage,RF,onehot,4,H108_S5_L001,0,0.282
CTZ,lineage,RF,onehot,4,H113_S6_L001,0,0.288
CTZ,lineage,RF,onehot,4,H130_S2_L001,1,0.28
CTZ,lineage,RF,onehot,4,H66_S1_L001,1,0.826
CTZ,lineage,RF,onehot,4,H69_S6_L001,0,0.748
CTZ,lineage,RF,onehot,4,H83_S7_L001,0,0.178
CTZ,lineage,RF,onehot,4,NNRBG-17-0193-1_S2,0,0.08
CTZ,lineage,RF,onehot,4,NNRBG-17-0201-1_S6,0,0.328
CTZ,lineage,RF,onehot,4,NNRBG-17-0287-1_S17,0,0.296
CTZ,lineage,RF,onehot,4,NNRBG-17-0298-1_S19,0,0.086
CTZ,lineage,RF,onehot,4,RBB-18-0519-1_S184,1,0.33
CTZ,lineage,RF,onehot,4,RBB-18-0546-1_S22_L001,1,0.81
CTZ,lineage,RF,onehot,4,RBB-18-1393-1_S48,1,0.818
CTZ,lineage,RF,onehot,4,RBF-17-0178-1_S139,0,0.72
CTZ,lineage,RF,onehot,4,RBF-17-0523-1_S30,0,0.214
CTZ,lineage,RF,onehot,4,RBF-17-0532-1_S80,0,0.13
CTZ,lineage,RF,onehot,4,RBF-17-0532-2_S31,0,0.126
CTZ,lineage,RF,onehot,4,RBF-17-0605-1_S94,0,0.278
CTZ,lineage,RF,onehot,4,RBF-17-0614-3_S95,0,0.142
CTZ,lineage,RF,onehot,4,RBF-17-0616-1_S96,0,0.344
CTZ,lineage,RF,onehot,4,RBF-17-0653-1_S101,0,0.09
CTZ,lineage,RF,onehot,4,RBF-17-277-1_S73,1,0.306
CTZ,lineage,RF,onehot,4,RBF-18-0069-1_S78,1,0.49
CTZ,lineage,RF,onehot,4,RBF-18-0088-1_S24,0,0.128
CTZ,lineage,RF,onehot,4,RBF-18-0123-1_S25_L001,0,0.228
CTZ,lineage,RF,onehot,4,RBF-18-0132-1_S26,0,0.09332393162393161
CTZ,lineage,RF,onehot,4,RBF-18-0135-1_S34,0,0.126
CTZ,lineage,RF,onehot,4,RBF-18-0160-1_S37,0,0.594
CTZ,lineage,RF,onehot,4,RBF-18-0163-2_S39,0,0.318
CTZ,lineage,RF,onehot,4,RBF-18-0179-1_S29,0,0.314
CTZ,lineage,RF,onehot,4,RBF-18-0200-1_S48,0,0.204
CTZ,lineage,RF,onehot,4,RBF-18-0208-2_S11_L001,0,0.122
CTZ,lineage,RF,onehot,4,RBF-18-0259-1_S33,0,0.21173333333333336
CTZ,lineage,RF,onehot,4,RBF-18-0280-1_S62,0,0.3
CTZ,lineage,RF,onehot,4,RBg-17-123-2_S12,0,0.472
CTZ,lineage,RF,onehot,4,RBG-18-0017-1_S5,0,0.25
CTZ,lineage,RF,onehot,4,RBG-18-0140-1_S14_L001,0,0.282
CTZ,lineage,RF,onehot,4,RBG-18-0170-1_S41,0,0.128
CTZ,lineage,RF,onehot,4,RBG-18-0204-1_S23_L001,0,0.206
CTZ,lineage,RF,onehot,4,RBG-18-0223-1_S2,0,0.134
CTZ,lineage,RF,onehot,4,RBG-18-0239-1_S4,0,0.172
CTZ,lineage,RF,onehot,4,RBG-18-0355-1_S19_L001,0,0.218
CTZ,lineage,RF,onehot,4,RBG-18-0367-1_S57,0,0.298
CTZ,lineage,RF,onehot,4,RBK-16-007-1_S13,1,0.248
CTZ,lineage,RF,onehot,4,RBK-17-049-1_S62,1,0.782
CTZ,lineage,RF,onehot,4,RBK-18-0047-1_S20,0,0.28
CTZ,lineage,RF,onehot,4,RBK-18-0104-1_S206,0,0.11
CTZ,lineage,RF,onehot,4,RBL-17-0076-1_S32,0,0.288
CTZ,lineage,RF,onehot,4,RBL-17-0101-1_S148,0,0.13
CTZ,lineage,RF,onehot,4,RBL-17-0165-1_S167,0,0.236
CTZ,lineage,RF,onehot,4,RBL-17-0172-1_S170,0,0.13
CTZ,lineage,RF,onehot,4,RBL-17-0324-1_S54,1,0.37
CTZ,lineage,RF,onehot,4,RBL-17-0366-1_S113,0,0.262
CTZ,lineage,RF,onehot,4,RBL-17-075-1_S18,1,0.804
CTZ,lineage,RF,onehot,4,RBL-18-0002-1_S158,0,0.19
CTZ,lineage,RF,onehot,4,RBL-18-0021-1_S42,0,0.244
CTZ,lineage,RF,onehot,4,RBL-18-0022-1_S43,0,0.128
CTZ,lineage,RF,onehot,4,RBL-18-0131-1_S188_2,1,0.524
CTZ,lineage,RF,onehot,4,RBT-17-0022-1_S24,0,0.218
CTZ,lineage,RF,onehot,4,RBT-17-0100-1_S36,0,0.25
CTZ,lineage,RF,onehot,4,RBT-17-0107-1_S39,0,0.07
CTZ,lineage,RF,onehot,4,RBT-17-0112-1_S41,0,0.102
CTZ,lineage,RF,onehot,4,RBT-17-0133-1_S6,0,0.676
CTZ,lineage,RF,onehot,4,RBT-17-0161-1_S57,0,0.074
CTZ,lineage,RF,onehot,4,RBT-17-0174-1_S64,0,0.13
CTZ,lineage,RF,onehot,4,RBT-17-0238-1_S59,0,0.21
CTZ,lineage,RF,onehot,4,RBT-17-0239-1_S60,0,0.116
CTZ,lineage,RF,onehot,4,RBT-17-0256-1_S25,0,0.24
CTZ,lineage,RF,onehot,4,RBT-17-0291-1_S14,0,0.244
CTZ,lineage,RF,onehot,4,RBT-17-0295-1_S15,0,0.11771428571428572
CTZ,lineage,RF,onehot,4,RBT-18-0004-1_S51,1,0.694
CTZ,lineage,RF,onehot,4,RBT-18-0017-1_S67,0,0.078
CTZ,lineage,RF,onehot,4,RBT-18-0027-1_S68,0,0.122
CTZ,lineage,RF,onehot,4,RBT-18-0042-1_S60,0,0.074
CTZ,lineage,RF,onehot,4,RBT-18-0056-1_S37,0,0.08
CTZ,lineage,RF,onehot,4,RBT-18-0079-1_S16,0,0.276
CTZ,lineage,RF,onehot,4,RBT-18-0102-1_S23,0,0.086
CTZ,lineage,RF,onehot,4,RBT-18-0115-1_S45,0,0.2058888888888889
CTZ,lineage,RF,onehot,4,RBT-18-0133-1_S30,0,0.124
CTZ,lineage,RF,onehot,4,RBT-18-0141-1_S32,0,0.08
CTZ,lineage,RF,onehot,4,RBT-18-0164-1_S34,0,0.248
CTZ,lineage,RF,onehot,4,RBT-18-0181-1_S61,1,0.32
CTZ,lineage,RF,onehot,4,RBT-18-0184-1_S38,1,0.25
CTZ,lineage,RF,onehot,4,RBT-18-0236-1_S48,1,0.25
CTZ,lineage,RF,onehot,4,RBT-18-0247-1_S16,1,0.7
CTZ,lineage,RF,onehot,4,RBT-18-0263-1_S58,0,0.106
CTZ,lineage,RF,onehot,4,RBT-18-0275-1_S63,0,0.218
CTZ,lineage,RF,onehot,4,RBT-18-0283-1_S65,0,0.08538235294117646
CTZ,lineage,RF,onehot,4,RBT-18-0292-1_S70,0,0.124
CTZ,lineage,RF,onehot,4,RBT-18-0325-1_S44,0,0.252
CTZ,lineage,RF,onehot,4,RBT-18-0331-1_S22,0,0.08
CTZ,lineage,RF,onehot,4,RBT-18-0334-1_S23,0,0.162
CTZ,lineage,RF,onehot,4,RBT-18-0338-1_S35,0,0.11760317460317461
CTZ,lineage,RF,onehot,4,RBT-18-0340-1_S36,0,0.09
CTZ,lineage,RF,onehot,4,RBT-18-0357-1_S27,0,0.082
CTZ,lineage,RF,onehot,4,RBT-18-0358-1_S28,0,0.11560317460317461
CTZ,lineage,RF,onehot,4,RBT-18-0368-1_S32,1,0.114
CTZ,lineage,RF,onehot,4,RBT-18-0377-1_S1,0,0.124
CTZ,lineage,RF,onehot,4,RBT-18-0384-1_S40,0,0.22
CTZ,lineage,RF,onehot,4,RBT-18-0385-1_S34,0,0.078
CTZ,lineage,RF,onehot,4,ResetH139_S3_L001,0,0.282
CTZ,lineage,RF,onehot,4,ResetH30_S4_L001,0,0.176
CTZ,lineage,RF,onehot,4,ResetH89_S3_L001,1,0.37
CTZ,lineage,RF,onehot,4,ResetH92_S4_L001,1,0.754
CTZ,lineage,RF,onehot,4,ResetV161_S3_L001,1,0.494
CTZ,lineage,RF,onehot,4,ResetV210_S4_L001,1,0.518
CTZ,lineage,RF,onehot,4,RPG-18-0435-1_S32,0,0.07538235294117647
CTZ,lineage,RF,onehot,4,Survcare058_S26,1,0.796
CTZ,lineage,RF,onehot,4,Survcare184_S19,1,0.202
CTZ,lineage,RF,onehot,4,Survcare253_S35,1,0.582
CTZ,lineage,RF,onehot,4,Survcare262_S23_L001,1,0.268
CTZ,lineage,RF,onehot,4,Survcare275_S38,1,0.22
CTZ,lineage,RF,onehot,4,Survcare291_S38,1,0.184
CTZ,lineage,RF,onehot,4,Survcare310_S21_L001,1,0.27
CTZ,lineage,RF,onehot,4,Survcare321_S18,1,0.796
CTZ,lineage,RF,onehot,4,Survcare337_S12,1,0.27
CTZ,lineage,RF,onehot,4,V1_S6_L001,0,0.638
CTZ,lineage,RF,onehot,4,V108_S2_L001,0,0.298
CTZ,lineage,RF,onehot,4,V130_S5_L001,1,0.512
CTZ,lineage,RF,onehot,4,V131_S7_L001,1,0.132
CTZ,lineage,RF,onehot,4,V139_S7_L001,0,0.516
CTZ,lineage,RF,onehot,4,V152_S3_L001,0,0.14177777777777778
CTZ,lineage,RF,onehot,4,V158_S4_L001,1,0.192
CTZ,lineage,RF,onehot,4,V163_S6_L001,0,0.232
CTZ,lineage,RF,onehot,4,V182_S6_L001,1,0.756
CTZ,lineage,RF,onehot,4,V232_S3_L001,0,0.104
CTZ,lineage,RF,onehot,4,V268_S12_L001,1,0.516
CTZ,lineage,RF,onehot,4,V271_S13_L001,1,0.512
CTZ,lineage,RF,onehot,4,W2RBF-17-133-1_S28,1,0.48
CTZ,lineage,RF,onehot,4,wdh-RBB-16-025-1_S20,0,0.08
CTZ,lineage,RF,onehot,4,wdhRBF-17-0564-1_S230,0,0.82
CTZ,lineage,RF,onehot,4,wdhRBF-18-0049-1_S13_L001,0,0.362
CTZ,lineage,RF,onehot,4,wdhRBF-18-0080-1_S17_L001,0,0.616
CTZ,lineage,RF,onehot,4,WDHRBG-16-049-1_S87,0,0.62
CTZ,lineage,RF,onehot,4,WDHRBG-17-001-1_S82,0,0.248
CTZ,lineage,RF,onehot,4,WDHRBG-17-005-2_S61,0,0.098
CTZ,lineage,RF,onehot,4,WDHRBG-17-008-1_S83,0,0.48
CTZ,lineage,RF,onehot,4,WDHRBG-17-0256-1_S17,0,0.396
CTZ,lineage,RF,onehot,4,WDHRBG-17-122-1_S48,0,0.5
CTZ,lineage,RF,onehot,4,wRBG-16-024-1_S152,0,0.418
CTZ,lineage,RF,onehot,4,wRBG-16-027-1_S174,0,0.184
CTZ,lineage,RF,onehot,4,wRBG-17-030-1_S165,0,0.13
CTZ,lineage,RF,onehot,4,wRBG-17-047-1_S153,0,0.072
CTZ,lineage,RF,onehot,4,wRBG-17-073-1_S118,0,0.182
CTZ,lineage,RF,onehot,4,wwRBF-17-148-1_S27,0,0.11560317460317461
CTZ,lineage,RF,onehot,4,wwRBF-17-251-1_S33,1,0.81
CTZ,lineage,RF,onehot,4,wwRBK-17-0278-1_S41,1,0.754
CTZ,lineage,RF,onehot,4,wwRBK-17-0298-1_S42,1,0.778
CTZ,lineage,RF,onehot,4,wwRBL-16-111-1_S16,1,0.518
