antibiotic,split,model,encoding,fold,isolate,y_true,prob
CTZ,random,LR,label,0,H100_S2_L001,0,0.0002566961629781872
CTZ,random,LR,label,0,H108_S5_L001,0,0.09742773324251175
CTZ,random,LR,label,0,H119_S7_L001,1,0.025799350813031197
CTZ,random,LR,label,0,H17_S2_L001,0,0.039594318717718124
CTZ,random,LR,label,0,H3_S1_L001,1,0.9672800898551941
CTZ,random,LR,label,0,H37_S3_L001,0,0.002503941999748349
CTZ,random,LR,label,0,H51_S5_L001,0,0.9460312128067017
CTZ,random,LR,label,0,H86_S1_L001,0,0.5336194634437561
CTZ,random,LR,label,0,NNRBG-17-0198-1_S4,0,9.07016726614529e-07
CTZ,random,LR,label,0,NNRBG-17-0201-1_S6,0,3.3861592783068772e-06
CTZ,random,LR,label,0,NNRBG-17-0234-1_S9,0,2.2135438371151395e-07
CTZ,random,LR,label,0,NNRBG-17-0294-1_S18,0,0.8453627228736877
CTZ,random,LR,label,0,NNRBG-17-0319-1_S24,0,0.0032826210372149944
CTZ,random,LR,label,0,NNRBG-17-0328-1_S25,0,0.003797596786171198
CTZ,random,LR,label,0,NNRBG-17-0346-1_S30,0,9.441695851819532e-07
CTZ,random,LR,label,0,NNRBG-17-0378-1_S37,0,0.9548997282981873
CTZ,random,LR,label,0,NNRBG-17-0382-1_S38,0,1.7012935114510408e-12
CTZ,random,LR,label,0,RBB-17-011-1_S40,1,0.9447838068008423
CTZ,random,LR,label,0,RBB-18-0537-1_S21_L001,1,0.9981422424316406
CTZ,random,LR,label,0,RBB-18-0772-1_S192,1,0.992264986038208
CTZ,random,LR,label,0,RBB-18-1393-1_S48,1,0.9938527345657349
CTZ,random,LR,label,0,RBF-16-073-1_S23,1,0.9971701502799988
CTZ,random,LR,label,0,RBF-17-0173-1_S138,0,0.06334318220615387
CTZ,random,LR,label,0,RBF-17-0424-1_S15,0,0.03633657097816467
CTZ,random,LR,label,0,RBF-17-0438-1_S9,1,0.9447838068008423
CTZ,random,LR,label,0,RBF-17-0467-1_S12,1,0.8703998327255249
CTZ,random,LR,label,0,RBF-17-0489-1_S13,1,0.39848262071609497
CTZ,random,LR,label,0,RBF-17-0508-1_S73,0,0.9494727849960327
CTZ,random,LR,label,0,RBF-17-0537-1_S56,1,0.9547438025474548
CTZ,random,LR,label,0,RBF-17-0572-2_S89,0,3.0057595523658165e-08
CTZ,random,LR,label,0,RBF-17-0605-1_S94,0,0.9719560742378235
CTZ,random,LR,label,0,RBF-17-0614-3_S95,0,0.0007521265652030706
CTZ,random,LR,label,0,RBF-17-0616-1_S96,0,1.2410559246944786e-09
CTZ,random,LR,label,0,RBF-17-0645-1_S61,0,5.664049784748215e-10
CTZ,random,LR,label,0,RBF-17-0648-1_S100,0,6.7416489645312024e-18
CTZ,random,LR,label,0,RBF-17-0664-1_S63,0,0.02160939760506153
CTZ,random,LR,label,0,RBF-17-094-1_S56,1,0.8069257736206055
CTZ,random,LR,label,0,RBF-18-0013-1_S25_L001,0,0.011182485148310661
CTZ,random,LR,label,0,RBF-18-0027-1_S5,0,0.0009627888794057071
CTZ,random,LR,label,0,RBF-18-0085-1_S21,0,1.890157363959588e-05
CTZ,random,LR,label,0,RBF-18-0088-1_S24,0,3.6196459163306827e-09
CTZ,random,LR,label,0,RBF-18-0099-1_S26,0,2.4707338752705255e-07
CTZ,random,LR,label,0,RBF-18-0125-1_S30,0,0.0025628446601331234
CTZ,random,LR,label,0,RBF-18-0126-1_S31,0,0.0018921790178865194
CTZ,random,LR,label,0,RBF-18-0199-1_S47,0,0.9997074007987976
CTZ,random,LR,label,0,RBF-18-0634-1_S183,0,0.00011098836694145575
CTZ,random,LR,label,0,RBG-17-0269-1_S41,0,0.9986482262611389
CTZ,random,LR,label,0,RBG-18-0023-1_S2,0,1.226554331879015e-06
CTZ,random,LR,label,0,RBG-18-0029-1_S40,0,5.73120129132576e-09
CTZ,random,LR,label,0,RBG-18-0085-1_S11,0,0.02096310630440712
CTZ,random,LR,label,0,RBG-18-0099-1_S14,1,0.9447838068008423
CTZ,random,LR,label,0,RBG-18-0129-1_S15_L001,1,0.8322250247001648
CTZ,random,LR,label,0,RBG-18-0153-1_S14,0,0.519792377948761
CTZ,random,LR,label,0,RBG-18-0170-1_S41,0,0.00016456491721328348
CTZ,random,LR,label,0,RBG-18-0185-1_S40,0,0.001562203629873693
CTZ,random,LR,label,0,RBG-18-0193-1_S8,0,7.219232323052438e-09
CTZ,random,LR,label,0,RBG-18-0209-2_S46,0,0.06338101625442505
CTZ,random,LR,label,0,RBG-18-0239-1_S4,0,3.316375511985825e-07
CTZ,random,LR,label,0,RBG-18-0289-1_S37,1,0.1498776376247406
CTZ,random,LR,label,0,RBG-18-0300-1_S52,0,0.0026682941243052483
CTZ,random,LR,label,0,RBG-18-0308-1_S54,1,2.3288641386898234e-05
CTZ,random,LR,label,0,RBG-18-0312-1_S55,0,0.0013472333084791899
CTZ,random,LR,label,0,RBG-18-0355-1_S19_L001,0,0.00011050353350583464
CTZ,random,LR,label,0,RBG-18-0381-1_S49,0,6.572397978743538e-05
CTZ,random,LR,label,0,RBG-18-0383-1_S37,1,0.9999475479125977
CTZ,random,LR,label,0,RBG-18-0437-1_S54,0,0.012533513829112053
CTZ,random,LR,label,0,RBK-16-007-1_S13,1,0.9526306390762329
CTZ,random,LR,label,0,RBK-17-0492-1_S8,1,0.3377862572669983
CTZ,random,LR,label,0,RBK-17-0588-1_S24,1,0.39181917905807495
CTZ,random,LR,label,0,RBK-17-0595-1_S187,1,0.8145531415939331
CTZ,random,LR,label,0,RBK-18-0022-1_S197,0,1.3634651168104028e-06
CTZ,random,LR,label,0,RBK-18-0047-1_S20,0,0.38283249735832214
CTZ,random,LR,label,0,RBK-18-0060-1_S22,0,0.14647360146045685
CTZ,random,LR,label,0,RBk-18-0216-1_S231_2,0,0.9999984502792358
CTZ,random,LR,label,0,RBK-18-0236-2_S52_2,1,0.8411470651626587
CTZ,random,LR,label,0,RBL-17-0138-1_S162,0,0.01362665370106697
CTZ,random,LR,label,0,RBL-17-0199-1_S174,0,0.9683265686035156
CTZ,random,LR,label,0,RBL-17-0235-1_S92,0,6.291007593972608e-05
CTZ,random,LR,label,0,RBL-17-0264-1_S103,0,0.5811096429824829
CTZ,random,LR,label,0,RBL-17-0267-1_S104,0,0.0015371800400316715
CTZ,random,LR,label,0,RBL-17-0306-1_S50,1,0.02112339250743389
CTZ,random,LR,label,0,RBL-17-0323-1_S115,0,9.734534251037985e-05
CTZ,random,LR,label,0,RBL-17-0390-1_S121,0,1.3317074376573146e-07
CTZ,random,LR,label,0,RBL-17-0392-1_S69,1,0.9957889914512634
CTZ,random,LR,label,0,RBL-17-0397-1_S125,0,8.7933694885578e-05
CTZ,random,LR,label,0,RBL-18-0010-1_S159,0,0.008852474391460419
CTZ,random,LR,label,0,RBL-18-0085-1_S176,0,0.0067418660037219524
CTZ,random,LR,label,0,RBL-18-0194-1_S195_2,1,0.9734382629394531
CTZ,random,LR,label,0,RBL-18-0500-1_S230_2,1,0.007548548746854067
CTZ,random,LR,label,0,RBT-17-0003-1_S16,0,3.13552918669302e-05
CTZ,random,LR,label,0,RBT-17-0019-1_S62,1,1.0
CTZ,random,LR,label,0,RBT-17-0149-1_S13,1,0.0004763937322422862
CTZ,random,LR,label,0,RBT-17-0249-1_S61,1,0.9781225919723511
CTZ,random,LR,label,0,RBT-18-0021-1_S56,1,0.9447838068008423
CTZ,random,LR,label,0,RBT-18-0042-1_S60,0,9.280230983677029e-07
CTZ,random,LR,label,0,RBT-18-0046-1_S2,0,0.020441019907593727
CTZ,random,LR,label,0,RBT-18-0052-1_S35,1,4.6031464080442674e-06
CTZ,random,LR,label,0,RBT-18-0056-1_S37,0,2.9105608589929943e-08
CTZ,random,LR,label,0,RBT-18-0079-1_S16,0,0.008089852519333363
CTZ,random,LR,label,0,RBT-18-0080-1_S49,1,0.9999998807907104
CTZ,random,LR,label,0,RBT-18-0091-1_S42,0,0.6557692289352417
CTZ,random,LR,label,0,RBT-18-0095-1_S19,0,0.004628399852663279
CTZ,random,LR,label,0,RBT-18-0110-1_S27,0,1.863914462774119e-07
CTZ,random,LR,label,0,RBT-18-0113-1_S44,0,7.537647616118193e-05
CTZ,random,LR,label,0,RBT-18-0125-1_S50,0,0.00012108575901947916
CTZ,random,LR,label,0,RBT-18-0173-1_S35,0,0.09947077184915543
CTZ,random,LR,label,0,RBT-18-0197-1_S40,0,0.06930939108133316
CTZ,random,LR,label,0,RBT-18-0205-1_S6,1,0.9740541577339172
CTZ,random,LR,label,0,RBT-18-0234-1_S15,1,0.9941440224647522
CTZ,random,LR,label,0,RBT-18-0246-1_S52,0,2.1808568817505147e-06
CTZ,random,LR,label,0,RBT-18-0253-1_S54,0,0.9999864101409912
CTZ,random,LR,label,0,RBT-18-0259-1_S55,0,0.00010719479178078473
CTZ,random,LR,label,0,RBT-18-0263-1_S58,0,1.2869674719695468e-05
CTZ,random,LR,label,0,RBT-18-0278-1_S64,0,0.013879412785172462
CTZ,random,LR,label,0,RBT-18-0331-1_S22,0,9.258864156436175e-05
CTZ,random,LR,label,0,RBT-18-0338-1_S35,0,0.0006479930016212165
CTZ,random,LR,label,0,RBT-18-0341-1_S24,0,2.346614458303975e-08
CTZ,random,LR,label,0,RBT-18-0357-1_S27,0,4.6094994488043994e-09
CTZ,random,LR,label,0,RBT-18-0360-1_S39,0,0.0007402307819575071
CTZ,random,LR,label,0,RBT-18-0372-1_S31,1,0.9943248629570007
CTZ,random,LR,label,0,ResetV288_S6_L001,0,0.007539712358266115
CTZ,random,LR,label,0,ResetV70_S6_L001,1,0.9999814033508301
CTZ,random,LR,label,0,Survcare133_S25,1,0.9996484518051147
CTZ,random,LR,label,0,Survcare134_S26,1,0.989059329032898
CTZ,random,LR,label,0,Survcare176_S17_L001,1,0.0010812561959028244
CTZ,random,LR,label,0,Survcare236_S5_L001,1,0.7590116858482361
CTZ,random,LR,label,0,Survcare309_S20_L001,1,0.9999864101409912
CTZ,random,LR,label,0,Survcare317_S5_L001,1,3.7469915241672425e-06
CTZ,random,LR,label,0,Survcare327_S1,1,0.9762768149375916
CTZ,random,LR,label,0,Survcare337_S12,1,0.999855637550354
CTZ,random,LR,label,0,V111_S3_L001,0,4.610592156950588e-07
CTZ,random,LR,label,0,V113_S3_L001,0,0.0008660115418024361
CTZ,random,LR,label,0,V120_S5_L001,0,0.5667146444320679
CTZ,random,LR,label,0,V152_S3_L001,0,0.010197564028203487
CTZ,random,LR,label,0,V155_S5_L001,0,1.6144625566982818e-11
CTZ,random,LR,label,0,V168_S9_L001,1,0.9985535740852356
CTZ,random,LR,label,0,V172_S5_L001,0,0.02533109486103058
CTZ,random,LR,label,0,V201_S4_L001,1,0.9996830224990845
CTZ,random,LR,label,0,V229_S10_L001,1,0.9989246726036072
CTZ,random,LR,label,0,V282_S4_L001,0,0.05758640542626381
CTZ,random,LR,label,0,V41_S2_L001,0,0.0020185450557619333
CTZ,random,LR,label,0,V71_S4_L001,1,0.026949366554617882
CTZ,random,LR,label,0,V89_S1_L001,0,3.015837819475564e-06
CTZ,random,LR,label,0,W2RBK-17-168-1_S33,1,0.999438464641571
CTZ,random,LR,label,0,W2RBK-17-169-1_S34,1,0.9999040365219116
CTZ,random,LR,label,0,wdh-RBB-16-025-1_S20,0,5.84721209168429e-14
CTZ,random,LR,label,0,wdh2NRZ-29911a_S31,1,0.00028676740475930274
CTZ,random,LR,label,0,wdhRBF-10-0002-1_S10_L001,1,0.9999485015869141
CTZ,random,LR,label,0,wdhRBF-18-0080-1_S17_L001,0,0.5744587182998657
CTZ,random,LR,label,0,wdhRBF-18-0098-1_S19_L001,0,3.354272121214308e-05
CTZ,random,LR,label,0,wdhRBL-17-0370-1_S232,0,1.8897867448686156e-06
CTZ,random,LR,label,0,wNRZ-32446_S79,1,4.205894299502688e-08
CTZ,random,LR,label,0,wNRZ-33910_S81,1,1.769977302501502e-06
CTZ,random,LR,label,0,wRBG-16-026-1_S163,0,4.200215073524305e-07
CTZ,random,LR,label,0,wRBG-16-034-1_S164,0,0.8613021969795227
CTZ,random,LR,label,0,wRBG-17-057-1_S141,0,0.017184294760227203
CTZ,random,LR,label,0,wRBG-17-072-1_S129,0,1.4944060433563777e-09
CTZ,random,LR,label,0,wRBG-17-102-1_S169,0,1.049421868848377e-10
CTZ,random,LR,label,0,wRBG-17-106-1_S125,0,0.20812872052192688
CTZ,random,LR,label,0,wRBG-17-110-1_S168,0,0.0006130422698333859
CTZ,random,LR,label,0,wwRBF-16-094-1_S13,1,0.018618011847138405
CTZ,random,LR,label,0,wwRBF-17-209-1_S34,0,0.007426196709275246
CTZ,random,LR,label,1,H153_S1_L001,1,0.9670106768608093
CTZ,random,LR,label,1,NNRBG-17-0255-1_S14,0,0.9999889135360718
CTZ,random,LR,label,1,NNRBG-17-0278-1_S16,0,0.003123518079519272
CTZ,random,LR,label,1,NNRBG-17-0287-1_S17,0,0.0035711098462343216
CTZ,random,LR,label,1,NNRBG-17-0316-1_S23,0,0.006582524161785841
CTZ,random,LR,label,1,NNRBG-17-0329-1_S26,0,1.419557065673871e-06
CTZ,random,LR,label,1,NNRBG-17-0399-1_S40,0,0.20591484010219574
CTZ,random,LR,label,1,NNSurvcare045_S41,1,0.9728838205337524
CTZ,random,LR,label,1,RBB-18-0546-1_S22_L001,1,0.9999996423721313
CTZ,random,LR,label,1,RBB-18-0668-1_S188,1,0.9982324242591858
CTZ,random,LR,label,1,RBB-18-1312-1_S43,1,1.0
CTZ,random,LR,label,1,RBB-18-1460-1_S45,1,0.9853565096855164
CTZ,random,LR,label,1,RBB-18-1502-1_S47,1,0.9912731051445007
CTZ,random,LR,label,1,RBF-16-004-1_S18,0,0.9483242630958557
CTZ,random,LR,label,1,RBF-17-0164-1_S137,0,0.007626899052411318
CTZ,random,LR,label,1,RBF-17-0195-1_S141,0,0.9717474579811096
CTZ,random,LR,label,1,RBF-17-0513-1_S76,0,0.47151923179626465
CTZ,random,LR,label,1,RBF-17-0520-2_S55,1,0.4820477366447449
CTZ,random,LR,label,1,RBF-17-0587-1_S91,0,1.4946184592190548e-06
CTZ,random,LR,label,1,RBF-17-0589-1_S92,0,0.026765480637550354
CTZ,random,LR,label,1,RBF-17-0630-1_S59,1,1.8741077383310767e-06
CTZ,random,LR,label,1,RBF-17-0647-1_S99,0,0.006007165182381868
CTZ,random,LR,label,1,RBF-17-170-1_S66,1,0.9999754428863525
CTZ,random,LR,label,1,RBF-18-0036-1_S7,0,7.050206249914481e-07
CTZ,random,LR,label,1,RBF-18-0064-2_S14,0,3.18666388920974e-05
CTZ,random,LR,label,1,RBF-18-0066-1_S15,0,1.4472468556903095e-08
CTZ,random,LR,label,1,RBF-18-0068-1_S77,1,0.003408153308555484
CTZ,random,LR,label,1,RBF-18-0072-1_S16,0,1.1649949982484031e-07
CTZ,random,LR,label,1,RBF-18-0093-1_S80,0,0.2769946753978729
CTZ,random,LR,label,1,RBF-18-0132-1_S26,0,1.378692286380101e-05
CTZ,random,LR,label,1,RBF-18-0151-1_S83,1,3.443019025439753e-08
CTZ,random,LR,label,1,RBF-18-0179-1_S29,0,0.6994982361793518
CTZ,random,LR,label,1,RBF-18-0187-1_S31,1,0.9991210103034973
CTZ,random,LR,label,1,RBF-18-0194-1_S86,1,0.9023270606994629
CTZ,random,LR,label,1,RBF-18-0208-2_S11_L001,0,0.00015107248327694833
CTZ,random,LR,label,1,RBF-18-0282-1_S63,0,6.80886547144155e-09
CTZ,random,LR,label,1,RBF-18-0294-1_S64,0,1.510137437321646e-08
CTZ,random,LR,label,1,RBF-18-0338-1_S72,0,0.00022118871856946498
CTZ,random,LR,label,1,RBG-17-0284-1_S59,0,0.9999614953994751
CTZ,random,LR,label,1,RBG-17-0351-1_S20_L001,1,0.9996640682220459
CTZ,random,LR,label,1,RBG-18-0055-1_S43,0,1.6018467802192404e-11
CTZ,random,LR,label,1,RBG-18-0072-1_S8,0,0.0004339089209679514
CTZ,random,LR,label,1,RBG-18-0077-1_S9,1,0.999975323677063
CTZ,random,LR,label,1,RBG-18-0108-1_S16,0,8.487082823194214e-07
CTZ,random,LR,label,1,RBG-18-0113-1_S13_L001,0,3.9595474845555145e-06
CTZ,random,LR,label,1,RBG-18-0191-1_S11_L001,0,0.0001554699265398085
CTZ,random,LR,label,1,RBG-18-0200-1_S18_L001,1,0.785379946231842
CTZ,random,LR,label,1,RBG-18-0211-1_S35,1,2.998435988388337e-08
CTZ,random,LR,label,1,RBG-18-0224-1_S24_L001,1,0.9252889752388
CTZ,random,LR,label,1,RBG-18-0256-1_S8_L001,1,2.8817901693400927e-05
CTZ,random,LR,label,1,RBG-18-0301-1_S53,0,5.3090516303200275e-05
CTZ,random,LR,label,1,RBK-16-073-1_S14,1,0.2154652625322342
CTZ,random,LR,label,1,RBK-17-049-1_S62,1,0.9999862909317017
CTZ,random,LR,label,1,RBK-18-0002-1_S38,1,0.0016946096438914537
CTZ,random,LR,label,1,RBK-18-0005-1_S18,0,2.386318087577166e-10
CTZ,random,LR,label,1,RBK-18-0038-1_S200,0,1.385179331236941e-07
CTZ,random,LR,label,1,RBK-18-0062-2_S203,0,0.0007279307465068996
CTZ,random,LR,label,1,RBK-18-0104-1_S206,0,3.7825262921842295e-09
CTZ,random,LR,label,1,RBK-18-0250-1_S235_2,0,5.5881587551764866e-11
CTZ,random,LR,label,1,RBK-18-0644-1_S180,1,0.9999675750732422
CTZ,random,LR,label,1,RBL-17-0076-1_S32,0,0.04635903984308243
CTZ,random,LR,label,1,RBL-17-0090-1_S145,0,2.1737379540809343e-07
CTZ,random,LR,label,1,RBL-17-0095-1_S147,0,1.4259152294471278e-06
CTZ,random,LR,label,1,RBL-17-0101-1_S148,0,0.007822936400771141
CTZ,random,LR,label,1,RBL-17-0108-1_S151,0,0.009697864763438702
CTZ,random,LR,label,1,RBL-17-0113-1_S153,0,0.9772515296936035
CTZ,random,LR,label,1,RBL-17-0135-1_S160,0,0.08609940111637115
CTZ,random,LR,label,1,RBL-17-0155-1_S165,0,4.36706468462944e-05
CTZ,random,LR,label,1,RBL-17-0159-1_S166,0,0.3167882263660431
CTZ,random,LR,label,1,RBL-17-0197-1_S173,0,0.008913295343518257
CTZ,random,LR,label,1,RBL-17-0205-1_S175,0,1.4116490092419554e-05
CTZ,random,LR,label,1,RBL-17-0226-1_S41,1,0.9486557245254517
CTZ,random,LR,label,1,RBL-17-0232-1_S91,0,8.691877883393317e-05
CTZ,random,LR,label,1,RBL-17-0244-1_S44,1,0.8424073457717896
CTZ,random,LR,label,1,RBL-17-0246-1_S94,0,0.02202487364411354
CTZ,random,LR,label,1,RBL-17-0274-2_S105,0,0.006305377464741468
CTZ,random,LR,label,1,RBL-17-0283-1_S27,0,0.5452064275741577
CTZ,random,LR,label,1,RBL-17-0300-1_S112,0,1.6216350559261627e-05
CTZ,random,LR,label,1,RBL-17-0307-1_S51,1,0.9302927851676941
CTZ,random,LR,label,1,RBL-17-0340-1_S102,0,0.0001316551206400618
CTZ,random,LR,label,1,RBL-17-0391-1_S122,0,0.9400153756141663
CTZ,random,LR,label,1,RBL-17-0402-1_S126,0,0.01168463658541441
CTZ,random,LR,label,1,RBL-17-0428-1_S70,1,0.9999991655349731
CTZ,random,LR,label,1,RBL-17-0434-1_S133,0,0.025923019275069237
CTZ,random,LR,label,1,RBL-18-0019-1_S41,0,2.0162362943665357e-06
CTZ,random,LR,label,1,RBL-18-0022-1_S43,0,1.7766606106306426e-06
CTZ,random,LR,label,1,RBL-18-0037-1_S168,0,1.1667834698414481e-08
CTZ,random,LR,label,1,RBL-18-0059-1_S171,0,0.001865900936536491
CTZ,random,LR,label,1,RBL-18-0093-1_S49,0,0.9813436269760132
CTZ,random,LR,label,1,RBT-16-0038-1_S11,1,0.8762247562408447
CTZ,random,LR,label,1,RBT-16-0045-1_S58,1,0.3834870755672455
CTZ,random,LR,label,1,RBT-17-0011-1_S19,0,0.1534510999917984
CTZ,random,LR,label,1,RBT-17-0022-1_S24,0,2.7758549094869522e-06
CTZ,random,LR,label,1,RBT-17-0023-1_S25,0,0.8849969506263733
CTZ,random,LR,label,1,RBT-17-0100-1_S36,0,0.6066582202911377
CTZ,random,LR,label,1,RBT-17-0113-1_S42,0,2.1846411982551217e-05
CTZ,random,LR,label,1,RBT-17-0165-1_S60,0,1.194631931866752e-05
CTZ,random,LR,label,1,RBT-17-0167-1_S27,0,0.022058580070734024
CTZ,random,LR,label,1,RBT-17-0177-2_S7,0,1.8373060850507272e-09
CTZ,random,LR,label,1,RBT-17-0217-1_S7,0,0.26813140511512756
CTZ,random,LR,label,1,RBT-17-0225-1_S9,0,4.5676372906200413e-07
CTZ,random,LR,label,1,RBT-17-0228-1_S10,0,8.110604881039762e-07
CTZ,random,LR,label,1,RBT-17-0239-1_S60,0,0.06016070768237114
CTZ,random,LR,label,1,RBT-17-0243-1_S11,0,0.06720717996358871
CTZ,random,LR,label,1,RBT-17-0285-1_S66,0,0.998264491558075
CTZ,random,LR,label,1,RBT-17-0339-1_S20,0,0.9986065030097961
CTZ,random,LR,label,1,RBT-18-0027-1_S68,0,0.2839560806751251
CTZ,random,LR,label,1,RBT-18-0064-1_S15,0,0.9999436140060425
CTZ,random,LR,label,1,RBT-18-0071-1_S41,0,0.987214207649231
CTZ,random,LR,label,1,RBT-18-0096-1_S20,0,0.757577121257782
CTZ,random,LR,label,1,RBT-18-0100-1_S21,0,0.050094492733478546
CTZ,random,LR,label,1,RBT-18-0122-1_S63,0,3.5085150340563587e-09
CTZ,random,LR,label,1,RBT-18-0133-1_S30,0,0.00030574537231586874
CTZ,random,LR,label,1,RBT-18-0184-1_S38,1,0.7765130996704102
CTZ,random,LR,label,1,RBT-18-0231-1_S14,0,0.00016269156185444444
CTZ,random,LR,label,1,RBT-18-0241-1_S50,0,1.536132799628831e-06
CTZ,random,LR,label,1,RBT-18-0271-1_S62,0,4.7043404265423305e-06
CTZ,random,LR,label,1,RBT-18-0296-1_S72,1,0.9966073036193848
CTZ,random,LR,label,1,RBT-18-0308-1_S34,0,0.9081071615219116
CTZ,random,LR,label,1,RBT-18-0325-1_S44,0,0.714713990688324
CTZ,random,LR,label,1,RBT-18-0334-1_S23,0,5.318201147019863e-06
CTZ,random,LR,label,1,RBT-18-0335-1_S41,0,0.026127783581614494
CTZ,random,LR,label,1,RBT-18-0358-1_S28,0,0.0851612538099289
CTZ,random,LR,label,1,RBT-18-0363-1_S72,1,0.9955586194992065
CTZ,random,LR,label,1,ResetH115_S6_L001,0,0.978935956954956
CTZ,random,LR,label,1,ResetH127_S6_L001,1,0.5916627645492554
CTZ,random,LR,label,1,ResetH131_S7_L001,1,0.44497472047805786
CTZ,random,LR,label,1,ResetH139_S3_L001,0,0.16827227175235748
CTZ,random,LR,label,1,ResetH75_S2_L001,1,0.9332786202430725
CTZ,random,LR,label,1,ResetH89_S3_L001,1,0.9999994039535522
CTZ,random,LR,label,1,ResetV105_S1_L001,0,0.0002693707647267729
CTZ,random,LR,label,1,ResetV143_S2_L001,0,1.4279385833482205e-11
CTZ,random,LR,label,1,ResetV161_S3_L001,1,0.9996627569198608
CTZ,random,LR,label,1,ResetV74_S7_L001,1,0.9997621178627014
CTZ,random,LR,label,1,RPG-18-0435-1_S32,0,6.317490530705072e-09
CTZ,random,LR,label,1,Survcare052_S22,1,0.9009217023849487
CTZ,random,LR,label,1,Survcare254_S36,1,0.00910826027393341
CTZ,random,LR,label,1,Survcare313_S24_L001,1,0.9999891519546509
CTZ,random,LR,label,1,Survcare318_S20_L001,1,0.9930643439292908
CTZ,random,LR,label,1,Survcare360_S84,1,0.8608583211898804
CTZ,random,LR,label,1,V158_S4_L001,1,0.0006737983785569668
CTZ,random,LR,label,1,V163_S6_L001,0,3.162223194408398e-08
CTZ,random,LR,label,1,V268_S12_L001,1,0.9960840940475464
CTZ,random,LR,label,1,V292_S6_L001,1,1.0
CTZ,random,LR,label,1,V86_S1_L001,1,1.0
CTZ,random,LR,label,1,V98_S3_L001,1,0.9999978542327881
CTZ,random,LR,label,1,W2RBF-17-090-1_S26,1,5.925440693665962e-11
CTZ,random,LR,label,1,wdh-RBL-17-0431-1_S46,0,0.0186635572463274
CTZ,random,LR,label,1,wdhRBF-17-0567-1_S122,0,0.9468564987182617
CTZ,random,LR,label,1,WDHRBG-16-060-1_S27,0,0.4162677526473999
CTZ,random,LR,label,1,WDHRBG-17-001-1_S82,0,0.1936418116092682
CTZ,random,LR,label,1,WDHRBG-17-0256-1_S17,0,0.14328841865062714
CTZ,random,LR,label,1,WDHRBG-17-122-1_S48,0,0.8668425679206848
CTZ,random,LR,label,1,wRBG-17-023-1_S155,0,8.226385794785074e-09
CTZ,random,LR,label,1,wRBG-17-030-1_S165,0,1.3856426228642249e-08
CTZ,random,LR,label,1,wRBG-17-055-1_S163,0,0.9926310777664185
CTZ,random,LR,label,1,wRBG-17-100-1_S104,0,1.1781452485593036e-05
CTZ,random,LR,label,1,wwRBF-16-007-1_S10,1,0.998839795589447
CTZ,random,LR,label,1,wwRBF-17-167-1_S31,1,0.9971000552177429
CTZ,random,LR,label,1,wwRBK-17-0278-1_S41,1,0.004548835568130016
CTZ,random,LR,label,1,wwRBL-16-111-1_S16,1,0.9999535083770752
CTZ,random,LR,label,1,WWSurvcare043_S43,1,0.07075008749961853
CTZ,random,LR,label,2,H116_S8_L001,1,0.9999997615814209
CTZ,random,LR,label,2,H123_S1_L001,0,0.9999986886978149
CTZ,random,LR,label,2,H136_S7_L001,0,4.298111142713758e-15
CTZ,random,LR,label,2,H164_S3_L001,1,0.9848120212554932
CTZ,random,LR,label,2,H28_S10_L001,0,0.0012284700060263276
CTZ,random,LR,label,2,H69_S6_L001,0,0.9513830542564392
CTZ,random,LR,label,2,H71_S1_L001,1,0.9999799728393555
CTZ,random,LR,label,2,H83_S7_L001,0,0.4952813386917114
CTZ,random,LR,label,2,NNRBG-17-0196-1_S3,0,9.300298984271649e-07
CTZ,random,LR,label,2,NNRBG-17-0199-1_S5,0,9.68707240645017e-07
CTZ,random,LR,label,2,RBB-18-0826-1_S193,1,9.630800923332572e-05
CTZ,random,LR,label,2,RBB-18-0972-1_S203_2,1,0.9999985694885254
CTZ,random,LR,label,2,RBB-18-1086-1_S189_2,1,0.006788963917642832
CTZ,random,LR,label,2,RBB-18-1406-1_S49,1,0.03376393765211105
CTZ,random,LR,label,2,RBB-19-0014-1_S44,1,0.03988650068640709
CTZ,random,LR,label,2,RBF-10-0240-1_S12_L001,0,0.0009075094712898135
CTZ,random,LR,label,2,RBF-16-060-1_S22,1,0.9814558029174805
CTZ,random,LR,label,2,RBF-17-0450-1_S10,0,0.0022129262797534466
CTZ,random,LR,label,2,RBF-17-0602-1_S93,0,0.002883998677134514
CTZ,random,LR,label,2,RBF-17-0651-1_S62,0,0.9999754428863525
CTZ,random,LR,label,2,RBF-17-318-1_S77,1,0.3634190857410431
CTZ,random,LR,label,2,RBF-18-0019-1_S2,0,0.9985887408256531
CTZ,random,LR,label,2,RBF-18-0069-1_S78,1,0.0006093787378631532
CTZ,random,LR,label,2,RBF-18-0075-1_S79,1,0.9266303777694702
CTZ,random,LR,label,2,RBF-18-0087-1_S23,0,0.9664638042449951
CTZ,random,LR,label,2,RBF-18-0123-1_S25_L001,0,4.949353304330398e-18
CTZ,random,LR,label,2,RBF-18-0135-1_S34,0,4.590508615365252e-05
CTZ,random,LR,label,2,RBF-18-0163-2_S39,0,0.0009409984922967851
CTZ,random,LR,label,2,RBF-18-0174-1_S28,0,0.5320505499839783
CTZ,random,LR,label,2,RBF-18-0214-1_S51,0,0.0001362449547741562
CTZ,random,LR,label,2,RBF-18-0280-1_S62,0,3.847051175398519e-06
CTZ,random,LR,label,2,RBF-18-0310-1_S36,0,0.9991570711135864
CTZ,random,LR,label,2,RBG-18-0025-1_S9_L001,0,2.9668256740222887e-10
CTZ,random,LR,label,2,RBG-18-0071-1_S44,0,7.684126113183254e-10
CTZ,random,LR,label,2,RBG-18-0140-1_S14_L001,0,0.0016092745354399085
CTZ,random,LR,label,2,RBG-18-0166-1_S10_L001,0,4.156299473834224e-05
CTZ,random,LR,label,2,RBG-18-0177-1_S17_L001,1,0.9771614074707031
CTZ,random,LR,label,2,RBG-18-0194-1_S45,0,7.680467888349085e-07
CTZ,random,LR,label,2,RBG-18-0204-1_S23_L001,0,0.994209885597229
CTZ,random,LR,label,2,RBG-18-0223-1_S2,0,1.459314891150143e-09
CTZ,random,LR,label,2,RBG-18-0276-1_S50,0,1.8195770508100395e-06
CTZ,random,LR,label,2,RBG-18-0279-1_S36,1,0.9720351696014404
CTZ,random,LR,label,2,RBG-18-0352-1_S21_L001,0,0.0006082950276322663
CTZ,random,LR,label,2,RBG-18-0391-1_S22_L001,1,0.9995206594467163
CTZ,random,LR,label,2,RBG-18-0394-1_S23_L001,0,0.00150051130913198
CTZ,random,LR,label,2,RBG-18-0421-1_S53,1,0.9989292025566101
CTZ,random,LR,label,2,RBK-16-124-1_S16,1,2.275982842547819e-05
CTZ,random,LR,label,2,RBK-18-0037-1_S199,0,9.893281940204224e-13
CTZ,random,LR,label,2,RBL-17-0093-1_S146,0,0.43870407342910767
CTZ,random,LR,label,2,RBL-17-0104-1_S149,0,0.9516900181770325
CTZ,random,LR,label,2,RBL-17-0118-1_S156,0,5.236020660959184e-05
CTZ,random,LR,label,2,RBL-17-0123-1_S157,0,2.3562220425633884e-15
CTZ,random,LR,label,2,RBL-17-0129-1_S158,0,1.3721666618948802e-05
CTZ,random,LR,label,2,RBL-17-0144-1_S163,0,0.7362410426139832
CTZ,random,LR,label,2,RBL-17-0189-1_S172,0,7.962702852637449e-07
CTZ,random,LR,label,2,RBL-17-0256-1_S98,0,2.7501159682863374e-10
CTZ,random,LR,label,2,RBL-17-0320-1_S114,0,0.0002521821588743478
CTZ,random,LR,label,2,RBL-17-0324-1_S54,1,0.03223702311515808
CTZ,random,LR,label,2,RBL-17-0328-1_S117,0,2.665303782123374e-07
CTZ,random,LR,label,2,RBL-17-0349-1_S105,0,0.989709198474884
CTZ,random,LR,label,2,RBL-17-0368-1_S114,0,0.008451486937701702
CTZ,random,LR,label,2,RBL-17-0374-1_S116,0,0.4064329266548157
CTZ,random,LR,label,2,RBL-17-0393-1_S123,0,0.00016313661762978882
CTZ,random,LR,label,2,RBL-17-0409-1_S127,0,0.0661432296037674
CTZ,random,LR,label,2,RBL-17-0411-1_S128,0,4.1207854337699246e-06
CTZ,random,LR,label,2,RBL-17-0429-1_S130,0,1.4806732906436082e-05
CTZ,random,LR,label,2,RBL-17-0435-1_S134,0,0.00011953746434301138
CTZ,random,LR,label,2,RBL-17-075-1_S18,1,0.9981497526168823
CTZ,random,LR,label,2,RBL-18-0021-1_S42,0,0.9999961853027344
CTZ,random,LR,label,2,RBL-18-0098-1_S178,0,0.9855993986129761
CTZ,random,LR,label,2,RBL-18-0131-1_S188_2,1,3.7357462133513764e-05
CTZ,random,LR,label,2,RBT-17-0024-1_S23,0,6.18861013208516e-05
CTZ,random,LR,label,2,RBT-17-0079-1_S29,0,2.303510626688876e-08
CTZ,random,LR,label,2,RBT-17-0099-1_S35,0,0.0015643165679648519
CTZ,random,LR,label,2,RBT-17-0107-1_S39,0,1.1900685770172004e-08
CTZ,random,LR,label,2,RBT-17-0112-1_S41,0,2.704345024540089e-05
CTZ,random,LR,label,2,RBT-17-0124-1_S46,0,0.0004129382432438433
CTZ,random,LR,label,2,RBT-17-0138-1_S52,0,0.019661422818899155
CTZ,random,LR,label,2,RBT-17-0150-1_S54,0,0.0004260770510882139
CTZ,random,LR,label,2,RBT-17-0156-1_S56,0,7.652636668353807e-06
CTZ,random,LR,label,2,RBT-17-0177-1_S65,0,4.447104847999511e-13
CTZ,random,LR,label,2,RBT-17-0183-1_S67,0,7.684109277761308e-07
CTZ,random,LR,label,2,RBT-17-0219-1_S8,0,0.0008297801250591874
CTZ,random,LR,label,2,RBT-17-0232-1_S58,0,0.0876106321811676
CTZ,random,LR,label,2,RBT-17-0238-1_S59,0,0.3556958734989166
CTZ,random,LR,label,2,RBT-17-0256-1_S25,0,0.9996510744094849
CTZ,random,LR,label,2,RBT-17-0291-1_S14,0,0.022443877533078194
CTZ,random,LR,label,2,RBT-18-0050-1_S34,0,0.9998446702957153
CTZ,random,LR,label,2,RBT-18-0057-1_S38,0,1.0047938175938853e-10
CTZ,random,LR,label,2,RBT-18-0103-1_S24,0,0.07005925476551056
CTZ,random,LR,label,2,RBT-18-0115-1_S45,0,5.7519366237102076e-05
CTZ,random,LR,label,2,RBT-18-0134-1_S29,0,0.0015513284597545862
CTZ,random,LR,label,2,RBT-18-0146-1_S55,0,9.405242426888116e-13
CTZ,random,LR,label,2,RBT-18-0179-1_S37,0,6.738193042110652e-05
CTZ,random,LR,label,2,RBT-18-0181-1_S61,1,0.9997429251670837
CTZ,random,LR,label,2,RBT-18-0224-1_S43,0,1.9754519598791376e-05
CTZ,random,LR,label,2,RBT-18-0227-1_S46,1,0.8985096216201782
CTZ,random,LR,label,2,RBT-18-0236-1_S48,1,0.7470488548278809
CTZ,random,LR,label,2,RBT-18-0247-1_S16,1,0.9021473526954651
CTZ,random,LR,label,2,RBT-18-0251-1_S7,0,0.9227220416069031
CTZ,random,LR,label,2,RBT-18-0252-1_S53,0,0.9997422099113464
CTZ,random,LR,label,2,RBT-18-0265-1_S59,0,1.3518741070583928e-05
CTZ,random,LR,label,2,RBT-18-0288-1_S68,0,0.00024955900153145194
CTZ,random,LR,label,2,RBT-18-0292-1_S70,0,6.32228038739413e-05
CTZ,random,LR,label,2,RBT-18-0303-1_S20,0,0.0001658520777709782
CTZ,random,LR,label,2,RBT-18-0351-1_S48,0,1.6139410945470445e-05
CTZ,random,LR,label,2,RBT-18-0368-1_S32,1,6.322404715319863e-07
CTZ,random,LR,label,2,RBT-18-0370-1_S33,0,0.0007888455875217915
CTZ,random,LR,label,2,RBT-18-0384-1_S40,0,0.0008852615137584507
CTZ,random,LR,label,2,RBT-18-0392-1_S56,1,0.582172155380249
CTZ,random,LR,label,2,ResetH10_S1_L001,0,4.115031970286509e-06
CTZ,random,LR,label,2,ResetH129_S7_L001,1,0.9699673056602478
CTZ,random,LR,label,2,ResetH132_S1_L001,1,0.43427231907844543
CTZ,random,LR,label,2,ResetH152_S4_L001,1,0.9736675024032593
CTZ,random,LR,label,2,ResetH30_S4_L001,0,2.0417728592292406e-05
CTZ,random,LR,label,2,ResetH45_S5_L001,0,0.0027056243270635605
CTZ,random,LR,label,2,ResetH8_S2_L001,0,0.993270218372345
CTZ,random,LR,label,2,ResetH93_S5_L001,1,0.005311973392963409
CTZ,random,LR,label,2,ResetH99_S5_L001,0,0.0002680278557818383
CTZ,random,LR,label,2,ResetV260_S5_L001,1,0.1392393559217453
CTZ,random,LR,label,2,ResetV63_S5_L001,0,1.3706665468425638e-13
CTZ,random,LR,label,2,Survcare104_S16_L001,1,9.769015607396568e-17
CTZ,random,LR,label,2,Survcare130_S2,1,0.00013515698083210737
CTZ,random,LR,label,2,Survcare187_S32,1,0.7094409465789795
CTZ,random,LR,label,2,Survcare244_S9_L001,1,1.0
CTZ,random,LR,label,2,Survcare275_S38,1,0.8326048851013184
CTZ,random,LR,label,2,Survcare289_S36,1,1.0
CTZ,random,LR,label,2,Survcare291_S38,1,0.999993085861206
CTZ,random,LR,label,2,Survcare292_S39,1,3.670010926271061e-07
CTZ,random,LR,label,2,Survcare293_S40,1,1.0
CTZ,random,LR,label,2,Survcare334_S10,1,0.7577802538871765
CTZ,random,LR,label,2,V1_S6_L001,0,0.5955471396446228
CTZ,random,LR,label,2,V108_S2_L001,0,0.3169030547142029
CTZ,random,LR,label,2,V114_S5_L001,1,0.9998990297317505
CTZ,random,LR,label,2,V130_S5_L001,1,0.9500856995582581
CTZ,random,LR,label,2,V131_S7_L001,1,2.89594227069756e-05
CTZ,random,LR,label,2,V177_S6_L001,1,1.4540482879965566e-05
CTZ,random,LR,label,2,V183_S7_L001,0,5.374010925152106e-07
CTZ,random,LR,label,2,V271_S13_L001,1,0.11755186319351196
CTZ,random,LR,label,2,V291_S5_L001,1,0.9300537705421448
CTZ,random,LR,label,2,V79_S6_L001,0,0.002380440477281809
CTZ,random,LR,label,2,V8_S7_L001,0,0.9881398677825928
CTZ,random,LR,label,2,V80_S7_L001,1,6.690886451658773e-13
CTZ,random,LR,label,2,V96_S2_L001,1,1.0
CTZ,random,LR,label,2,w2RBG-16-037-1_S34,0,0.04490990564227104
CTZ,random,LR,label,2,wdh-RBL-17-0361-1_S44,0,0.0002986011386383325
CTZ,random,LR,label,2,wdhRBF-18-0025-1_S11_L001,0,8.741164947423385e-07
CTZ,random,LR,label,2,wdhRBF-18-0057_S14_L001,0,0.9895517230033875
CTZ,random,LR,label,2,wdhRBF-18-0059-1_S15_L001,0,6.090160241001286e-06
CTZ,random,LR,label,2,WDHRBG-17-0093-1_S1,1,1.0
CTZ,random,LR,label,2,wRBG-16-032-1_S142,0,0.0001525342813692987
CTZ,random,LR,label,2,wRBG-16-033-1_S153,0,0.3271964490413666
CTZ,random,LR,label,2,wRBG-17-014-1_S167,0,0.9092571139335632
CTZ,random,LR,label,2,wRBG-17-025-1_S133,0,0.0005885844002477825
CTZ,random,LR,label,2,wRBG-17-052-1_S120,0,0.9999963045120239
CTZ,random,LR,label,2,wRBG-17-081-1_S117,0,0.0038487017154693604
CTZ,random,LR,label,2,wRBG-17-112-1_S146,0,0.00022704356524627656
CTZ,random,LR,label,2,wwRBB-16-112-1_S1,1,0.9807277917861938
CTZ,random,LR,label,2,wwRBB-17-031-1_S25,1,0.304171621799469
CTZ,random,LR,label,2,wwRBK-17-0148-1_S37,1,0.9805025458335876
CTZ,random,LR,label,2,wwRBK-17-0298-1_S42,1,0.9961349964141846
CTZ,random,LR,label,2,wwRBL-17-004-1_S44,1,0.8790562748908997
CTZ,random,LR,label,3,H141_S6_L001,1,1.07716367381272e-07
CTZ,random,LR,label,3,H148_S4_L001,1,0.5081104040145874
CTZ,random,LR,label,3,H160_S3_L001,1,0.8323206901550293
CTZ,random,LR,label,3,H162_S4_L001,0,0.00362171302549541
CTZ,random,LR,label,3,H38_S4_L001,1,0.9999302625656128
CTZ,random,LR,label,3,H53_S4_L001,1,0.9811563491821289
CTZ,random,LR,label,3,NNRBG-17-0191-1_S1,0,0.009701913222670555
CTZ,random,LR,label,3,NNRBG-17-0193-1_S2,0,1.4402199610685784e-07
CTZ,random,LR,label,3,NNRBG-17-0205-1_S7,0,3.314319474156946e-05
CTZ,random,LR,label,3,NNRBG-17-0239-1_S10,0,0.8224054574966431
CTZ,random,LR,label,3,NNRBG-17-0249-1_S13,0,6.1945311244926415e-06
CTZ,random,LR,label,3,NNRBG-17-0298-1_S19,0,1.377328771923203e-06
CTZ,random,LR,label,3,RBB-17-171-1_S52,1,0.9999790191650391
CTZ,random,LR,label,3,RBB-18-0129-1_S179,1,0.4448458254337311
CTZ,random,LR,label,3,RBB-18-0490-1_S20_L001,1,4.403808816277888e-06
CTZ,random,LR,label,3,RBB-18-0519-1_S184,1,0.9998495578765869
CTZ,random,LR,label,3,RBB-18-0665-1_S23_L001,1,6.097390610193543e-07
CTZ,random,LR,label,3,RBB-18-0674-1_S189,1,0.9948871731758118
CTZ,random,LR,label,3,RBB-18-0765-1_S191,1,6.073688609831152e-07
CTZ,random,LR,label,3,RBB-18-1212-1_S67_2,1,0.9999970197677612
CTZ,random,LR,label,3,RBF-16-0064-1_S136,0,0.00013105417019687593
CTZ,random,LR,label,3,RBF-17-0178-1_S139,0,0.9971355199813843
CTZ,random,LR,label,3,RBF-17-0509-1_S74,0,4.32520982940332e-06
CTZ,random,LR,label,3,RBF-17-0521-1_S78,0,0.9964869022369385
CTZ,random,LR,label,3,RBF-17-0540-1_S83,0,0.0004556680505629629
CTZ,random,LR,label,3,RBF-17-0550-1_S84,0,0.6919991374015808
CTZ,random,LR,label,3,RBF-17-0553-1_S85,0,0.9916581511497498
CTZ,random,LR,label,3,RBF-17-0632-1_S97,0,8.285108066274915e-08
CTZ,random,LR,label,3,RBF-17-067-1_S54,1,0.9897084832191467
CTZ,random,LR,label,3,RBF-17-266-1_S70,1,0.9977372884750366
CTZ,random,LR,label,3,RBF-18-0055-1_S11,0,1.6464022337459028e-05
CTZ,random,LR,label,3,RBF-18-0147-1_S36,0,2.063586350686819e-07
CTZ,random,LR,label,3,RBF-18-0172-1_S40,0,6.284862387462287e-12
CTZ,random,LR,label,3,RBF-18-0192-1_S44,0,0.0635630339384079
CTZ,random,LR,label,3,RBF-18-0196-1_S46,0,0.5657389163970947
CTZ,random,LR,label,3,RBF-18-0200-1_S48,0,0.0012460011057555676
CTZ,random,LR,label,3,RBF-18-0227-1_S53,0,0.0013765869662165642
CTZ,random,LR,label,3,RBF-18-0252-1_S56,0,5.438040534500033e-05
CTZ,random,LR,label,3,RBF-18-0253-1_S13_L001,0,0.12860150635242462
CTZ,random,LR,label,3,RBF-18-0296-1_S17,0,0.8423405885696411
CTZ,random,LR,label,3,RBF-18-0339-1_S37,0,0.766588568687439
CTZ,random,LR,label,3,RBF-18-0664-1_S190,0,0.03277068957686424
CTZ,random,LR,label,3,RBF-18-0714-2_S204_2,1,0.3949247896671295
CTZ,random,LR,label,3,RBG-17-013-1_S16,1,0.01172945648431778
CTZ,random,LR,label,3,RBg-17-123-2_S12,0,2.7190924511977244e-10
CTZ,random,LR,label,3,RBG-18-0004-1_S1,1,0.978289008140564
CTZ,random,LR,label,3,RBG-18-0017-1_S5,0,0.19086794555187225
CTZ,random,LR,label,3,RBG-18-0041-1_S6,0,1.8106929801017801e-12
CTZ,random,LR,label,3,RBG-18-0083-1_S12,0,6.116118311183527e-05
CTZ,random,LR,label,3,RBG-18-0144-1_S38,0,1.4870487063944893e-07
CTZ,random,LR,label,3,RBG-18-0202-1_S13_L001,0,0.23049724102020264
CTZ,random,LR,label,3,RBG-18-0206-2_S46,0,9.55836585490033e-05
CTZ,random,LR,label,3,RBG-18-0280-1_S51,0,3.5291025142214494e-06
CTZ,random,LR,label,3,RBG-18-0347-1_S22_L001,0,0.8855684995651245
CTZ,random,LR,label,3,RBG-18-0358-1_S39,1,0.9969958066940308
CTZ,random,LR,label,3,RBG-18-0380-1_S48,0,0.978289008140564
CTZ,random,LR,label,3,RBG-18-0388-1_S21_L001,1,0.9976673722267151
CTZ,random,LR,label,3,RBG-18-0402-1_S50,1,0.9868663549423218
CTZ,random,LR,label,3,RBG-18-0417-1_S52,0,0.06890742480754852
CTZ,random,LR,label,3,RBK-16-079-1_S15,1,0.0015015368117019534
CTZ,random,LR,label,3,RBK-17-0457-1_S6,1,0.61680006980896
CTZ,random,LR,label,3,RBK-18-0019-1_S195,0,6.373727046593558e-06
CTZ,random,LR,label,3,RBK-18-0020-1_S19,0,3.8911182609346895e-10
CTZ,random,LR,label,3,RBL-17-0116-1_S154,0,0.3976980447769165
CTZ,random,LR,label,3,RBL-17-0117-1_S155,0,2.1220059807092184e-06
CTZ,random,LR,label,3,RBL-17-0136-1_S161,0,5.472604971146211e-05
CTZ,random,LR,label,3,RBL-17-0172-1_S170,0,5.901523714157975e-09
CTZ,random,LR,label,3,RBL-17-0242-1_S42,1,0.9941542744636536
CTZ,random,LR,label,3,RBL-17-0259-1_S99,0,0.13065414130687714
CTZ,random,LR,label,3,RBL-17-0327-1_S116,0,3.2364957380792703e-09
CTZ,random,LR,label,3,RBL-17-0347-1_S104,0,3.8212942143900364e-08
CTZ,random,LR,label,3,RBL-17-0350-1_S106,0,0.9072096347808838
CTZ,random,LR,label,3,RBL-17-0365-1_S112,0,2.196528384956764e-06
CTZ,random,LR,label,3,RBL-17-0375-1_S117,0,1.0
CTZ,random,LR,label,3,RBL-17-0395-1_S124,0,7.871060915931594e-06
CTZ,random,LR,label,3,RBL-17-0432-1_S132,0,0.5717659592628479
CTZ,random,LR,label,3,RBL-17-060-1_S17,1,0.2609971761703491
CTZ,random,LR,label,3,RBL-18-0002-1_S158,0,5.261917124244064e-08
CTZ,random,LR,label,3,RBL-18-0016-1_S161,0,1.5077076795932953e-06
CTZ,random,LR,label,3,RBL-18-0032-1_S167,0,0.9999973773956299
CTZ,random,LR,label,3,RBL-18-0048-1_S44,0,0.999992847442627
CTZ,random,LR,label,3,RBL-18-0066-1_S173,0,0.051614753901958466
CTZ,random,LR,label,3,RBL-18-0090-1_S48,1,0.5959948301315308
CTZ,random,LR,label,3,RBL-18-0343-1_S6,1,0.040215399116277695
CTZ,random,LR,label,3,RBT-17-0009-1_S21,0,0.33426064252853394
CTZ,random,LR,label,3,RBT-17-0027-1_S3,0,5.114154555485584e-05
CTZ,random,LR,label,3,RBT-17-0039-1_S28,1,0.012648217380046844
CTZ,random,LR,label,3,RBT-17-0082-1_S30,0,0.5312254428863525
CTZ,random,LR,label,3,RBT-17-0084-1_S31,0,7.424919658660656e-06
CTZ,random,LR,label,3,RBT-17-0102-1_S37,0,0.6868954300880432
CTZ,random,LR,label,3,RBT-17-0130-1_S27,0,0.1349368393421173
CTZ,random,LR,label,3,RBT-17-0133-1_S6,0,0.9209232330322266
CTZ,random,LR,label,3,RBT-17-0142-1_S53,0,2.2809892925579334e-06
CTZ,random,LR,label,3,RBT-17-0161-1_S57,0,1.144472747682812e-07
CTZ,random,LR,label,3,RBT-17-0163-1_S59,0,7.364434713963419e-05
CTZ,random,LR,label,3,RBT-17-0168-1_S61,0,0.0014026766875758767
CTZ,random,LR,label,3,RBT-17-0174-1_S64,0,0.8285046815872192
CTZ,random,LR,label,3,RBT-17-0210-1_S55,0,6.019306056259666e-06
CTZ,random,LR,label,3,RBT-17-0251-1_S62,0,0.9999366998672485
CTZ,random,LR,label,3,RBT-17-0279-1_S12,0,3.737011138582602e-05
CTZ,random,LR,label,3,RBT-18-0017-1_S67,0,8.021560082838164e-10
CTZ,random,LR,label,3,RBT-18-0023-1_S14,0,5.174206876290555e-07
CTZ,random,LR,label,3,RBT-18-0030-1_S69,0,4.084430571538178e-08
CTZ,random,LR,label,3,RBT-18-0053-1_S36,1,0.937198281288147
CTZ,random,LR,label,3,RBT-18-0066-1_S40,0,0.034788958728313446
CTZ,random,LR,label,3,RBT-18-0102-1_S23,0,1.005233851714138e-08
CTZ,random,LR,label,3,RBT-18-0116-1_S46,0,0.005709798540920019
CTZ,random,LR,label,3,RBT-18-0120-1_S48,0,0.0323166660964489
CTZ,random,LR,label,3,RBT-18-0121-1_S28,0,0.00012835458619520068
CTZ,random,LR,label,3,RBT-18-0141-1_S32,0,2.277549926432698e-09
CTZ,random,LR,label,3,RBT-18-0269-1_S61,0,2.5448366969271774e-08
CTZ,random,LR,label,3,RBT-18-0283-1_S65,0,2.8513551342257415e-07
CTZ,random,LR,label,3,RBT-18-0284-1_S66,1,0.9988503456115723
CTZ,random,LR,label,3,RBT-18-0293-1_S71,0,3.201311847078614e-05
CTZ,random,LR,label,3,RBT-18-0316-1_S43,0,1.945346866705222e-06
CTZ,random,LR,label,3,RBT-18-0339-1_S47,0,5.057376984041184e-05
CTZ,random,LR,label,3,RBT-18-0361-1_S38,0,0.002598855644464493
CTZ,random,LR,label,3,RBT-18-0377-1_S1,0,4.8302558752766345e-06
CTZ,random,LR,label,3,ResetH1_S1_L001,0,0.0018449313938617706
CTZ,random,LR,label,3,ResetH16_S2_L001,1,0.7137464880943298
CTZ,random,LR,label,3,ResetH24a_S3_2_L001,1,0.9999998807907104
CTZ,random,LR,label,3,ResetH98_S4_L001,0,0.0022047751117497683
CTZ,random,LR,label,3,ResetV76_S7_L001,0,6.0772348660975695e-05
CTZ,random,LR,label,3,Survcare058_S26,1,0.9980547428131104
CTZ,random,LR,label,3,Survcare129_S1,1,1.4884870225273517e-08
CTZ,random,LR,label,3,Survcare140_S4_L001,1,0.999995231628418
CTZ,random,LR,label,3,Survcare184_S19,1,0.9168268442153931
CTZ,random,LR,label,3,Survcare190_S35,1,0.01365005411207676
CTZ,random,LR,label,3,Survcare221_S7_L001,1,4.905310106551042e-06
CTZ,random,LR,label,3,Survcare234_S3_L001,1,8.971423812909052e-05
CTZ,random,LR,label,3,Survcare253_S35,1,0.9980352520942688
CTZ,random,LR,label,3,Survcare295_S8_L001,1,1.0
CTZ,random,LR,label,3,Survcare303_S15_L001,1,0.9997707009315491
CTZ,random,LR,label,3,Survcare310_S21_L001,1,0.8226882219314575
CTZ,random,LR,label,3,Survcare319_S16,1,0.9091294407844543
CTZ,random,LR,label,3,Survcare329_S3,1,0.9983952641487122
CTZ,random,LR,label,3,Survcare335_S11,1,0.9999974966049194
CTZ,random,LR,label,3,V116_S6_L001,0,0.8279253840446472
CTZ,random,LR,label,3,V139_S7_L001,0,0.9999803304672241
CTZ,random,LR,label,3,V153_S4_L001,0,1.0802087047068198e-07
CTZ,random,LR,label,3,V195_S1_L001,1,7.486083540580611e-16
CTZ,random,LR,label,3,V228_S8_L001,1,0.9983140230178833
CTZ,random,LR,label,3,V238_S11_L001,0,0.13897676765918732
CTZ,random,LR,label,3,V283_S5_L001,1,0.9933274984359741
CTZ,random,LR,label,3,V289_S5_L001,0,0.05085664987564087
CTZ,random,LR,label,3,V64_S3_L001,0,2.272924687005129e-12
CTZ,random,LR,label,3,V73_S5_L001,1,1.0
CTZ,random,LR,label,3,wdh-RBF-17-0572-1_S43,0,0.00025739657576195896
CTZ,random,LR,label,3,wdhRBF-17-0558-1_S121,0,0.9997755885124207
CTZ,random,LR,label,3,wdhRBF-18-0081-1_S18_L001,0,0.008099148981273174
CTZ,random,LR,label,3,WDHRBG-16-050-1_S40,1,1.0
CTZ,random,LR,label,3,wRBG-16-027-1_S174,0,0.0013841227628290653
CTZ,random,LR,label,3,wRBG-17-022-1_S43,1,0.9664109945297241
CTZ,random,LR,label,3,wRBG-17-031-1_S154,0,3.6179469589114888e-06
CTZ,random,LR,label,3,wRBG-17-034-1_S121,0,7.452712336153411e-10
CTZ,random,LR,label,3,wRBG-17-049-1_S142,0,6.617443091272435e-07
CTZ,random,LR,label,3,wRBG-17-058-1_S130,0,6.807231756056353e-08
CTZ,random,LR,label,3,wRBG-17-075-1_S96,0,0.0017048856243491173
CTZ,random,LR,label,3,wwRBF-17-189-1_S32,1,0.9962322115898132
CTZ,random,LR,label,3,wwRBK-16-023-1_S5,1,0.0020551043562591076
CTZ,random,LR,label,3,wwRBK-17-0197-1_S39,1,0.8699103593826294
CTZ,random,LR,label,3,wwRBK-17-075-1_S28,1,0.9787753820419312
CTZ,random,LR,label,4,H105_S3_L001,0,0.9233716726303101
CTZ,random,LR,label,4,H109_S2_L001,0,0.0022033092100173235
CTZ,random,LR,label,4,H113_S6_L001,0,0.0004360709572210908
CTZ,random,LR,label,4,H122_S4_L001,1,0.0002600557345431298
CTZ,random,LR,label,4,H130_S2_L001,1,2.0575176677084528e-05
CTZ,random,LR,label,4,H154_S2_L001,1,0.9833127856254578
CTZ,random,LR,label,4,H157_S3_L001,0,0.19055208563804626
CTZ,random,LR,label,4,H176_S5_L001,0,0.6330010890960693
CTZ,random,LR,label,4,H50_S7_L001,0,0.03267628327012062
CTZ,random,LR,label,4,H66_S1_L001,1,0.9999467134475708
CTZ,random,LR,label,4,NNRBG-17-0227-1_S8,0,0.00012954890553373843
CTZ,random,LR,label,4,NNRBG-17-0242-1_S11,0,0.006051748525351286
CTZ,random,LR,label,4,NNRBG-17-0243-1_S12,0,1.1777998452089378e-06
CTZ,random,LR,label,4,NNRBG-17-0308-1_S20,0,0.00015099384472705424
CTZ,random,LR,label,4,RBB-18-0892-1_S80_2,1,0.9999978542327881
CTZ,random,LR,label,4,RBB-18-1309-1_S42,1,0.742746114730835
CTZ,random,LR,label,4,RBB-18-1488-1_S46,1,5.482986065175055e-09
CTZ,random,LR,label,4,RBBK18-0189-1_S24_L001,0,0.0005450885510072112
CTZ,random,LR,label,4,RBF-17-0194-1_S140,0,0.2792505621910095
CTZ,random,LR,label,4,RBF-17-0340-1_S81,1,0.022060494869947433
CTZ,random,LR,label,4,RBF-17-0523-1_S30,0,0.0009373101638630033
CTZ,random,LR,label,4,RBF-17-0532-1_S80,0,7.129986624931917e-05
CTZ,random,LR,label,4,RBF-17-0532-2_S31,0,1.688494194240775e-06
CTZ,random,LR,label,4,RBF-17-0538-1_S82,0,0.14553925395011902
CTZ,random,LR,label,4,RBF-17-0635-1_S98,0,0.012059987522661686
CTZ,random,LR,label,4,RBF-17-0653-1_S101,0,2.206664628801036e-09
CTZ,random,LR,label,4,RBF-17-186-1_S69,1,0.9305670857429504
CTZ,random,LR,label,4,RBF-17-277-1_S73,1,5.091840577647888e-12
CTZ,random,LR,label,4,RBF-18-0035-1_S6,0,0.0008847095305100083
CTZ,random,LR,label,4,RBF-18-0086-1_S22,0,8.514486893318463e-08
CTZ,random,LR,label,4,RBF-18-0121-1_S28,0,2.4833785201849867e-12
CTZ,random,LR,label,4,RBF-18-0127-1_S32,0,0.9779120683670044
CTZ,random,LR,label,4,RBF-18-0139-1_S35,0,3.320851081102527e-13
CTZ,random,LR,label,4,RBF-18-0160-1_S37,0,1.5925043044262566e-05
CTZ,random,LR,label,4,RBF-18-0173-1_S27,0,0.05346223711967468
CTZ,random,LR,label,4,RBF-18-0184-1_S30,0,0.6749038100242615
CTZ,random,LR,label,4,RBF-18-0201-1_S49,0,0.07965239137411118
CTZ,random,LR,label,4,RBF-18-0217-1_S54,0,8.837248969939537e-06
CTZ,random,LR,label,4,RBF-18-0251-1_S55,0,0.9983059167861938
CTZ,random,LR,label,4,RBF-18-0259-1_S33,0,5.456694998429157e-05
CTZ,random,LR,label,4,RBF-18-0277-1_S61,0,0.028885478153824806
CTZ,random,LR,label,4,RBF-18-0321-1_S69,0,8.683567059852848e-11
CTZ,random,LR,label,4,RBF-18-0333-1_S70,0,1.37317741177867e-07
CTZ,random,LR,label,4,RBF-18-0405-1_S81_2,1,0.9998987913131714
CTZ,random,LR,label,4,RBF-18-0585-1_S48,1,0.9904659986495972
CTZ,random,LR,label,4,RBG-17-0383-1_S44,0,0.0010658137034624815
CTZ,random,LR,label,4,RBG-18-0012-1_S3,0,0.9648213386535645
CTZ,random,LR,label,4,RBG-18-0054-1_S42,0,0.8562620878219604
CTZ,random,LR,label,4,RBG-18-0076-1_S10,0,0.9840891361236572
CTZ,random,LR,label,4,RBG-18-0221-1_S47,0,2.548815064074006e-05
CTZ,random,LR,label,4,RBG-18-0265-1_S49,0,0.776082456111908
CTZ,random,LR,label,4,RBG-18-0367-1_S57,0,1.1000526711768543e-07
CTZ,random,LR,label,4,RBG-18-0410-1_S12,1,0.8931173086166382
CTZ,random,LR,label,4,RBK-17-0601-1_S25,1,0.9305670857429504
CTZ,random,LR,label,4,RBK-17-0612-1_S27,1,0.9710143804550171
CTZ,random,LR,label,4,RBK-17-0655-5_S182,1,0.9553751945495605
CTZ,random,LR,label,4,RBK-18-0077-1_S212,1,0.9710143804550171
CTZ,random,LR,label,4,RBK-18-0080-1_S205,0,2.6460207289136228e-11
CTZ,random,LR,label,4,RBK-18-0414-1_S59,0,4.7421818294424156e-07
CTZ,random,LR,label,4,RBKk-18-0108-1_S201,1,0.9847912192344666
CTZ,random,LR,label,4,RBL-17-0107-1_S150,0,0.7701969146728516
CTZ,random,LR,label,4,RBL-17-0133-1_S159,0,0.5982338190078735
CTZ,random,LR,label,4,RBL-17-0165-1_S167,0,7.289853965630755e-05
CTZ,random,LR,label,4,RBL-17-0217-1_S176,0,1.548792170069646e-06
CTZ,random,LR,label,4,RBL-17-0261-1_S100,0,0.006002258509397507
CTZ,random,LR,label,4,RBL-17-0263-1_S102,0,5.53646641492378e-05
CTZ,random,LR,label,4,RBL-17-0305-1_S49,1,0.9977333545684814
CTZ,random,LR,label,4,RBL-17-0332-1_S118,0,0.8865724205970764
CTZ,random,LR,label,4,RBL-17-0342-1_S103,0,0.6347813606262207
CTZ,random,LR,label,4,RBL-17-0359-1_S66,1,0.994714081287384
CTZ,random,LR,label,4,RBL-17-0360-1_S108,0,3.464377414275077e-06
CTZ,random,LR,label,4,RBL-17-0366-1_S113,0,0.9905970692634583
CTZ,random,LR,label,4,RBL-17-0383-1_S119,0,0.0018409367185086012
CTZ,random,LR,label,4,RBL-18-0055-1_S170,0,0.6551743745803833
CTZ,random,LR,label,4,RBL-18-0076-1_S47,1,0.6579046845436096
CTZ,random,LR,label,4,RBL-18-0242-1_S51,0,0.9997954964637756
CTZ,random,LR,label,4,RBL-18-0467-1_S228_2,1,0.9999340772628784
CTZ,random,LR,label,4,RBT-16-0024-1_S10,1,0.9964709281921387
CTZ,random,LR,label,4,RBT-17-0008-1_S18,0,0.000794220482930541
CTZ,random,LR,label,4,RBT-17-0033-1_S12,1,1.7619994707729347e-07
CTZ,random,LR,label,4,RBT-17-0090-1_S32,0,7.331492746232016e-09
CTZ,random,LR,label,4,RBT-17-0097-1_S34,1,0.9999979734420776
CTZ,random,LR,label,4,RBT-17-0109-1_S40,0,0.000583062821533531
CTZ,random,LR,label,4,RBT-17-0118-1_S45,0,1.2819890926607513e-08
CTZ,random,LR,label,4,RBT-17-0173-1_S63,0,1.7045202184817754e-05
CTZ,random,LR,label,4,RBT-17-0178-1_S66,0,2.349061833228916e-05
CTZ,random,LR,label,4,RBT-17-0188-1_S68,1,4.294900008972036e-06
CTZ,random,LR,label,4,RBT-17-0194-1_S30,0,7.554452849944937e-07
CTZ,random,LR,label,4,RBT-17-0270-1_S65,0,2.6148491087951697e-05
CTZ,random,LR,label,4,RBT-17-0287-1_S10,0,3.391344149950015e-10
CTZ,random,LR,label,4,RBT-17-0295-1_S15,0,0.0011656420538201928
CTZ,random,LR,label,4,RBT-17-0328-1_S16,1,0.9980134963989258
CTZ,random,LR,label,4,RBT-17-0337-1_S19,0,0.04742550849914551
CTZ,random,LR,label,4,RBT-18-0004-1_S51,1,0.5642085671424866
CTZ,random,LR,label,4,RBT-18-0045-1_S70,0,7.713243292770816e-14
CTZ,random,LR,label,4,RBT-18-0101-1_S22,0,0.9981181621551514
CTZ,random,LR,label,4,RBT-18-0127-1_S51,0,5.272888188301295e-07
CTZ,random,LR,label,4,RBT-18-0129-1_S52,0,0.0037218520883470774
CTZ,random,LR,label,4,RBT-18-0164-1_S34,0,0.9474318623542786
CTZ,random,LR,label,4,RBT-18-0185-1_S39,0,0.9241547584533691
CTZ,random,LR,label,4,RBT-18-0230-1_S45,0,2.5783415935620724e-07
CTZ,random,LR,label,4,RBT-18-0232-1_S47,0,0.6267564296722412
CTZ,random,LR,label,4,RBT-18-0275-1_S63,0,0.001214482355862856
CTZ,random,LR,label,4,RBT-18-0317-1_S27,0,0.0009123568306677043
CTZ,random,LR,label,4,RBT-18-0324-1_S57,1,0.9999136924743652
CTZ,random,LR,label,4,RBT-18-0337-1_S46,0,0.6714410185813904
CTZ,random,LR,label,4,RBT-18-0340-1_S36,0,1.0346153658247204e-06
CTZ,random,LR,label,4,RBT-18-0364-1_S29,0,0.9980012774467468
CTZ,random,LR,label,4,RBT-18-0365-1_S30,0,0.9221410155296326
CTZ,random,LR,label,4,RBT-18-0385-1_S34,0,2.4204425130847085e-09
CTZ,random,LR,label,4,RBT-18-0391-1_S35,1,0.9924492835998535
CTZ,random,LR,label,4,RBT-18-0401-1_S43,0,0.4773169159889221
CTZ,random,LR,label,4,ResetH134_S8_L001,1,0.002026496920734644
CTZ,random,LR,label,4,ResetH44_S3_L001,0,5.3486449047568385e-08
CTZ,random,LR,label,4,ResetH49b_S6_L001,0,0.7548007369041443
CTZ,random,LR,label,4,ResetH63_S7_L001,1,0.9305670857429504
CTZ,random,LR,label,4,ResetH68_S1_L001,0,3.428908530622721e-05
CTZ,random,LR,label,4,ResetH92_S4_L001,1,0.3512710630893707
CTZ,random,LR,label,4,ResetV210_S4_L001,1,0.990922749042511
CTZ,random,LR,label,4,Survcare0111_S29,1,0.002134277718141675
CTZ,random,LR,label,4,Survcare0114_S37,1,0.025710828602313995
CTZ,random,LR,label,4,Survcare125_S25,1,0.999645471572876
CTZ,random,LR,label,4,Survcare230_S17_L001,1,0.9967327117919922
CTZ,random,LR,label,4,Survcare262_S23_L001,1,0.7220622301101685
CTZ,random,LR,label,4,Survcare265_S20,1,0.008428624831140041
CTZ,random,LR,label,4,Survcare278_S62,1,0.2552044987678528
CTZ,random,LR,label,4,Survcare321_S18,1,0.9999982118606567
CTZ,random,LR,label,4,Survcare341_S25,1,0.0006111375987529755
CTZ,random,LR,label,4,Survcare350_S44,1,0.025395600125193596
CTZ,random,LR,label,4,V123_S1_L001,0,0.7560073733329773
CTZ,random,LR,label,4,V173_S6_L001,0,2.5243858203793934e-07
CTZ,random,LR,label,4,V182_S6_L001,1,0.5575577020645142
CTZ,random,LR,label,4,V205_S3_L001,0,0.983069658279419
CTZ,random,LR,label,4,V215_S2_L001,0,3.615424759573216e-08
CTZ,random,LR,label,4,V232_S3_L001,0,2.4715127437957563e-05
CTZ,random,LR,label,4,V279_S8_L001,1,0.7407292723655701
CTZ,random,LR,label,4,V295_S7_L001,0,0.8725124597549438
CTZ,random,LR,label,4,V40_S2_L001,1,0.018243514001369476
CTZ,random,LR,label,4,V9_S1_L001,1,0.0400298573076725
CTZ,random,LR,label,4,W2RBF-17-133-1_S28,1,0.9989023208618164
CTZ,random,LR,label,4,W2RBL-16-018-1_S15,1,0.8373775482177734
CTZ,random,LR,label,4,wdh-RBB-17-170-1_S16,1,0.963964581489563
CTZ,random,LR,label,4,wdh-Survcare119_S44,1,2.3271702957572415e-05
CTZ,random,LR,label,4,wdhRBF-17-0564-1_S230,0,0.999816358089447
CTZ,random,LR,label,4,wdhRBF-18-0048-1_S12_L001,0,1.562687999834278e-11
CTZ,random,LR,label,4,wdhRBF-18-0049-1_S13_L001,0,2.5492294039586305e-11
CTZ,random,LR,label,4,WDHRBG-16-049-1_S87,0,0.9997623562812805
CTZ,random,LR,label,4,WDHRBG-16-062-1_S49,0,8.7523538638834e-08
CTZ,random,LR,label,4,WDHRBG-17-005-2_S61,0,0.004525000229477882
CTZ,random,LR,label,4,WDHRBG-17-008-1_S83,0,0.6667761206626892
CTZ,random,LR,label,4,WDHRBG-17-121-1_S46,0,0.11389114707708359
CTZ,random,LR,label,4,wRBF-17-0146-1_S35,1,0.9675434231758118
CTZ,random,LR,label,4,wRBG-16-024-1_S152,0,0.4023650586605072
CTZ,random,LR,label,4,wRBG-17-021-1_S166,0,1.0429361907426937e-07
CTZ,random,LR,label,4,wRBG-17-028-1_S100,0,9.887363461302812e-08
CTZ,random,LR,label,4,wRBG-17-047-1_S153,0,7.511845012686535e-08
CTZ,random,LR,label,4,wRBG-17-073-1_S118,0,3.462972699708189e-07
CTZ,random,LR,label,4,wRBG-17-082-1_S106,0,3.530193453116226e-06
CTZ,random,LR,label,4,wwRBF-17-148-1_S27,0,0.012869913130998611
CTZ,random,LR,label,4,wwRBF-17-251-1_S33,1,0.9986554384231567
CTZ,random,LR,label,4,wwRBK-17-0148-2_S38,1,0.9556358456611633
CTZ,random,SVM,label,0,H100_S2_L001,0,0.27159732799560593
CTZ,random,SVM,label,0,H108_S5_L001,0,0.2959573717479904
CTZ,random,SVM,label,0,H119_S7_L001,1,0.401347810039442
CTZ,random,SVM,label,0,H17_S2_L001,0,0.4188950654993257
CTZ,random,SVM,label,0,H3_S1_L001,1,0.6941953533320449
CTZ,random,SVM,label,0,H37_S3_L001,0,0.19288464403923372
CTZ,random,SVM,label,0,H51_S5_L001,0,0.7335184113256628
CTZ,random,SVM,label,0,H86_S1_L001,0,0.4545102279971787
CTZ,random,SVM,label,0,NNRBG-17-0198-1_S4,0,0.17273349559227352
CTZ,random,SVM,label,0,NNRBG-17-0201-1_S6,0,0.0388214435953358
CTZ,random,SVM,label,0,NNRBG-17-0234-1_S9,0,0.03209181189553654
CTZ,random,SVM,label,0,NNRBG-17-0294-1_S18,0,0.7708012782655447
CTZ,random,SVM,label,0,NNRBG-17-0319-1_S24,0,0.20689162597371452
CTZ,random,SVM,label,0,NNRBG-17-0328-1_S25,0,0.2125726090574907
CTZ,random,SVM,label,0,NNRBG-17-0346-1_S30,0,0.032303680896826045
CTZ,random,SVM,label,0,NNRBG-17-0378-1_S37,0,0.6943084846327848
CTZ,random,SVM,label,0,NNRBG-17-0382-1_S38,0,0.0003847276065575694
CTZ,random,SVM,label,0,RBB-17-011-1_S40,1,0.7310991375652918
CTZ,random,SVM,label,0,RBB-18-0537-1_S21_L001,1,0.8629218135903881
CTZ,random,SVM,label,0,RBB-18-0772-1_S192,1,0.6862769801304643
CTZ,random,SVM,label,0,RBB-18-1393-1_S48,1,0.8383037569410006
CTZ,random,SVM,label,0,RBF-16-073-1_S23,1,0.7936882218877278
CTZ,random,SVM,label,0,RBF-17-0173-1_S138,0,0.3243178727703931
CTZ,random,SVM,label,0,RBF-17-0424-1_S15,0,0.2661653275544419
CTZ,random,SVM,label,0,RBF-17-0438-1_S9,1,0.7310991375652918
CTZ,random,SVM,label,0,RBF-17-0467-1_S12,1,0.6879385857635801
CTZ,random,SVM,label,0,RBF-17-0489-1_S13,1,0.46463822600061433
CTZ,random,SVM,label,0,RBF-17-0508-1_S73,0,0.6755262978874851
CTZ,random,SVM,label,0,RBF-17-0537-1_S56,1,0.7250625371891986
CTZ,random,SVM,label,0,RBF-17-0572-2_S89,0,0.0014653323240295987
CTZ,random,SVM,label,0,RBF-17-0605-1_S94,0,0.7395996529857172
CTZ,random,SVM,label,0,RBF-17-0614-3_S95,0,0.1758339155511995
CTZ,random,SVM,label,0,RBF-17-0616-1_S96,0,0.01711960347955925
CTZ,random,SVM,label,0,RBF-17-0645-1_S61,0,0.0025230839342555034
CTZ,random,SVM,label,0,RBF-17-0648-1_S100,0,0.0003438971874080103
CTZ,random,SVM,label,0,RBF-17-0664-1_S63,0,0.17095592930111392
CTZ,random,SVM,label,0,RBF-17-094-1_S56,1,0.5825901223124537
CTZ,random,SVM,label,0,RBF-18-0013-1_S25_L001,0,0.3229046964789283
CTZ,random,SVM,label,0,RBF-18-0027-1_S5,0,0.18611988212394445
CTZ,random,SVM,label,0,RBF-18-0085-1_S21,0,0.08949319520447792
CTZ,random,SVM,label,0,RBF-18-0088-1_S24,0,0.029940450277709117
CTZ,random,SVM,label,0,RBF-18-0099-1_S26,0,0.021031266318094138
CTZ,random,SVM,label,0,RBF-18-0125-1_S30,0,0.2297992208902703
CTZ,random,SVM,label,0,RBF-18-0126-1_S31,0,0.13477311838602463
CTZ,random,SVM,label,0,RBF-18-0199-1_S47,0,0.9247890025883498
CTZ,random,SVM,label,0,RBF-18-0634-1_S183,0,0.38957291431738156
CTZ,random,SVM,label,0,RBG-17-0269-1_S41,0,0.9753935722785014
CTZ,random,SVM,label,0,RBG-18-0023-1_S2,0,0.01816952571005399
CTZ,random,SVM,label,0,RBG-18-0029-1_S40,0,0.005250883454222011
CTZ,random,SVM,label,0,RBG-18-0085-1_S11,0,0.4209110630228406
CTZ,random,SVM,label,0,RBG-18-0099-1_S14,1,0.7310991375652918
CTZ,random,SVM,label,0,RBG-18-0129-1_S15_L001,1,0.6913094903051905
CTZ,random,SVM,label,0,RBG-18-0153-1_S14,0,0.4948416930013452
CTZ,random,SVM,label,0,RBG-18-0170-1_S41,0,0.11147025479310142
CTZ,random,SVM,label,0,RBG-18-0185-1_S40,0,0.16851196339004268
CTZ,random,SVM,label,0,RBG-18-0193-1_S8,0,0.008235515733733373
CTZ,random,SVM,label,0,RBG-18-0209-2_S46,0,0.5138551629468765
CTZ,random,SVM,label,0,RBG-18-0239-1_S4,0,0.017577435426511752
CTZ,random,SVM,label,0,RBG-18-0289-1_S37,1,0.2902840281494132
CTZ,random,SVM,label,0,RBG-18-0300-1_S52,0,0.21232540729702212
CTZ,random,SVM,label,0,RBG-18-0308-1_S54,1,0.011307027455741173
CTZ,random,SVM,label,0,RBG-18-0312-1_S55,0,0.14216225265384436
CTZ,random,SVM,label,0,RBG-18-0355-1_S19_L001,0,0.1148909859098229
CTZ,random,SVM,label,0,RBG-18-0381-1_S49,0,0.14111813765776574
CTZ,random,SVM,label,0,RBG-18-0383-1_S37,1,0.7190505827691535
CTZ,random,SVM,label,0,RBG-18-0437-1_S54,0,0.11908844523037006
CTZ,random,SVM,label,0,RBK-16-007-1_S13,1,0.7696967280556959
CTZ,random,SVM,label,0,RBK-17-0492-1_S8,1,0.3069721701843151
CTZ,random,SVM,label,0,RBK-17-0588-1_S24,1,0.38942265955965977
CTZ,random,SVM,label,0,RBK-17-0595-1_S187,1,0.6363018535931508
CTZ,random,SVM,label,0,RBK-18-0022-1_S197,0,0.09937748653122622
CTZ,random,SVM,label,0,RBK-18-0047-1_S20,0,0.4301766816160668
CTZ,random,SVM,label,0,RBK-18-0060-1_S22,0,0.5162921935602239
CTZ,random,SVM,label,0,RBk-18-0216-1_S231_2,0,0.934116351182741
CTZ,random,SVM,label,0,RBK-18-0236-2_S52_2,1,0.6878128565931786
CTZ,random,SVM,label,0,RBL-17-0138-1_S162,0,0.5371168261095574
CTZ,random,SVM,label,0,RBL-17-0199-1_S174,0,0.7705628200345337
CTZ,random,SVM,label,0,RBL-17-0235-1_S92,0,0.13325452120995648
CTZ,random,SVM,label,0,RBL-17-0264-1_S103,0,0.6029088810747443
CTZ,random,SVM,label,0,RBL-17-0267-1_S104,0,0.05153805216767108
CTZ,random,SVM,label,0,RBL-17-0306-1_S50,1,0.06789307323698403
CTZ,random,SVM,label,0,RBL-17-0323-1_S115,0,0.02901879711032785
CTZ,random,SVM,label,0,RBL-17-0390-1_S121,0,0.031736995952578
CTZ,random,SVM,label,0,RBL-17-0392-1_S69,1,0.7310572980157114
CTZ,random,SVM,label,0,RBL-17-0397-1_S125,0,0.06567980828307679
CTZ,random,SVM,label,0,RBL-18-0010-1_S159,0,0.26910065084644924
CTZ,random,SVM,label,0,RBL-18-0085-1_S176,0,0.3371624179460126
CTZ,random,SVM,label,0,RBL-18-0194-1_S195_2,1,0.7394281466098911
CTZ,random,SVM,label,0,RBL-18-0500-1_S230_2,1,0.1633730751473156
CTZ,random,SVM,label,0,RBT-17-0003-1_S16,0,0.03460197752769248
CTZ,random,SVM,label,0,RBT-17-0019-1_S62,1,0.9876937576242593
CTZ,random,SVM,label,0,RBT-17-0149-1_S13,1,0.24170477940397367
CTZ,random,SVM,label,0,RBT-17-0249-1_S61,1,0.7410491687751228
CTZ,random,SVM,label,0,RBT-18-0021-1_S56,1,0.7310991375652918
CTZ,random,SVM,label,0,RBT-18-0042-1_S60,0,0.0812317423042406
CTZ,random,SVM,label,0,RBT-18-0046-1_S2,0,0.20664484557314022
CTZ,random,SVM,label,0,RBT-18-0052-1_S35,1,0.022280231174630287
CTZ,random,SVM,label,0,RBT-18-0056-1_S37,0,0.014449267751713683
CTZ,random,SVM,label,0,RBT-18-0079-1_S16,0,0.25009403621921555
CTZ,random,SVM,label,0,RBT-18-0080-1_S49,1,0.9862196157071244
CTZ,random,SVM,label,0,RBT-18-0091-1_S42,0,0.7082542418641479
CTZ,random,SVM,label,0,RBT-18-0095-1_S19,0,0.18297086928018072
CTZ,random,SVM,label,0,RBT-18-0110-1_S27,0,0.010487772184006362
CTZ,random,SVM,label,0,RBT-18-0113-1_S44,0,0.08736569360807601
CTZ,random,SVM,label,0,RBT-18-0125-1_S50,0,0.12912035007578382
CTZ,random,SVM,label,0,RBT-18-0173-1_S35,0,0.6111954781756926
CTZ,random,SVM,label,0,RBT-18-0197-1_S40,0,0.23083852999707846
CTZ,random,SVM,label,0,RBT-18-0205-1_S6,1,0.7435648447996469
CTZ,random,SVM,label,0,RBT-18-0234-1_S15,1,0.8070977391731513
CTZ,random,SVM,label,0,RBT-18-0246-1_S52,0,0.032446205370839185
CTZ,random,SVM,label,0,RBT-18-0253-1_S54,0,0.9700511704964183
CTZ,random,SVM,label,0,RBT-18-0259-1_S55,0,0.18169432803251934
CTZ,random,SVM,label,0,RBT-18-0263-1_S58,0,0.04996957681686975
CTZ,random,SVM,label,0,RBT-18-0278-1_S64,0,0.18487859090870526
CTZ,random,SVM,label,0,RBT-18-0331-1_S22,0,0.29867655748501737
CTZ,random,SVM,label,0,RBT-18-0338-1_S35,0,0.14006815922016447
CTZ,random,SVM,label,0,RBT-18-0341-1_S24,0,0.017323443459679337
CTZ,random,SVM,label,0,RBT-18-0357-1_S27,0,0.009101642182529061
CTZ,random,SVM,label,0,RBT-18-0360-1_S39,0,0.20742846313796964
CTZ,random,SVM,label,0,RBT-18-0372-1_S31,1,0.7534580031519827
CTZ,random,SVM,label,0,ResetV288_S6_L001,0,0.25162829407773724
CTZ,random,SVM,label,0,ResetV70_S6_L001,1,0.8293476302812153
CTZ,random,SVM,label,0,Survcare133_S25,1,0.8311867243074537
CTZ,random,SVM,label,0,Survcare134_S26,1,0.5623991728865181
CTZ,random,SVM,label,0,Survcare176_S17_L001,1,0.019458692888107823
CTZ,random,SVM,label,0,Survcare236_S5_L001,1,0.4690008966691703
CTZ,random,SVM,label,0,Survcare309_S20_L001,1,0.9270511103053061
CTZ,random,SVM,label,0,Survcare317_S5_L001,1,0.06004432198203949
CTZ,random,SVM,label,0,Survcare327_S1,1,0.6930280303560471
CTZ,random,SVM,label,0,Survcare337_S12,1,0.9033131554278763
CTZ,random,SVM,label,0,V111_S3_L001,0,0.020846884755987893
CTZ,random,SVM,label,0,V113_S3_L001,0,0.8412136150687313
CTZ,random,SVM,label,0,V120_S5_L001,0,0.538582381000977
CTZ,random,SVM,label,0,V152_S3_L001,0,0.3984612560934048
CTZ,random,SVM,label,0,V155_S5_L001,0,0.009151067798627928
CTZ,random,SVM,label,0,V168_S9_L001,1,0.6499095923098851
CTZ,random,SVM,label,0,V172_S5_L001,0,0.06670187548292168
CTZ,random,SVM,label,0,V201_S4_L001,1,0.7200504705987216
CTZ,random,SVM,label,0,V229_S10_L001,1,0.7545579506895429
CTZ,random,SVM,label,0,V282_S4_L001,0,0.19015501923819098
CTZ,random,SVM,label,0,V41_S2_L001,0,0.12985729814800984
CTZ,random,SVM,label,0,V71_S4_L001,1,0.40318321106296867
CTZ,random,SVM,label,0,V89_S1_L001,0,0.5305120033392178
CTZ,random,SVM,label,0,W2RBK-17-168-1_S33,1,0.7892976889081579
CTZ,random,SVM,label,0,W2RBK-17-169-1_S34,1,0.9315480210456969
CTZ,random,SVM,label,0,wdh-RBB-16-025-1_S20,0,0.0028493318169989412
CTZ,random,SVM,label,0,wdh2NRZ-29911a_S31,1,0.14920849825726396
CTZ,random,SVM,label,0,wdhRBF-10-0002-1_S10_L001,1,0.9431205962278544
CTZ,random,SVM,label,0,wdhRBF-18-0080-1_S17_L001,0,0.548189940707491
CTZ,random,SVM,label,0,wdhRBF-18-0098-1_S19_L001,0,0.1954702645872655
CTZ,random,SVM,label,0,wdhRBL-17-0370-1_S232,0,0.01948979772326664
CTZ,random,SVM,label,0,wNRZ-32446_S79,1,0.007390478160944417
CTZ,random,SVM,label,0,wNRZ-33910_S81,1,0.006718038197200883
CTZ,random,SVM,label,0,wRBG-16-026-1_S163,0,0.024522986734748668
CTZ,random,SVM,label,0,wRBG-16-034-1_S164,0,0.7962859415433883
CTZ,random,SVM,label,0,wRBG-17-057-1_S141,0,0.11595296068314953
CTZ,random,SVM,label,0,wRBG-17-072-1_S129,0,0.00651296551491749
CTZ,random,SVM,label,0,wRBG-17-102-1_S169,0,0.0013176599173251827
CTZ,random,SVM,label,0,wRBG-17-106-1_S125,0,0.23563102994096038
CTZ,random,SVM,label,0,wRBG-17-110-1_S168,0,0.2832929956103496
CTZ,random,SVM,label,0,wwRBF-16-094-1_S13,1,0.18940976160542117
CTZ,random,SVM,label,0,wwRBF-17-209-1_S34,0,0.15206227913038697
CTZ,random,SVM,label,1,H153_S1_L001,1,0.6924364031462656
CTZ,random,SVM,label,1,NNRBG-17-0255-1_S14,0,0.9804210231044742
CTZ,random,SVM,label,1,NNRBG-17-0278-1_S16,0,0.1895632328991402
CTZ,random,SVM,label,1,NNRBG-17-0287-1_S17,0,0.4292580813243773
CTZ,random,SVM,label,1,NNRBG-17-0316-1_S23,0,0.1827818767334515
CTZ,random,SVM,label,1,NNRBG-17-0329-1_S26,0,0.046143702521072326
CTZ,random,SVM,label,1,NNRBG-17-0399-1_S40,0,0.45043331496853384
CTZ,random,SVM,label,1,NNSurvcare045_S41,1,0.6564121558508816
CTZ,random,SVM,label,1,RBB-18-0546-1_S22_L001,1,0.9650569259673829
CTZ,random,SVM,label,1,RBB-18-0668-1_S188,1,0.9071125906543973
CTZ,random,SVM,label,1,RBB-18-1312-1_S43,1,0.9942461054416805
CTZ,random,SVM,label,1,RBB-18-1460-1_S45,1,0.7662123581126086
CTZ,random,SVM,label,1,RBB-18-1502-1_S47,1,0.8585928961432259
CTZ,random,SVM,label,1,RBF-16-004-1_S18,0,0.6705206158053425
CTZ,random,SVM,label,1,RBF-17-0164-1_S137,0,0.26544047224894585
CTZ,random,SVM,label,1,RBF-17-0195-1_S141,0,0.9015671300847751
CTZ,random,SVM,label,1,RBF-17-0513-1_S76,0,0.2601716270524448
CTZ,random,SVM,label,1,RBF-17-0520-2_S55,1,0.2569780847983333
CTZ,random,SVM,label,1,RBF-17-0587-1_S91,0,0.020957289058271548
CTZ,random,SVM,label,1,RBF-17-0589-1_S92,0,0.41756576288386527
CTZ,random,SVM,label,1,RBF-17-0630-1_S59,1,0.024683072399698594
CTZ,random,SVM,label,1,RBF-17-0647-1_S99,0,0.2782505810271459
CTZ,random,SVM,label,1,RBF-17-170-1_S66,1,0.9365719655326894
CTZ,random,SVM,label,1,RBF-18-0036-1_S7,0,0.027758260735007007
CTZ,random,SVM,label,1,RBF-18-0064-2_S14,0,0.2366175988279007
CTZ,random,SVM,label,1,RBF-18-0066-1_S15,0,0.02923253243526621
CTZ,random,SVM,label,1,RBF-18-0068-1_S77,1,0.08919809994172644
CTZ,random,SVM,label,1,RBF-18-0072-1_S16,0,0.007665107547618628
CTZ,random,SVM,label,1,RBF-18-0093-1_S80,0,0.6245190763305518
CTZ,random,SVM,label,1,RBF-18-0132-1_S26,0,0.16159852057410157
CTZ,random,SVM,label,1,RBF-18-0151-1_S83,1,0.021920713651585124
CTZ,random,SVM,label,1,RBF-18-0179-1_S29,0,0.45254600824841423
CTZ,random,SVM,label,1,RBF-18-0187-1_S31,1,0.8727135109056443
CTZ,random,SVM,label,1,RBF-18-0194-1_S86,1,0.705506996182296
CTZ,random,SVM,label,1,RBF-18-0208-2_S11_L001,0,0.12131799685767483
CTZ,random,SVM,label,1,RBF-18-0282-1_S63,0,0.01738102763075858
CTZ,random,SVM,label,1,RBF-18-0294-1_S64,0,0.012385560849942794
CTZ,random,SVM,label,1,RBF-18-0338-1_S72,0,0.11991437422475033
CTZ,random,SVM,label,1,RBG-17-0284-1_S59,0,0.9317144957109983
CTZ,random,SVM,label,1,RBG-17-0351-1_S20_L001,1,0.8233377629308083
CTZ,random,SVM,label,1,RBG-18-0055-1_S43,0,0.01673947974537763
CTZ,random,SVM,label,1,RBG-18-0072-1_S8,0,0.1465613433665522
CTZ,random,SVM,label,1,RBG-18-0077-1_S9,1,0.9284019037056213
CTZ,random,SVM,label,1,RBG-18-0108-1_S16,0,0.03481896273708894
CTZ,random,SVM,label,1,RBG-18-0113-1_S13_L001,0,0.12006965088171472
CTZ,random,SVM,label,1,RBG-18-0191-1_S11_L001,0,0.11719329401653227
CTZ,random,SVM,label,1,RBG-18-0200-1_S18_L001,1,0.636336225398722
CTZ,random,SVM,label,1,RBG-18-0211-1_S35,1,0.005825721918439326
CTZ,random,SVM,label,1,RBG-18-0224-1_S24_L001,1,0.6985096895625201
CTZ,random,SVM,label,1,RBG-18-0256-1_S8_L001,1,0.0866795136752057
CTZ,random,SVM,label,1,RBG-18-0301-1_S53,0,0.08672150660994908
CTZ,random,SVM,label,1,RBK-16-073-1_S14,1,0.422281741734296
CTZ,random,SVM,label,1,RBK-17-049-1_S62,1,0.9202319953502456
CTZ,random,SVM,label,1,RBK-18-0002-1_S38,1,0.20745098427499914
CTZ,random,SVM,label,1,RBK-18-0005-1_S18,0,0.011172752719645055
CTZ,random,SVM,label,1,RBK-18-0038-1_S200,0,0.018250700293509257
CTZ,random,SVM,label,1,RBK-18-0062-2_S203,0,0.5483867061771954
CTZ,random,SVM,label,1,RBK-18-0104-1_S206,0,0.016207634221931392
CTZ,random,SVM,label,1,RBK-18-0250-1_S235_2,0,0.02421275695644769
CTZ,random,SVM,label,1,RBK-18-0644-1_S180,1,0.8806023134276274
CTZ,random,SVM,label,1,RBL-17-0076-1_S32,0,0.4487699284361528
CTZ,random,SVM,label,1,RBL-17-0090-1_S145,0,0.037118189538780134
CTZ,random,SVM,label,1,RBL-17-0095-1_S147,0,0.01264680906987167
CTZ,random,SVM,label,1,RBL-17-0101-1_S148,0,0.4117376892490763
CTZ,random,SVM,label,1,RBL-17-0108-1_S151,0,0.19438221859060933
CTZ,random,SVM,label,1,RBL-17-0113-1_S153,0,0.7454378708467672
CTZ,random,SVM,label,1,RBL-17-0135-1_S160,0,0.41102023418272066
CTZ,random,SVM,label,1,RBL-17-0155-1_S165,0,0.061812301237058415
CTZ,random,SVM,label,1,RBL-17-0159-1_S166,0,0.8160750302356521
CTZ,random,SVM,label,1,RBL-17-0197-1_S173,0,0.1338245446954209
CTZ,random,SVM,label,1,RBL-17-0205-1_S175,0,0.06342575407589705
CTZ,random,SVM,label,1,RBL-17-0226-1_S41,1,0.7346624155219031
CTZ,random,SVM,label,1,RBL-17-0232-1_S91,0,0.18837581536559256
CTZ,random,SVM,label,1,RBL-17-0244-1_S44,1,0.694214116350667
CTZ,random,SVM,label,1,RBL-17-0246-1_S94,0,0.3146682941819936
CTZ,random,SVM,label,1,RBL-17-0274-2_S105,0,0.08394360088897333
CTZ,random,SVM,label,1,RBL-17-0283-1_S27,0,0.5203206188992493
CTZ,random,SVM,label,1,RBL-17-0300-1_S112,0,0.061965824784842694
CTZ,random,SVM,label,1,RBL-17-0307-1_S51,1,0.7310927198105047
CTZ,random,SVM,label,1,RBL-17-0340-1_S102,0,0.12508680857721466
CTZ,random,SVM,label,1,RBL-17-0391-1_S122,0,0.621692319042159
CTZ,random,SVM,label,1,RBL-17-0402-1_S126,0,0.3266108974147587
CTZ,random,SVM,label,1,RBL-17-0428-1_S70,1,0.8907560656527285
CTZ,random,SVM,label,1,RBL-17-0434-1_S133,0,0.045939606367376276
CTZ,random,SVM,label,1,RBL-18-0019-1_S41,0,0.030976738567038763
CTZ,random,SVM,label,1,RBL-18-0022-1_S43,0,0.05643006867133919
CTZ,random,SVM,label,1,RBL-18-0037-1_S168,0,0.007812811485298617
CTZ,random,SVM,label,1,RBL-18-0059-1_S171,0,0.21586170496682613
CTZ,random,SVM,label,1,RBL-18-0093-1_S49,0,0.7661545940048136
CTZ,random,SVM,label,1,RBT-16-0038-1_S11,1,0.6335029659709952
CTZ,random,SVM,label,1,RBT-16-0045-1_S58,1,0.45417136984050605
CTZ,random,SVM,label,1,RBT-17-0011-1_S19,0,0.37369071840541607
CTZ,random,SVM,label,1,RBT-17-0022-1_S24,0,0.029264068789435913
CTZ,random,SVM,label,1,RBT-17-0023-1_S25,0,0.2612072256841434
CTZ,random,SVM,label,1,RBT-17-0100-1_S36,0,0.49662979446044575
CTZ,random,SVM,label,1,RBT-17-0113-1_S42,0,0.022217096120250735
CTZ,random,SVM,label,1,RBT-17-0165-1_S60,0,0.2869766960296079
CTZ,random,SVM,label,1,RBT-17-0167-1_S27,0,0.2924251653801811
CTZ,random,SVM,label,1,RBT-17-0177-2_S7,0,0.014552092365311265
CTZ,random,SVM,label,1,RBT-17-0217-1_S7,0,0.3281999925867339
CTZ,random,SVM,label,1,RBT-17-0225-1_S9,0,0.009075391417254448
CTZ,random,SVM,label,1,RBT-17-0228-1_S10,0,0.04246531511795682
CTZ,random,SVM,label,1,RBT-17-0239-1_S60,0,0.19149434905362211
CTZ,random,SVM,label,1,RBT-17-0243-1_S11,0,0.44919839628882974
CTZ,random,SVM,label,1,RBT-17-0285-1_S66,0,0.7332069417307651
CTZ,random,SVM,label,1,RBT-17-0339-1_S20,0,0.8614336119316225
CTZ,random,SVM,label,1,RBT-18-0027-1_S68,0,0.38797770922241737
CTZ,random,SVM,label,1,RBT-18-0064-1_S15,0,0.644728949803373
CTZ,random,SVM,label,1,RBT-18-0071-1_S41,0,0.8992591085415226
CTZ,random,SVM,label,1,RBT-18-0096-1_S20,0,0.8143509363046736
CTZ,random,SVM,label,1,RBT-18-0100-1_S21,0,0.3183487121846745
CTZ,random,SVM,label,1,RBT-18-0122-1_S63,0,0.006474889119534009
CTZ,random,SVM,label,1,RBT-18-0133-1_S30,0,0.1403354229020755
CTZ,random,SVM,label,1,RBT-18-0184-1_S38,1,0.5984803403989203
CTZ,random,SVM,label,1,RBT-18-0231-1_S14,0,0.08330652459257123
CTZ,random,SVM,label,1,RBT-18-0241-1_S50,0,0.07631501021844624
CTZ,random,SVM,label,1,RBT-18-0271-1_S62,0,0.017269460472300612
CTZ,random,SVM,label,1,RBT-18-0296-1_S72,1,0.840142336197237
CTZ,random,SVM,label,1,RBT-18-0308-1_S34,0,0.8320084441575752
CTZ,random,SVM,label,1,RBT-18-0325-1_S44,0,0.7811192771859294
CTZ,random,SVM,label,1,RBT-18-0334-1_S23,0,0.03238442504981977
CTZ,random,SVM,label,1,RBT-18-0335-1_S41,0,0.20076030505262904
CTZ,random,SVM,label,1,RBT-18-0358-1_S28,0,0.3992564348145844
CTZ,random,SVM,label,1,RBT-18-0363-1_S72,1,0.6209837566070704
CTZ,random,SVM,label,1,ResetH115_S6_L001,0,0.9427057568424851
CTZ,random,SVM,label,1,ResetH127_S6_L001,1,0.5748078731072728
CTZ,random,SVM,label,1,ResetH131_S7_L001,1,0.4326030457887734
CTZ,random,SVM,label,1,ResetH139_S3_L001,0,0.36959877566710875
CTZ,random,SVM,label,1,ResetH75_S2_L001,1,0.7052615679175651
CTZ,random,SVM,label,1,ResetH89_S3_L001,1,0.6776633781213716
CTZ,random,SVM,label,1,ResetV105_S1_L001,0,0.5065554042119286
CTZ,random,SVM,label,1,ResetV143_S2_L001,0,0.013016365220114044
CTZ,random,SVM,label,1,ResetV161_S3_L001,1,0.8874569709072854
CTZ,random,SVM,label,1,ResetV74_S7_L001,1,0.789331144518277
CTZ,random,SVM,label,1,RPG-18-0435-1_S32,0,0.013259874387639644
CTZ,random,SVM,label,1,Survcare052_S22,1,0.7284802928299394
CTZ,random,SVM,label,1,Survcare254_S36,1,0.15255178324020585
CTZ,random,SVM,label,1,Survcare313_S24_L001,1,0.9258986734571888
CTZ,random,SVM,label,1,Survcare318_S20_L001,1,0.8268761973312226
CTZ,random,SVM,label,1,Survcare360_S84,1,0.5898251205267045
CTZ,random,SVM,label,1,V158_S4_L001,1,0.47775620095428095
CTZ,random,SVM,label,1,V163_S6_L001,0,0.04186351953031244
CTZ,random,SVM,label,1,V268_S12_L001,1,0.7726257830515122
CTZ,random,SVM,label,1,V292_S6_L001,1,0.9909452979067708
CTZ,random,SVM,label,1,V86_S1_L001,1,0.9202420141206386
CTZ,random,SVM,label,1,V98_S3_L001,1,0.8801514426229488
CTZ,random,SVM,label,1,W2RBF-17-090-1_S26,1,0.002171709403669722
CTZ,random,SVM,label,1,wdh-RBL-17-0431-1_S46,0,0.3157574184092503
CTZ,random,SVM,label,1,wdhRBF-17-0567-1_S122,0,0.7235383981709902
CTZ,random,SVM,label,1,WDHRBG-16-060-1_S27,0,0.4180611290178872
CTZ,random,SVM,label,1,WDHRBG-17-001-1_S82,0,0.3593807815752151
CTZ,random,SVM,label,1,WDHRBG-17-0256-1_S17,0,0.08950453230462486
CTZ,random,SVM,label,1,WDHRBG-17-122-1_S48,0,0.22429816796530075
CTZ,random,SVM,label,1,wRBG-17-023-1_S155,0,0.07928082878446285
CTZ,random,SVM,label,1,wRBG-17-030-1_S165,0,0.031722449972460334
CTZ,random,SVM,label,1,wRBG-17-055-1_S163,0,0.8455399064292627
CTZ,random,SVM,label,1,wRBG-17-100-1_S104,0,0.14309157101776795
CTZ,random,SVM,label,1,wwRBF-16-007-1_S10,1,0.8749026427119734
CTZ,random,SVM,label,1,wwRBF-17-167-1_S31,1,0.8621087419861647
CTZ,random,SVM,label,1,wwRBK-17-0278-1_S41,1,0.41364714831103194
CTZ,random,SVM,label,1,wwRBL-16-111-1_S16,1,0.9041645993755121
CTZ,random,SVM,label,1,WWSurvcare043_S43,1,0.1374898691096651
CTZ,random,SVM,label,2,H116_S8_L001,1,0.9636501912061166
CTZ,random,SVM,label,2,H123_S1_L001,0,0.9787223853438101
CTZ,random,SVM,label,2,H136_S7_L001,0,0.00021976906503814336
CTZ,random,SVM,label,2,H164_S3_L001,1,0.7508859702306722
CTZ,random,SVM,label,2,H28_S10_L001,0,0.08424307086355254
CTZ,random,SVM,label,2,H69_S6_L001,0,0.6061278864831895
CTZ,random,SVM,label,2,H71_S1_L001,1,0.945005296367317
CTZ,random,SVM,label,2,H83_S7_L001,0,0.45272071886288345
CTZ,random,SVM,label,2,NNRBG-17-0196-1_S3,0,0.027451624566989158
CTZ,random,SVM,label,2,NNRBG-17-0199-1_S5,0,0.02799081986679914
CTZ,random,SVM,label,2,RBB-18-0826-1_S193,1,0.10022710288359979
CTZ,random,SVM,label,2,RBB-18-0972-1_S203_2,1,0.9281649373212075
CTZ,random,SVM,label,2,RBB-18-1086-1_S189_2,1,0.17714493509360768
CTZ,random,SVM,label,2,RBB-18-1406-1_S49,1,0.38964287666598163
CTZ,random,SVM,label,2,RBB-19-0014-1_S44,1,0.8074993955431806
CTZ,random,SVM,label,2,RBF-10-0240-1_S12_L001,0,0.12367434268129311
CTZ,random,SVM,label,2,RBF-16-060-1_S22,1,0.7734511432645097
CTZ,random,SVM,label,2,RBF-17-0450-1_S10,0,0.22908968191349802
CTZ,random,SVM,label,2,RBF-17-0602-1_S93,0,0.16634757517589382
CTZ,random,SVM,label,2,RBF-17-0651-1_S62,0,0.891952629695922
CTZ,random,SVM,label,2,RBF-17-318-1_S77,1,0.2565870974842115
CTZ,random,SVM,label,2,RBF-18-0019-1_S2,0,0.9135763623194881
CTZ,random,SVM,label,2,RBF-18-0069-1_S78,1,0.24788684945228284
CTZ,random,SVM,label,2,RBF-18-0075-1_S79,1,0.7112205281075101
CTZ,random,SVM,label,2,RBF-18-0087-1_S23,0,0.41439477500681254
CTZ,random,SVM,label,2,RBF-18-0123-1_S25_L001,0,0.00012521840378922533
CTZ,random,SVM,label,2,RBF-18-0135-1_S34,0,0.17347966416263574
CTZ,random,SVM,label,2,RBF-18-0163-2_S39,0,0.19047308589480613
CTZ,random,SVM,label,2,RBF-18-0174-1_S28,0,0.4167317726417102
CTZ,random,SVM,label,2,RBF-18-0214-1_S51,0,0.08676248671565076
CTZ,random,SVM,label,2,RBF-18-0280-1_S62,0,0.060752133502997685
CTZ,random,SVM,label,2,RBF-18-0310-1_S36,0,0.9036531212567506
CTZ,random,SVM,label,2,RBG-18-0025-1_S9_L001,0,0.0014959041623798456
CTZ,random,SVM,label,2,RBG-18-0071-1_S44,0,0.0018099661569449964
CTZ,random,SVM,label,2,RBG-18-0140-1_S14_L001,0,0.178755008382793
CTZ,random,SVM,label,2,RBG-18-0166-1_S10_L001,0,0.14284028746077704
CTZ,random,SVM,label,2,RBG-18-0177-1_S17_L001,1,0.769747935605834
CTZ,random,SVM,label,2,RBG-18-0194-1_S45,0,0.01768808966936873
CTZ,random,SVM,label,2,RBG-18-0204-1_S23_L001,0,0.8015934249641026
CTZ,random,SVM,label,2,RBG-18-0223-1_S2,0,0.005229282839951394
CTZ,random,SVM,label,2,RBG-18-0276-1_S50,0,0.03470540774289129
CTZ,random,SVM,label,2,RBG-18-0279-1_S36,1,0.7359672815840496
CTZ,random,SVM,label,2,RBG-18-0352-1_S21_L001,0,0.3032890280949609
CTZ,random,SVM,label,2,RBG-18-0391-1_S22_L001,1,0.9434738823404677
CTZ,random,SVM,label,2,RBG-18-0394-1_S23_L001,0,0.15856161574317731
CTZ,random,SVM,label,2,RBG-18-0421-1_S53,1,0.8473978874181739
CTZ,random,SVM,label,2,RBK-16-124-1_S16,1,0.11219487425068449
CTZ,random,SVM,label,2,RBK-18-0037-1_S199,0,0.0007024614028140646
CTZ,random,SVM,label,2,RBL-17-0093-1_S146,0,0.36984373088201034
CTZ,random,SVM,label,2,RBL-17-0104-1_S149,0,0.560237447306664
CTZ,random,SVM,label,2,RBL-17-0118-1_S156,0,0.10835310733253867
CTZ,random,SVM,label,2,RBL-17-0123-1_S157,0,0.0013775856804024943
CTZ,random,SVM,label,2,RBL-17-0129-1_S158,0,0.043271943482087794
CTZ,random,SVM,label,2,RBL-17-0144-1_S163,0,0.648907693569735
CTZ,random,SVM,label,2,RBL-17-0189-1_S172,0,0.03147116480998905
CTZ,random,SVM,label,2,RBL-17-0256-1_S98,0,0.0018818284533677345
CTZ,random,SVM,label,2,RBL-17-0320-1_S114,0,0.16662454024620516
CTZ,random,SVM,label,2,RBL-17-0324-1_S54,1,0.38255599989419425
CTZ,random,SVM,label,2,RBL-17-0328-1_S117,0,0.0601507713359484
CTZ,random,SVM,label,2,RBL-17-0349-1_S105,0,0.8849426487678658
CTZ,random,SVM,label,2,RBL-17-0368-1_S114,0,0.23128401968998888
CTZ,random,SVM,label,2,RBL-17-0374-1_S116,0,0.5359176110396668
CTZ,random,SVM,label,2,RBL-17-0393-1_S123,0,0.10904353369885617
CTZ,random,SVM,label,2,RBL-17-0409-1_S127,0,0.3966242365433932
CTZ,random,SVM,label,2,RBL-17-0411-1_S128,0,0.015679123661970187
CTZ,random,SVM,label,2,RBL-17-0429-1_S130,0,0.07436229878355288
CTZ,random,SVM,label,2,RBL-17-0435-1_S134,0,0.09837516883650242
CTZ,random,SVM,label,2,RBL-17-075-1_S18,1,0.6523823907375412
CTZ,random,SVM,label,2,RBL-18-0021-1_S42,0,0.9777474064534036
CTZ,random,SVM,label,2,RBL-18-0098-1_S178,0,0.7934409879534268
CTZ,random,SVM,label,2,RBL-18-0131-1_S188_2,1,0.0346243747586166
CTZ,random,SVM,label,2,RBT-17-0024-1_S23,0,0.04989096659428303
CTZ,random,SVM,label,2,RBT-17-0079-1_S29,0,0.010041009746627184
CTZ,random,SVM,label,2,RBT-17-0099-1_S35,0,0.253889003885387
CTZ,random,SVM,label,2,RBT-17-0107-1_S39,0,0.00642368717595725
CTZ,random,SVM,label,2,RBT-17-0112-1_S41,0,0.07261361076065205
CTZ,random,SVM,label,2,RBT-17-0124-1_S46,0,0.08394506892907687
CTZ,random,SVM,label,2,RBT-17-0138-1_S52,0,0.222652866604526
CTZ,random,SVM,label,2,RBT-17-0150-1_S54,0,0.14081301270769297
CTZ,random,SVM,label,2,RBT-17-0156-1_S56,0,0.026438403346770594
CTZ,random,SVM,label,2,RBT-17-0177-1_S65,0,0.001037860962766406
CTZ,random,SVM,label,2,RBT-17-0183-1_S67,0,0.028576260054877956
CTZ,random,SVM,label,2,RBT-17-0219-1_S8,0,0.09521240482821053
CTZ,random,SVM,label,2,RBT-17-0232-1_S58,0,0.4208701962771781
CTZ,random,SVM,label,2,RBT-17-0238-1_S59,0,0.43192883245425395
CTZ,random,SVM,label,2,RBT-17-0256-1_S25,0,0.8468195095363327
CTZ,random,SVM,label,2,RBT-17-0291-1_S14,0,0.3898940357317497
CTZ,random,SVM,label,2,RBT-18-0050-1_S34,0,0.948242138081922
CTZ,random,SVM,label,2,RBT-18-0057-1_S38,0,0.0025567122224791033
CTZ,random,SVM,label,2,RBT-18-0103-1_S24,0,0.3001950912584065
CTZ,random,SVM,label,2,RBT-18-0115-1_S45,0,0.11701858794679537
CTZ,random,SVM,label,2,RBT-18-0134-1_S29,0,0.19726190636765464
CTZ,random,SVM,label,2,RBT-18-0146-1_S55,0,0.004574464063947848
CTZ,random,SVM,label,2,RBT-18-0179-1_S37,0,0.19456649830723233
CTZ,random,SVM,label,2,RBT-18-0181-1_S61,1,0.7789647557508579
CTZ,random,SVM,label,2,RBT-18-0224-1_S43,0,0.018326614126632793
CTZ,random,SVM,label,2,RBT-18-0227-1_S46,1,0.5897435954517114
CTZ,random,SVM,label,2,RBT-18-0236-1_S48,1,0.6185801283620855
CTZ,random,SVM,label,2,RBT-18-0247-1_S16,1,0.5375996176458576
CTZ,random,SVM,label,2,RBT-18-0251-1_S7,0,0.7248085165464833
CTZ,random,SVM,label,2,RBT-18-0252-1_S53,0,0.8673052215572429
CTZ,random,SVM,label,2,RBT-18-0265-1_S59,0,0.07861621173472956
CTZ,random,SVM,label,2,RBT-18-0288-1_S68,0,0.1117458829808488
CTZ,random,SVM,label,2,RBT-18-0292-1_S70,0,0.11400830050707023
CTZ,random,SVM,label,2,RBT-18-0303-1_S20,0,0.12048723864907264
CTZ,random,SVM,label,2,RBT-18-0351-1_S48,0,0.13580952685949815
CTZ,random,SVM,label,2,RBT-18-0368-1_S32,1,0.032429839479388385
CTZ,random,SVM,label,2,RBT-18-0370-1_S33,0,0.4106600350213087
CTZ,random,SVM,label,2,RBT-18-0384-1_S40,0,0.17458720414151505
CTZ,random,SVM,label,2,RBT-18-0392-1_S56,1,0.5597494058167911
CTZ,random,SVM,label,2,ResetH10_S1_L001,0,0.46237450435906724
CTZ,random,SVM,label,2,ResetH129_S7_L001,1,0.7649173334609094
CTZ,random,SVM,label,2,ResetH132_S1_L001,1,0.36204070232057245
CTZ,random,SVM,label,2,ResetH152_S4_L001,1,0.7221537434356926
CTZ,random,SVM,label,2,ResetH30_S4_L001,0,0.18813886414621417
CTZ,random,SVM,label,2,ResetH45_S5_L001,0,0.23136189465319215
CTZ,random,SVM,label,2,ResetH8_S2_L001,0,0.8280742059813038
CTZ,random,SVM,label,2,ResetH93_S5_L001,1,0.5195623597059498
CTZ,random,SVM,label,2,ResetH99_S5_L001,0,0.0914224371660659
CTZ,random,SVM,label,2,ResetV260_S5_L001,1,0.2752097035639665
CTZ,random,SVM,label,2,ResetV63_S5_L001,0,0.002716563837439176
CTZ,random,SVM,label,2,Survcare104_S16_L001,1,8.806048197946112e-05
CTZ,random,SVM,label,2,Survcare130_S2,1,0.08134035396158139
CTZ,random,SVM,label,2,Survcare187_S32,1,0.59341613185506
CTZ,random,SVM,label,2,Survcare244_S9_L001,1,0.9941252266365058
CTZ,random,SVM,label,2,Survcare275_S38,1,0.6304972056446356
CTZ,random,SVM,label,2,Survcare289_S36,1,0.9553168013400797
CTZ,random,SVM,label,2,Survcare291_S38,1,0.9682866483917566
CTZ,random,SVM,label,2,Survcare292_S39,1,0.032215111213046425
CTZ,random,SVM,label,2,Survcare293_S40,1,0.9593391492600046
CTZ,random,SVM,label,2,Survcare334_S10,1,0.5705971836287521
CTZ,random,SVM,label,2,V1_S6_L001,0,0.43646758833347765
CTZ,random,SVM,label,2,V108_S2_L001,0,0.6172149496209298
CTZ,random,SVM,label,2,V114_S5_L001,1,0.8346500140825027
CTZ,random,SVM,label,2,V130_S5_L001,1,0.6969083825001614
CTZ,random,SVM,label,2,V131_S7_L001,1,0.4240913729481385
CTZ,random,SVM,label,2,V177_S6_L001,1,0.04537960180045511
CTZ,random,SVM,label,2,V183_S7_L001,0,0.006612741653620713
CTZ,random,SVM,label,2,V271_S13_L001,1,0.3302777709532852
CTZ,random,SVM,label,2,V291_S5_L001,1,0.7310904153542099
CTZ,random,SVM,label,2,V79_S6_L001,0,0.5560686404074342
CTZ,random,SVM,label,2,V8_S7_L001,0,0.6612573785171745
CTZ,random,SVM,label,2,V80_S7_L001,1,0.011685091512625683
CTZ,random,SVM,label,2,V96_S2_L001,1,0.99787236103368
CTZ,random,SVM,label,2,w2RBG-16-037-1_S34,0,0.534501315578069
CTZ,random,SVM,label,2,wdh-RBL-17-0361-1_S44,0,0.0639340560905583
CTZ,random,SVM,label,2,wdhRBF-18-0025-1_S11_L001,0,0.022158061268385775
CTZ,random,SVM,label,2,wdhRBF-18-0057_S14_L001,0,0.47447054258117743
CTZ,random,SVM,label,2,wdhRBF-18-0059-1_S15_L001,0,0.021570997784632114
CTZ,random,SVM,label,2,WDHRBG-17-0093-1_S1,1,0.992034780847051
CTZ,random,SVM,label,2,wRBG-16-032-1_S142,0,0.105481396523875
CTZ,random,SVM,label,2,wRBG-16-033-1_S153,0,0.3002205942739197
CTZ,random,SVM,label,2,wRBG-17-014-1_S167,0,0.23965866612382514
CTZ,random,SVM,label,2,wRBG-17-025-1_S133,0,0.07547667692393521
CTZ,random,SVM,label,2,wRBG-17-052-1_S120,0,0.9674261070200817
CTZ,random,SVM,label,2,wRBG-17-081-1_S117,0,0.16176304086708715
CTZ,random,SVM,label,2,wRBG-17-112-1_S146,0,0.03981229577237165
CTZ,random,SVM,label,2,wwRBB-16-112-1_S1,1,0.7640900483653633
CTZ,random,SVM,label,2,wwRBB-17-031-1_S25,1,0.621006521869595
CTZ,random,SVM,label,2,wwRBK-17-0148-1_S37,1,0.7045637017891402
CTZ,random,SVM,label,2,wwRBK-17-0298-1_S42,1,0.4938526035254681
CTZ,random,SVM,label,2,wwRBL-17-004-1_S44,1,0.5915252120679764
CTZ,random,SVM,label,3,H141_S6_L001,1,0.022529521511471425
CTZ,random,SVM,label,3,H148_S4_L001,1,0.4314985849811156
CTZ,random,SVM,label,3,H160_S3_L001,1,0.5967927197228083
CTZ,random,SVM,label,3,H162_S4_L001,0,0.19389970593650124
CTZ,random,SVM,label,3,H38_S4_L001,1,0.8917831793019988
CTZ,random,SVM,label,3,H53_S4_L001,1,0.7311037773968223
CTZ,random,SVM,label,3,NNRBG-17-0191-1_S1,0,0.1869483238660646
CTZ,random,SVM,label,3,NNRBG-17-0193-1_S2,0,0.04588994016235849
CTZ,random,SVM,label,3,NNRBG-17-0205-1_S7,0,0.13890531553310828
CTZ,random,SVM,label,3,NNRBG-17-0239-1_S10,0,0.4780288790075077
CTZ,random,SVM,label,3,NNRBG-17-0249-1_S13,0,0.03290380285406212
CTZ,random,SVM,label,3,NNRBG-17-0298-1_S19,0,0.05372617768065891
CTZ,random,SVM,label,3,RBB-17-171-1_S52,1,0.911712639900858
CTZ,random,SVM,label,3,RBB-18-0129-1_S179,1,0.5028714787288843
CTZ,random,SVM,label,3,RBB-18-0490-1_S20_L001,1,0.017932057145631786
CTZ,random,SVM,label,3,RBB-18-0519-1_S184,1,0.844114470368938
CTZ,random,SVM,label,3,RBB-18-0665-1_S23_L001,1,0.017921321277023332
CTZ,random,SVM,label,3,RBB-18-0674-1_S189,1,0.5912944998906967
CTZ,random,SVM,label,3,RBB-18-0765-1_S191,1,0.011754766649850043
CTZ,random,SVM,label,3,RBB-18-1212-1_S67_2,1,0.8347270933471662
CTZ,random,SVM,label,3,RBF-16-0064-1_S136,0,0.04933042171613657
CTZ,random,SVM,label,3,RBF-17-0178-1_S139,0,0.7985148534031392
CTZ,random,SVM,label,3,RBF-17-0509-1_S74,0,0.12139377514043216
CTZ,random,SVM,label,3,RBF-17-0521-1_S78,0,0.8508185589786758
CTZ,random,SVM,label,3,RBF-17-0540-1_S83,0,0.0889266774048646
CTZ,random,SVM,label,3,RBF-17-0550-1_S84,0,0.8844271778690515
CTZ,random,SVM,label,3,RBF-17-0553-1_S85,0,0.7699570732804043
CTZ,random,SVM,label,3,RBF-17-0632-1_S97,0,0.02668207666444686
CTZ,random,SVM,label,3,RBF-17-067-1_S54,1,0.6616460863054436
CTZ,random,SVM,label,3,RBF-17-266-1_S70,1,0.8330067660553127
CTZ,random,SVM,label,3,RBF-18-0055-1_S11,0,0.05119982876776765
CTZ,random,SVM,label,3,RBF-18-0147-1_S36,0,0.008062082247764859
CTZ,random,SVM,label,3,RBF-18-0172-1_S40,0,0.006591378093194772
CTZ,random,SVM,label,3,RBF-18-0192-1_S44,0,0.2791894717338291
CTZ,random,SVM,label,3,RBF-18-0196-1_S46,0,0.3790036157060594
CTZ,random,SVM,label,3,RBF-18-0200-1_S48,0,0.38558244319024787
CTZ,random,SVM,label,3,RBF-18-0227-1_S53,0,0.15486246988284003
CTZ,random,SVM,label,3,RBF-18-0252-1_S56,0,0.21210765352853225
CTZ,random,SVM,label,3,RBF-18-0253-1_S13_L001,0,0.34385358449780873
CTZ,random,SVM,label,3,RBF-18-0296-1_S17,0,0.5918635757847754
CTZ,random,SVM,label,3,RBF-18-0339-1_S37,0,0.9215312845681751
CTZ,random,SVM,label,3,RBF-18-0664-1_S190,0,0.3442019492169999
CTZ,random,SVM,label,3,RBF-18-0714-2_S204_2,1,0.29252409352732156
CTZ,random,SVM,label,3,RBG-17-013-1_S16,1,0.1602709545617971
CTZ,random,SVM,label,3,RBg-17-123-2_S12,0,0.005819616101579639
CTZ,random,SVM,label,3,RBG-18-0004-1_S1,1,0.7311075666359097
CTZ,random,SVM,label,3,RBG-18-0017-1_S5,0,0.3994007989066901
CTZ,random,SVM,label,3,RBG-18-0041-1_S6,0,0.0040055965460202856
CTZ,random,SVM,label,3,RBG-18-0083-1_S12,0,0.22789155116397303
CTZ,random,SVM,label,3,RBG-18-0144-1_S38,0,0.11582541570678481
CTZ,random,SVM,label,3,RBG-18-0202-1_S13_L001,0,0.14544521427169393
CTZ,random,SVM,label,3,RBG-18-0206-2_S46,0,0.05059872340403035
CTZ,random,SVM,label,3,RBG-18-0280-1_S51,0,0.0361762804042991
CTZ,random,SVM,label,3,RBG-18-0347-1_S22_L001,0,0.6202529157897138
CTZ,random,SVM,label,3,RBG-18-0358-1_S39,1,0.6191182797234371
CTZ,random,SVM,label,3,RBG-18-0380-1_S48,0,0.7311075666359097
CTZ,random,SVM,label,3,RBG-18-0388-1_S21_L001,1,0.7707730836509091
CTZ,random,SVM,label,3,RBG-18-0402-1_S50,1,0.8997214772976417
CTZ,random,SVM,label,3,RBG-18-0417-1_S52,0,0.8342927764885941
CTZ,random,SVM,label,3,RBK-16-079-1_S15,1,0.1730795517333285
CTZ,random,SVM,label,3,RBK-17-0457-1_S6,1,0.3443872552466119
CTZ,random,SVM,label,3,RBK-18-0019-1_S195,0,0.07669668058577127
CTZ,random,SVM,label,3,RBK-18-0020-1_S19,0,0.0026905170298757858
CTZ,random,SVM,label,3,RBL-17-0116-1_S154,0,0.4786543173264265
CTZ,random,SVM,label,3,RBL-17-0117-1_S155,0,0.05815592194199979
CTZ,random,SVM,label,3,RBL-17-0136-1_S161,0,0.13791918950805018
CTZ,random,SVM,label,3,RBL-17-0172-1_S170,0,0.01023437404214154
CTZ,random,SVM,label,3,RBL-17-0242-1_S42,1,0.7983694741338734
CTZ,random,SVM,label,3,RBL-17-0259-1_S99,0,0.43326015809443763
CTZ,random,SVM,label,3,RBL-17-0327-1_S116,0,0.03733374830333721
CTZ,random,SVM,label,3,RBL-17-0347-1_S104,0,0.014940048729345902
CTZ,random,SVM,label,3,RBL-17-0350-1_S106,0,0.7194729080191328
CTZ,random,SVM,label,3,RBL-17-0365-1_S112,0,0.05571946464935689
CTZ,random,SVM,label,3,RBL-17-0375-1_S117,0,0.9941764327093449
CTZ,random,SVM,label,3,RBL-17-0395-1_S124,0,0.0875389561285606
CTZ,random,SVM,label,3,RBL-17-0432-1_S132,0,0.5195256551315476
CTZ,random,SVM,label,3,RBL-17-060-1_S17,1,0.3616024161740983
CTZ,random,SVM,label,3,RBL-18-0002-1_S158,0,0.029290175220592067
CTZ,random,SVM,label,3,RBL-18-0016-1_S161,0,0.032145959272587184
CTZ,random,SVM,label,3,RBL-18-0032-1_S167,0,0.9877997548904481
CTZ,random,SVM,label,3,RBL-18-0048-1_S44,0,0.9561184683459716
CTZ,random,SVM,label,3,RBL-18-0066-1_S173,0,0.26328786536225934
CTZ,random,SVM,label,3,RBL-18-0090-1_S48,1,0.3891879233216863
CTZ,random,SVM,label,3,RBL-18-0343-1_S6,1,0.1218017431373524
CTZ,random,SVM,label,3,RBT-17-0009-1_S21,0,0.5252594393722535
CTZ,random,SVM,label,3,RBT-17-0027-1_S3,0,0.11787372605519347
CTZ,random,SVM,label,3,RBT-17-0039-1_S28,1,0.13596749110205023
CTZ,random,SVM,label,3,RBT-17-0082-1_S30,0,0.5132190163147786
CTZ,random,SVM,label,3,RBT-17-0084-1_S31,0,0.04137190020470902
CTZ,random,SVM,label,3,RBT-17-0102-1_S37,0,0.46361470834629726
CTZ,random,SVM,label,3,RBT-17-0130-1_S27,0,0.6081754984592367
CTZ,random,SVM,label,3,RBT-17-0133-1_S6,0,0.6295252585111164
CTZ,random,SVM,label,3,RBT-17-0142-1_S53,0,0.06409889451693936
CTZ,random,SVM,label,3,RBT-17-0161-1_S57,0,0.048961808527225224
CTZ,random,SVM,label,3,RBT-17-0163-1_S59,0,0.03121554249134521
CTZ,random,SVM,label,3,RBT-17-0168-1_S61,0,0.4506806210025051
CTZ,random,SVM,label,3,RBT-17-0174-1_S64,0,0.6713798734658187
CTZ,random,SVM,label,3,RBT-17-0210-1_S55,0,0.03726348286725282
CTZ,random,SVM,label,3,RBT-17-0251-1_S62,0,0.863894570569263
CTZ,random,SVM,label,3,RBT-17-0279-1_S12,0,0.07302091402480688
CTZ,random,SVM,label,3,RBT-18-0017-1_S67,0,0.010629743993263403
CTZ,random,SVM,label,3,RBT-18-0023-1_S14,0,0.0886711022206798
CTZ,random,SVM,label,3,RBT-18-0030-1_S69,0,0.018261509820191858
CTZ,random,SVM,label,3,RBT-18-0053-1_S36,1,0.6703551666108062
CTZ,random,SVM,label,3,RBT-18-0066-1_S40,0,0.4891129238347459
CTZ,random,SVM,label,3,RBT-18-0102-1_S23,0,0.018221674621968716
CTZ,random,SVM,label,3,RBT-18-0116-1_S46,0,0.15850245084435546
CTZ,random,SVM,label,3,RBT-18-0120-1_S48,0,0.26876201702169583
CTZ,random,SVM,label,3,RBT-18-0121-1_S28,0,0.07291680965278775
CTZ,random,SVM,label,3,RBT-18-0141-1_S32,0,0.00899022523041519
CTZ,random,SVM,label,3,RBT-18-0269-1_S61,0,0.01310298308946064
CTZ,random,SVM,label,3,RBT-18-0283-1_S65,0,0.04336452257376288
CTZ,random,SVM,label,3,RBT-18-0284-1_S66,1,0.7346765355849053
CTZ,random,SVM,label,3,RBT-18-0293-1_S71,0,0.054061001408511666
CTZ,random,SVM,label,3,RBT-18-0316-1_S43,0,0.057925491998131046
CTZ,random,SVM,label,3,RBT-18-0339-1_S47,0,0.06658079659238914
CTZ,random,SVM,label,3,RBT-18-0361-1_S38,0,0.09768165141541767
CTZ,random,SVM,label,3,RBT-18-0377-1_S1,0,0.07286418164077704
CTZ,random,SVM,label,3,ResetH1_S1_L001,0,0.2044126294987848
CTZ,random,SVM,label,3,ResetH16_S2_L001,1,0.6333932740654772
CTZ,random,SVM,label,3,ResetH24a_S3_2_L001,1,0.9697126304401814
CTZ,random,SVM,label,3,ResetH98_S4_L001,0,0.487381238244401
CTZ,random,SVM,label,3,ResetV76_S7_L001,0,0.24643744480671312
CTZ,random,SVM,label,3,Survcare058_S26,1,0.6197368387416304
CTZ,random,SVM,label,3,Survcare129_S1,1,0.011908809680474312
CTZ,random,SVM,label,3,Survcare140_S4_L001,1,0.9759296605418768
CTZ,random,SVM,label,3,Survcare184_S19,1,0.5338459039047537
CTZ,random,SVM,label,3,Survcare190_S35,1,0.42981337211983967
CTZ,random,SVM,label,3,Survcare221_S7_L001,1,0.060434458268505485
CTZ,random,SVM,label,3,Survcare234_S3_L001,1,0.1529245582677216
CTZ,random,SVM,label,3,Survcare253_S35,1,0.8749967358592213
CTZ,random,SVM,label,3,Survcare295_S8_L001,1,0.9977756678039394
CTZ,random,SVM,label,3,Survcare303_S15_L001,1,0.9166149363433147
CTZ,random,SVM,label,3,Survcare310_S21_L001,1,0.9080156337533306
CTZ,random,SVM,label,3,Survcare319_S16,1,0.6246569871270515
CTZ,random,SVM,label,3,Survcare329_S3,1,0.5302186703177806
CTZ,random,SVM,label,3,Survcare335_S11,1,0.9236804570921825
CTZ,random,SVM,label,3,V116_S6_L001,0,0.4732736175152145
CTZ,random,SVM,label,3,V139_S7_L001,0,0.8804599124514918
CTZ,random,SVM,label,3,V153_S4_L001,0,0.26379351523520705
CTZ,random,SVM,label,3,V195_S1_L001,1,0.0032505826860257762
CTZ,random,SVM,label,3,V228_S8_L001,1,0.7523380882239046
CTZ,random,SVM,label,3,V238_S11_L001,0,0.35082360241081
CTZ,random,SVM,label,3,V283_S5_L001,1,0.6039175243217924
CTZ,random,SVM,label,3,V289_S5_L001,0,0.49598383995129197
CTZ,random,SVM,label,3,V64_S3_L001,0,0.012356613439498733
CTZ,random,SVM,label,3,V73_S5_L001,1,0.9875124494528454
CTZ,random,SVM,label,3,wdh-RBF-17-0572-1_S43,0,0.07357144152457579
CTZ,random,SVM,label,3,wdhRBF-17-0558-1_S121,0,0.9772160432555425
CTZ,random,SVM,label,3,wdhRBF-18-0081-1_S18_L001,0,0.3020597993693674
CTZ,random,SVM,label,3,WDHRBG-16-050-1_S40,1,0.9942876709151892
CTZ,random,SVM,label,3,wRBG-16-027-1_S174,0,0.3194446592671781
CTZ,random,SVM,label,3,wRBG-17-022-1_S43,1,0.6656635348454615
CTZ,random,SVM,label,3,wRBG-17-031-1_S154,0,0.09093497581193231
CTZ,random,SVM,label,3,wRBG-17-034-1_S121,0,0.00453882523106259
CTZ,random,SVM,label,3,wRBG-17-049-1_S142,0,0.08782118383332142
CTZ,random,SVM,label,3,wRBG-17-058-1_S130,0,0.02661144171472939
CTZ,random,SVM,label,3,wRBG-17-075-1_S96,0,0.27314500632084837
CTZ,random,SVM,label,3,wwRBF-17-189-1_S32,1,0.7959283814598008
CTZ,random,SVM,label,3,wwRBK-16-023-1_S5,1,0.06538252132660406
CTZ,random,SVM,label,3,wwRBK-17-0197-1_S39,1,0.6573012001324432
CTZ,random,SVM,label,3,wwRBK-17-075-1_S28,1,0.6917136913349275
CTZ,random,SVM,label,4,H105_S3_L001,0,0.7343969162908885
CTZ,random,SVM,label,4,H109_S2_L001,0,0.10297443558596424
CTZ,random,SVM,label,4,H113_S6_L001,0,0.2854659986624953
CTZ,random,SVM,label,4,H122_S4_L001,1,0.3425738270885665
CTZ,random,SVM,label,4,H130_S2_L001,1,0.06101147815126972
CTZ,random,SVM,label,4,H154_S2_L001,1,0.7203345611126393
CTZ,random,SVM,label,4,H157_S3_L001,0,0.4540707135646197
CTZ,random,SVM,label,4,H176_S5_L001,0,0.8561465930392204
CTZ,random,SVM,label,4,H50_S7_L001,0,0.4265477288765271
CTZ,random,SVM,label,4,H66_S1_L001,1,0.8212432825414892
CTZ,random,SVM,label,4,NNRBG-17-0227-1_S8,0,0.07407413996760662
CTZ,random,SVM,label,4,NNRBG-17-0242-1_S11,0,0.14053901191337229
CTZ,random,SVM,label,4,NNRBG-17-0243-1_S12,0,0.015178766844055237
CTZ,random,SVM,label,4,NNRBG-17-0308-1_S20,0,0.08626936908145279
CTZ,random,SVM,label,4,RBB-18-0892-1_S80_2,1,0.9644542920212241
CTZ,random,SVM,label,4,RBB-18-1309-1_S42,1,0.49146228738480147
CTZ,random,SVM,label,4,RBB-18-1488-1_S46,1,0.003505336574232899
CTZ,random,SVM,label,4,RBBK18-0189-1_S24_L001,0,0.17038411270905215
CTZ,random,SVM,label,4,RBF-17-0194-1_S140,0,0.49842036718749366
CTZ,random,SVM,label,4,RBF-17-0340-1_S81,1,0.2869934749361815
CTZ,random,SVM,label,4,RBF-17-0523-1_S30,0,0.2627583241334684
CTZ,random,SVM,label,4,RBF-17-0532-1_S80,0,0.11454513747908336
CTZ,random,SVM,label,4,RBF-17-0532-2_S31,0,0.0677530328968804
CTZ,random,SVM,label,4,RBF-17-0538-1_S82,0,0.34347654866256877
CTZ,random,SVM,label,4,RBF-17-0635-1_S98,0,0.47992842903643335
CTZ,random,SVM,label,4,RBF-17-0653-1_S101,0,0.006627660059888266
CTZ,random,SVM,label,4,RBF-17-186-1_S69,1,0.7311000467425101
CTZ,random,SVM,label,4,RBF-17-277-1_S73,1,0.0024014171604412305
CTZ,random,SVM,label,4,RBF-18-0035-1_S6,0,0.11586167542095102
CTZ,random,SVM,label,4,RBF-18-0086-1_S22,0,0.009301994045973417
CTZ,random,SVM,label,4,RBF-18-0121-1_S28,0,0.0009015594955370943
CTZ,random,SVM,label,4,RBF-18-0127-1_S32,0,0.916705964484956
CTZ,random,SVM,label,4,RBF-18-0139-1_S35,0,0.0007705697473156906
CTZ,random,SVM,label,4,RBF-18-0160-1_S37,0,0.11956495081623145
CTZ,random,SVM,label,4,RBF-18-0173-1_S27,0,0.39045365721605546
CTZ,random,SVM,label,4,RBF-18-0184-1_S30,0,0.30220749813678416
CTZ,random,SVM,label,4,RBF-18-0201-1_S49,0,0.4040951148905637
CTZ,random,SVM,label,4,RBF-18-0217-1_S54,0,0.03370695706802568
CTZ,random,SVM,label,4,RBF-18-0251-1_S55,0,0.7628158215844497
CTZ,random,SVM,label,4,RBF-18-0259-1_S33,0,0.13209952451356896
CTZ,random,SVM,label,4,RBF-18-0277-1_S61,0,0.36339118741921256
CTZ,random,SVM,label,4,RBF-18-0321-1_S69,0,0.0022903212947700457
CTZ,random,SVM,label,4,RBF-18-0333-1_S70,0,0.018607122001137674
CTZ,random,SVM,label,4,RBF-18-0405-1_S81_2,1,0.7845715503375404
CTZ,random,SVM,label,4,RBF-18-0585-1_S48,1,0.7580461269743323
CTZ,random,SVM,label,4,RBG-17-0383-1_S44,0,0.0889382402782835
CTZ,random,SVM,label,4,RBG-18-0012-1_S3,0,0.6767933789604951
CTZ,random,SVM,label,4,RBG-18-0054-1_S42,0,0.8218485627602207
CTZ,random,SVM,label,4,RBG-18-0076-1_S10,0,0.7807937826221982
CTZ,random,SVM,label,4,RBG-18-0221-1_S47,0,0.13545444696489092
CTZ,random,SVM,label,4,RBG-18-0265-1_S49,0,0.4572498001911445
CTZ,random,SVM,label,4,RBG-18-0367-1_S57,0,0.028115290753371967
CTZ,random,SVM,label,4,RBG-18-0410-1_S12,1,0.6769264800557176
CTZ,random,SVM,label,4,RBK-17-0601-1_S25,1,0.7311000467425101
CTZ,random,SVM,label,4,RBK-17-0612-1_S27,1,0.7771732998982258
CTZ,random,SVM,label,4,RBK-17-0655-5_S182,1,0.7571647103919579
CTZ,random,SVM,label,4,RBK-18-0077-1_S212,1,0.7771732998982258
CTZ,random,SVM,label,4,RBK-18-0080-1_S205,0,0.01347022759519744
CTZ,random,SVM,label,4,RBK-18-0414-1_S59,0,0.0032386172242257643
CTZ,random,SVM,label,4,RBKk-18-0108-1_S201,1,0.7444485052992463
CTZ,random,SVM,label,4,RBL-17-0107-1_S150,0,0.4281473342981167
CTZ,random,SVM,label,4,RBL-17-0133-1_S159,0,0.6022743572909895
CTZ,random,SVM,label,4,RBL-17-0165-1_S167,0,0.02877102175919677
CTZ,random,SVM,label,4,RBL-17-0217-1_S176,0,0.04750239028900838
CTZ,random,SVM,label,4,RBL-17-0261-1_S100,0,0.255261759699498
CTZ,random,SVM,label,4,RBL-17-0263-1_S102,0,0.054503724568919054
CTZ,random,SVM,label,4,RBL-17-0305-1_S49,1,0.7310831706997049
CTZ,random,SVM,label,4,RBL-17-0332-1_S118,0,0.6366291468823934
CTZ,random,SVM,label,4,RBL-17-0342-1_S103,0,0.6893872313791125
CTZ,random,SVM,label,4,RBL-17-0359-1_S66,1,0.8930349067942537
CTZ,random,SVM,label,4,RBL-17-0360-1_S108,0,0.096316298534115
CTZ,random,SVM,label,4,RBL-17-0366-1_S113,0,0.8311168812777622
CTZ,random,SVM,label,4,RBL-17-0383-1_S119,0,0.1610666648371862
CTZ,random,SVM,label,4,RBL-18-0055-1_S170,0,0.5672406392176942
CTZ,random,SVM,label,4,RBL-18-0076-1_S47,1,0.6694852582548949
CTZ,random,SVM,label,4,RBL-18-0242-1_S51,0,0.8492486790589876
CTZ,random,SVM,label,4,RBL-18-0467-1_S228_2,1,0.9415102873890919
CTZ,random,SVM,label,4,RBT-16-0024-1_S10,1,0.764099132753353
CTZ,random,SVM,label,4,RBT-17-0008-1_S18,0,0.09476711039298491
CTZ,random,SVM,label,4,RBT-17-0033-1_S12,1,0.0072607033866622294
CTZ,random,SVM,label,4,RBT-17-0090-1_S32,0,0.0030474885803515764
CTZ,random,SVM,label,4,RBT-17-0097-1_S34,1,0.9193435269324706
CTZ,random,SVM,label,4,RBT-17-0109-1_S40,0,0.08118232288255471
CTZ,random,SVM,label,4,RBT-17-0118-1_S45,0,0.025039732376212476
CTZ,random,SVM,label,4,RBT-17-0173-1_S63,0,0.026900991506271472
CTZ,random,SVM,label,4,RBT-17-0178-1_S66,0,0.08374356439531655
CTZ,random,SVM,label,4,RBT-17-0188-1_S68,1,0.016084643228878988
CTZ,random,SVM,label,4,RBT-17-0194-1_S30,0,0.009497237944829085
CTZ,random,SVM,label,4,RBT-17-0270-1_S65,0,0.03476820761250439
CTZ,random,SVM,label,4,RBT-17-0287-1_S10,0,0.0027148493185330832
CTZ,random,SVM,label,4,RBT-17-0295-1_S15,0,0.08043176111512709
CTZ,random,SVM,label,4,RBT-17-0328-1_S16,1,0.8540708421520026
CTZ,random,SVM,label,4,RBT-17-0337-1_S19,0,0.3885612302636493
CTZ,random,SVM,label,4,RBT-18-0004-1_S51,1,0.5231242911461861
CTZ,random,SVM,label,4,RBT-18-0045-1_S70,0,5.9799887476494665e-05
CTZ,random,SVM,label,4,RBT-18-0101-1_S22,0,0.6352380529258634
CTZ,random,SVM,label,4,RBT-18-0127-1_S51,0,0.008299597116579106
CTZ,random,SVM,label,4,RBT-18-0129-1_S52,0,0.19501308081812016
CTZ,random,SVM,label,4,RBT-18-0164-1_S34,0,0.5665393835642725
CTZ,random,SVM,label,4,RBT-18-0185-1_S39,0,0.7581837968636442
CTZ,random,SVM,label,4,RBT-18-0230-1_S45,0,0.007429360416033492
CTZ,random,SVM,label,4,RBT-18-0232-1_S47,0,0.5014083029963011
CTZ,random,SVM,label,4,RBT-18-0275-1_S63,0,0.2637155475988304
CTZ,random,SVM,label,4,RBT-18-0317-1_S27,0,0.16450058679776108
CTZ,random,SVM,label,4,RBT-18-0324-1_S57,1,0.8727478336198662
CTZ,random,SVM,label,4,RBT-18-0337-1_S46,0,0.5895422877735971
CTZ,random,SVM,label,4,RBT-18-0340-1_S36,0,0.03092129994932189
CTZ,random,SVM,label,4,RBT-18-0364-1_S29,0,0.66910809636656
CTZ,random,SVM,label,4,RBT-18-0365-1_S30,0,0.8855846620159658
CTZ,random,SVM,label,4,RBT-18-0385-1_S34,0,0.00271261013170456
CTZ,random,SVM,label,4,RBT-18-0391-1_S35,1,0.8213373109067797
CTZ,random,SVM,label,4,RBT-18-0401-1_S43,0,0.32242774063095253
CTZ,random,SVM,label,4,ResetH134_S8_L001,1,0.07912179260450931
CTZ,random,SVM,label,4,ResetH44_S3_L001,0,0.010765314795351196
CTZ,random,SVM,label,4,ResetH49b_S6_L001,0,0.45517854221498844
CTZ,random,SVM,label,4,ResetH63_S7_L001,1,0.7311000467425101
CTZ,random,SVM,label,4,ResetH68_S1_L001,0,0.06990951900681139
CTZ,random,SVM,label,4,ResetH92_S4_L001,1,0.5380008237418386
CTZ,random,SVM,label,4,ResetV210_S4_L001,1,0.6120994383783422
CTZ,random,SVM,label,4,Survcare0111_S29,1,0.10360654473796779
CTZ,random,SVM,label,4,Survcare0114_S37,1,0.23330892991077176
CTZ,random,SVM,label,4,Survcare125_S25,1,0.7599987656815671
CTZ,random,SVM,label,4,Survcare230_S17_L001,1,0.8175280082213444
CTZ,random,SVM,label,4,Survcare262_S23_L001,1,0.8744730679262411
CTZ,random,SVM,label,4,Survcare265_S20,1,0.23383478789607293
CTZ,random,SVM,label,4,Survcare278_S62,1,0.5620916966330612
CTZ,random,SVM,label,4,Survcare321_S18,1,0.9612801610891784
CTZ,random,SVM,label,4,Survcare341_S25,1,0.15786829443913078
CTZ,random,SVM,label,4,Survcare350_S44,1,0.2723049595248499
CTZ,random,SVM,label,4,V123_S1_L001,0,0.691673094936475
CTZ,random,SVM,label,4,V173_S6_L001,0,0.029783720064728375
CTZ,random,SVM,label,4,V182_S6_L001,1,0.557331130184731
CTZ,random,SVM,label,4,V205_S3_L001,0,0.7601784697158347
CTZ,random,SVM,label,4,V215_S2_L001,0,0.0061539923763943944
CTZ,random,SVM,label,4,V232_S3_L001,0,0.12068757823246787
CTZ,random,SVM,label,4,V279_S8_L001,1,0.6426070140639224
CTZ,random,SVM,label,4,V295_S7_L001,0,0.5790849150315678
CTZ,random,SVM,label,4,V40_S2_L001,1,0.41464881021050914
CTZ,random,SVM,label,4,V9_S1_L001,1,0.46401801078277777
CTZ,random,SVM,label,4,W2RBF-17-133-1_S28,1,0.41898729698047743
CTZ,random,SVM,label,4,W2RBL-16-018-1_S15,1,0.6573842645415867
CTZ,random,SVM,label,4,wdh-RBB-17-170-1_S16,1,0.725804238384495
CTZ,random,SVM,label,4,wdh-Survcare119_S44,1,0.1617214404375194
CTZ,random,SVM,label,4,wdhRBF-17-0564-1_S230,0,0.8481546390072867
CTZ,random,SVM,label,4,wdhRBF-18-0048-1_S12_L001,0,0.001559631330316263
CTZ,random,SVM,label,4,wdhRBF-18-0049-1_S13_L001,0,0.0003713660791495524
CTZ,random,SVM,label,4,WDHRBG-16-049-1_S87,0,0.8602748058665816
CTZ,random,SVM,label,4,WDHRBG-16-062-1_S49,0,0.03338947148914858
CTZ,random,SVM,label,4,WDHRBG-17-005-2_S61,0,0.551796936839747
CTZ,random,SVM,label,4,WDHRBG-17-008-1_S83,0,0.49126657726635475
CTZ,random,SVM,label,4,WDHRBG-17-121-1_S46,0,0.14676980816403204
CTZ,random,SVM,label,4,wRBF-17-0146-1_S35,1,0.7310866412129525
CTZ,random,SVM,label,4,wRBG-16-024-1_S152,0,0.8244548152205605
CTZ,random,SVM,label,4,wRBG-17-021-1_S166,0,0.024837864563496286
CTZ,random,SVM,label,4,wRBG-17-028-1_S100,0,0.00835488759119698
CTZ,random,SVM,label,4,wRBG-17-047-1_S153,0,0.019431113484359993
CTZ,random,SVM,label,4,wRBG-17-073-1_S118,0,0.05232154391522388
CTZ,random,SVM,label,4,wRBG-17-082-1_S106,0,0.023708153651239048
CTZ,random,SVM,label,4,wwRBF-17-148-1_S27,0,0.26899255864036836
CTZ,random,SVM,label,4,wwRBF-17-251-1_S33,1,0.6849510512209
CTZ,random,SVM,label,4,wwRBK-17-0148-2_S38,1,0.7670214290222673
CTZ,random,RF,label,0,H100_S2_L001,0,0.002
CTZ,random,RF,label,0,H108_S5_L001,0,0.296
CTZ,random,RF,label,0,H119_S7_L001,1,0.7
CTZ,random,RF,label,0,H17_S2_L001,0,0.136
CTZ,random,RF,label,0,H3_S1_L001,1,0.912
CTZ,random,RF,label,0,H37_S3_L001,0,0.1
CTZ,random,RF,label,0,H51_S5_L001,0,0.8765821725659955
CTZ,random,RF,label,0,H86_S1_L001,0,0.38
CTZ,random,RF,label,0,NNRBG-17-0198-1_S4,0,0.03
CTZ,random,RF,label,0,NNRBG-17-0201-1_S6,0,0.168
CTZ,random,RF,label,0,NNRBG-17-0234-1_S9,0,0.04
CTZ,random,RF,label,0,NNRBG-17-0294-1_S18,0,0.182
CTZ,random,RF,label,0,NNRBG-17-0319-1_S24,0,0.108
CTZ,random,RF,label,0,NNRBG-17-0328-1_S25,0,0.122
CTZ,random,RF,label,0,NNRBG-17-0346-1_S30,0,0.308
CTZ,random,RF,label,0,NNRBG-17-0378-1_S37,0,0.9686309523809524
CTZ,random,RF,label,0,NNRBG-17-0382-1_S38,0,0.468
CTZ,random,RF,label,0,RBB-17-011-1_S40,1,0.904764640098463
CTZ,random,RF,label,0,RBB-18-0537-1_S21_L001,1,0.908655909939733
CTZ,random,RF,label,0,RBB-18-0772-1_S192,1,0.86
CTZ,random,RF,label,0,RBB-18-1393-1_S48,1,0.894
CTZ,random,RF,label,0,RBF-16-073-1_S23,1,0.592
CTZ,random,RF,label,0,RBF-17-0173-1_S138,0,0.044
CTZ,random,RF,label,0,RBF-17-0424-1_S15,0,0.244
CTZ,random,RF,label,0,RBF-17-0438-1_S9,1,0.904764640098463
CTZ,random,RF,label,0,RBF-17-0467-1_S12,1,0.9142307517645748
CTZ,random,RF,label,0,RBF-17-0489-1_S13,1,0.9046171653509884
CTZ,random,RF,label,0,RBF-17-0508-1_S73,0,0.272
CTZ,random,RF,label,0,RBF-17-0537-1_S56,1,0.9828487143575378
CTZ,random,RF,label,0,RBF-17-0572-2_S89,0,0.152
CTZ,random,RF,label,0,RBF-17-0605-1_S94,0,0.222
CTZ,random,RF,label,0,RBF-17-0614-3_S95,0,0.042
CTZ,random,RF,label,0,RBF-17-0616-1_S96,0,0.37
CTZ,random,RF,label,0,RBF-17-0645-1_S61,0,0.31
CTZ,random,RF,label,0,RBF-17-0648-1_S100,0,0.308
CTZ,random,RF,label,0,RBF-17-0664-1_S63,0,0.166
CTZ,random,RF,label,0,RBF-17-094-1_S56,1,0.9611230158730157
CTZ,random,RF,label,0,RBF-18-0013-1_S25_L001,0,0.006
CTZ,random,RF,label,0,RBF-18-0027-1_S5,0,0.256
CTZ,random,RF,label,0,RBF-18-0085-1_S21,0,0.01
CTZ,random,RF,label,0,RBF-18-0088-1_S24,0,0.028
CTZ,random,RF,label,0,RBF-18-0099-1_S26,0,0.0
CTZ,random,RF,label,0,RBF-18-0125-1_S30,0,0.226
CTZ,random,RF,label,0,RBF-18-0126-1_S31,0,0.142
CTZ,random,RF,label,0,RBF-18-0199-1_S47,0,0.872
CTZ,random,RF,label,0,RBF-18-0634-1_S183,0,0.14
CTZ,random,RF,label,0,RBG-17-0269-1_S41,0,0.346
CTZ,random,RF,label,0,RBG-18-0023-1_S2,0,0.036
CTZ,random,RF,label,0,RBG-18-0029-1_S40,0,0.006
CTZ,random,RF,label,0,RBG-18-0085-1_S11,0,0.16
CTZ,random,RF,label,0,RBG-18-0099-1_S14,1,0.904764640098463
CTZ,random,RF,label,0,RBG-18-0129-1_S15_L001,1,0.936
CTZ,random,RF,label,0,RBG-18-0153-1_S14,0,0.6196950660450662
CTZ,random,RF,label,0,RBG-18-0170-1_S41,0,0.034
CTZ,random,RF,label,0,RBG-18-0185-1_S40,0,0.088
CTZ,random,RF,label,0,RBG-18-0193-1_S8,0,0.066
CTZ,random,RF,label,0,RBG-18-0209-2_S46,0,0.054
CTZ,random,RF,label,0,RBG-18-0239-1_S4,0,0.038
CTZ,random,RF,label,0,RBG-18-0289-1_S37,1,0.262
CTZ,random,RF,label,0,RBG-18-0300-1_S52,0,0.006
CTZ,random,RF,label,0,RBG-18-0308-1_S54,1,0.544
CTZ,random,RF,label,0,RBG-18-0312-1_S55,0,0.27
CTZ,random,RF,label,0,RBG-18-0355-1_S19_L001,0,0.0016
CTZ,random,RF,label,0,RBG-18-0381-1_S49,0,0.0
CTZ,random,RF,label,0,RBG-18-0383-1_S37,1,0.996
CTZ,random,RF,label,0,RBG-18-0437-1_S54,0,0.576
CTZ,random,RF,label,0,RBK-16-007-1_S13,1,0.634
CTZ,random,RF,label,0,RBK-17-0492-1_S8,1,0.822
CTZ,random,RF,label,0,RBK-17-0588-1_S24,1,0.6403092185592185
CTZ,random,RF,label,0,RBK-17-0595-1_S187,1,0.764
CTZ,random,RF,label,0,RBK-18-0022-1_S197,0,0.37
CTZ,random,RF,label,0,RBK-18-0047-1_S20,0,0.294
CTZ,random,RF,label,0,RBK-18-0060-1_S22,0,0.254
CTZ,random,RF,label,0,RBk-18-0216-1_S231_2,0,0.27
CTZ,random,RF,label,0,RBK-18-0236-2_S52_2,1,0.576
CTZ,random,RF,label,0,RBL-17-0138-1_S162,0,0.112
CTZ,random,RF,label,0,RBL-17-0199-1_S174,0,0.9689492638080874
CTZ,random,RF,label,0,RBL-17-0235-1_S92,0,0.05
CTZ,random,RF,label,0,RBL-17-0264-1_S103,0,0.774
CTZ,random,RF,label,0,RBL-17-0267-1_S104,0,0.194
CTZ,random,RF,label,0,RBL-17-0306-1_S50,1,0.668
CTZ,random,RF,label,0,RBL-17-0323-1_S115,0,0.094
CTZ,random,RF,label,0,RBL-17-0390-1_S121,0,0.0
CTZ,random,RF,label,0,RBL-17-0392-1_S69,1,0.916
CTZ,random,RF,label,0,RBL-17-0397-1_S125,0,0.002
CTZ,random,RF,label,0,RBL-18-0010-1_S159,0,0.312
CTZ,random,RF,label,0,RBL-18-0085-1_S176,0,0.058
CTZ,random,RF,label,0,RBL-18-0194-1_S195_2,1,0.952
CTZ,random,RF,label,0,RBL-18-0500-1_S230_2,1,0.46162579642579654
CTZ,random,RF,label,0,RBT-17-0003-1_S16,0,0.07
CTZ,random,RF,label,0,RBT-17-0019-1_S62,1,0.99
CTZ,random,RF,label,0,RBT-17-0149-1_S13,1,0.278
CTZ,random,RF,label,0,RBT-17-0249-1_S61,1,0.9884268398268395
CTZ,random,RF,label,0,RBT-18-0021-1_S56,1,0.904764640098463
CTZ,random,RF,label,0,RBT-18-0042-1_S60,0,0.0
CTZ,random,RF,label,0,RBT-18-0046-1_S2,0,0.534
CTZ,random,RF,label,0,RBT-18-0052-1_S35,1,0.02
CTZ,random,RF,label,0,RBT-18-0056-1_S37,0,0.0
CTZ,random,RF,label,0,RBT-18-0079-1_S16,0,0.1196
CTZ,random,RF,label,0,RBT-18-0080-1_S49,1,0.824
CTZ,random,RF,label,0,RBT-18-0091-1_S42,0,0.17946666666666666
CTZ,random,RF,label,0,RBT-18-0095-1_S19,0,0.004
CTZ,random,RF,label,0,RBT-18-0110-1_S27,0,0.138
CTZ,random,RF,label,0,RBT-18-0113-1_S44,0,0.0
CTZ,random,RF,label,0,RBT-18-0125-1_S50,0,0.106
CTZ,random,RF,label,0,RBT-18-0173-1_S35,0,0.086
CTZ,random,RF,label,0,RBT-18-0197-1_S40,0,0.62
CTZ,random,RF,label,0,RBT-18-0205-1_S6,1,0.916
CTZ,random,RF,label,0,RBT-18-0234-1_S15,1,0.896
CTZ,random,RF,label,0,RBT-18-0246-1_S52,0,0.146
CTZ,random,RF,label,0,RBT-18-0253-1_S54,0,0.522
CTZ,random,RF,label,0,RBT-18-0259-1_S55,0,0.316
CTZ,random,RF,label,0,RBT-18-0263-1_S58,0,0.084
CTZ,random,RF,label,0,RBT-18-0278-1_S64,0,0.3250180486180486
CTZ,random,RF,label,0,RBT-18-0331-1_S22,0,0.002
CTZ,random,RF,label,0,RBT-18-0338-1_S35,0,0.03
CTZ,random,RF,label,0,RBT-18-0341-1_S24,0,0.16
CTZ,random,RF,label,0,RBT-18-0357-1_S27,0,0.0
CTZ,random,RF,label,0,RBT-18-0360-1_S39,0,0.11
CTZ,random,RF,label,0,RBT-18-0372-1_S31,1,0.942
CTZ,random,RF,label,0,ResetV288_S6_L001,0,0.352
CTZ,random,RF,label,0,ResetV70_S6_L001,1,0.998
CTZ,random,RF,label,0,Survcare133_S25,1,0.966
CTZ,random,RF,label,0,Survcare134_S26,1,0.972
CTZ,random,RF,label,0,Survcare176_S17_L001,1,0.722
CTZ,random,RF,label,0,Survcare236_S5_L001,1,0.656
CTZ,random,RF,label,0,Survcare309_S20_L001,1,0.976
CTZ,random,RF,label,0,Survcare317_S5_L001,1,0.268
CTZ,random,RF,label,0,Survcare327_S1,1,0.978
CTZ,random,RF,label,0,Survcare337_S12,1,0.602
CTZ,random,RF,label,0,V111_S3_L001,0,0.288
CTZ,random,RF,label,0,V113_S3_L001,0,0.348
CTZ,random,RF,label,0,V120_S5_L001,0,0.158
CTZ,random,RF,label,0,V152_S3_L001,0,0.02
CTZ,random,RF,label,0,V155_S5_L001,0,0.164
CTZ,random,RF,label,0,V168_S9_L001,1,0.93
CTZ,random,RF,label,0,V172_S5_L001,0,0.544
CTZ,random,RF,label,0,V201_S4_L001,1,0.882
CTZ,random,RF,label,0,V229_S10_L001,1,0.85
CTZ,random,RF,label,0,V282_S4_L001,0,0.828
CTZ,random,RF,label,0,V41_S2_L001,0,0.224
CTZ,random,RF,label,0,V71_S4_L001,1,0.706
CTZ,random,RF,label,0,V89_S1_L001,0,0.282
CTZ,random,RF,label,0,W2RBK-17-168-1_S33,1,0.5095317460317461
CTZ,random,RF,label,0,W2RBK-17-169-1_S34,1,0.824
CTZ,random,RF,label,0,wdh-RBB-16-025-1_S20,0,0.092
CTZ,random,RF,label,0,wdh2NRZ-29911a_S31,1,0.016
CTZ,random,RF,label,0,wdhRBF-10-0002-1_S10_L001,1,0.9495324675324677
CTZ,random,RF,label,0,wdhRBF-18-0080-1_S17_L001,0,0.474
CTZ,random,RF,label,0,wdhRBF-18-0098-1_S19_L001,0,0.148
CTZ,random,RF,label,0,wdhRBL-17-0370-1_S232,0,0.278
CTZ,random,RF,label,0,wNRZ-32446_S79,1,0.26
CTZ,random,RF,label,0,wNRZ-33910_S81,1,0.466
CTZ,random,RF,label,0,wRBG-16-026-1_S163,0,0.0
CTZ,random,RF,label,0,wRBG-16-034-1_S164,0,0.156
CTZ,random,RF,label,0,wRBG-17-057-1_S141,0,0.25
CTZ,random,RF,label,0,wRBG-17-072-1_S129,0,0.004
CTZ,random,RF,label,0,wRBG-17-102-1_S169,0,0.432
CTZ,random,RF,label,0,wRBG-17-106-1_S125,0,0.32
CTZ,random,RF,label,0,wRBG-17-110-1_S168,0,0.132
CTZ,random,RF,label,0,wwRBF-16-094-1_S13,1,0.416
CTZ,random,RF,label,0,wwRBF-17-209-1_S34,0,0.452
CTZ,random,RF,label,1,H153_S1_L001,1,0.996
CTZ,random,RF,label,1,NNRBG-17-0255-1_S14,0,0.236
CTZ,random,RF,label,1,NNRBG-17-0278-1_S16,0,0.24
CTZ,random,RF,label,1,NNRBG-17-0287-1_S17,0,0.358
CTZ,random,RF,label,1,NNRBG-17-0316-1_S23,0,0.37
CTZ,random,RF,label,1,NNRBG-17-0329-1_S26,0,0.0
CTZ,random,RF,label,1,NNRBG-17-0399-1_S40,0,0.176
CTZ,random,RF,label,1,NNSurvcare045_S41,1,0.808
CTZ,random,RF,label,1,RBB-18-0546-1_S22_L001,1,0.96
CTZ,random,RF,label,1,RBB-18-0668-1_S188,1,0.948413707293739
CTZ,random,RF,label,1,RBB-18-1312-1_S43,1,0.666
CTZ,random,RF,label,1,RBB-18-1460-1_S45,1,0.856
CTZ,random,RF,label,1,RBB-18-1502-1_S47,1,0.414
CTZ,random,RF,label,1,RBF-16-004-1_S18,0,0.75
CTZ,random,RF,label,1,RBF-17-0164-1_S137,0,0.206
CTZ,random,RF,label,1,RBF-17-0195-1_S141,0,0.38
CTZ,random,RF,label,1,RBF-17-0513-1_S76,0,0.882
CTZ,random,RF,label,1,RBF-17-0520-2_S55,1,0.706
CTZ,random,RF,label,1,RBF-17-0587-1_S91,0,0.0
CTZ,random,RF,label,1,RBF-17-0589-1_S92,0,0.212
CTZ,random,RF,label,1,RBF-17-0630-1_S59,1,0.328
CTZ,random,RF,label,1,RBF-17-0647-1_S99,0,0.044
CTZ,random,RF,label,1,RBF-17-170-1_S66,1,0.888
CTZ,random,RF,label,1,RBF-18-0036-1_S7,0,0.128
CTZ,random,RF,label,1,RBF-18-0064-2_S14,0,0.024
CTZ,random,RF,label,1,RBF-18-0066-1_S15,0,0.214
CTZ,random,RF,label,1,RBF-18-0068-1_S77,1,0.456
CTZ,random,RF,label,1,RBF-18-0072-1_S16,0,0.048
CTZ,random,RF,label,1,RBF-18-0093-1_S80,0,0.296
CTZ,random,RF,label,1,RBF-18-0132-1_S26,0,0.09976470588235294
CTZ,random,RF,label,1,RBF-18-0151-1_S83,1,0.028
CTZ,random,RF,label,1,RBF-18-0179-1_S29,0,0.356
CTZ,random,RF,label,1,RBF-18-0187-1_S31,1,0.9305982941151378
CTZ,random,RF,label,1,RBF-18-0194-1_S86,1,0.646
CTZ,random,RF,label,1,RBF-18-0208-2_S11_L001,0,0.122
CTZ,random,RF,label,1,RBF-18-0282-1_S63,0,0.272
CTZ,random,RF,label,1,RBF-18-0294-1_S64,0,0.02
CTZ,random,RF,label,1,RBF-18-0338-1_S72,0,0.078
CTZ,random,RF,label,1,RBG-17-0284-1_S59,0,0.59
CTZ,random,RF,label,1,RBG-17-0351-1_S20_L001,1,0.882
CTZ,random,RF,label,1,RBG-18-0055-1_S43,0,0.016
CTZ,random,RF,label,1,RBG-18-0072-1_S8,0,0.47239603174603173
CTZ,random,RF,label,1,RBG-18-0077-1_S9,1,0.704
CTZ,random,RF,label,1,RBG-18-0108-1_S16,0,0.002
CTZ,random,RF,label,1,RBG-18-0113-1_S13_L001,0,0.012
CTZ,random,RF,label,1,RBG-18-0191-1_S11_L001,0,0.002
CTZ,random,RF,label,1,RBG-18-0200-1_S18_L001,1,0.9329010012119628
CTZ,random,RF,label,1,RBG-18-0211-1_S35,1,0.38
CTZ,random,RF,label,1,RBG-18-0224-1_S24_L001,1,0.9301717793730176
CTZ,random,RF,label,1,RBG-18-0256-1_S8_L001,1,0.044
CTZ,random,RF,label,1,RBG-18-0301-1_S53,0,0.008
CTZ,random,RF,label,1,RBK-16-073-1_S14,1,0.564
CTZ,random,RF,label,1,RBK-17-049-1_S62,1,0.992
CTZ,random,RF,label,1,RBK-18-0002-1_S38,1,0.002
CTZ,random,RF,label,1,RBK-18-0005-1_S18,0,0.03
CTZ,random,RF,label,1,RBK-18-0038-1_S200,0,0.018
CTZ,random,RF,label,1,RBK-18-0062-2_S203,0,0.366
CTZ,random,RF,label,1,RBK-18-0104-1_S206,0,0.062
CTZ,random,RF,label,1,RBK-18-0250-1_S235_2,0,0.086
CTZ,random,RF,label,1,RBK-18-0644-1_S180,1,0.822
CTZ,random,RF,label,1,RBL-17-0076-1_S32,0,0.24
CTZ,random,RF,label,1,RBL-17-0090-1_S145,0,0.058
CTZ,random,RF,label,1,RBL-17-0095-1_S147,0,0.0
CTZ,random,RF,label,1,RBL-17-0101-1_S148,0,0.034
CTZ,random,RF,label,1,RBL-17-0108-1_S151,0,0.032
CTZ,random,RF,label,1,RBL-17-0113-1_S153,0,0.9247696969696969
CTZ,random,RF,label,1,RBL-17-0135-1_S160,0,0.232
CTZ,random,RF,label,1,RBL-17-0155-1_S165,0,0.476
CTZ,random,RF,label,1,RBL-17-0159-1_S166,0,0.224
CTZ,random,RF,label,1,RBL-17-0197-1_S173,0,0.494
CTZ,random,RF,label,1,RBL-17-0205-1_S175,0,0.018
CTZ,random,RF,label,1,RBL-17-0226-1_S41,1,0.9790930041492736
CTZ,random,RF,label,1,RBL-17-0232-1_S91,0,0.198
CTZ,random,RF,label,1,RBL-17-0244-1_S44,1,0.9719100981663676
CTZ,random,RF,label,1,RBL-17-0246-1_S94,0,0.486
CTZ,random,RF,label,1,RBL-17-0274-2_S105,0,0.306
CTZ,random,RF,label,1,RBL-17-0283-1_S27,0,0.222
CTZ,random,RF,label,1,RBL-17-0300-1_S112,0,0.022
CTZ,random,RF,label,1,RBL-17-0307-1_S51,1,0.9377302514594791
CTZ,random,RF,label,1,RBL-17-0340-1_S102,0,0.002
CTZ,random,RF,label,1,RBL-17-0391-1_S122,0,0.52
CTZ,random,RF,label,1,RBL-17-0402-1_S126,0,0.014
CTZ,random,RF,label,1,RBL-17-0428-1_S70,1,0.992
CTZ,random,RF,label,1,RBL-17-0434-1_S133,0,0.512
CTZ,random,RF,label,1,RBL-18-0019-1_S41,0,0.0
CTZ,random,RF,label,1,RBL-18-0022-1_S43,0,0.026
CTZ,random,RF,label,1,RBL-18-0037-1_S168,0,0.162
CTZ,random,RF,label,1,RBL-18-0059-1_S171,0,0.8015836684673071
CTZ,random,RF,label,1,RBL-18-0093-1_S49,0,0.8771451688834044
CTZ,random,RF,label,1,RBT-16-0038-1_S11,1,0.848
CTZ,random,RF,label,1,RBT-16-0045-1_S58,1,0.75
CTZ,random,RF,label,1,RBT-17-0011-1_S19,0,0.182
CTZ,random,RF,label,1,RBT-17-0022-1_S24,0,0.01
CTZ,random,RF,label,1,RBT-17-0023-1_S25,0,0.762
CTZ,random,RF,label,1,RBT-17-0100-1_S36,0,0.756
CTZ,random,RF,label,1,RBT-17-0113-1_S42,0,0.044
CTZ,random,RF,label,1,RBT-17-0165-1_S60,0,0.058
CTZ,random,RF,label,1,RBT-17-0167-1_S27,0,0.286
CTZ,random,RF,label,1,RBT-17-0177-2_S7,0,0.098
CTZ,random,RF,label,1,RBT-17-0217-1_S7,0,0.724
CTZ,random,RF,label,1,RBT-17-0225-1_S9,0,0.004
CTZ,random,RF,label,1,RBT-17-0228-1_S10,0,0.132
CTZ,random,RF,label,1,RBT-17-0239-1_S60,0,0.158
CTZ,random,RF,label,1,RBT-17-0243-1_S11,0,0.048
CTZ,random,RF,label,1,RBT-17-0285-1_S66,0,0.792
CTZ,random,RF,label,1,RBT-17-0339-1_S20,0,0.974
CTZ,random,RF,label,1,RBT-18-0027-1_S68,0,0.078
CTZ,random,RF,label,1,RBT-18-0064-1_S15,0,0.734
CTZ,random,RF,label,1,RBT-18-0071-1_S41,0,0.196
CTZ,random,RF,label,1,RBT-18-0096-1_S20,0,0.068
CTZ,random,RF,label,1,RBT-18-0100-1_S21,0,0.116
CTZ,random,RF,label,1,RBT-18-0122-1_S63,0,0.076
CTZ,random,RF,label,1,RBT-18-0133-1_S30,0,0.026
CTZ,random,RF,label,1,RBT-18-0184-1_S38,1,0.82
CTZ,random,RF,label,1,RBT-18-0231-1_S14,0,0.06
CTZ,random,RF,label,1,RBT-18-0241-1_S50,0,0.016
CTZ,random,RF,label,1,RBT-18-0271-1_S62,0,0.002
CTZ,random,RF,label,1,RBT-18-0296-1_S72,1,0.974851282051282
CTZ,random,RF,label,1,RBT-18-0308-1_S34,0,0.396
CTZ,random,RF,label,1,RBT-18-0325-1_S44,0,0.334
CTZ,random,RF,label,1,RBT-18-0334-1_S23,0,0.048
CTZ,random,RF,label,1,RBT-18-0335-1_S41,0,0.6469864481150085
CTZ,random,RF,label,1,RBT-18-0358-1_S28,0,0.08
CTZ,random,RF,label,1,RBT-18-0363-1_S72,1,0.96345
CTZ,random,RF,label,1,ResetH115_S6_L001,0,0.216
CTZ,random,RF,label,1,ResetH127_S6_L001,1,0.9076479238112068
CTZ,random,RF,label,1,ResetH131_S7_L001,1,0.6876969015104931
CTZ,random,RF,label,1,ResetH139_S3_L001,0,0.296
CTZ,random,RF,label,1,ResetH75_S2_L001,1,0.942265507454362
CTZ,random,RF,label,1,ResetH89_S3_L001,1,0.736
CTZ,random,RF,label,1,ResetV105_S1_L001,0,0.212
CTZ,random,RF,label,1,ResetV143_S2_L001,0,0.092
CTZ,random,RF,label,1,ResetV161_S3_L001,1,0.572
CTZ,random,RF,label,1,ResetV74_S7_L001,1,0.788
CTZ,random,RF,label,1,RPG-18-0435-1_S32,0,0.0
CTZ,random,RF,label,1,Survcare052_S22,1,0.786
CTZ,random,RF,label,1,Survcare254_S36,1,0.548
CTZ,random,RF,label,1,Survcare313_S24_L001,1,0.672
CTZ,random,RF,label,1,Survcare318_S20_L001,1,0.808
CTZ,random,RF,label,1,Survcare360_S84,1,0.834
CTZ,random,RF,label,1,V158_S4_L001,1,0.066
CTZ,random,RF,label,1,V163_S6_L001,0,0.212
CTZ,random,RF,label,1,V268_S12_L001,1,0.93
CTZ,random,RF,label,1,V292_S6_L001,1,0.996
CTZ,random,RF,label,1,V86_S1_L001,1,0.974
CTZ,random,RF,label,1,V98_S3_L001,1,0.996
CTZ,random,RF,label,1,W2RBF-17-090-1_S26,1,0.244
CTZ,random,RF,label,1,wdh-RBL-17-0431-1_S46,0,0.666
CTZ,random,RF,label,1,wdhRBF-17-0567-1_S122,0,0.406
CTZ,random,RF,label,1,WDHRBG-16-060-1_S27,0,0.708
CTZ,random,RF,label,1,WDHRBG-17-001-1_S82,0,0.762
CTZ,random,RF,label,1,WDHRBG-17-0256-1_S17,0,0.448
CTZ,random,RF,label,1,WDHRBG-17-122-1_S48,0,0.442
CTZ,random,RF,label,1,wRBG-17-023-1_S155,0,0.046
CTZ,random,RF,label,1,wRBG-17-030-1_S165,0,0.224
CTZ,random,RF,label,1,wRBG-17-055-1_S163,0,0.81
CTZ,random,RF,label,1,wRBG-17-100-1_S104,0,0.096
CTZ,random,RF,label,1,wwRBF-16-007-1_S10,1,0.986
CTZ,random,RF,label,1,wwRBF-17-167-1_S31,1,0.696
CTZ,random,RF,label,1,wwRBK-17-0278-1_S41,1,0.622
CTZ,random,RF,label,1,wwRBL-16-111-1_S16,1,0.684
CTZ,random,RF,label,1,WWSurvcare043_S43,1,0.772
CTZ,random,RF,label,2,H116_S8_L001,1,0.996
CTZ,random,RF,label,2,H123_S1_L001,0,0.818
CTZ,random,RF,label,2,H136_S7_L001,0,0.06
CTZ,random,RF,label,2,H164_S3_L001,1,0.986
CTZ,random,RF,label,2,H28_S10_L001,0,0.27
CTZ,random,RF,label,2,H69_S6_L001,0,0.904
CTZ,random,RF,label,2,H71_S1_L001,1,0.9527219597941433
CTZ,random,RF,label,2,H83_S7_L001,0,0.312
CTZ,random,RF,label,2,NNRBG-17-0196-1_S3,0,0.0
CTZ,random,RF,label,2,NNRBG-17-0199-1_S5,0,0.0
CTZ,random,RF,label,2,RBB-18-0826-1_S193,1,0.27
CTZ,random,RF,label,2,RBB-18-0972-1_S203_2,1,0.894
CTZ,random,RF,label,2,RBB-18-1086-1_S189_2,1,0.214
CTZ,random,RF,label,2,RBB-18-1406-1_S49,1,0.086
CTZ,random,RF,label,2,RBB-19-0014-1_S44,1,0.116
CTZ,random,RF,label,2,RBF-10-0240-1_S12_L001,0,0.002
CTZ,random,RF,label,2,RBF-16-060-1_S22,1,0.9382589477833458
CTZ,random,RF,label,2,RBF-17-0450-1_S10,0,0.198
CTZ,random,RF,label,2,RBF-17-0602-1_S93,0,0.028
CTZ,random,RF,label,2,RBF-17-0651-1_S62,0,0.85
CTZ,random,RF,label,2,RBF-17-318-1_S77,1,0.608
CTZ,random,RF,label,2,RBF-18-0019-1_S2,0,0.8469994961380884
CTZ,random,RF,label,2,RBF-18-0069-1_S78,1,0.546
CTZ,random,RF,label,2,RBF-18-0075-1_S79,1,0.79
CTZ,random,RF,label,2,RBF-18-0087-1_S23,0,0.23
CTZ,random,RF,label,2,RBF-18-0123-1_S25_L001,0,0.272
CTZ,random,RF,label,2,RBF-18-0135-1_S34,0,0.032
CTZ,random,RF,label,2,RBF-18-0163-2_S39,0,0.274
CTZ,random,RF,label,2,RBF-18-0174-1_S28,0,0.764
CTZ,random,RF,label,2,RBF-18-0214-1_S51,0,0.0
CTZ,random,RF,label,2,RBF-18-0280-1_S62,0,0.116
CTZ,random,RF,label,2,RBF-18-0310-1_S36,0,0.236
CTZ,random,RF,label,2,RBG-18-0025-1_S9_L001,0,0.002
CTZ,random,RF,label,2,RBG-18-0071-1_S44,0,0.104
CTZ,random,RF,label,2,RBG-18-0140-1_S14_L001,0,0.216
CTZ,random,RF,label,2,RBG-18-0166-1_S10_L001,0,0.0
CTZ,random,RF,label,2,RBG-18-0177-1_S17_L001,1,0.9926460317460317
CTZ,random,RF,label,2,RBG-18-0194-1_S45,0,0.16
CTZ,random,RF,label,2,RBG-18-0204-1_S23_L001,0,0.75
CTZ,random,RF,label,2,RBG-18-0223-1_S2,0,0.018
CTZ,random,RF,label,2,RBG-18-0276-1_S50,0,0.254
CTZ,random,RF,label,2,RBG-18-0279-1_S36,1,0.968946566196102
CTZ,random,RF,label,2,RBG-18-0352-1_S21_L001,0,0.054
CTZ,random,RF,label,2,RBG-18-0391-1_S22_L001,1,0.724
CTZ,random,RF,label,2,RBG-18-0394-1_S23_L001,0,0.006
CTZ,random,RF,label,2,RBG-18-0421-1_S53,1,0.9220758888256567
CTZ,random,RF,label,2,RBK-16-124-1_S16,1,0.228
CTZ,random,RF,label,2,RBK-18-0037-1_S199,0,0.264
CTZ,random,RF,label,2,RBL-17-0093-1_S146,0,0.43
CTZ,random,RF,label,2,RBL-17-0104-1_S149,0,0.468
CTZ,random,RF,label,2,RBL-17-0118-1_S156,0,0.016
CTZ,random,RF,label,2,RBL-17-0123-1_S157,0,0.028
CTZ,random,RF,label,2,RBL-17-0129-1_S158,0,0.0
CTZ,random,RF,label,2,RBL-17-0144-1_S163,0,0.248
CTZ,random,RF,label,2,RBL-17-0189-1_S172,0,0.046
CTZ,random,RF,label,2,RBL-17-0256-1_S98,0,0.18
CTZ,random,RF,label,2,RBL-17-0320-1_S114,0,0.122
CTZ,random,RF,label,2,RBL-17-0324-1_S54,1,0.424
CTZ,random,RF,label,2,RBL-17-0328-1_S117,0,0.208
CTZ,random,RF,label,2,RBL-17-0349-1_S105,0,0.154
CTZ,random,RF,label,2,RBL-17-0368-1_S114,0,0.004
CTZ,random,RF,label,2,RBL-17-0374-1_S116,0,0.382
CTZ,random,RF,label,2,RBL-17-0393-1_S123,0,0.0
CTZ,random,RF,label,2,RBL-17-0409-1_S127,0,0.008
CTZ,random,RF,label,2,RBL-17-0411-1_S128,0,0.308
CTZ,random,RF,label,2,RBL-17-0429-1_S130,0,0.02
CTZ,random,RF,label,2,RBL-17-0435-1_S134,0,0.0
CTZ,random,RF,label,2,RBL-17-075-1_S18,1,0.878
CTZ,random,RF,label,2,RBL-18-0021-1_S42,0,0.504
CTZ,random,RF,label,2,RBL-18-0098-1_S178,0,0.9344668633485842
CTZ,random,RF,label,2,RBL-18-0131-1_S188_2,1,0.706
CTZ,random,RF,label,2,RBT-17-0024-1_S23,0,0.0
CTZ,random,RF,label,2,RBT-17-0079-1_S29,0,0.06
CTZ,random,RF,label,2,RBT-17-0099-1_S35,0,0.036
CTZ,random,RF,label,2,RBT-17-0107-1_S39,0,0.022
CTZ,random,RF,label,2,RBT-17-0112-1_S41,0,0.032
CTZ,random,RF,label,2,RBT-17-0124-1_S46,0,0.114
CTZ,random,RF,label,2,RBT-17-0138-1_S52,0,0.236
CTZ,random,RF,label,2,RBT-17-0150-1_S54,0,0.0
CTZ,random,RF,label,2,RBT-17-0156-1_S56,0,0.16
CTZ,random,RF,label,2,RBT-17-0177-1_S65,0,0.116
CTZ,random,RF,label,2,RBT-17-0183-1_S67,0,0.21
CTZ,random,RF,label,2,RBT-17-0219-1_S8,0,0.456
CTZ,random,RF,label,2,RBT-17-0232-1_S58,0,0.478
CTZ,random,RF,label,2,RBT-17-0238-1_S59,0,0.738
CTZ,random,RF,label,2,RBT-17-0256-1_S25,0,0.586
CTZ,random,RF,label,2,RBT-17-0291-1_S14,0,0.396
CTZ,random,RF,label,2,RBT-18-0050-1_S34,0,0.59
CTZ,random,RF,label,2,RBT-18-0057-1_S38,0,0.248
CTZ,random,RF,label,2,RBT-18-0103-1_S24,0,0.19
CTZ,random,RF,label,2,RBT-18-0115-1_S45,0,0.27
CTZ,random,RF,label,2,RBT-18-0134-1_S29,0,0.0
CTZ,random,RF,label,2,RBT-18-0146-1_S55,0,0.04
CTZ,random,RF,label,2,RBT-18-0179-1_S37,0,0.41
CTZ,random,RF,label,2,RBT-18-0181-1_S61,1,0.79
CTZ,random,RF,label,2,RBT-18-0224-1_S43,0,0.006
CTZ,random,RF,label,2,RBT-18-0227-1_S46,1,0.9193151308275788
CTZ,random,RF,label,2,RBT-18-0236-1_S48,1,0.806
CTZ,random,RF,label,2,RBT-18-0247-1_S16,1,0.776
CTZ,random,RF,label,2,RBT-18-0251-1_S7,0,0.28
CTZ,random,RF,label,2,RBT-18-0252-1_S53,0,0.766
CTZ,random,RF,label,2,RBT-18-0265-1_S59,0,0.198
CTZ,random,RF,label,2,RBT-18-0288-1_S68,0,0.036
CTZ,random,RF,label,2,RBT-18-0292-1_S70,0,0.014
CTZ,random,RF,label,2,RBT-18-0303-1_S20,0,0.136
CTZ,random,RF,label,2,RBT-18-0351-1_S48,0,0.408
CTZ,random,RF,label,2,RBT-18-0368-1_S32,1,0.002
CTZ,random,RF,label,2,RBT-18-0370-1_S33,0,0.096
CTZ,random,RF,label,2,RBT-18-0384-1_S40,0,0.006
CTZ,random,RF,label,2,RBT-18-0392-1_S56,1,0.8779824352548038
CTZ,random,RF,label,2,ResetH10_S1_L001,0,0.12
CTZ,random,RF,label,2,ResetH129_S7_L001,1,0.8771888888888889
CTZ,random,RF,label,2,ResetH132_S1_L001,1,0.37
CTZ,random,RF,label,2,ResetH152_S4_L001,1,0.984
CTZ,random,RF,label,2,ResetH30_S4_L001,0,0.26
CTZ,random,RF,label,2,ResetH45_S5_L001,0,0.07
CTZ,random,RF,label,2,ResetH8_S2_L001,0,0.316
CTZ,random,RF,label,2,ResetH93_S5_L001,1,0.13
CTZ,random,RF,label,2,ResetH99_S5_L001,0,0.222
CTZ,random,RF,label,2,ResetV260_S5_L001,1,0.5747071428571427
CTZ,random,RF,label,2,ResetV63_S5_L001,0,0.016
CTZ,random,RF,label,2,Survcare104_S16_L001,1,0.264
CTZ,random,RF,label,2,Survcare130_S2,1,0.002
CTZ,random,RF,label,2,Survcare187_S32,1,0.8833333333333334
CTZ,random,RF,label,2,Survcare244_S9_L001,1,0.576
CTZ,random,RF,label,2,Survcare275_S38,1,0.756
CTZ,random,RF,label,2,Survcare289_S36,1,0.966
CTZ,random,RF,label,2,Survcare291_S38,1,0.772
CTZ,random,RF,label,2,Survcare292_S39,1,0.48
CTZ,random,RF,label,2,Survcare293_S40,1,0.964
CTZ,random,RF,label,2,Survcare334_S10,1,0.932
CTZ,random,RF,label,2,V1_S6_L001,0,0.776
CTZ,random,RF,label,2,V108_S2_L001,0,0.322
CTZ,random,RF,label,2,V114_S5_L001,1,0.928
CTZ,random,RF,label,2,V130_S5_L001,1,0.778
CTZ,random,RF,label,2,V131_S7_L001,1,0.162
CTZ,random,RF,label,2,V177_S6_L001,1,0.362
CTZ,random,RF,label,2,V183_S7_L001,0,0.288
CTZ,random,RF,label,2,V271_S13_L001,1,0.774
CTZ,random,RF,label,2,V291_S5_L001,1,0.9893916666666667
CTZ,random,RF,label,2,V79_S6_L001,0,0.356
CTZ,random,RF,label,2,V8_S7_L001,0,0.822
CTZ,random,RF,label,2,V80_S7_L001,1,0.352
CTZ,random,RF,label,2,V96_S2_L001,1,0.968
CTZ,random,RF,label,2,w2RBG-16-037-1_S34,0,0.142
CTZ,random,RF,label,2,wdh-RBL-17-0361-1_S44,0,0.004
CTZ,random,RF,label,2,wdhRBF-18-0025-1_S11_L001,0,0.152
CTZ,random,RF,label,2,wdhRBF-18-0057_S14_L001,0,0.478
CTZ,random,RF,label,2,wdhRBF-18-0059-1_S15_L001,0,0.202
CTZ,random,RF,label,2,WDHRBG-17-0093-1_S1,1,0.716
CTZ,random,RF,label,2,wRBG-16-032-1_S142,0,0.0
CTZ,random,RF,label,2,wRBG-16-033-1_S153,0,0.368
CTZ,random,RF,label,2,wRBG-17-014-1_S167,0,0.806
CTZ,random,RF,label,2,wRBG-17-025-1_S133,0,0.538
CTZ,random,RF,label,2,wRBG-17-052-1_S120,0,0.756
CTZ,random,RF,label,2,wRBG-17-081-1_S117,0,0.354
CTZ,random,RF,label,2,wRBG-17-112-1_S146,0,0.298
CTZ,random,RF,label,2,wwRBB-16-112-1_S1,1,0.8794339743589743
CTZ,random,RF,label,2,wwRBB-17-031-1_S25,1,0.22
CTZ,random,RF,label,2,wwRBK-17-0148-1_S37,1,0.8542439576449341
CTZ,random,RF,label,2,wwRBK-17-0298-1_S42,1,0.988
CTZ,random,RF,label,2,wwRBL-17-004-1_S44,1,0.908585159391244
CTZ,random,RF,label,3,H141_S6_L001,1,0.464
CTZ,random,RF,label,3,H148_S4_L001,1,0.824
CTZ,random,RF,label,3,H160_S3_L001,1,0.94
CTZ,random,RF,label,3,H162_S4_L001,0,0.26
CTZ,random,RF,label,3,H38_S4_L001,1,0.878
CTZ,random,RF,label,3,H53_S4_L001,1,1.0
CTZ,random,RF,label,3,NNRBG-17-0191-1_S1,0,0.552
CTZ,random,RF,label,3,NNRBG-17-0193-1_S2,0,0.006
CTZ,random,RF,label,3,NNRBG-17-0205-1_S7,0,0.148
CTZ,random,RF,label,3,NNRBG-17-0239-1_S10,0,0.592
CTZ,random,RF,label,3,NNRBG-17-0249-1_S13,0,0.146
CTZ,random,RF,label,3,NNRBG-17-0298-1_S19,0,0.01
CTZ,random,RF,label,3,RBB-17-171-1_S52,1,0.7
CTZ,random,RF,label,3,RBB-18-0129-1_S179,1,0.822
CTZ,random,RF,label,3,RBB-18-0490-1_S20_L001,1,0.17
CTZ,random,RF,label,3,RBB-18-0519-1_S184,1,0.814
CTZ,random,RF,label,3,RBB-18-0665-1_S23_L001,1,0.212
CTZ,random,RF,label,3,RBB-18-0674-1_S189,1,0.928
CTZ,random,RF,label,3,RBB-18-0765-1_S191,1,0.168
CTZ,random,RF,label,3,RBB-18-1212-1_S67_2,1,0.982
CTZ,random,RF,label,3,RBF-16-0064-1_S136,0,0.042
CTZ,random,RF,label,3,RBF-17-0178-1_S139,0,0.844
CTZ,random,RF,label,3,RBF-17-0509-1_S74,0,0.216
CTZ,random,RF,label,3,RBF-17-0521-1_S78,0,0.992
CTZ,random,RF,label,3,RBF-17-0540-1_S83,0,0.052
CTZ,random,RF,label,3,RBF-17-0550-1_S84,0,0.368
CTZ,random,RF,label,3,RBF-17-0553-1_S85,0,0.996
CTZ,random,RF,label,3,RBF-17-0632-1_S97,0,0.0
CTZ,random,RF,label,3,RBF-17-067-1_S54,1,0.9
CTZ,random,RF,label,3,RBF-17-266-1_S70,1,0.34
CTZ,random,RF,label,3,RBF-18-0055-1_S11,0,0.05
CTZ,random,RF,label,3,RBF-18-0147-1_S36,0,0.24
CTZ,random,RF,label,3,RBF-18-0172-1_S40,0,0.058
CTZ,random,RF,label,3,RBF-18-0192-1_S44,0,0.268
CTZ,random,RF,label,3,RBF-18-0196-1_S46,0,0.89
CTZ,random,RF,label,3,RBF-18-0200-1_S48,0,0.008
CTZ,random,RF,label,3,RBF-18-0227-1_S53,0,0.368
CTZ,random,RF,label,3,RBF-18-0252-1_S56,0,0.202
CTZ,random,RF,label,3,RBF-18-0253-1_S13_L001,0,0.474
CTZ,random,RF,label,3,RBF-18-0296-1_S17,0,0.692
CTZ,random,RF,label,3,RBF-18-0339-1_S37,0,0.228
CTZ,random,RF,label,3,RBF-18-0664-1_S190,0,0.744
CTZ,random,RF,label,3,RBF-18-0714-2_S204_2,1,0.778
CTZ,random,RF,label,3,RBG-17-013-1_S16,1,0.572
CTZ,random,RF,label,3,RBg-17-123-2_S12,0,0.422
CTZ,random,RF,label,3,RBG-18-0004-1_S1,1,1.0
CTZ,random,RF,label,3,RBG-18-0017-1_S5,0,0.734
CTZ,random,RF,label,3,RBG-18-0041-1_S6,0,0.068
CTZ,random,RF,label,3,RBG-18-0083-1_S12,0,0.156
CTZ,random,RF,label,3,RBG-18-0144-1_S38,0,0.02
CTZ,random,RF,label,3,RBG-18-0202-1_S13_L001,0,0.756
CTZ,random,RF,label,3,RBG-18-0206-2_S46,0,0.084
CTZ,random,RF,label,3,RBG-18-0280-1_S51,0,0.108
CTZ,random,RF,label,3,RBG-18-0347-1_S22_L001,0,0.492
CTZ,random,RF,label,3,RBG-18-0358-1_S39,1,0.772
CTZ,random,RF,label,3,RBG-18-0380-1_S48,0,1.0
CTZ,random,RF,label,3,RBG-18-0388-1_S21_L001,1,0.938
CTZ,random,RF,label,3,RBG-18-0402-1_S50,1,0.566
CTZ,random,RF,label,3,RBG-18-0417-1_S52,0,0.216
CTZ,random,RF,label,3,RBK-16-079-1_S15,1,0.034
CTZ,random,RF,label,3,RBK-17-0457-1_S6,1,0.848
CTZ,random,RF,label,3,RBK-18-0019-1_S195,0,0.002
CTZ,random,RF,label,3,RBK-18-0020-1_S19,0,0.11
CTZ,random,RF,label,3,RBL-17-0116-1_S154,0,0.614
CTZ,random,RF,label,3,RBL-17-0117-1_S155,0,0.0
CTZ,random,RF,label,3,RBL-17-0136-1_S161,0,0.062
CTZ,random,RF,label,3,RBL-17-0172-1_S170,0,0.006
CTZ,random,RF,label,3,RBL-17-0242-1_S42,1,0.95
CTZ,random,RF,label,3,RBL-17-0259-1_S99,0,0.626
CTZ,random,RF,label,3,RBL-17-0327-1_S116,0,0.022
CTZ,random,RF,label,3,RBL-17-0347-1_S104,0,0.032
CTZ,random,RF,label,3,RBL-17-0350-1_S106,0,0.46
CTZ,random,RF,label,3,RBL-17-0365-1_S112,0,0.034
CTZ,random,RF,label,3,RBL-17-0375-1_S117,0,0.838
CTZ,random,RF,label,3,RBL-17-0395-1_S124,0,0.002
CTZ,random,RF,label,3,RBL-17-0432-1_S132,0,0.326
CTZ,random,RF,label,3,RBL-17-060-1_S17,1,0.722
CTZ,random,RF,label,3,RBL-18-0002-1_S158,0,0.088
CTZ,random,RF,label,3,RBL-18-0016-1_S161,0,0.0
CTZ,random,RF,label,3,RBL-18-0032-1_S167,0,0.314
CTZ,random,RF,label,3,RBL-18-0048-1_S44,0,1.0
CTZ,random,RF,label,3,RBL-18-0066-1_S173,0,0.602
CTZ,random,RF,label,3,RBL-18-0090-1_S48,1,0.906
CTZ,random,RF,label,3,RBL-18-0343-1_S6,1,0.254
CTZ,random,RF,label,3,RBT-17-0009-1_S21,0,0.202
CTZ,random,RF,label,3,RBT-17-0027-1_S3,0,0.042
CTZ,random,RF,label,3,RBT-17-0039-1_S28,1,0.2
CTZ,random,RF,label,3,RBT-17-0082-1_S30,0,0.564
CTZ,random,RF,label,3,RBT-17-0084-1_S31,0,0.006
CTZ,random,RF,label,3,RBT-17-0102-1_S37,0,0.866
CTZ,random,RF,label,3,RBT-17-0130-1_S27,0,0.172
CTZ,random,RF,label,3,RBT-17-0133-1_S6,0,0.896
CTZ,random,RF,label,3,RBT-17-0142-1_S53,0,0.038
CTZ,random,RF,label,3,RBT-17-0161-1_S57,0,0.014
CTZ,random,RF,label,3,RBT-17-0163-1_S59,0,0.016
CTZ,random,RF,label,3,RBT-17-0168-1_S61,0,0.154
CTZ,random,RF,label,3,RBT-17-0174-1_S64,0,0.162
CTZ,random,RF,label,3,RBT-17-0210-1_S55,0,0.0
CTZ,random,RF,label,3,RBT-17-0251-1_S62,0,0.976
CTZ,random,RF,label,3,RBT-17-0279-1_S12,0,0.196
CTZ,random,RF,label,3,RBT-18-0017-1_S67,0,0.0
CTZ,random,RF,label,3,RBT-18-0023-1_S14,0,0.03
CTZ,random,RF,label,3,RBT-18-0030-1_S69,0,0.024
CTZ,random,RF,label,3,RBT-18-0053-1_S36,1,0.988
CTZ,random,RF,label,3,RBT-18-0066-1_S40,0,0.002
CTZ,random,RF,label,3,RBT-18-0102-1_S23,0,0.002
CTZ,random,RF,label,3,RBT-18-0116-1_S46,0,0.08
CTZ,random,RF,label,3,RBT-18-0120-1_S48,0,0.104
CTZ,random,RF,label,3,RBT-18-0121-1_S28,0,0.034
CTZ,random,RF,label,3,RBT-18-0141-1_S32,0,0.006
CTZ,random,RF,label,3,RBT-18-0269-1_S61,0,0.032
CTZ,random,RF,label,3,RBT-18-0283-1_S65,0,0.012
CTZ,random,RF,label,3,RBT-18-0284-1_S66,1,0.99
CTZ,random,RF,label,3,RBT-18-0293-1_S71,0,0.0
CTZ,random,RF,label,3,RBT-18-0316-1_S43,0,0.0
CTZ,random,RF,label,3,RBT-18-0339-1_S47,0,0.084
CTZ,random,RF,label,3,RBT-18-0361-1_S38,0,0.518
CTZ,random,RF,label,3,RBT-18-0377-1_S1,0,0.128
CTZ,random,RF,label,3,ResetH1_S1_L001,0,0.09
CTZ,random,RF,label,3,ResetH16_S2_L001,1,0.64
CTZ,random,RF,label,3,ResetH24a_S3_2_L001,1,0.998
CTZ,random,RF,label,3,ResetH98_S4_L001,0,0.07
CTZ,random,RF,label,3,ResetV76_S7_L001,0,0.146
CTZ,random,RF,label,3,Survcare058_S26,1,0.992
CTZ,random,RF,label,3,Survcare129_S1,1,0.022
CTZ,random,RF,label,3,Survcare140_S4_L001,1,0.962
CTZ,random,RF,label,3,Survcare184_S19,1,0.756
CTZ,random,RF,label,3,Survcare190_S35,1,0.158
CTZ,random,RF,label,3,Survcare221_S7_L001,1,0.018
CTZ,random,RF,label,3,Survcare234_S3_L001,1,0.034
CTZ,random,RF,label,3,Survcare253_S35,1,0.512
CTZ,random,RF,label,3,Survcare295_S8_L001,1,0.652
CTZ,random,RF,label,3,Survcare303_S15_L001,1,0.972
CTZ,random,RF,label,3,Survcare310_S21_L001,1,0.236
CTZ,random,RF,label,3,Survcare319_S16,1,0.946
CTZ,random,RF,label,3,Survcare329_S3,1,0.446
CTZ,random,RF,label,3,Survcare335_S11,1,0.964
CTZ,random,RF,label,3,V116_S6_L001,0,0.522
CTZ,random,RF,label,3,V139_S7_L001,0,0.994
CTZ,random,RF,label,3,V153_S4_L001,0,0.184
CTZ,random,RF,label,3,V195_S1_L001,1,0.072
CTZ,random,RF,label,3,V228_S8_L001,1,0.872
CTZ,random,RF,label,3,V238_S11_L001,0,0.448
CTZ,random,RF,label,3,V283_S5_L001,1,0.8
CTZ,random,RF,label,3,V289_S5_L001,0,0.244
CTZ,random,RF,label,3,V64_S3_L001,0,0.014
CTZ,random,RF,label,3,V73_S5_L001,1,0.954
CTZ,random,RF,label,3,wdh-RBF-17-0572-1_S43,0,0.052
CTZ,random,RF,label,3,wdhRBF-17-0558-1_S121,0,0.786
CTZ,random,RF,label,3,wdhRBF-18-0081-1_S18_L001,0,0.542
CTZ,random,RF,label,3,WDHRBG-16-050-1_S40,1,0.544
CTZ,random,RF,label,3,wRBG-16-027-1_S174,0,0.014
CTZ,random,RF,label,3,wRBG-17-022-1_S43,1,0.886
CTZ,random,RF,label,3,wRBG-17-031-1_S154,0,0.062
CTZ,random,RF,label,3,wRBG-17-034-1_S121,0,0.112
CTZ,random,RF,label,3,wRBG-17-049-1_S142,0,0.146
CTZ,random,RF,label,3,wRBG-17-058-1_S130,0,0.012
CTZ,random,RF,label,3,wRBG-17-075-1_S96,0,0.518
CTZ,random,RF,label,3,wwRBF-17-189-1_S32,1,0.908
CTZ,random,RF,label,3,wwRBK-16-023-1_S5,1,0.738
CTZ,random,RF,label,3,wwRBK-17-0197-1_S39,1,1.0
CTZ,random,RF,label,3,wwRBK-17-075-1_S28,1,0.906
CTZ,random,RF,label,4,H105_S3_L001,0,0.9176183204050851
CTZ,random,RF,label,4,H109_S2_L001,0,0.45
CTZ,random,RF,label,4,H113_S6_L001,0,0.098
CTZ,random,RF,label,4,H122_S4_L001,1,0.094
CTZ,random,RF,label,4,H130_S2_L001,1,0.016
CTZ,random,RF,label,4,H154_S2_L001,1,0.938
CTZ,random,RF,label,4,H157_S3_L001,0,0.286
CTZ,random,RF,label,4,H176_S5_L001,0,0.288
CTZ,random,RF,label,4,H50_S7_L001,0,0.054
CTZ,random,RF,label,4,H66_S1_L001,1,0.992
CTZ,random,RF,label,4,NNRBG-17-0227-1_S8,0,0.014
CTZ,random,RF,label,4,NNRBG-17-0242-1_S11,0,0.18252732822732817
CTZ,random,RF,label,4,NNRBG-17-0243-1_S12,0,0.102
CTZ,random,RF,label,4,NNRBG-17-0308-1_S20,0,0.022
CTZ,random,RF,label,4,RBB-18-0892-1_S80_2,1,1.0
CTZ,random,RF,label,4,RBB-18-1309-1_S42,1,0.87
CTZ,random,RF,label,4,RBB-18-1488-1_S46,1,0.0
CTZ,random,RF,label,4,RBBK18-0189-1_S24_L001,0,0.304
CTZ,random,RF,label,4,RBF-17-0194-1_S140,0,0.178
CTZ,random,RF,label,4,RBF-17-0340-1_S81,1,0.266
CTZ,random,RF,label,4,RBF-17-0523-1_S30,0,0.012
CTZ,random,RF,label,4,RBF-17-0532-1_S80,0,0.038
CTZ,random,RF,label,4,RBF-17-0532-2_S31,0,0.04
CTZ,random,RF,label,4,RBF-17-0538-1_S82,0,0.188
CTZ,random,RF,label,4,RBF-17-0635-1_S98,0,0.36
CTZ,random,RF,label,4,RBF-17-0653-1_S101,0,0.01575
CTZ,random,RF,label,4,RBF-17-186-1_S69,1,0.91560993826435
CTZ,random,RF,label,4,RBF-17-277-1_S73,1,0.168
CTZ,random,RF,label,4,RBF-18-0035-1_S6,0,0.446
CTZ,random,RF,label,4,RBF-18-0086-1_S22,0,0.012
CTZ,random,RF,label,4,RBF-18-0121-1_S28,0,0.088
CTZ,random,RF,label,4,RBF-18-0127-1_S32,0,0.282
CTZ,random,RF,label,4,RBF-18-0139-1_S35,0,0.354
CTZ,random,RF,label,4,RBF-18-0160-1_S37,0,0.524
CTZ,random,RF,label,4,RBF-18-0173-1_S27,0,0.062
CTZ,random,RF,label,4,RBF-18-0184-1_S30,0,0.894
CTZ,random,RF,label,4,RBF-18-0201-1_S49,0,0.136
CTZ,random,RF,label,4,RBF-18-0217-1_S54,0,0.124
CTZ,random,RF,label,4,RBF-18-0251-1_S55,0,0.938
CTZ,random,RF,label,4,RBF-18-0259-1_S33,0,0.014
CTZ,random,RF,label,4,RBF-18-0277-1_S61,0,0.7087846082022552
CTZ,random,RF,label,4,RBF-18-0321-1_S69,0,0.29
CTZ,random,RF,label,4,RBF-18-0333-1_S70,0,0.14
CTZ,random,RF,label,4,RBF-18-0405-1_S81_2,1,1.0
CTZ,random,RF,label,4,RBF-18-0585-1_S48,1,0.918
CTZ,random,RF,label,4,RBG-17-0383-1_S44,0,0.472
CTZ,random,RF,label,4,RBG-18-0012-1_S3,0,0.408
CTZ,random,RF,label,4,RBG-18-0054-1_S42,0,0.114
CTZ,random,RF,label,4,RBG-18-0076-1_S10,0,0.252
CTZ,random,RF,label,4,RBG-18-0221-1_S47,0,0.202
CTZ,random,RF,label,4,RBG-18-0265-1_S49,0,0.708
CTZ,random,RF,label,4,RBG-18-0367-1_S57,0,0.15
CTZ,random,RF,label,4,RBG-18-0410-1_S12,1,0.7950277777777778
CTZ,random,RF,label,4,RBK-17-0601-1_S25,1,0.91560993826435
CTZ,random,RF,label,4,RBK-17-0612-1_S27,1,0.91720993826435
CTZ,random,RF,label,4,RBK-17-0655-5_S182,1,0.9179853212147331
CTZ,random,RF,label,4,RBK-18-0077-1_S212,1,0.91720993826435
CTZ,random,RF,label,4,RBK-18-0080-1_S205,0,0.06
CTZ,random,RF,label,4,RBK-18-0414-1_S59,0,0.456
CTZ,random,RF,label,4,RBKk-18-0108-1_S201,1,0.9830989010989011
CTZ,random,RF,label,4,RBL-17-0107-1_S150,0,0.362
CTZ,random,RF,label,4,RBL-17-0133-1_S159,0,0.172
CTZ,random,RF,label,4,RBL-17-0165-1_S167,0,0.282
CTZ,random,RF,label,4,RBL-17-0217-1_S176,0,0.256
CTZ,random,RF,label,4,RBL-17-0261-1_S100,0,0.372
CTZ,random,RF,label,4,RBL-17-0263-1_S102,0,0.088
CTZ,random,RF,label,4,RBL-17-0305-1_S49,1,0.898
CTZ,random,RF,label,4,RBL-17-0332-1_S118,0,0.372
CTZ,random,RF,label,4,RBL-17-0342-1_S103,0,0.454
CTZ,random,RF,label,4,RBL-17-0359-1_S66,1,0.88
CTZ,random,RF,label,4,RBL-17-0360-1_S108,0,0.296
CTZ,random,RF,label,4,RBL-17-0366-1_S113,0,0.768
CTZ,random,RF,label,4,RBL-17-0383-1_S119,0,0.172
CTZ,random,RF,label,4,RBL-18-0055-1_S170,0,0.264
CTZ,random,RF,label,4,RBL-18-0076-1_S47,1,0.792228655821303
CTZ,random,RF,label,4,RBL-18-0242-1_S51,0,0.248
CTZ,random,RF,label,4,RBL-18-0467-1_S228_2,1,0.65
CTZ,random,RF,label,4,RBT-16-0024-1_S10,1,0.926
CTZ,random,RF,label,4,RBT-17-0008-1_S18,0,0.124
CTZ,random,RF,label,4,RBT-17-0033-1_S12,1,0.152
CTZ,random,RF,label,4,RBT-17-0090-1_S32,0,0.0
CTZ,random,RF,label,4,RBT-17-0097-1_S34,1,0.876
CTZ,random,RF,label,4,RBT-17-0109-1_S40,0,0.04
CTZ,random,RF,label,4,RBT-17-0118-1_S45,0,0.142
CTZ,random,RF,label,4,RBT-17-0173-1_S63,0,0.072
CTZ,random,RF,label,4,RBT-17-0178-1_S66,0,0.006
CTZ,random,RF,label,4,RBT-17-0188-1_S68,1,0.416
CTZ,random,RF,label,4,RBT-17-0194-1_S30,0,0.096
CTZ,random,RF,label,4,RBT-17-0270-1_S65,0,0.032
CTZ,random,RF,label,4,RBT-17-0287-1_S10,0,0.398
CTZ,random,RF,label,4,RBT-17-0295-1_S15,0,0.128
CTZ,random,RF,label,4,RBT-17-0328-1_S16,1,0.988
CTZ,random,RF,label,4,RBT-17-0337-1_S19,0,0.002
CTZ,random,RF,label,4,RBT-18-0004-1_S51,1,0.586
CTZ,random,RF,label,4,RBT-18-0045-1_S70,0,0.392
CTZ,random,RF,label,4,RBT-18-0101-1_S22,0,0.892
CTZ,random,RF,label,4,RBT-18-0127-1_S51,0,0.002
CTZ,random,RF,label,4,RBT-18-0129-1_S52,0,0.508
CTZ,random,RF,label,4,RBT-18-0164-1_S34,0,0.668
CTZ,random,RF,label,4,RBT-18-0185-1_S39,0,0.046
CTZ,random,RF,label,4,RBT-18-0230-1_S45,0,0.022
CTZ,random,RF,label,4,RBT-18-0232-1_S47,0,0.36
CTZ,random,RF,label,4,RBT-18-0275-1_S63,0,0.014
CTZ,random,RF,label,4,RBT-18-0317-1_S27,0,0.088
CTZ,random,RF,label,4,RBT-18-0324-1_S57,1,0.996
CTZ,random,RF,label,4,RBT-18-0337-1_S46,0,0.872734010270775
CTZ,random,RF,label,4,RBT-18-0340-1_S36,0,0.006
CTZ,random,RF,label,4,RBT-18-0364-1_S29,0,0.708
CTZ,random,RF,label,4,RBT-18-0365-1_S30,0,0.22
CTZ,random,RF,label,4,RBT-18-0385-1_S34,0,0.01
CTZ,random,RF,label,4,RBT-18-0391-1_S35,1,0.9853117330382037
CTZ,random,RF,label,4,RBT-18-0401-1_S43,0,0.794927539127539
CTZ,random,RF,label,4,ResetH134_S8_L001,1,0.354
CTZ,random,RF,label,4,ResetH44_S3_L001,0,0.25
CTZ,random,RF,label,4,ResetH49b_S6_L001,0,0.202
CTZ,random,RF,label,4,ResetH63_S7_L001,1,0.91560993826435
CTZ,random,RF,label,4,ResetH68_S1_L001,0,0.0
CTZ,random,RF,label,4,ResetH92_S4_L001,1,0.156
CTZ,random,RF,label,4,ResetV210_S4_L001,1,0.93
CTZ,random,RF,label,4,Survcare0111_S29,1,0.2
CTZ,random,RF,label,4,Survcare0114_S37,1,0.024
CTZ,random,RF,label,4,Survcare125_S25,1,0.984
CTZ,random,RF,label,4,Survcare230_S17_L001,1,0.742
CTZ,random,RF,label,4,Survcare262_S23_L001,1,0.322
CTZ,random,RF,label,4,Survcare265_S20,1,0.2181758408258408
CTZ,random,RF,label,4,Survcare278_S62,1,0.54
CTZ,random,RF,label,4,Survcare321_S18,1,0.996
CTZ,random,RF,label,4,Survcare341_S25,1,0.524
CTZ,random,RF,label,4,Survcare350_S44,1,0.284
CTZ,random,RF,label,4,V123_S1_L001,0,0.284
CTZ,random,RF,label,4,V173_S6_L001,0,0.096
CTZ,random,RF,label,4,V182_S6_L001,1,0.246
CTZ,random,RF,label,4,V205_S3_L001,0,0.384
CTZ,random,RF,label,4,V215_S2_L001,0,0.442
CTZ,random,RF,label,4,V232_S3_L001,0,0.02
CTZ,random,RF,label,4,V279_S8_L001,1,0.716
CTZ,random,RF,label,4,V295_S7_L001,0,0.9456
CTZ,random,RF,label,4,V40_S2_L001,1,0.32
CTZ,random,RF,label,4,V9_S1_L001,1,0.32
CTZ,random,RF,label,4,W2RBF-17-133-1_S28,1,0.482
CTZ,random,RF,label,4,W2RBL-16-018-1_S15,1,0.8305030303030303
CTZ,random,RF,label,4,wdh-RBB-17-170-1_S16,1,0.9776530639295344
CTZ,random,RF,label,4,wdh-Survcare119_S44,1,0.382
CTZ,random,RF,label,4,wdhRBF-17-0564-1_S230,0,0.99
CTZ,random,RF,label,4,wdhRBF-18-0048-1_S12_L001,0,0.396
CTZ,random,RF,label,4,wdhRBF-18-0049-1_S13_L001,0,0.37
CTZ,random,RF,label,4,WDHRBG-16-049-1_S87,0,0.606
CTZ,random,RF,label,4,WDHRBG-16-062-1_S49,0,0.0
CTZ,random,RF,label,4,WDHRBG-17-005-2_S61,0,0.016
CTZ,random,RF,label,4,WDHRBG-17-008-1_S83,0,0.494
CTZ,random,RF,label,4,WDHRBG-17-121-1_S46,0,0.084
CTZ,random,RF,label,4,wRBF-17-0146-1_S35,1,0.9788197305962012
CTZ,random,RF,label,4,wRBG-16-024-1_S152,0,0.262
CTZ,random,RF,label,4,wRBG-17-021-1_S166,0,0.0
CTZ,random,RF,label,4,wRBG-17-028-1_S100,0,0.026
CTZ,random,RF,label,4,wRBG-17-047-1_S153,0,0.008
CTZ,random,RF,label,4,wRBG-17-073-1_S118,0,0.018
CTZ,random,RF,label,4,wRBG-17-082-1_S106,0,0.186
CTZ,random,RF,label,4,wwRBF-17-148-1_S27,0,0.074
CTZ,random,RF,label,4,wwRBF-17-251-1_S33,1,0.996
CTZ,random,RF,label,4,wwRBK-17-0148-2_S38,1,0.91360993826435
CTZ,random,LR,onehot,0,H100_S2_L001,0,0.0007542874664068222
CTZ,random,LR,onehot,0,H108_S5_L001,0,0.25622910261154175
CTZ,random,LR,onehot,0,H119_S7_L001,1,0.8894348740577698
CTZ,random,LR,onehot,0,H17_S2_L001,0,0.09232534468173981
CTZ,random,LR,onehot,0,H3_S1_L001,1,0.8921710252761841
CTZ,random,LR,onehot,0,H37_S3_L001,0,0.028314271941781044
CTZ,random,LR,onehot,0,H51_S5_L001,0,0.9100711345672607
CTZ,random,LR,onehot,0,H86_S1_L001,0,0.48145079612731934
CTZ,random,LR,onehot,0,NNRBG-17-0198-1_S4,0,1.8454044266036362e-06
CTZ,random,LR,onehot,0,NNRBG-17-0201-1_S6,0,6.148614920675755e-05
CTZ,random,LR,onehot,0,NNRBG-17-0234-1_S9,0,0.001584540936164558
CTZ,random,LR,onehot,0,NNRBG-17-0294-1_S18,0,0.06356465071439743
CTZ,random,LR,onehot,0,NNRBG-17-0319-1_S24,0,0.03096184879541397
CTZ,random,LR,onehot,0,NNRBG-17-0328-1_S25,0,0.046110689640045166
CTZ,random,LR,onehot,0,NNRBG-17-0346-1_S30,0,0.000342327868565917
CTZ,random,LR,onehot,0,NNRBG-17-0378-1_S37,0,0.939024031162262
CTZ,random,LR,onehot,0,NNRBG-17-0382-1_S38,0,2.066797787847463e-05
CTZ,random,LR,onehot,0,RBB-17-011-1_S40,1,0.9264470934867859
CTZ,random,LR,onehot,0,RBB-18-0537-1_S21_L001,1,0.9861741065979004
CTZ,random,LR,onehot,0,RBB-18-0772-1_S192,1,0.6955684423446655
CTZ,random,LR,onehot,0,RBB-18-1393-1_S48,1,0.9271355271339417
CTZ,random,LR,onehot,0,RBF-16-073-1_S23,1,0.9503607153892517
CTZ,random,LR,onehot,0,RBF-17-0173-1_S138,0,0.11877641081809998
CTZ,random,LR,onehot,0,RBF-17-0424-1_S15,0,0.03730600327253342
CTZ,random,LR,onehot,0,RBF-17-0438-1_S9,1,0.9264470934867859
CTZ,random,LR,onehot,0,RBF-17-0467-1_S12,1,0.8905892372131348
CTZ,random,LR,onehot,0,RBF-17-0489-1_S13,1,0.7368373274803162
CTZ,random,LR,onehot,0,RBF-17-0508-1_S73,0,0.6984313726425171
CTZ,random,LR,onehot,0,RBF-17-0537-1_S56,1,0.9311236143112183
CTZ,random,LR,onehot,0,RBF-17-0572-2_S89,0,5.294329093885608e-05
CTZ,random,LR,onehot,0,RBF-17-0605-1_S94,0,0.785494327545166
CTZ,random,LR,onehot,0,RBF-17-0614-3_S95,0,0.015460613183677197
CTZ,random,LR,onehot,0,RBF-17-0616-1_S96,0,0.00040781914140097797
CTZ,random,LR,onehot,0,RBF-17-0645-1_S61,0,1.3711449355469085e-05
CTZ,random,LR,onehot,0,RBF-17-0648-1_S100,0,1.4023122218986828e-07
CTZ,random,LR,onehot,0,RBF-17-0664-1_S63,0,0.1701662540435791
CTZ,random,LR,onehot,0,RBF-17-094-1_S56,1,0.8899774551391602
CTZ,random,LR,onehot,0,RBF-18-0013-1_S25_L001,0,0.010128814727067947
CTZ,random,LR,onehot,0,RBF-18-0027-1_S5,0,0.02156277559697628
CTZ,random,LR,onehot,0,RBF-18-0085-1_S21,0,0.0002116271061822772
CTZ,random,LR,onehot,0,RBF-18-0088-1_S24,0,7.939242095744703e-06
CTZ,random,LR,onehot,0,RBF-18-0099-1_S26,0,0.0001355251733912155
CTZ,random,LR,onehot,0,RBF-18-0125-1_S30,0,0.0008200192241929471
CTZ,random,LR,onehot,0,RBF-18-0126-1_S31,0,0.06741566956043243
CTZ,random,LR,onehot,0,RBF-18-0199-1_S47,0,0.9788370132446289
CTZ,random,LR,onehot,0,RBF-18-0634-1_S183,0,0.00022666247969027609
CTZ,random,LR,onehot,0,RBG-17-0269-1_S41,0,0.5560412406921387
CTZ,random,LR,onehot,0,RBG-18-0023-1_S2,0,0.0008218081784434617
CTZ,random,LR,onehot,0,RBG-18-0029-1_S40,0,8.406471170019358e-05
CTZ,random,LR,onehot,0,RBG-18-0085-1_S11,0,0.027619337663054466
CTZ,random,LR,onehot,0,RBG-18-0099-1_S14,1,0.9264470934867859
CTZ,random,LR,onehot,0,RBG-18-0129-1_S15_L001,1,0.7777801752090454
CTZ,random,LR,onehot,0,RBG-18-0153-1_S14,0,0.5993651151657104
CTZ,random,LR,onehot,0,RBG-18-0170-1_S41,0,0.0018002712167799473
CTZ,random,LR,onehot,0,RBG-18-0185-1_S40,0,0.019300837069749832
CTZ,random,LR,onehot,0,RBG-18-0193-1_S8,0,1.2885099749837536e-05
CTZ,random,LR,onehot,0,RBG-18-0209-2_S46,0,0.04381478950381279
CTZ,random,LR,onehot,0,RBG-18-0239-1_S4,0,4.283876114641316e-05
CTZ,random,LR,onehot,0,RBG-18-0289-1_S37,1,0.20888780057430267
CTZ,random,LR,onehot,0,RBG-18-0300-1_S52,0,0.004920686595141888
CTZ,random,LR,onehot,0,RBG-18-0308-1_S54,1,0.007562825921922922
CTZ,random,LR,onehot,0,RBG-18-0312-1_S55,0,0.016562843695282936
CTZ,random,LR,onehot,0,RBG-18-0355-1_S19_L001,0,0.0006161756464280188
CTZ,random,LR,onehot,0,RBG-18-0381-1_S49,0,0.0010715639218688011
CTZ,random,LR,onehot,0,RBG-18-0383-1_S37,1,0.9988923668861389
CTZ,random,LR,onehot,0,RBG-18-0437-1_S54,0,0.08923253417015076
CTZ,random,LR,onehot,0,RBK-16-007-1_S13,1,0.7749500274658203
CTZ,random,LR,onehot,0,RBK-17-0492-1_S8,1,0.46611446142196655
CTZ,random,LR,onehot,0,RBK-17-0588-1_S24,1,0.25587838888168335
CTZ,random,LR,onehot,0,RBK-17-0595-1_S187,1,0.30907878279685974
CTZ,random,LR,onehot,0,RBK-18-0022-1_S197,0,0.0002597234561108053
CTZ,random,LR,onehot,0,RBK-18-0047-1_S20,0,0.14387159049510956
CTZ,random,LR,onehot,0,RBK-18-0060-1_S22,0,0.00621642405167222
CTZ,random,LR,onehot,0,RBk-18-0216-1_S231_2,0,0.9982208609580994
CTZ,random,LR,onehot,0,RBK-18-0236-2_S52_2,1,0.71183180809021
CTZ,random,LR,onehot,0,RBL-17-0138-1_S162,0,0.047618139535188675
CTZ,random,LR,onehot,0,RBL-17-0199-1_S174,0,0.9103185534477234
CTZ,random,LR,onehot,0,RBL-17-0235-1_S92,0,0.001136356731876731
CTZ,random,LR,onehot,0,RBL-17-0264-1_S103,0,0.3923966586589813
CTZ,random,LR,onehot,0,RBL-17-0267-1_S104,0,0.11445701867341995
CTZ,random,LR,onehot,0,RBL-17-0306-1_S50,1,0.09723372012376785
CTZ,random,LR,onehot,0,RBL-17-0323-1_S115,0,0.019700070843100548
CTZ,random,LR,onehot,0,RBL-17-0390-1_S121,0,2.0539260731311515e-05
CTZ,random,LR,onehot,0,RBL-17-0392-1_S69,1,0.9829229116439819
CTZ,random,LR,onehot,0,RBL-17-0397-1_S125,0,0.0029321275651454926
CTZ,random,LR,onehot,0,RBL-18-0010-1_S159,0,0.009692801162600517
CTZ,random,LR,onehot,0,RBL-18-0085-1_S176,0,0.03416911140084267
CTZ,random,LR,onehot,0,RBL-18-0194-1_S195_2,1,0.9434767961502075
CTZ,random,LR,onehot,0,RBL-18-0500-1_S230_2,1,0.09279227256774902
CTZ,random,LR,onehot,0,RBT-17-0003-1_S16,0,0.01403050683438778
CTZ,random,LR,onehot,0,RBT-17-0019-1_S62,1,0.9999959468841553
CTZ,random,LR,onehot,0,RBT-17-0149-1_S13,1,0.00793850515037775
CTZ,random,LR,onehot,0,RBT-17-0249-1_S61,1,0.9376757144927979
CTZ,random,LR,onehot,0,RBT-18-0021-1_S56,1,0.9264470934867859
CTZ,random,LR,onehot,0,RBT-18-0042-1_S60,0,9.673323074821383e-05
CTZ,random,LR,onehot,0,RBT-18-0046-1_S2,0,0.14073768258094788
CTZ,random,LR,onehot,0,RBT-18-0052-1_S35,1,0.0026961173862218857
CTZ,random,LR,onehot,0,RBT-18-0056-1_S37,0,1.8422921129968017e-05
CTZ,random,LR,onehot,0,RBT-18-0079-1_S16,0,0.03065999411046505
CTZ,random,LR,onehot,0,RBT-18-0080-1_S49,1,0.9995508790016174
CTZ,random,LR,onehot,0,RBT-18-0091-1_S42,0,0.2334836721420288
CTZ,random,LR,onehot,0,RBT-18-0095-1_S19,0,0.0069780414924025536
CTZ,random,LR,onehot,0,RBT-18-0110-1_S27,0,0.00041777369915507734
CTZ,random,LR,onehot,0,RBT-18-0113-1_S44,0,0.002644219435751438
CTZ,random,LR,onehot,0,RBT-18-0125-1_S50,0,0.0020427957642823458
CTZ,random,LR,onehot,0,RBT-18-0173-1_S35,0,0.1540609747171402
CTZ,random,LR,onehot,0,RBT-18-0197-1_S40,0,0.6966037154197693
CTZ,random,LR,onehot,0,RBT-18-0205-1_S6,1,0.9181810617446899
CTZ,random,LR,onehot,0,RBT-18-0234-1_S15,1,0.9753932356834412
CTZ,random,LR,onehot,0,RBT-18-0246-1_S52,0,0.002006327034905553
CTZ,random,LR,onehot,0,RBT-18-0253-1_S54,0,0.9996403455734253
CTZ,random,LR,onehot,0,RBT-18-0259-1_S55,0,0.0010071492288261652
CTZ,random,LR,onehot,0,RBT-18-0263-1_S58,0,0.006442639511078596
CTZ,random,LR,onehot,0,RBT-18-0278-1_S64,0,0.1539769023656845
CTZ,random,LR,onehot,0,RBT-18-0331-1_S22,0,0.00069042993709445
CTZ,random,LR,onehot,0,RBT-18-0338-1_S35,0,0.011563751846551895
CTZ,random,LR,onehot,0,RBT-18-0341-1_S24,0,6.013480378896929e-05
CTZ,random,LR,onehot,0,RBT-18-0357-1_S27,0,3.4944732760777697e-06
CTZ,random,LR,onehot,0,RBT-18-0360-1_S39,0,0.0027487261686474085
CTZ,random,LR,onehot,0,RBT-18-0372-1_S31,1,0.9556293487548828
CTZ,random,LR,onehot,0,ResetV288_S6_L001,0,0.033531393855810165
CTZ,random,LR,onehot,0,ResetV70_S6_L001,1,0.9989902377128601
CTZ,random,LR,onehot,0,Survcare133_S25,1,0.992408037185669
CTZ,random,LR,onehot,0,Survcare134_S26,1,0.9850098490715027
CTZ,random,LR,onehot,0,Survcare176_S17_L001,1,0.9212438464164734
CTZ,random,LR,onehot,0,Survcare236_S5_L001,1,0.44933393597602844
CTZ,random,LR,onehot,0,Survcare309_S20_L001,1,0.9997264742851257
CTZ,random,LR,onehot,0,Survcare317_S5_L001,1,0.0018348274752497673
CTZ,random,LR,onehot,0,Survcare327_S1,1,0.891766369342804
CTZ,random,LR,onehot,0,Survcare337_S12,1,0.999638557434082
CTZ,random,LR,onehot,0,V111_S3_L001,0,8.428705768892542e-05
CTZ,random,LR,onehot,0,V113_S3_L001,0,0.00014308321988210082
CTZ,random,LR,onehot,0,V120_S5_L001,0,0.5571035742759705
CTZ,random,LR,onehot,0,V152_S3_L001,0,0.020872855558991432
CTZ,random,LR,onehot,0,V155_S5_L001,0,8.959257684182376e-05
CTZ,random,LR,onehot,0,V168_S9_L001,1,0.9937295913696289
CTZ,random,LR,onehot,0,V172_S5_L001,0,0.049180589616298676
CTZ,random,LR,onehot,0,V201_S4_L001,1,0.9981210827827454
CTZ,random,LR,onehot,0,V229_S10_L001,1,0.9927552342414856
CTZ,random,LR,onehot,0,V282_S4_L001,0,0.6024107336997986
CTZ,random,LR,onehot,0,V41_S2_L001,0,0.012114803306758404
CTZ,random,LR,onehot,0,V71_S4_L001,1,0.8820697069168091
CTZ,random,LR,onehot,0,V89_S1_L001,0,0.0008999560377560556
CTZ,random,LR,onehot,0,W2RBK-17-168-1_S33,1,0.974489688873291
CTZ,random,LR,onehot,0,W2RBK-17-169-1_S34,1,0.99128258228302
CTZ,random,LR,onehot,0,wdh-RBB-16-025-1_S20,0,7.76128743495974e-08
CTZ,random,LR,onehot,0,wdh2NRZ-29911a_S31,1,0.001772065064869821
CTZ,random,LR,onehot,0,wdhRBF-10-0002-1_S10_L001,1,0.9981734752655029
CTZ,random,LR,onehot,0,wdhRBF-18-0080-1_S17_L001,0,0.2085779905319214
CTZ,random,LR,onehot,0,wdhRBF-18-0098-1_S19_L001,0,0.0010819177841767669
CTZ,random,LR,onehot,0,wdhRBL-17-0370-1_S232,0,0.00044415483716875315
CTZ,random,LR,onehot,0,wNRZ-32446_S79,1,0.00043134254519827664
CTZ,random,LR,onehot,0,wNRZ-33910_S81,1,0.11793588846921921
CTZ,random,LR,onehot,0,wRBG-16-026-1_S163,0,7.037026807665825e-05
CTZ,random,LR,onehot,0,wRBG-16-034-1_S164,0,0.43116116523742676
CTZ,random,LR,onehot,0,wRBG-17-057-1_S141,0,0.03048449382185936
CTZ,random,LR,onehot,0,wRBG-17-072-1_S129,0,1.9676529063872295e-06
CTZ,random,LR,onehot,0,wRBG-17-102-1_S169,0,3.200237188138999e-05
CTZ,random,LR,onehot,0,wRBG-17-106-1_S125,0,0.3433759808540344
CTZ,random,LR,onehot,0,wRBG-17-110-1_S168,0,0.0053344364278018475
CTZ,random,LR,onehot,0,wwRBF-16-094-1_S13,1,0.14909449219703674
CTZ,random,LR,onehot,0,wwRBF-17-209-1_S34,0,0.08872602134943008
CTZ,random,LR,onehot,1,H153_S1_L001,1,0.9159697890281677
CTZ,random,LR,onehot,1,NNRBG-17-0255-1_S14,0,0.9439114332199097
CTZ,random,LR,onehot,1,NNRBG-17-0278-1_S16,0,0.004371216055005789
CTZ,random,LR,onehot,1,NNRBG-17-0287-1_S17,0,0.012130639515817165
CTZ,random,LR,onehot,1,NNRBG-17-0316-1_S23,0,0.07935115694999695
CTZ,random,LR,onehot,1,NNRBG-17-0329-1_S26,0,0.0001762725441949442
CTZ,random,LR,onehot,1,NNRBG-17-0399-1_S40,0,0.15387636423110962
CTZ,random,LR,onehot,1,NNSurvcare045_S41,1,0.9504844546318054
CTZ,random,LR,onehot,1,RBB-18-0546-1_S22_L001,1,0.999607503414154
CTZ,random,LR,onehot,1,RBB-18-0668-1_S188,1,0.9555986523628235
CTZ,random,LR,onehot,1,RBB-18-1312-1_S43,1,0.9991670846939087
CTZ,random,LR,onehot,1,RBB-18-1460-1_S45,1,0.9871945977210999
CTZ,random,LR,onehot,1,RBB-18-1502-1_S47,1,0.09012547880411148
CTZ,random,LR,onehot,1,RBF-16-004-1_S18,0,0.9351649284362793
CTZ,random,LR,onehot,1,RBF-17-0164-1_S137,0,0.009511023759841919
CTZ,random,LR,onehot,1,RBF-17-0195-1_S141,0,0.3532721996307373
CTZ,random,LR,onehot,1,RBF-17-0513-1_S76,0,0.622626781463623
CTZ,random,LR,onehot,1,RBF-17-0520-2_S55,1,0.17151008546352386
CTZ,random,LR,onehot,1,RBF-17-0587-1_S91,0,0.000143455748911947
CTZ,random,LR,onehot,1,RBF-17-0589-1_S92,0,0.013955763541162014
CTZ,random,LR,onehot,1,RBF-17-0630-1_S59,1,0.0010450652334839106
CTZ,random,LR,onehot,1,RBF-17-0647-1_S99,0,0.015692245215177536
CTZ,random,LR,onehot,1,RBF-17-170-1_S66,1,0.997542142868042
CTZ,random,LR,onehot,1,RBF-18-0036-1_S7,0,0.00037312257336452603
CTZ,random,LR,onehot,1,RBF-18-0064-2_S14,0,0.0007667551981285214
CTZ,random,LR,onehot,1,RBF-18-0066-1_S15,0,6.030630629538791e-06
CTZ,random,LR,onehot,1,RBF-18-0068-1_S77,1,0.11644712835550308
CTZ,random,LR,onehot,1,RBF-18-0072-1_S16,0,0.0005800878279842436
CTZ,random,LR,onehot,1,RBF-18-0093-1_S80,0,0.05484175309538841
CTZ,random,LR,onehot,1,RBF-18-0132-1_S26,0,0.00028230040334165096
CTZ,random,LR,onehot,1,RBF-18-0151-1_S83,1,1.6748414282119484e-06
CTZ,random,LR,onehot,1,RBF-18-0179-1_S29,0,0.008967328816652298
CTZ,random,LR,onehot,1,RBF-18-0187-1_S31,1,0.9869474172592163
CTZ,random,LR,onehot,1,RBF-18-0194-1_S86,1,0.7787505388259888
CTZ,random,LR,onehot,1,RBF-18-0208-2_S11_L001,0,0.005120021291077137
CTZ,random,LR,onehot,1,RBF-18-0282-1_S63,0,0.00013343209866434336
CTZ,random,LR,onehot,1,RBF-18-0294-1_S64,0,2.4714774554013275e-05
CTZ,random,LR,onehot,1,RBF-18-0338-1_S72,0,0.002568220952525735
CTZ,random,LR,onehot,1,RBG-17-0284-1_S59,0,0.9994751811027527
CTZ,random,LR,onehot,1,RBG-17-0351-1_S20_L001,1,0.9958944320678711
CTZ,random,LR,onehot,1,RBG-18-0055-1_S43,0,3.0889444246895437e-07
CTZ,random,LR,onehot,1,RBG-18-0072-1_S8,0,0.01777520217001438
CTZ,random,LR,onehot,1,RBG-18-0077-1_S9,1,0.9991462230682373
CTZ,random,LR,onehot,1,RBG-18-0108-1_S16,0,5.677814442606177e-06
CTZ,random,LR,onehot,1,RBG-18-0113-1_S13_L001,0,5.4016545618651435e-05
CTZ,random,LR,onehot,1,RBG-18-0191-1_S11_L001,0,0.0013723503798246384
CTZ,random,LR,onehot,1,RBG-18-0200-1_S18_L001,1,0.8162869811058044
CTZ,random,LR,onehot,1,RBG-18-0211-1_S35,1,1.415544716110162e-06
CTZ,random,LR,onehot,1,RBG-18-0224-1_S24_L001,1,0.9037241339683533
CTZ,random,LR,onehot,1,RBG-18-0256-1_S8_L001,1,0.0017574203666299582
CTZ,random,LR,onehot,1,RBG-18-0301-1_S53,0,0.001215808792039752
CTZ,random,LR,onehot,1,RBK-16-073-1_S14,1,0.4336997866630554
CTZ,random,LR,onehot,1,RBK-17-049-1_S62,1,0.9993206262588501
CTZ,random,LR,onehot,1,RBK-18-0002-1_S38,1,0.0069945394061505795
CTZ,random,LR,onehot,1,RBK-18-0005-1_S18,0,1.2292420414894423e-08
CTZ,random,LR,onehot,1,RBK-18-0038-1_S200,0,6.197539187269285e-05
CTZ,random,LR,onehot,1,RBK-18-0062-2_S203,0,0.017373856157064438
CTZ,random,LR,onehot,1,RBK-18-0104-1_S206,0,4.885608632321237e-06
CTZ,random,LR,onehot,1,RBK-18-0250-1_S235_2,0,1.675374960541376e-06
CTZ,random,LR,onehot,1,RBK-18-0644-1_S180,1,0.9985526204109192
CTZ,random,LR,onehot,1,RBL-17-0076-1_S32,0,0.18675920367240906
CTZ,random,LR,onehot,1,RBL-17-0090-1_S145,0,9.13778567337431e-05
CTZ,random,LR,onehot,1,RBL-17-0095-1_S147,0,7.55276414565742e-05
CTZ,random,LR,onehot,1,RBL-17-0101-1_S148,0,0.025291578844189644
CTZ,random,LR,onehot,1,RBL-17-0108-1_S151,0,0.04273483529686928
CTZ,random,LR,onehot,1,RBL-17-0113-1_S153,0,0.8994870185852051
CTZ,random,LR,onehot,1,RBL-17-0135-1_S160,0,0.1496933102607727
CTZ,random,LR,onehot,1,RBL-17-0155-1_S165,0,0.0014011479215696454
CTZ,random,LR,onehot,1,RBL-17-0159-1_S166,0,0.08199086040258408
CTZ,random,LR,onehot,1,RBL-17-0197-1_S173,0,0.04658946022391319
CTZ,random,LR,onehot,1,RBL-17-0205-1_S175,0,0.0017524291761219501
CTZ,random,LR,onehot,1,RBL-17-0226-1_S41,1,0.9351317882537842
CTZ,random,LR,onehot,1,RBL-17-0232-1_S91,0,0.0004931182484142482
CTZ,random,LR,onehot,1,RBL-17-0244-1_S44,1,0.9008474946022034
CTZ,random,LR,onehot,1,RBL-17-0246-1_S94,0,0.4387448728084564
CTZ,random,LR,onehot,1,RBL-17-0274-2_S105,0,0.03937413543462753
CTZ,random,LR,onehot,1,RBL-17-0283-1_S27,0,0.526327908039093
CTZ,random,LR,onehot,1,RBL-17-0300-1_S112,0,0.0008517364040017128
CTZ,random,LR,onehot,1,RBL-17-0307-1_S51,1,0.8920515775680542
CTZ,random,LR,onehot,1,RBL-17-0340-1_S102,0,0.0013185077114030719
CTZ,random,LR,onehot,1,RBL-17-0391-1_S122,0,0.6425263285636902
CTZ,random,LR,onehot,1,RBL-17-0402-1_S126,0,0.03287661075592041
CTZ,random,LR,onehot,1,RBL-17-0428-1_S70,1,0.9999759197235107
CTZ,random,LR,onehot,1,RBL-17-0434-1_S133,0,0.37032487988471985
CTZ,random,LR,onehot,1,RBL-18-0019-1_S41,0,0.00011362268560333177
CTZ,random,LR,onehot,1,RBL-18-0022-1_S43,0,0.00017421526717953384
CTZ,random,LR,onehot,1,RBL-18-0037-1_S168,0,7.060317784635117e-06
CTZ,random,LR,onehot,1,RBL-18-0059-1_S171,0,0.013881579972803593
CTZ,random,LR,onehot,1,RBL-18-0093-1_S49,0,0.8623382449150085
CTZ,random,LR,onehot,1,RBT-16-0038-1_S11,1,0.7962848544120789
CTZ,random,LR,onehot,1,RBT-16-0045-1_S58,1,0.8211582899093628
CTZ,random,LR,onehot,1,RBT-17-0011-1_S19,0,0.08972566574811935
CTZ,random,LR,onehot,1,RBT-17-0022-1_S24,0,0.00010021192429121584
CTZ,random,LR,onehot,1,RBT-17-0023-1_S25,0,0.33398744463920593
CTZ,random,LR,onehot,1,RBT-17-0100-1_S36,0,0.6876449584960938
CTZ,random,LR,onehot,1,RBT-17-0113-1_S42,0,7.043888763291761e-05
CTZ,random,LR,onehot,1,RBT-17-0165-1_S60,0,1.075579712050967e-05
CTZ,random,LR,onehot,1,RBT-17-0167-1_S27,0,0.08313364535570145
CTZ,random,LR,onehot,1,RBT-17-0177-2_S7,0,2.207687430200167e-05
CTZ,random,LR,onehot,1,RBT-17-0217-1_S7,0,0.8761208057403564
CTZ,random,LR,onehot,1,RBT-17-0225-1_S9,0,0.00027507892809808254
CTZ,random,LR,onehot,1,RBT-17-0228-1_S10,0,0.00031761807622388005
CTZ,random,LR,onehot,1,RBT-17-0239-1_S60,0,0.053482554852962494
CTZ,random,LR,onehot,1,RBT-17-0243-1_S11,0,0.0810687392950058
CTZ,random,LR,onehot,1,RBT-17-0285-1_S66,0,0.9830801486968994
CTZ,random,LR,onehot,1,RBT-17-0339-1_S20,0,0.9897803068161011
CTZ,random,LR,onehot,1,RBT-18-0027-1_S68,0,0.2754708230495453
CTZ,random,LR,onehot,1,RBT-18-0064-1_S15,0,0.9996389150619507
CTZ,random,LR,onehot,1,RBT-18-0071-1_S41,0,0.25579023361206055
CTZ,random,LR,onehot,1,RBT-18-0096-1_S20,0,0.4107085168361664
CTZ,random,LR,onehot,1,RBT-18-0100-1_S21,0,0.15307168662548065
CTZ,random,LR,onehot,1,RBT-18-0122-1_S63,0,3.4712255001068115e-05
CTZ,random,LR,onehot,1,RBT-18-0133-1_S30,0,0.0009331714827567339
CTZ,random,LR,onehot,1,RBT-18-0184-1_S38,1,0.775626540184021
CTZ,random,LR,onehot,1,RBT-18-0231-1_S14,0,0.006128122564405203
CTZ,random,LR,onehot,1,RBT-18-0241-1_S50,0,4.1157334635499865e-05
CTZ,random,LR,onehot,1,RBT-18-0271-1_S62,0,0.0005313358851708472
CTZ,random,LR,onehot,1,RBT-18-0296-1_S72,1,0.9843786358833313
CTZ,random,LR,onehot,1,RBT-18-0308-1_S34,0,0.6651666164398193
CTZ,random,LR,onehot,1,RBT-18-0325-1_S44,0,0.16517338156700134
CTZ,random,LR,onehot,1,RBT-18-0334-1_S23,0,0.00011234353587497026
CTZ,random,LR,onehot,1,RBT-18-0335-1_S41,0,0.45573729276657104
CTZ,random,LR,onehot,1,RBT-18-0358-1_S28,0,0.1752794086933136
CTZ,random,LR,onehot,1,RBT-18-0363-1_S72,1,0.9954347014427185
CTZ,random,LR,onehot,1,ResetH115_S6_L001,0,0.42338886857032776
CTZ,random,LR,onehot,1,ResetH127_S6_L001,1,0.6336387991905212
CTZ,random,LR,onehot,1,ResetH131_S7_L001,1,0.5697623491287231
CTZ,random,LR,onehot,1,ResetH139_S3_L001,0,0.2724166214466095
CTZ,random,LR,onehot,1,ResetH75_S2_L001,1,0.930666983127594
CTZ,random,LR,onehot,1,ResetH89_S3_L001,1,0.9969028830528259
CTZ,random,LR,onehot,1,ResetV105_S1_L001,0,0.011161645874381065
CTZ,random,LR,onehot,1,ResetV143_S2_L001,0,3.6806902414809883e-08
CTZ,random,LR,onehot,1,ResetV161_S3_L001,1,0.9967172741889954
CTZ,random,LR,onehot,1,ResetV74_S7_L001,1,0.9957355260848999
CTZ,random,LR,onehot,1,RPG-18-0435-1_S32,0,2.2721244476997526e-06
CTZ,random,LR,onehot,1,Survcare052_S22,1,0.8263425230979919
CTZ,random,LR,onehot,1,Survcare254_S36,1,0.05342930555343628
CTZ,random,LR,onehot,1,Survcare313_S24_L001,1,0.9973148703575134
CTZ,random,LR,onehot,1,Survcare318_S20_L001,1,0.9801811575889587
CTZ,random,LR,onehot,1,Survcare360_S84,1,0.4244861900806427
CTZ,random,LR,onehot,1,V158_S4_L001,1,0.008439878933131695
CTZ,random,LR,onehot,1,V163_S6_L001,0,0.0002723165671341121
CTZ,random,LR,onehot,1,V268_S12_L001,1,0.9891579151153564
CTZ,random,LR,onehot,1,V292_S6_L001,1,0.9999998807907104
CTZ,random,LR,onehot,1,V86_S1_L001,1,0.9998593330383301
CTZ,random,LR,onehot,1,V98_S3_L001,1,0.9999575614929199
CTZ,random,LR,onehot,1,W2RBF-17-090-1_S26,1,1.2872665138274897e-06
CTZ,random,LR,onehot,1,wdh-RBL-17-0431-1_S46,0,0.08003505319356918
CTZ,random,LR,onehot,1,wdhRBF-17-0567-1_S122,0,0.27873244881629944
CTZ,random,LR,onehot,1,WDHRBG-16-060-1_S27,0,0.5973533391952515
CTZ,random,LR,onehot,1,WDHRBG-17-001-1_S82,0,0.3265833556652069
CTZ,random,LR,onehot,1,WDHRBG-17-0256-1_S17,0,0.022085336968302727
CTZ,random,LR,onehot,1,WDHRBG-17-122-1_S48,0,0.3376829922199249
CTZ,random,LR,onehot,1,wRBG-17-023-1_S155,0,2.6797952301649275e-08
CTZ,random,LR,onehot,1,wRBG-17-030-1_S165,0,2.1984056729706936e-05
CTZ,random,LR,onehot,1,wRBG-17-055-1_S163,0,0.928686797618866
CTZ,random,LR,onehot,1,wRBG-17-100-1_S104,0,0.0001733856915961951
CTZ,random,LR,onehot,1,wwRBF-16-007-1_S10,1,0.989047110080719
CTZ,random,LR,onehot,1,wwRBF-17-167-1_S31,1,0.8676047325134277
CTZ,random,LR,onehot,1,wwRBK-17-0278-1_S41,1,0.5394255518913269
CTZ,random,LR,onehot,1,wwRBL-16-111-1_S16,1,0.9932894110679626
CTZ,random,LR,onehot,1,WWSurvcare043_S43,1,0.6464055776596069
CTZ,random,LR,onehot,2,H116_S8_L001,1,0.999996542930603
CTZ,random,LR,onehot,2,H123_S1_L001,0,0.9997856020927429
CTZ,random,LR,onehot,2,H136_S7_L001,0,9.544685930507057e-09
CTZ,random,LR,onehot,2,H164_S3_L001,1,0.9427919983863831
CTZ,random,LR,onehot,2,H28_S10_L001,0,0.13742919266223907
CTZ,random,LR,onehot,2,H69_S6_L001,0,0.9425908327102661
CTZ,random,LR,onehot,2,H71_S1_L001,1,0.9987605810165405
CTZ,random,LR,onehot,2,H83_S7_L001,0,0.5511947274208069
CTZ,random,LR,onehot,2,NNRBG-17-0196-1_S3,0,0.0001746946945786476
CTZ,random,LR,onehot,2,NNRBG-17-0199-1_S5,0,0.00016367495118174702
CTZ,random,LR,onehot,2,RBB-18-0826-1_S193,1,0.13734835386276245
CTZ,random,LR,onehot,2,RBB-18-0972-1_S203_2,1,0.9998811483383179
CTZ,random,LR,onehot,2,RBB-18-1086-1_S189_2,1,0.0005311376880854368
CTZ,random,LR,onehot,2,RBB-18-1406-1_S49,1,0.011742254719138145
CTZ,random,LR,onehot,2,RBB-19-0014-1_S44,1,0.007139665074646473
CTZ,random,LR,onehot,2,RBF-10-0240-1_S12_L001,0,0.0013691793428733945
CTZ,random,LR,onehot,2,RBF-16-060-1_S22,1,0.9520440697669983
CTZ,random,LR,onehot,2,RBF-17-0450-1_S10,0,0.0018474056851118803
CTZ,random,LR,onehot,2,RBF-17-0602-1_S93,0,0.011278616264462471
CTZ,random,LR,onehot,2,RBF-17-0651-1_S62,0,0.9999197721481323
CTZ,random,LR,onehot,2,RBF-17-318-1_S77,1,0.6503669023513794
CTZ,random,LR,onehot,2,RBF-18-0019-1_S2,0,0.9738903045654297
CTZ,random,LR,onehot,2,RBF-18-0069-1_S78,1,0.007115905173122883
CTZ,random,LR,onehot,2,RBF-18-0075-1_S79,1,0.5317137241363525
CTZ,random,LR,onehot,2,RBF-18-0087-1_S23,0,0.3902585804462433
CTZ,random,LR,onehot,2,RBF-18-0123-1_S25_L001,0,3.008529840184404e-12
CTZ,random,LR,onehot,2,RBF-18-0135-1_S34,0,0.0002693181158974767
CTZ,random,LR,onehot,2,RBF-18-0163-2_S39,0,0.006659436505287886
CTZ,random,LR,onehot,2,RBF-18-0174-1_S28,0,0.4296603500843048
CTZ,random,LR,onehot,2,RBF-18-0214-1_S51,0,0.0016659691464155912
CTZ,random,LR,onehot,2,RBF-18-0280-1_S62,0,0.006955589167773724
CTZ,random,LR,onehot,2,RBF-18-0310-1_S36,0,0.9074363112449646
CTZ,random,LR,onehot,2,RBG-18-0025-1_S9_L001,0,2.8024518883285054e-07
CTZ,random,LR,onehot,2,RBG-18-0071-1_S44,0,4.551184701995226e-06
CTZ,random,LR,onehot,2,RBG-18-0140-1_S14_L001,0,0.014137186110019684
CTZ,random,LR,onehot,2,RBG-18-0166-1_S10_L001,0,0.000657802214846015
CTZ,random,LR,onehot,2,RBG-18-0177-1_S17_L001,1,0.9656317234039307
CTZ,random,LR,onehot,2,RBG-18-0194-1_S45,0,0.0017076032236218452
CTZ,random,LR,onehot,2,RBG-18-0204-1_S23_L001,0,0.9878783822059631
CTZ,random,LR,onehot,2,RBG-18-0223-1_S2,0,2.3773222892486956e-06
CTZ,random,LR,onehot,2,RBG-18-0276-1_S50,0,0.16192297637462616
CTZ,random,LR,onehot,2,RBG-18-0279-1_S36,1,0.9590657949447632
CTZ,random,LR,onehot,2,RBG-18-0352-1_S21_L001,0,0.0001715810358291492
CTZ,random,LR,onehot,2,RBG-18-0391-1_S22_L001,1,0.9538584351539612
CTZ,random,LR,onehot,2,RBG-18-0394-1_S23_L001,0,0.007160191424190998
CTZ,random,LR,onehot,2,RBG-18-0421-1_S53,1,0.9897000789642334
CTZ,random,LR,onehot,2,RBK-16-124-1_S16,1,0.0015146465739235282
CTZ,random,LR,onehot,2,RBK-18-0037-1_S199,0,1.3753986422671005e-05
CTZ,random,LR,onehot,2,RBL-17-0093-1_S146,0,0.6106305718421936
CTZ,random,LR,onehot,2,RBL-17-0104-1_S149,0,0.5110974311828613
CTZ,random,LR,onehot,2,RBL-17-0118-1_S156,0,0.0022522062063217163
CTZ,random,LR,onehot,2,RBL-17-0123-1_S157,0,6.231328342209963e-08
CTZ,random,LR,onehot,2,RBL-17-0129-1_S158,0,0.0003241823287680745
CTZ,random,LR,onehot,2,RBL-17-0144-1_S163,0,0.1286766678094864
CTZ,random,LR,onehot,2,RBL-17-0189-1_S172,0,0.00023179181152954698
CTZ,random,LR,onehot,2,RBL-17-0256-1_S98,0,9.667283302405849e-05
CTZ,random,LR,onehot,2,RBL-17-0320-1_S114,0,0.0016073854640126228
CTZ,random,LR,onehot,2,RBL-17-0324-1_S54,1,0.008799988776445389
CTZ,random,LR,onehot,2,RBL-17-0328-1_S117,0,9.054662950802594e-05
CTZ,random,LR,onehot,2,RBL-17-0349-1_S105,0,0.8005037903785706
CTZ,random,LR,onehot,2,RBL-17-0368-1_S114,0,0.0771932378411293
CTZ,random,LR,onehot,2,RBL-17-0374-1_S116,0,0.31680816411972046
CTZ,random,LR,onehot,2,RBL-17-0393-1_S123,0,0.0008964523440226912
CTZ,random,LR,onehot,2,RBL-17-0409-1_S127,0,0.047077588737010956
CTZ,random,LR,onehot,2,RBL-17-0411-1_S128,0,0.013272512704133987
CTZ,random,LR,onehot,2,RBL-17-0429-1_S130,0,0.00010016596934292465
CTZ,random,LR,onehot,2,RBL-17-0435-1_S134,0,0.0015822162386029959
CTZ,random,LR,onehot,2,RBL-17-075-1_S18,1,0.957768976688385
CTZ,random,LR,onehot,2,RBL-18-0021-1_S42,0,0.9969293475151062
CTZ,random,LR,onehot,2,RBL-18-0098-1_S178,0,0.9639216065406799
CTZ,random,LR,onehot,2,RBL-18-0131-1_S188_2,1,0.040372543036937714
CTZ,random,LR,onehot,2,RBT-17-0024-1_S23,0,0.0004920230712741613
CTZ,random,LR,onehot,2,RBT-17-0079-1_S29,0,0.0001543979742564261
CTZ,random,LR,onehot,2,RBT-17-0099-1_S35,0,0.012647336348891258
CTZ,random,LR,onehot,2,RBT-17-0107-1_S39,0,2.5474625999777345e-06
CTZ,random,LR,onehot,2,RBT-17-0112-1_S41,0,3.072137769777328e-05
CTZ,random,LR,onehot,2,RBT-17-0124-1_S46,0,0.008545828983187675
CTZ,random,LR,onehot,2,RBT-17-0138-1_S52,0,0.09126149863004684
CTZ,random,LR,onehot,2,RBT-17-0150-1_S54,0,0.0005253955023363233
CTZ,random,LR,onehot,2,RBT-17-0156-1_S56,0,0.0008715371368452907
CTZ,random,LR,onehot,2,RBT-17-0177-1_S65,0,2.0935988231940428e-06
CTZ,random,LR,onehot,2,RBT-17-0183-1_S67,0,0.0006898807478137314
CTZ,random,LR,onehot,2,RBT-17-0219-1_S8,0,6.209714047145098e-05
CTZ,random,LR,onehot,2,RBT-17-0232-1_S58,0,0.029065260663628578
CTZ,random,LR,onehot,2,RBT-17-0238-1_S59,0,0.2311830371618271
CTZ,random,LR,onehot,2,RBT-17-0256-1_S25,0,0.9605368971824646
CTZ,random,LR,onehot,2,RBT-17-0291-1_S14,0,0.03646015748381615
CTZ,random,LR,onehot,2,RBT-18-0050-1_S34,0,0.996630847454071
CTZ,random,LR,onehot,2,RBT-18-0057-1_S38,0,1.3601336945612275e-07
CTZ,random,LR,onehot,2,RBT-18-0103-1_S24,0,0.18940572440624237
CTZ,random,LR,onehot,2,RBT-18-0115-1_S45,0,0.00026267473003827035
CTZ,random,LR,onehot,2,RBT-18-0134-1_S29,0,0.0017083007842302322
CTZ,random,LR,onehot,2,RBT-18-0146-1_S55,0,1.1699287369992817e-06
CTZ,random,LR,onehot,2,RBT-18-0179-1_S37,0,6.054131063137902e-07
CTZ,random,LR,onehot,2,RBT-18-0181-1_S61,1,0.9989448189735413
CTZ,random,LR,onehot,2,RBT-18-0224-1_S43,0,0.0016976018669083714
CTZ,random,LR,onehot,2,RBT-18-0227-1_S46,1,0.9083884954452515
CTZ,random,LR,onehot,2,RBT-18-0236-1_S48,1,0.7653863430023193
CTZ,random,LR,onehot,2,RBT-18-0247-1_S16,1,0.8392359614372253
CTZ,random,LR,onehot,2,RBT-18-0251-1_S7,0,0.6003252863883972
CTZ,random,LR,onehot,2,RBT-18-0252-1_S53,0,0.9976716637611389
CTZ,random,LR,onehot,2,RBT-18-0265-1_S59,0,0.00014285228098742664
CTZ,random,LR,onehot,2,RBT-18-0288-1_S68,0,0.005687762051820755
CTZ,random,LR,onehot,2,RBT-18-0292-1_S70,0,0.0011991598876193166
CTZ,random,LR,onehot,2,RBT-18-0303-1_S20,0,0.003688278840854764
CTZ,random,LR,onehot,2,RBT-18-0351-1_S48,0,3.3748841588021605e-07
CTZ,random,LR,onehot,2,RBT-18-0368-1_S32,1,2.7904156922886614e-06
CTZ,random,LR,onehot,2,RBT-18-0370-1_S33,0,0.00169287936296314
CTZ,random,LR,onehot,2,RBT-18-0384-1_S40,0,0.002426096936687827
CTZ,random,LR,onehot,2,RBT-18-0392-1_S56,1,0.689764142036438
CTZ,random,LR,onehot,2,ResetH10_S1_L001,0,0.0017369085690006614
CTZ,random,LR,onehot,2,ResetH129_S7_L001,1,0.9265554547309875
CTZ,random,LR,onehot,2,ResetH132_S1_L001,1,0.2768397331237793
CTZ,random,LR,onehot,2,ResetH152_S4_L001,1,0.9011198878288269
CTZ,random,LR,onehot,2,ResetH30_S4_L001,0,1.7659758668742143e-05
CTZ,random,LR,onehot,2,ResetH45_S5_L001,0,0.010797710157930851
CTZ,random,LR,onehot,2,ResetH8_S2_L001,0,0.035369668155908585
CTZ,random,LR,onehot,2,ResetH93_S5_L001,1,0.005725770723074675
CTZ,random,LR,onehot,2,ResetH99_S5_L001,0,0.019159996882081032
CTZ,random,LR,onehot,2,ResetV260_S5_L001,1,0.48206788301467896
CTZ,random,LR,onehot,2,ResetV63_S5_L001,0,1.1201312872799463e-06
CTZ,random,LR,onehot,2,Survcare104_S16_L001,1,5.06083381424105e-07
CTZ,random,LR,onehot,2,Survcare130_S2,1,0.0019299091072753072
CTZ,random,LR,onehot,2,Survcare187_S32,1,0.6060981154441833
CTZ,random,LR,onehot,2,Survcare244_S9_L001,1,0.9999916553497314
CTZ,random,LR,onehot,2,Survcare275_S38,1,0.7079151272773743
CTZ,random,LR,onehot,2,Survcare289_S36,1,0.9999887943267822
CTZ,random,LR,onehot,2,Survcare291_S38,1,0.9994076490402222
CTZ,random,LR,onehot,2,Survcare292_S39,1,8.286899537779391e-05
CTZ,random,LR,onehot,2,Survcare293_S40,1,0.9998868703842163
CTZ,random,LR,onehot,2,Survcare334_S10,1,0.9933314919471741
CTZ,random,LR,onehot,2,V1_S6_L001,0,0.9061368107795715
CTZ,random,LR,onehot,2,V108_S2_L001,0,0.0017224604962393641
CTZ,random,LR,onehot,2,V114_S5_L001,1,0.9992295503616333
CTZ,random,LR,onehot,2,V130_S5_L001,1,0.9187010526657104
CTZ,random,LR,onehot,2,V131_S7_L001,1,0.00030307829729281366
CTZ,random,LR,onehot,2,V177_S6_L001,1,0.00606278982013464
CTZ,random,LR,onehot,2,V183_S7_L001,0,2.1113880848133704e-06
CTZ,random,LR,onehot,2,V271_S13_L001,1,0.6039320826530457
CTZ,random,LR,onehot,2,V291_S5_L001,1,0.8881609439849854
CTZ,random,LR,onehot,2,V79_S6_L001,0,0.055821385234594345
CTZ,random,LR,onehot,2,V8_S7_L001,0,0.9158300161361694
CTZ,random,LR,onehot,2,V80_S7_L001,1,1.3502333473525141e-08
CTZ,random,LR,onehot,2,V96_S2_L001,1,0.9999996423721313
CTZ,random,LR,onehot,2,w2RBG-16-037-1_S34,0,0.09555299580097198
CTZ,random,LR,onehot,2,wdh-RBL-17-0361-1_S44,0,0.023867925629019737
CTZ,random,LR,onehot,2,wdhRBF-18-0025-1_S11_L001,0,4.840547626372427e-05
CTZ,random,LR,onehot,2,wdhRBF-18-0057_S14_L001,0,0.7826002240180969
CTZ,random,LR,onehot,2,wdhRBF-18-0059-1_S15_L001,0,0.0017042177496477962
CTZ,random,LR,onehot,2,WDHRBG-17-0093-1_S1,1,0.999998927116394
CTZ,random,LR,onehot,2,wRBG-16-032-1_S142,0,0.0010398449376225471
CTZ,random,LR,onehot,2,wRBG-16-033-1_S153,0,0.3728451132774353
CTZ,random,LR,onehot,2,wRBG-17-014-1_S167,0,0.9720199704170227
CTZ,random,LR,onehot,2,wRBG-17-025-1_S133,0,0.007043522782623768
CTZ,random,LR,onehot,2,wRBG-17-052-1_S120,0,0.9999017715454102
CTZ,random,LR,onehot,2,wRBG-17-081-1_S117,0,0.12493543326854706
CTZ,random,LR,onehot,2,wRBG-17-112-1_S146,0,0.002338822465389967
CTZ,random,LR,onehot,2,wwRBB-16-112-1_S1,1,0.9814097881317139
CTZ,random,LR,onehot,2,wwRBB-17-031-1_S25,1,0.017583241686224937
CTZ,random,LR,onehot,2,wwRBK-17-0148-1_S37,1,0.9211615920066833
CTZ,random,LR,onehot,2,wwRBK-17-0298-1_S42,1,0.9959547519683838
CTZ,random,LR,onehot,2,wwRBL-17-004-1_S44,1,0.8116287589073181
CTZ,random,LR,onehot,3,H141_S6_L001,1,1.0547360943746753e-05
CTZ,random,LR,onehot,3,H148_S4_L001,1,0.6290823221206665
CTZ,random,LR,onehot,3,H160_S3_L001,1,0.792133629322052
CTZ,random,LR,onehot,3,H162_S4_L001,0,0.02986401505768299
CTZ,random,LR,onehot,3,H38_S4_L001,1,0.9916285276412964
CTZ,random,LR,onehot,3,H53_S4_L001,1,0.9558267593383789
CTZ,random,LR,onehot,3,NNRBG-17-0191-1_S1,0,0.09259502589702606
CTZ,random,LR,onehot,3,NNRBG-17-0193-1_S2,0,1.1691190593410283e-06
CTZ,random,LR,onehot,3,NNRBG-17-0205-1_S7,0,0.0003167571558151394
CTZ,random,LR,onehot,3,NNRBG-17-0239-1_S10,0,0.788101077079773
CTZ,random,LR,onehot,3,NNRBG-17-0249-1_S13,0,0.005359052214771509
CTZ,random,LR,onehot,3,NNRBG-17-0298-1_S19,0,0.00010330395889468491
CTZ,random,LR,onehot,3,RBB-17-171-1_S52,1,0.9906871914863586
CTZ,random,LR,onehot,3,RBB-18-0129-1_S179,1,0.565765380859375
CTZ,random,LR,onehot,3,RBB-18-0490-1_S20_L001,1,0.0037422049790620804
CTZ,random,LR,onehot,3,RBB-18-0519-1_S184,1,0.9975963234901428
CTZ,random,LR,onehot,3,RBB-18-0665-1_S23_L001,1,0.0002220667083747685
CTZ,random,LR,onehot,3,RBB-18-0674-1_S189,1,0.9964828491210938
CTZ,random,LR,onehot,3,RBB-18-0765-1_S191,1,0.0014907760778442025
CTZ,random,LR,onehot,3,RBB-18-1212-1_S67_2,1,0.9999772310256958
CTZ,random,LR,onehot,3,RBF-16-0064-1_S136,0,0.014156132936477661
CTZ,random,LR,onehot,3,RBF-17-0178-1_S139,0,0.9806906580924988
CTZ,random,LR,onehot,3,RBF-17-0509-1_S74,0,8.92015450517647e-05
CTZ,random,LR,onehot,3,RBF-17-0521-1_S78,0,0.9877336025238037
CTZ,random,LR,onehot,3,RBF-17-0540-1_S83,0,0.0332413911819458
CTZ,random,LR,onehot,3,RBF-17-0550-1_S84,0,0.5561358332633972
CTZ,random,LR,onehot,3,RBF-17-0553-1_S85,0,0.9786515831947327
CTZ,random,LR,onehot,3,RBF-17-0632-1_S97,0,6.345440851873718e-06
CTZ,random,LR,onehot,3,RBF-17-067-1_S54,1,0.9587138295173645
CTZ,random,LR,onehot,3,RBF-17-266-1_S70,1,0.8502927422523499
CTZ,random,LR,onehot,3,RBF-18-0055-1_S11,0,0.002062322339043021
CTZ,random,LR,onehot,3,RBF-18-0147-1_S36,0,0.0006362958229146898
CTZ,random,LR,onehot,3,RBF-18-0172-1_S40,0,9.502787747805996e-07
CTZ,random,LR,onehot,3,RBF-18-0192-1_S44,0,0.08232656121253967
CTZ,random,LR,onehot,3,RBF-18-0196-1_S46,0,0.8291149139404297
CTZ,random,LR,onehot,3,RBF-18-0200-1_S48,0,0.005310071632266045
CTZ,random,LR,onehot,3,RBF-18-0227-1_S53,0,0.051646433770656586
CTZ,random,LR,onehot,3,RBF-18-0252-1_S56,0,0.0006669736467301846
CTZ,random,LR,onehot,3,RBF-18-0253-1_S13_L001,0,0.5160498023033142
CTZ,random,LR,onehot,3,RBF-18-0296-1_S17,0,0.7810600399971008
CTZ,random,LR,onehot,3,RBF-18-0339-1_S37,0,0.3232346773147583
CTZ,random,LR,onehot,3,RBF-18-0664-1_S190,0,0.12785160541534424
CTZ,random,LR,onehot,3,RBF-18-0714-2_S204_2,1,0.8625339269638062
CTZ,random,LR,onehot,3,RBG-17-013-1_S16,1,0.39375269412994385
CTZ,random,LR,onehot,3,RBg-17-123-2_S12,0,7.142237024027054e-08
CTZ,random,LR,onehot,3,RBG-18-0004-1_S1,1,0.9478244185447693
CTZ,random,LR,onehot,3,RBG-18-0017-1_S5,0,0.3005005121231079
CTZ,random,LR,onehot,3,RBG-18-0041-1_S6,0,4.0531013212330436e-08
CTZ,random,LR,onehot,3,RBG-18-0083-1_S12,0,0.0009254466276615858
CTZ,random,LR,onehot,3,RBG-18-0144-1_S38,0,1.588965915289009e-06
CTZ,random,LR,onehot,3,RBG-18-0202-1_S13_L001,0,0.4667205810546875
CTZ,random,LR,onehot,3,RBG-18-0206-2_S46,0,0.01287380326539278
CTZ,random,LR,onehot,3,RBG-18-0280-1_S51,0,0.0023448786232620478
CTZ,random,LR,onehot,3,RBG-18-0347-1_S22_L001,0,0.11947459727525711
CTZ,random,LR,onehot,3,RBG-18-0358-1_S39,1,0.9853267669677734
CTZ,random,LR,onehot,3,RBG-18-0380-1_S48,0,0.9478244185447693
CTZ,random,LR,onehot,3,RBG-18-0388-1_S21_L001,1,0.9917729496955872
CTZ,random,LR,onehot,3,RBG-18-0402-1_S50,1,0.8220717906951904
CTZ,random,LR,onehot,3,RBG-18-0417-1_S52,0,0.14798377454280853
CTZ,random,LR,onehot,3,RBK-16-079-1_S15,1,0.008011891506612301
CTZ,random,LR,onehot,3,RBK-17-0457-1_S6,1,0.680216908454895
CTZ,random,LR,onehot,3,RBK-18-0019-1_S195,0,0.0003021213342435658
CTZ,random,LR,onehot,3,RBK-18-0020-1_S19,0,6.970660706429044e-06
CTZ,random,LR,onehot,3,RBL-17-0116-1_S154,0,0.4657793641090393
CTZ,random,LR,onehot,3,RBL-17-0117-1_S155,0,0.00025312788784503937
CTZ,random,LR,onehot,3,RBL-17-0136-1_S161,0,0.00412351218983531
CTZ,random,LR,onehot,3,RBL-17-0172-1_S170,0,9.316020168625982e-07
CTZ,random,LR,onehot,3,RBL-17-0242-1_S42,1,0.967805802822113
CTZ,random,LR,onehot,3,RBL-17-0259-1_S99,0,0.4340897798538208
CTZ,random,LR,onehot,3,RBL-17-0327-1_S116,0,3.133431789592578e-07
CTZ,random,LR,onehot,3,RBL-17-0347-1_S104,0,0.00011679666204145178
CTZ,random,LR,onehot,3,RBL-17-0350-1_S106,0,0.7744817137718201
CTZ,random,LR,onehot,3,RBL-17-0365-1_S112,0,8.434840856352821e-05
CTZ,random,LR,onehot,3,RBL-17-0375-1_S117,0,0.9999998807907104
CTZ,random,LR,onehot,3,RBL-17-0395-1_S124,0,1.8639459085534327e-05
CTZ,random,LR,onehot,3,RBL-17-0432-1_S132,0,0.5520349144935608
CTZ,random,LR,onehot,3,RBL-17-060-1_S17,1,0.7072721123695374
CTZ,random,LR,onehot,3,RBL-18-0002-1_S158,0,0.000779696274548769
CTZ,random,LR,onehot,3,RBL-18-0016-1_S161,0,0.00016985167167149484
CTZ,random,LR,onehot,3,RBL-18-0032-1_S167,0,0.9906681180000305
CTZ,random,LR,onehot,3,RBL-18-0048-1_S44,0,0.9995104074478149
CTZ,random,LR,onehot,3,RBL-18-0066-1_S173,0,0.18383973836898804
CTZ,random,LR,onehot,3,RBL-18-0090-1_S48,1,0.9139803051948547
CTZ,random,LR,onehot,3,RBL-18-0343-1_S6,1,0.3641483783721924
CTZ,random,LR,onehot,3,RBT-17-0009-1_S21,0,0.2860361933708191
CTZ,random,LR,onehot,3,RBT-17-0027-1_S3,0,0.00010304511670256034
CTZ,random,LR,onehot,3,RBT-17-0039-1_S28,1,0.046891070902347565
CTZ,random,LR,onehot,3,RBT-17-0082-1_S30,0,0.395585834980011
CTZ,random,LR,onehot,3,RBT-17-0084-1_S31,0,0.0006672072922810912
CTZ,random,LR,onehot,3,RBT-17-0102-1_S37,0,0.6902225017547607
CTZ,random,LR,onehot,3,RBT-17-0130-1_S27,0,0.11080756783485413
CTZ,random,LR,onehot,3,RBT-17-0133-1_S6,0,0.8553154468536377
CTZ,random,LR,onehot,3,RBT-17-0142-1_S53,0,8.398947102250531e-05
CTZ,random,LR,onehot,3,RBT-17-0161-1_S57,0,3.474299035133299e-07
CTZ,random,LR,onehot,3,RBT-17-0163-1_S59,0,0.0070448205806314945
CTZ,random,LR,onehot,3,RBT-17-0168-1_S61,0,0.0065146987326443195
CTZ,random,LR,onehot,3,RBT-17-0174-1_S64,0,0.1685798466205597
CTZ,random,LR,onehot,3,RBT-17-0210-1_S55,0,0.00023453398898709565
CTZ,random,LR,onehot,3,RBT-17-0251-1_S62,0,0.9993913173675537
CTZ,random,LR,onehot,3,RBT-17-0279-1_S12,0,0.009462918154895306
CTZ,random,LR,onehot,3,RBT-18-0017-1_S67,0,4.789467311638873e-08
CTZ,random,LR,onehot,3,RBT-18-0023-1_S14,0,1.0857360393856652e-05
CTZ,random,LR,onehot,3,RBT-18-0030-1_S69,0,2.0123339709243737e-05
CTZ,random,LR,onehot,3,RBT-18-0053-1_S36,1,0.9127455353736877
CTZ,random,LR,onehot,3,RBT-18-0066-1_S40,0,0.01058398187160492
CTZ,random,LR,onehot,3,RBT-18-0102-1_S23,0,1.037338165588153e-06
CTZ,random,LR,onehot,3,RBT-18-0116-1_S46,0,0.025247804820537567
CTZ,random,LR,onehot,3,RBT-18-0120-1_S48,0,0.11421547830104828
CTZ,random,LR,onehot,3,RBT-18-0121-1_S28,0,0.00179314985871315
CTZ,random,LR,onehot,3,RBT-18-0141-1_S32,0,9.195269967676722e-07
CTZ,random,LR,onehot,3,RBT-18-0269-1_S61,0,0.00033910840284079313
CTZ,random,LR,onehot,3,RBT-18-0283-1_S65,0,7.381801879091654e-06
CTZ,random,LR,onehot,3,RBT-18-0284-1_S66,1,0.9927782416343689
CTZ,random,LR,onehot,3,RBT-18-0293-1_S71,0,0.002718449104577303
CTZ,random,LR,onehot,3,RBT-18-0316-1_S43,0,6.591120472876355e-05
CTZ,random,LR,onehot,3,RBT-18-0339-1_S47,0,0.00093353126430884
CTZ,random,LR,onehot,3,RBT-18-0361-1_S38,0,0.022910773754119873
CTZ,random,LR,onehot,3,RBT-18-0377-1_S1,0,0.0012749703601002693
CTZ,random,LR,onehot,3,ResetH1_S1_L001,0,0.01328714657574892
CTZ,random,LR,onehot,3,ResetH16_S2_L001,1,0.7142111659049988
CTZ,random,LR,onehot,3,ResetH24a_S3_2_L001,1,0.9999775886535645
CTZ,random,LR,onehot,3,ResetH98_S4_L001,0,0.00029263063333928585
CTZ,random,LR,onehot,3,ResetV76_S7_L001,0,0.0025753213558346033
CTZ,random,LR,onehot,3,Survcare058_S26,1,0.9884662628173828
CTZ,random,LR,onehot,3,Survcare129_S1,1,1.1092150771219167e-06
CTZ,random,LR,onehot,3,Survcare140_S4_L001,1,0.9985816478729248
CTZ,random,LR,onehot,3,Survcare184_S19,1,0.9495038390159607
CTZ,random,LR,onehot,3,Survcare190_S35,1,0.4839646816253662
CTZ,random,LR,onehot,3,Survcare221_S7_L001,1,8.87040514498949e-05
CTZ,random,LR,onehot,3,Survcare234_S3_L001,1,6.0333033616188914e-05
CTZ,random,LR,onehot,3,Survcare253_S35,1,0.9506843686103821
CTZ,random,LR,onehot,3,Survcare295_S8_L001,1,1.0
CTZ,random,LR,onehot,3,Survcare303_S15_L001,1,0.9943523406982422
CTZ,random,LR,onehot,3,Survcare310_S21_L001,1,0.270925372838974
CTZ,random,LR,onehot,3,Survcare319_S16,1,0.6287271976470947
CTZ,random,LR,onehot,3,Survcare329_S3,1,0.01692422479391098
CTZ,random,LR,onehot,3,Survcare335_S11,1,0.9999035596847534
CTZ,random,LR,onehot,3,V116_S6_L001,0,0.71358323097229
CTZ,random,LR,onehot,3,V139_S7_L001,0,0.9994877576828003
CTZ,random,LR,onehot,3,V153_S4_L001,0,5.840291578351753e-06
CTZ,random,LR,onehot,3,V195_S1_L001,1,1.3834104972687555e-09
CTZ,random,LR,onehot,3,V228_S8_L001,1,0.9933162331581116
CTZ,random,LR,onehot,3,V238_S11_L001,0,0.2639690041542053
CTZ,random,LR,onehot,3,V283_S5_L001,1,0.9738088846206665
CTZ,random,LR,onehot,3,V289_S5_L001,0,0.03250078111886978
CTZ,random,LR,onehot,3,V64_S3_L001,0,5.399895641744479e-09
CTZ,random,LR,onehot,3,V73_S5_L001,1,0.9985930323600769
CTZ,random,LR,onehot,3,wdh-RBF-17-0572-1_S43,0,0.004284125752747059
CTZ,random,LR,onehot,3,wdhRBF-17-0558-1_S121,0,0.38272055983543396
CTZ,random,LR,onehot,3,wdhRBF-18-0081-1_S18_L001,0,0.7920981049537659
CTZ,random,LR,onehot,3,WDHRBG-16-050-1_S40,1,0.9985554814338684
CTZ,random,LR,onehot,3,wRBG-16-027-1_S174,0,0.014596001245081425
CTZ,random,LR,onehot,3,wRBG-17-022-1_S43,1,0.9653082489967346
CTZ,random,LR,onehot,3,wRBG-17-031-1_S154,0,5.71834743823274e-06
CTZ,random,LR,onehot,3,wRBG-17-034-1_S121,0,2.861143002519384e-05
CTZ,random,LR,onehot,3,wRBG-17-049-1_S142,0,6.947598012629896e-05
CTZ,random,LR,onehot,3,wRBG-17-058-1_S130,0,1.833264650485944e-05
CTZ,random,LR,onehot,3,wRBG-17-075-1_S96,0,0.026269318535923958
CTZ,random,LR,onehot,3,wwRBF-17-189-1_S32,1,0.9628876447677612
CTZ,random,LR,onehot,3,wwRBK-16-023-1_S5,1,0.5823534727096558
CTZ,random,LR,onehot,3,wwRBK-17-0197-1_S39,1,0.8667730689048767
CTZ,random,LR,onehot,3,wwRBK-17-075-1_S28,1,0.8682094216346741
CTZ,random,LR,onehot,4,H105_S3_L001,0,0.9024562835693359
CTZ,random,LR,onehot,4,H109_S2_L001,0,0.00232602353207767
CTZ,random,LR,onehot,4,H113_S6_L001,0,0.00014734308933839202
CTZ,random,LR,onehot,4,H122_S4_L001,1,0.00018418631225358695
CTZ,random,LR,onehot,4,H130_S2_L001,1,0.0017100174445658922
CTZ,random,LR,onehot,4,H154_S2_L001,1,0.9387713074684143
CTZ,random,LR,onehot,4,H157_S3_L001,0,0.5059081315994263
CTZ,random,LR,onehot,4,H176_S5_L001,0,0.1729273498058319
CTZ,random,LR,onehot,4,H50_S7_L001,0,0.033035408705472946
CTZ,random,LR,onehot,4,H66_S1_L001,1,0.9998134970664978
CTZ,random,LR,onehot,4,NNRBG-17-0227-1_S8,0,0.010889443568885326
CTZ,random,LR,onehot,4,NNRBG-17-0242-1_S11,0,0.021817868575453758
CTZ,random,LR,onehot,4,NNRBG-17-0243-1_S12,0,0.0016884594224393368
CTZ,random,LR,onehot,4,NNRBG-17-0308-1_S20,0,0.0008841318776831031
CTZ,random,LR,onehot,4,RBB-18-0892-1_S80_2,1,0.9999539852142334
CTZ,random,LR,onehot,4,RBB-18-1309-1_S42,1,0.9095596075057983
CTZ,random,LR,onehot,4,RBB-18-1488-1_S46,1,4.67567952000536e-06
CTZ,random,LR,onehot,4,RBBK18-0189-1_S24_L001,0,0.001695182523690164
CTZ,random,LR,onehot,4,RBF-17-0194-1_S140,0,0.0973992869257927
CTZ,random,LR,onehot,4,RBF-17-0340-1_S81,1,0.2029496729373932
CTZ,random,LR,onehot,4,RBF-17-0523-1_S30,0,0.0017645437037572265
CTZ,random,LR,onehot,4,RBF-17-0532-1_S80,0,0.0017810184508562088
CTZ,random,LR,onehot,4,RBF-17-0532-2_S31,0,0.00015062255261000246
CTZ,random,LR,onehot,4,RBF-17-0538-1_S82,0,0.5317795276641846
CTZ,random,LR,onehot,4,RBF-17-0635-1_S98,0,0.0029376570601016283
CTZ,random,LR,onehot,4,RBF-17-0653-1_S101,0,1.5540978210992762e-06
CTZ,random,LR,onehot,4,RBF-17-186-1_S69,1,0.9020934700965881
CTZ,random,LR,onehot,4,RBF-17-277-1_S73,1,3.5301720657798796e-08
CTZ,random,LR,onehot,4,RBF-18-0035-1_S6,0,0.0003605384554248303
CTZ,random,LR,onehot,4,RBF-18-0086-1_S22,0,6.8112781264062505e-06
CTZ,random,LR,onehot,4,RBF-18-0121-1_S28,0,4.968906068825163e-07
CTZ,random,LR,onehot,4,RBF-18-0127-1_S32,0,0.8158610463142395
CTZ,random,LR,onehot,4,RBF-18-0139-1_S35,0,1.6216563381021842e-07
CTZ,random,LR,onehot,4,RBF-18-0160-1_S37,0,0.0002337303158128634
CTZ,random,LR,onehot,4,RBF-18-0173-1_S27,0,0.07486062496900558
CTZ,random,LR,onehot,4,RBF-18-0184-1_S30,0,0.5348454117774963
CTZ,random,LR,onehot,4,RBF-18-0201-1_S49,0,0.023783277720212936
CTZ,random,LR,onehot,4,RBF-18-0217-1_S54,0,0.0013811166863888502
CTZ,random,LR,onehot,4,RBF-18-0251-1_S55,0,0.9880437254905701
CTZ,random,LR,onehot,4,RBF-18-0259-1_S33,0,0.00046514280256815255
CTZ,random,LR,onehot,4,RBF-18-0277-1_S61,0,0.27585527300834656
CTZ,random,LR,onehot,4,RBF-18-0321-1_S69,0,0.000825670431368053
CTZ,random,LR,onehot,4,RBF-18-0333-1_S70,0,0.0011253495467826724
CTZ,random,LR,onehot,4,RBF-18-0405-1_S81_2,1,0.9998447895050049
CTZ,random,LR,onehot,4,RBF-18-0585-1_S48,1,0.9543281197547913
CTZ,random,LR,onehot,4,RBG-17-0383-1_S44,0,0.08228465914726257
CTZ,random,LR,onehot,4,RBG-18-0012-1_S3,0,0.4933125376701355
CTZ,random,LR,onehot,4,RBG-18-0054-1_S42,0,0.21906420588493347
CTZ,random,LR,onehot,4,RBG-18-0076-1_S10,0,0.9507097005844116
CTZ,random,LR,onehot,4,RBG-18-0221-1_S47,0,0.0027437598910182714
CTZ,random,LR,onehot,4,RBG-18-0265-1_S49,0,0.8771010041236877
CTZ,random,LR,onehot,4,RBG-18-0367-1_S57,0,1.8059216699839453e-06
CTZ,random,LR,onehot,4,RBG-18-0410-1_S12,1,0.8138452172279358
CTZ,random,LR,onehot,4,RBK-17-0601-1_S25,1,0.9020934700965881
CTZ,random,LR,onehot,4,RBK-17-0612-1_S27,1,0.9371171593666077
CTZ,random,LR,onehot,4,RBK-17-0655-5_S182,1,0.9314000606536865
CTZ,random,LR,onehot,4,RBK-18-0077-1_S212,1,0.9371171593666077
CTZ,random,LR,onehot,4,RBK-18-0080-1_S205,0,4.725383860204602e-06
CTZ,random,LR,onehot,4,RBK-18-0414-1_S59,0,0.20715008676052094
CTZ,random,LR,onehot,4,RBKk-18-0108-1_S201,1,0.9379345178604126
CTZ,random,LR,onehot,4,RBL-17-0107-1_S150,0,0.7299801111221313
CTZ,random,LR,onehot,4,RBL-17-0133-1_S159,0,0.3457176685333252
CTZ,random,LR,onehot,4,RBL-17-0165-1_S167,0,0.002903467044234276
CTZ,random,LR,onehot,4,RBL-17-0217-1_S176,0,0.0023208351340144873
CTZ,random,LR,onehot,4,RBL-17-0261-1_S100,0,0.013989049941301346
CTZ,random,LR,onehot,4,RBL-17-0263-1_S102,0,5.3861047490499914e-05
CTZ,random,LR,onehot,4,RBL-17-0305-1_S49,1,0.985748827457428
CTZ,random,LR,onehot,4,RBL-17-0332-1_S118,0,0.16360782086849213
CTZ,random,LR,onehot,4,RBL-17-0342-1_S103,0,0.3698013424873352
CTZ,random,LR,onehot,4,RBL-17-0359-1_S66,1,0.98049396276474
CTZ,random,LR,onehot,4,RBL-17-0360-1_S108,0,0.00036128441570326686
CTZ,random,LR,onehot,4,RBL-17-0366-1_S113,0,0.9721695780754089
CTZ,random,LR,onehot,4,RBL-17-0383-1_S119,0,0.11061250418424606
CTZ,random,LR,onehot,4,RBL-18-0055-1_S170,0,0.5149557590484619
CTZ,random,LR,onehot,4,RBL-18-0076-1_S47,1,0.7202521562576294
CTZ,random,LR,onehot,4,RBL-18-0242-1_S51,0,0.9998922348022461
CTZ,random,LR,onehot,4,RBL-18-0467-1_S228_2,1,0.9970513582229614
CTZ,random,LR,onehot,4,RBT-16-0024-1_S10,1,0.9820236563682556
CTZ,random,LR,onehot,4,RBT-17-0008-1_S18,0,0.02326052449643612
CTZ,random,LR,onehot,4,RBT-17-0033-1_S12,1,0.00013532773300539702
CTZ,random,LR,onehot,4,RBT-17-0090-1_S32,0,2.932688767032232e-05
CTZ,random,LR,onehot,4,RBT-17-0097-1_S34,1,0.9997889399528503
CTZ,random,LR,onehot,4,RBT-17-0109-1_S40,0,0.008450332097709179
CTZ,random,LR,onehot,4,RBT-17-0118-1_S45,0,5.429602879303275e-06
CTZ,random,LR,onehot,4,RBT-17-0173-1_S63,0,0.000759413989726454
CTZ,random,LR,onehot,4,RBT-17-0178-1_S66,0,0.00010489497799426317
CTZ,random,LR,onehot,4,RBT-17-0188-1_S68,1,0.020385049283504486
CTZ,random,LR,onehot,4,RBT-17-0194-1_S30,0,0.000353697978425771
CTZ,random,LR,onehot,4,RBT-17-0270-1_S65,0,0.0016091419383883476
CTZ,random,LR,onehot,4,RBT-17-0287-1_S10,0,4.691702997661196e-05
CTZ,random,LR,onehot,4,RBT-17-0295-1_S15,0,0.02326616831123829
CTZ,random,LR,onehot,4,RBT-17-0328-1_S16,1,0.9814334511756897
CTZ,random,LR,onehot,4,RBT-17-0337-1_S19,0,0.022984981536865234
CTZ,random,LR,onehot,4,RBT-18-0004-1_S51,1,0.6194546818733215
CTZ,random,LR,onehot,4,RBT-18-0045-1_S70,0,3.4693962334131356e-06
CTZ,random,LR,onehot,4,RBT-18-0101-1_S22,0,0.9958588480949402
CTZ,random,LR,onehot,4,RBT-18-0127-1_S51,0,0.00019440620962996036
CTZ,random,LR,onehot,4,RBT-18-0129-1_S52,0,0.04716182500123978
CTZ,random,LR,onehot,4,RBT-18-0164-1_S34,0,0.8429919481277466
CTZ,random,LR,onehot,4,RBT-18-0185-1_S39,0,0.22279533743858337
CTZ,random,LR,onehot,4,RBT-18-0230-1_S45,0,0.0009900451404973865
CTZ,random,LR,onehot,4,RBT-18-0232-1_S47,0,0.17531011998653412
CTZ,random,LR,onehot,4,RBT-18-0275-1_S63,0,0.0017524249851703644
CTZ,random,LR,onehot,4,RBT-18-0317-1_S27,0,0.005088937934488058
CTZ,random,LR,onehot,4,RBT-18-0324-1_S57,1,0.9987137317657471
CTZ,random,LR,onehot,4,RBT-18-0337-1_S46,0,0.9340223670005798
CTZ,random,LR,onehot,4,RBT-18-0340-1_S36,0,7.426204683724791e-05
CTZ,random,LR,onehot,4,RBT-18-0364-1_S29,0,0.9925404191017151
CTZ,random,LR,onehot,4,RBT-18-0365-1_S30,0,0.590121328830719
CTZ,random,LR,onehot,4,RBT-18-0385-1_S34,0,4.242337581672473e-06
CTZ,random,LR,onehot,4,RBT-18-0391-1_S35,1,0.9684739112854004
CTZ,random,LR,onehot,4,RBT-18-0401-1_S43,0,0.7707055807113647
CTZ,random,LR,onehot,4,ResetH134_S8_L001,1,0.00303867575712502
CTZ,random,LR,onehot,4,ResetH44_S3_L001,0,0.0001528564898762852
CTZ,random,LR,onehot,4,ResetH49b_S6_L001,0,0.744147002696991
CTZ,random,LR,onehot,4,ResetH63_S7_L001,1,0.9020934700965881
CTZ,random,LR,onehot,4,ResetH68_S1_L001,0,0.0036930758506059647
CTZ,random,LR,onehot,4,ResetH92_S4_L001,1,0.12850770354270935
CTZ,random,LR,onehot,4,ResetV210_S4_L001,1,0.9907596111297607
CTZ,random,LR,onehot,4,Survcare0111_S29,1,0.02809249609708786
CTZ,random,LR,onehot,4,Survcare0114_S37,1,0.04273192957043648
CTZ,random,LR,onehot,4,Survcare125_S25,1,0.9993991851806641
CTZ,random,LR,onehot,4,Survcare230_S17_L001,1,0.9644256234169006
CTZ,random,LR,onehot,4,Survcare262_S23_L001,1,0.006617984268814325
CTZ,random,LR,onehot,4,Survcare265_S20,1,0.10474749654531479
CTZ,random,LR,onehot,4,Survcare278_S62,1,0.012271379120647907
CTZ,random,LR,onehot,4,Survcare321_S18,1,0.999861478805542
CTZ,random,LR,onehot,4,Survcare341_S25,1,0.016018599271774292
CTZ,random,LR,onehot,4,Survcare350_S44,1,0.13665832579135895
CTZ,random,LR,onehot,4,V123_S1_L001,0,0.1472240388393402
CTZ,random,LR,onehot,4,V173_S6_L001,0,1.3426029909169301e-05
CTZ,random,LR,onehot,4,V182_S6_L001,1,0.29708513617515564
CTZ,random,LR,onehot,4,V205_S3_L001,0,0.9407695531845093
CTZ,random,LR,onehot,4,V215_S2_L001,0,0.0004546313139144331
CTZ,random,LR,onehot,4,V232_S3_L001,0,1.5564959539915435e-05
CTZ,random,LR,onehot,4,V279_S8_L001,1,0.6403264403343201
CTZ,random,LR,onehot,4,V295_S7_L001,0,0.903896152973175
CTZ,random,LR,onehot,4,V40_S2_L001,1,0.013188136741518974
CTZ,random,LR,onehot,4,V9_S1_L001,1,0.040455449372529984
CTZ,random,LR,onehot,4,W2RBF-17-133-1_S28,1,0.9894437789916992
CTZ,random,LR,onehot,4,W2RBL-16-018-1_S15,1,0.6392242908477783
CTZ,random,LR,onehot,4,wdh-RBB-17-170-1_S16,1,0.8736404180526733
CTZ,random,LR,onehot,4,wdh-Survcare119_S44,1,0.0009678509668447077
CTZ,random,LR,onehot,4,wdhRBF-17-0564-1_S230,0,0.9994978904724121
CTZ,random,LR,onehot,4,wdhRBF-18-0048-1_S12_L001,0,0.00027375767240300775
CTZ,random,LR,onehot,4,wdhRBF-18-0049-1_S13_L001,0,2.5932193238986656e-05
CTZ,random,LR,onehot,4,WDHRBG-16-049-1_S87,0,0.9977923631668091
CTZ,random,LR,onehot,4,WDHRBG-16-062-1_S49,0,1.6579388102400117e-05
CTZ,random,LR,onehot,4,WDHRBG-17-005-2_S61,0,0.005329952109605074
CTZ,random,LR,onehot,4,WDHRBG-17-008-1_S83,0,0.12094391137361526
CTZ,random,LR,onehot,4,WDHRBG-17-121-1_S46,0,0.1680920124053955
CTZ,random,LR,onehot,4,wRBF-17-0146-1_S35,1,0.9156830310821533
CTZ,random,LR,onehot,4,wRBG-16-024-1_S152,0,0.12456713616847992
CTZ,random,LR,onehot,4,wRBG-17-021-1_S166,0,6.346950976876542e-05
CTZ,random,LR,onehot,4,wRBG-17-028-1_S100,0,3.657813067547977e-05
CTZ,random,LR,onehot,4,wRBG-17-047-1_S153,0,8.037715815589763e-06
CTZ,random,LR,onehot,4,wRBG-17-073-1_S118,0,1.5403900761157274e-05
CTZ,random,LR,onehot,4,wRBG-17-082-1_S106,0,6.708404271194013e-06
CTZ,random,LR,onehot,4,wwRBF-17-148-1_S27,0,0.06864144653081894
CTZ,random,LR,onehot,4,wwRBF-17-251-1_S33,1,0.9967833757400513
CTZ,random,LR,onehot,4,wwRBK-17-0148-2_S38,1,0.919600248336792
CTZ,random,SVM,onehot,0,H100_S2_L001,0,0.2340384149229565
CTZ,random,SVM,onehot,0,H108_S5_L001,0,0.28637109204192523
CTZ,random,SVM,onehot,0,H119_S7_L001,1,0.7255846141802322
CTZ,random,SVM,onehot,0,H17_S2_L001,0,0.3419983251410154
CTZ,random,SVM,onehot,0,H3_S1_L001,1,0.6501592845769109
CTZ,random,SVM,onehot,0,H37_S3_L001,0,0.23533764928272283
CTZ,random,SVM,onehot,0,H51_S5_L001,0,0.7211133886418389
CTZ,random,SVM,onehot,0,H86_S1_L001,0,0.3780497477817262
CTZ,random,SVM,onehot,0,NNRBG-17-0198-1_S4,0,0.026898363715774653
CTZ,random,SVM,onehot,0,NNRBG-17-0201-1_S6,0,0.0238512229915977
CTZ,random,SVM,onehot,0,NNRBG-17-0234-1_S9,0,0.10784765956303378
CTZ,random,SVM,onehot,0,NNRBG-17-0294-1_S18,0,0.599608581952716
CTZ,random,SVM,onehot,0,NNRBG-17-0319-1_S24,0,0.2257802685459524
CTZ,random,SVM,onehot,0,NNRBG-17-0328-1_S25,0,0.27234617204647465
CTZ,random,SVM,onehot,0,NNRBG-17-0346-1_S30,0,0.04715641108937954
CTZ,random,SVM,onehot,0,NNRBG-17-0378-1_S37,0,0.6860780774854844
CTZ,random,SVM,onehot,0,NNRBG-17-0382-1_S38,0,0.0010353374535159337
CTZ,random,SVM,onehot,0,RBB-17-011-1_S40,1,0.7311299806978989
CTZ,random,SVM,onehot,0,RBB-18-0537-1_S21_L001,1,0.8531299481131756
CTZ,random,SVM,onehot,0,RBB-18-0772-1_S192,1,0.3875592369247562
CTZ,random,SVM,onehot,0,RBB-18-1393-1_S48,1,0.7106897130657702
CTZ,random,SVM,onehot,0,RBF-16-073-1_S23,1,0.7177239814007101
CTZ,random,SVM,onehot,0,RBF-17-0173-1_S138,0,0.5136697788634063
CTZ,random,SVM,onehot,0,RBF-17-0424-1_S15,0,0.3169813029437295
CTZ,random,SVM,onehot,0,RBF-17-0438-1_S9,1,0.7311299806978989
CTZ,random,SVM,onehot,0,RBF-17-0467-1_S12,1,0.7084611768374683
CTZ,random,SVM,onehot,0,RBF-17-0489-1_S13,1,0.5238712108858157
CTZ,random,SVM,onehot,0,RBF-17-0508-1_S73,0,0.5536414834324938
CTZ,random,SVM,onehot,0,RBF-17-0537-1_S56,1,0.7160921266432324
CTZ,random,SVM,onehot,0,RBF-17-0572-2_S89,0,0.0011585721507336169
CTZ,random,SVM,onehot,0,RBF-17-0605-1_S94,0,0.6532617842399409
CTZ,random,SVM,onehot,0,RBF-17-0614-3_S95,0,0.18648143060895245
CTZ,random,SVM,onehot,0,RBF-17-0616-1_S96,0,0.09408769593865089
CTZ,random,SVM,onehot,0,RBF-17-0645-1_S61,0,0.0010832480960670432
CTZ,random,SVM,onehot,0,RBF-17-0648-1_S100,0,0.007015864538817235
CTZ,random,SVM,onehot,0,RBF-17-0664-1_S63,0,0.3334515815512536
CTZ,random,SVM,onehot,0,RBF-17-094-1_S56,1,0.6145113716457828
CTZ,random,SVM,onehot,0,RBF-18-0013-1_S25_L001,0,0.2775729160952036
CTZ,random,SVM,onehot,0,RBF-18-0027-1_S5,0,0.15846628650876549
CTZ,random,SVM,onehot,0,RBF-18-0085-1_S21,0,0.09465681578445401
CTZ,random,SVM,onehot,0,RBF-18-0088-1_S24,0,0.02015690215476
CTZ,random,SVM,onehot,0,RBF-18-0099-1_S26,0,0.0524543114810775
CTZ,random,SVM,onehot,0,RBF-18-0125-1_S30,0,0.14884132883499146
CTZ,random,SVM,onehot,0,RBF-18-0126-1_S31,0,0.27076117806611294
CTZ,random,SVM,onehot,0,RBF-18-0199-1_S47,0,0.8557493562957837
CTZ,random,SVM,onehot,0,RBF-18-0634-1_S183,0,0.07589162445157441
CTZ,random,SVM,onehot,0,RBG-17-0269-1_S41,0,0.901381801600561
CTZ,random,SVM,onehot,0,RBG-18-0023-1_S2,0,0.04341813410982271
CTZ,random,SVM,onehot,0,RBG-18-0029-1_S40,0,0.02290627360290155
CTZ,random,SVM,onehot,0,RBG-18-0085-1_S11,0,0.2280869867097857
CTZ,random,SVM,onehot,0,RBG-18-0099-1_S14,1,0.7311299806978989
CTZ,random,SVM,onehot,0,RBG-18-0129-1_S15_L001,1,0.6669093440301388
CTZ,random,SVM,onehot,0,RBG-18-0153-1_S14,0,0.5271132214827127
CTZ,random,SVM,onehot,0,RBG-18-0170-1_S41,0,0.09261129770931809
CTZ,random,SVM,onehot,0,RBG-18-0185-1_S40,0,0.19794293004893299
CTZ,random,SVM,onehot,0,RBG-18-0193-1_S8,0,0.01816365341227251
CTZ,random,SVM,onehot,0,RBG-18-0209-2_S46,0,0.49537626832824894
CTZ,random,SVM,onehot,0,RBG-18-0239-1_S4,0,0.025968669548110765
CTZ,random,SVM,onehot,0,RBG-18-0289-1_S37,1,0.29330484614741853
CTZ,random,SVM,onehot,0,RBG-18-0300-1_S52,0,0.16010613869241144
CTZ,random,SVM,onehot,0,RBG-18-0308-1_S54,1,0.010525524534332543
CTZ,random,SVM,onehot,0,RBG-18-0312-1_S55,0,0.08203450209936762
CTZ,random,SVM,onehot,0,RBG-18-0355-1_S19_L001,0,0.12222222792996992
CTZ,random,SVM,onehot,0,RBG-18-0381-1_S49,0,0.1756333114695723
CTZ,random,SVM,onehot,0,RBG-18-0383-1_S37,1,0.5418803955682557
CTZ,random,SVM,onehot,0,RBG-18-0437-1_S54,0,0.09145358125213399
CTZ,random,SVM,onehot,0,RBK-16-007-1_S13,1,0.6521639210798058
CTZ,random,SVM,onehot,0,RBK-17-0492-1_S8,1,0.3461847769993212
CTZ,random,SVM,onehot,0,RBK-17-0588-1_S24,1,0.25845108979093034
CTZ,random,SVM,onehot,0,RBK-17-0595-1_S187,1,0.6014033801461981
CTZ,random,SVM,onehot,0,RBK-18-0022-1_S197,0,0.14361924886415442
CTZ,random,SVM,onehot,0,RBK-18-0047-1_S20,0,0.2707143359709628
CTZ,random,SVM,onehot,0,RBK-18-0060-1_S22,0,0.3102677700564021
CTZ,random,SVM,onehot,0,RBk-18-0216-1_S231_2,0,0.7870481347517485
CTZ,random,SVM,onehot,0,RBK-18-0236-2_S52_2,1,0.7773725119849316
CTZ,random,SVM,onehot,0,RBL-17-0138-1_S162,0,0.4649611536495387
CTZ,random,SVM,onehot,0,RBL-17-0199-1_S174,0,0.6712928327387528
CTZ,random,SVM,onehot,0,RBL-17-0235-1_S92,0,0.08473607214872919
CTZ,random,SVM,onehot,0,RBL-17-0264-1_S103,0,0.44126750003027193
CTZ,random,SVM,onehot,0,RBL-17-0267-1_S104,0,0.26540307202843133
CTZ,random,SVM,onehot,0,RBL-17-0306-1_S50,1,0.03965499501519903
CTZ,random,SVM,onehot,0,RBL-17-0323-1_S115,0,0.07613537126938237
CTZ,random,SVM,onehot,0,RBL-17-0390-1_S121,0,0.02890202815560408
CTZ,random,SVM,onehot,0,RBL-17-0392-1_S69,1,0.7311013414604997
CTZ,random,SVM,onehot,0,RBL-17-0397-1_S125,0,0.056754177632524536
CTZ,random,SVM,onehot,0,RBL-18-0010-1_S159,0,0.0847228925631907
CTZ,random,SVM,onehot,0,RBL-18-0085-1_S176,0,0.3735366462425184
CTZ,random,SVM,onehot,0,RBL-18-0194-1_S195_2,1,0.7059824002229182
CTZ,random,SVM,onehot,0,RBL-18-0500-1_S230_2,1,0.18078415506679354
CTZ,random,SVM,onehot,0,RBT-17-0003-1_S16,0,0.1929880036018475
CTZ,random,SVM,onehot,0,RBT-17-0019-1_S62,1,0.9370740725910313
CTZ,random,SVM,onehot,0,RBT-17-0149-1_S13,1,0.2300833162721657
CTZ,random,SVM,onehot,0,RBT-17-0249-1_S61,1,0.7311243682148857
CTZ,random,SVM,onehot,0,RBT-18-0021-1_S56,1,0.7311299806978989
CTZ,random,SVM,onehot,0,RBT-18-0042-1_S60,0,0.11337592059745348
CTZ,random,SVM,onehot,0,RBT-18-0046-1_S2,0,0.14814367751440238
CTZ,random,SVM,onehot,0,RBT-18-0052-1_S35,1,0.0795360353361398
CTZ,random,SVM,onehot,0,RBT-18-0056-1_S37,0,0.03622630434083093
CTZ,random,SVM,onehot,0,RBT-18-0079-1_S16,0,0.3091818393745081
CTZ,random,SVM,onehot,0,RBT-18-0080-1_S49,1,0.9694171513554352
CTZ,random,SVM,onehot,0,RBT-18-0091-1_S42,0,0.5210714798629598
CTZ,random,SVM,onehot,0,RBT-18-0095-1_S19,0,0.1297473343421608
CTZ,random,SVM,onehot,0,RBT-18-0110-1_S27,0,0.02082863452561461
CTZ,random,SVM,onehot,0,RBT-18-0113-1_S44,0,0.13447842449072364
CTZ,random,SVM,onehot,0,RBT-18-0125-1_S50,0,0.37479853276279756
CTZ,random,SVM,onehot,0,RBT-18-0173-1_S35,0,0.45345116637758826
CTZ,random,SVM,onehot,0,RBT-18-0197-1_S40,0,0.5855895597283959
CTZ,random,SVM,onehot,0,RBT-18-0205-1_S6,1,0.742346293583935
CTZ,random,SVM,onehot,0,RBT-18-0234-1_S15,1,0.8373652989413761
CTZ,random,SVM,onehot,0,RBT-18-0246-1_S52,0,0.0402122704493522
CTZ,random,SVM,onehot,0,RBT-18-0253-1_S54,0,0.97520539455603
CTZ,random,SVM,onehot,0,RBT-18-0259-1_S55,0,0.049661028728377174
CTZ,random,SVM,onehot,0,RBT-18-0263-1_S58,0,0.4399766159783827
CTZ,random,SVM,onehot,0,RBT-18-0278-1_S64,0,0.182991414469509
CTZ,random,SVM,onehot,0,RBT-18-0331-1_S22,0,0.3767959423095458
CTZ,random,SVM,onehot,0,RBT-18-0338-1_S35,0,0.13798673884452345
CTZ,random,SVM,onehot,0,RBT-18-0341-1_S24,0,0.012723058618704524
CTZ,random,SVM,onehot,0,RBT-18-0357-1_S27,0,0.026212553268213926
CTZ,random,SVM,onehot,0,RBT-18-0360-1_S39,0,0.16515911654312226
CTZ,random,SVM,onehot,0,RBT-18-0372-1_S31,1,0.701426303859324
CTZ,random,SVM,onehot,0,ResetV288_S6_L001,0,0.25100439141119346
CTZ,random,SVM,onehot,0,ResetV70_S6_L001,1,0.6491587190423058
CTZ,random,SVM,onehot,0,Survcare133_S25,1,0.8451251913131856
CTZ,random,SVM,onehot,0,Survcare134_S26,1,0.7044348416929029
CTZ,random,SVM,onehot,0,Survcare176_S17_L001,1,0.3314822049007662
CTZ,random,SVM,onehot,0,Survcare236_S5_L001,1,0.3810147688475623
CTZ,random,SVM,onehot,0,Survcare309_S20_L001,1,0.887537198970678
CTZ,random,SVM,onehot,0,Survcare317_S5_L001,1,0.16602839754699197
CTZ,random,SVM,onehot,0,Survcare327_S1,1,0.5715975288709148
CTZ,random,SVM,onehot,0,Survcare337_S12,1,0.8860927277811289
CTZ,random,SVM,onehot,0,V111_S3_L001,0,0.026160960170715387
CTZ,random,SVM,onehot,0,V113_S3_L001,0,0.49715148846436386
CTZ,random,SVM,onehot,0,V120_S5_L001,0,0.47555887497334176
CTZ,random,SVM,onehot,0,V152_S3_L001,0,0.4938545522186799
CTZ,random,SVM,onehot,0,V155_S5_L001,0,0.1333979130387442
CTZ,random,SVM,onehot,0,V168_S9_L001,1,0.6777259448215616
CTZ,random,SVM,onehot,0,V172_S5_L001,0,0.04562522281217041
CTZ,random,SVM,onehot,0,V201_S4_L001,1,0.7290746425044948
CTZ,random,SVM,onehot,0,V229_S10_L001,1,0.7465155347542431
CTZ,random,SVM,onehot,0,V282_S4_L001,0,0.29434413895587624
CTZ,random,SVM,onehot,0,V41_S2_L001,0,0.10212933233534077
CTZ,random,SVM,onehot,0,V71_S4_L001,1,0.7226903149473534
CTZ,random,SVM,onehot,0,V89_S1_L001,0,0.4528595333746339
CTZ,random,SVM,onehot,0,W2RBK-17-168-1_S33,1,0.7981119672767394
CTZ,random,SVM,onehot,0,W2RBK-17-169-1_S34,1,0.7433900863416443
CTZ,random,SVM,onehot,0,wdh-RBB-16-025-1_S20,0,0.016281686630334025
CTZ,random,SVM,onehot,0,wdh2NRZ-29911a_S31,1,0.12097827396048645
CTZ,random,SVM,onehot,0,wdhRBF-10-0002-1_S10_L001,1,0.9480429219130242
CTZ,random,SVM,onehot,0,wdhRBF-18-0080-1_S17_L001,0,0.3099859826272715
CTZ,random,SVM,onehot,0,wdhRBF-18-0098-1_S19_L001,0,0.16788425612500418
CTZ,random,SVM,onehot,0,wdhRBL-17-0370-1_S232,0,0.02406928374695072
CTZ,random,SVM,onehot,0,wNRZ-32446_S79,1,0.014064197599461863
CTZ,random,SVM,onehot,0,wNRZ-33910_S81,1,0.07530694200745093
CTZ,random,SVM,onehot,0,wRBG-16-026-1_S163,0,0.02634716325296547
CTZ,random,SVM,onehot,0,wRBG-16-034-1_S164,0,0.8099177772075599
CTZ,random,SVM,onehot,0,wRBG-17-057-1_S141,0,0.10778638589077649
CTZ,random,SVM,onehot,0,wRBG-17-072-1_S129,0,0.009429941384911308
CTZ,random,SVM,onehot,0,wRBG-17-102-1_S169,0,0.0038502572888507685
CTZ,random,SVM,onehot,0,wRBG-17-106-1_S125,0,0.20286937583304346
CTZ,random,SVM,onehot,0,wRBG-17-110-1_S168,0,0.28861637066701307
CTZ,random,SVM,onehot,0,wwRBF-16-094-1_S13,1,0.15174112437352255
CTZ,random,SVM,onehot,0,wwRBF-17-209-1_S34,0,0.17840164465996197
CTZ,random,SVM,onehot,1,H153_S1_L001,1,0.6958824670829253
CTZ,random,SVM,onehot,1,NNRBG-17-0255-1_S14,0,0.7698342282921107
CTZ,random,SVM,onehot,1,NNRBG-17-0278-1_S16,0,0.37419895818167637
CTZ,random,SVM,onehot,1,NNRBG-17-0287-1_S17,0,0.5739539465222062
CTZ,random,SVM,onehot,1,NNRBG-17-0316-1_S23,0,0.22061413848567396
CTZ,random,SVM,onehot,1,NNRBG-17-0329-1_S26,0,0.07757522500776382
CTZ,random,SVM,onehot,1,NNRBG-17-0399-1_S40,0,0.3410464723021095
CTZ,random,SVM,onehot,1,NNSurvcare045_S41,1,0.8479018569989737
CTZ,random,SVM,onehot,1,RBB-18-0546-1_S22_L001,1,0.9140216244593211
CTZ,random,SVM,onehot,1,RBB-18-0668-1_S188,1,0.8606338168354449
CTZ,random,SVM,onehot,1,RBB-18-1312-1_S43,1,0.930146108350835
CTZ,random,SVM,onehot,1,RBB-18-1460-1_S45,1,0.901958333611898
CTZ,random,SVM,onehot,1,RBB-18-1502-1_S47,1,0.21956442856122552
CTZ,random,SVM,onehot,1,RBF-16-004-1_S18,0,0.7780884026412839
CTZ,random,SVM,onehot,1,RBF-17-0164-1_S137,0,0.26022349689715296
CTZ,random,SVM,onehot,1,RBF-17-0195-1_S141,0,0.7377302660043193
CTZ,random,SVM,onehot,1,RBF-17-0513-1_S76,0,0.2654620811476185
CTZ,random,SVM,onehot,1,RBF-17-0520-2_S55,1,0.14729132293078664
CTZ,random,SVM,onehot,1,RBF-17-0587-1_S91,0,0.02713756486128898
CTZ,random,SVM,onehot,1,RBF-17-0589-1_S92,0,0.3550358352330946
CTZ,random,SVM,onehot,1,RBF-17-0630-1_S59,1,0.041214455475926115
CTZ,random,SVM,onehot,1,RBF-17-0647-1_S99,0,0.3192217612709246
CTZ,random,SVM,onehot,1,RBF-17-170-1_S66,1,0.8778370225165147
CTZ,random,SVM,onehot,1,RBF-18-0036-1_S7,0,0.07860418317423724
CTZ,random,SVM,onehot,1,RBF-18-0064-2_S14,0,0.33966408394517794
CTZ,random,SVM,onehot,1,RBF-18-0066-1_S15,0,0.019336505193747137
CTZ,random,SVM,onehot,1,RBF-18-0068-1_S77,1,0.09941136690924021
CTZ,random,SVM,onehot,1,RBF-18-0072-1_S16,0,0.04434605855208291
CTZ,random,SVM,onehot,1,RBF-18-0093-1_S80,0,0.5482706445541982
CTZ,random,SVM,onehot,1,RBF-18-0132-1_S26,0,0.11002413616235698
CTZ,random,SVM,onehot,1,RBF-18-0151-1_S83,1,0.016146982838428414
CTZ,random,SVM,onehot,1,RBF-18-0179-1_S29,0,0.04700511036331281
CTZ,random,SVM,onehot,1,RBF-18-0187-1_S31,1,0.854349784425597
CTZ,random,SVM,onehot,1,RBF-18-0194-1_S86,1,0.7234316068668383
CTZ,random,SVM,onehot,1,RBF-18-0208-2_S11_L001,0,0.29762530522011943
CTZ,random,SVM,onehot,1,RBF-18-0282-1_S63,0,0.07861867009845327
CTZ,random,SVM,onehot,1,RBF-18-0294-1_S64,0,0.037132104565322704
CTZ,random,SVM,onehot,1,RBF-18-0338-1_S72,0,0.10604590670090128
CTZ,random,SVM,onehot,1,RBG-17-0284-1_S59,0,0.9462943060523413
CTZ,random,SVM,onehot,1,RBG-17-0351-1_S20_L001,1,0.8456496419614435
CTZ,random,SVM,onehot,1,RBG-18-0055-1_S43,0,0.013686570830585292
CTZ,random,SVM,onehot,1,RBG-18-0072-1_S8,0,0.205125616142053
CTZ,random,SVM,onehot,1,RBG-18-0077-1_S9,1,0.945555103550583
CTZ,random,SVM,onehot,1,RBG-18-0108-1_S16,0,0.021809834173291028
CTZ,random,SVM,onehot,1,RBG-18-0113-1_S13_L001,0,0.0666480229529074
CTZ,random,SVM,onehot,1,RBG-18-0191-1_S11_L001,0,0.14116256431513288
CTZ,random,SVM,onehot,1,RBG-18-0200-1_S18_L001,1,0.6794086523153618
CTZ,random,SVM,onehot,1,RBG-18-0211-1_S35,1,0.0006072983954588239
CTZ,random,SVM,onehot,1,RBG-18-0224-1_S24_L001,1,0.6865629771000497
CTZ,random,SVM,onehot,1,RBG-18-0256-1_S8_L001,1,0.17528545375585358
CTZ,random,SVM,onehot,1,RBG-18-0301-1_S53,0,0.12038472628135419
CTZ,random,SVM,onehot,1,RBK-16-073-1_S14,1,0.4555524482452207
CTZ,random,SVM,onehot,1,RBK-17-049-1_S62,1,0.8998732971036457
CTZ,random,SVM,onehot,1,RBK-18-0002-1_S38,1,0.28579018206182893
CTZ,random,SVM,onehot,1,RBK-18-0005-1_S18,0,0.019086942176044317
CTZ,random,SVM,onehot,1,RBK-18-0038-1_S200,0,0.026066083674135005
CTZ,random,SVM,onehot,1,RBK-18-0062-2_S203,0,0.4764934525879164
CTZ,random,SVM,onehot,1,RBK-18-0104-1_S206,0,0.03349411054021657
CTZ,random,SVM,onehot,1,RBK-18-0250-1_S235_2,0,0.07039770804318073
CTZ,random,SVM,onehot,1,RBK-18-0644-1_S180,1,0.8857655737153737
CTZ,random,SVM,onehot,1,RBL-17-0076-1_S32,0,0.5545170845084728
CTZ,random,SVM,onehot,1,RBL-17-0090-1_S145,0,0.08341021658105163
CTZ,random,SVM,onehot,1,RBL-17-0095-1_S147,0,0.016183989585369804
CTZ,random,SVM,onehot,1,RBL-17-0101-1_S148,0,0.40497331060406705
CTZ,random,SVM,onehot,1,RBL-17-0108-1_S151,0,0.18206682355981046
CTZ,random,SVM,onehot,1,RBL-17-0113-1_S153,0,0.7307309116433828
CTZ,random,SVM,onehot,1,RBL-17-0135-1_S160,0,0.4208819640880543
CTZ,random,SVM,onehot,1,RBL-17-0155-1_S165,0,0.05513895660719135
CTZ,random,SVM,onehot,1,RBL-17-0159-1_S166,0,0.6986181497948787
CTZ,random,SVM,onehot,1,RBL-17-0197-1_S173,0,0.16645321555918047
CTZ,random,SVM,onehot,1,RBL-17-0205-1_S175,0,0.17865723355909244
CTZ,random,SVM,onehot,1,RBL-17-0226-1_S41,1,0.7378356262442614
CTZ,random,SVM,onehot,1,RBL-17-0232-1_S91,0,0.06100058750924311
CTZ,random,SVM,onehot,1,RBL-17-0244-1_S44,1,0.7086295283444117
CTZ,random,SVM,onehot,1,RBL-17-0246-1_S94,0,0.39313538920052465
CTZ,random,SVM,onehot,1,RBL-17-0274-2_S105,0,0.15757958629161065
CTZ,random,SVM,onehot,1,RBL-17-0283-1_S27,0,0.5261844482663827
CTZ,random,SVM,onehot,1,RBL-17-0300-1_S112,0,0.039249661707191213
CTZ,random,SVM,onehot,1,RBL-17-0307-1_S51,1,0.7310873464628524
CTZ,random,SVM,onehot,1,RBL-17-0340-1_S102,0,0.12049407079069727
CTZ,random,SVM,onehot,1,RBL-17-0391-1_S122,0,0.4198873473241621
CTZ,random,SVM,onehot,1,RBL-17-0402-1_S126,0,0.3422698677043322
CTZ,random,SVM,onehot,1,RBL-17-0428-1_S70,1,0.9202722490649117
CTZ,random,SVM,onehot,1,RBL-17-0434-1_S133,0,0.21544179368032673
CTZ,random,SVM,onehot,1,RBL-18-0019-1_S41,0,0.036002667994305924
CTZ,random,SVM,onehot,1,RBL-18-0022-1_S43,0,0.0775461973648299
CTZ,random,SVM,onehot,1,RBL-18-0037-1_S168,0,0.008181649258353334
CTZ,random,SVM,onehot,1,RBL-18-0059-1_S171,0,0.22430762498546797
CTZ,random,SVM,onehot,1,RBL-18-0093-1_S49,0,0.6137114479029079
CTZ,random,SVM,onehot,1,RBT-16-0038-1_S11,1,0.668423308803536
CTZ,random,SVM,onehot,1,RBT-16-0045-1_S58,1,0.7591434794281263
CTZ,random,SVM,onehot,1,RBT-17-0011-1_S19,0,0.23245358415224637
CTZ,random,SVM,onehot,1,RBT-17-0022-1_S24,0,0.030185321383559935
CTZ,random,SVM,onehot,1,RBT-17-0023-1_S25,0,0.09859423372161931
CTZ,random,SVM,onehot,1,RBT-17-0100-1_S36,0,0.45202139391105134
CTZ,random,SVM,onehot,1,RBT-17-0113-1_S42,0,0.008587297832371487
CTZ,random,SVM,onehot,1,RBT-17-0165-1_S60,0,0.2871900266505409
CTZ,random,SVM,onehot,1,RBT-17-0167-1_S27,0,0.38520375363617776
CTZ,random,SVM,onehot,1,RBT-17-0177-2_S7,0,0.05376712728772471
CTZ,random,SVM,onehot,1,RBT-17-0217-1_S7,0,0.6558630753001646
CTZ,random,SVM,onehot,1,RBT-17-0225-1_S9,0,0.023532519922155076
CTZ,random,SVM,onehot,1,RBT-17-0228-1_S10,0,0.203267657037921
CTZ,random,SVM,onehot,1,RBT-17-0239-1_S60,0,0.14182293381994932
CTZ,random,SVM,onehot,1,RBT-17-0243-1_S11,0,0.42258895879959035
CTZ,random,SVM,onehot,1,RBT-17-0285-1_S66,0,0.6436307700684061
CTZ,random,SVM,onehot,1,RBT-17-0339-1_S20,0,0.8297219182114376
CTZ,random,SVM,onehot,1,RBT-18-0027-1_S68,0,0.36845363238547885
CTZ,random,SVM,onehot,1,RBT-18-0064-1_S15,0,0.7714607514627915
CTZ,random,SVM,onehot,1,RBT-18-0071-1_S41,0,0.5888584203166088
CTZ,random,SVM,onehot,1,RBT-18-0096-1_S20,0,0.8240104238118725
CTZ,random,SVM,onehot,1,RBT-18-0100-1_S21,0,0.31611821898318554
CTZ,random,SVM,onehot,1,RBT-18-0122-1_S63,0,0.03603616297270836
CTZ,random,SVM,onehot,1,RBT-18-0133-1_S30,0,0.09264847665490901
CTZ,random,SVM,onehot,1,RBT-18-0184-1_S38,1,0.6282909535490887
CTZ,random,SVM,onehot,1,RBT-18-0231-1_S14,0,0.11246127666779915
CTZ,random,SVM,onehot,1,RBT-18-0241-1_S50,0,0.045125567218333974
CTZ,random,SVM,onehot,1,RBT-18-0271-1_S62,0,0.0381026542983493
CTZ,random,SVM,onehot,1,RBT-18-0296-1_S72,1,0.8709056216127189
CTZ,random,SVM,onehot,1,RBT-18-0308-1_S34,0,0.7543965888041175
CTZ,random,SVM,onehot,1,RBT-18-0325-1_S44,0,0.6660363313207154
CTZ,random,SVM,onehot,1,RBT-18-0334-1_S23,0,0.030468243375347075
CTZ,random,SVM,onehot,1,RBT-18-0335-1_S41,0,0.40179781205412535
CTZ,random,SVM,onehot,1,RBT-18-0358-1_S28,0,0.46100464810284275
CTZ,random,SVM,onehot,1,RBT-18-0363-1_S72,1,0.7282303698536249
CTZ,random,SVM,onehot,1,ResetH115_S6_L001,0,0.91378401247083
CTZ,random,SVM,onehot,1,ResetH127_S6_L001,1,0.5977334874493526
CTZ,random,SVM,onehot,1,ResetH131_S7_L001,1,0.42588428979165116
CTZ,random,SVM,onehot,1,ResetH139_S3_L001,0,0.340064897248343
CTZ,random,SVM,onehot,1,ResetH75_S2_L001,1,0.7254758564801103
CTZ,random,SVM,onehot,1,ResetH89_S3_L001,1,0.5330214257563308
CTZ,random,SVM,onehot,1,ResetV105_S1_L001,0,0.6814728930776702
CTZ,random,SVM,onehot,1,ResetV143_S2_L001,0,0.004543653488713521
CTZ,random,SVM,onehot,1,ResetV161_S3_L001,1,0.7270795080308248
CTZ,random,SVM,onehot,1,ResetV74_S7_L001,1,0.8251104469631492
CTZ,random,SVM,onehot,1,RPG-18-0435-1_S32,0,0.012415247959914916
CTZ,random,SVM,onehot,1,Survcare052_S22,1,0.7904398414435512
CTZ,random,SVM,onehot,1,Survcare254_S36,1,0.1790217935702211
CTZ,random,SVM,onehot,1,Survcare313_S24_L001,1,0.8839745686259843
CTZ,random,SVM,onehot,1,Survcare318_S20_L001,1,0.9026586178094465
CTZ,random,SVM,onehot,1,Survcare360_S84,1,0.4614365580378643
CTZ,random,SVM,onehot,1,V158_S4_L001,1,0.6517017018038767
CTZ,random,SVM,onehot,1,V163_S6_L001,0,0.2216211981794672
CTZ,random,SVM,onehot,1,V268_S12_L001,1,0.8450841382699944
CTZ,random,SVM,onehot,1,V292_S6_L001,1,0.9924056057665422
CTZ,random,SVM,onehot,1,V86_S1_L001,1,0.9539291706642681
CTZ,random,SVM,onehot,1,V98_S3_L001,1,0.9507463899797088
CTZ,random,SVM,onehot,1,W2RBF-17-090-1_S26,1,0.004490675762709174
CTZ,random,SVM,onehot,1,wdh-RBL-17-0431-1_S46,0,0.42939621678646833
CTZ,random,SVM,onehot,1,wdhRBF-17-0567-1_S122,0,0.36274477345616235
CTZ,random,SVM,onehot,1,WDHRBG-16-060-1_S27,0,0.45793451260827456
CTZ,random,SVM,onehot,1,WDHRBG-17-001-1_S82,0,0.4239343050226753
CTZ,random,SVM,onehot,1,WDHRBG-17-0256-1_S17,0,0.012824756045321607
CTZ,random,SVM,onehot,1,WDHRBG-17-122-1_S48,0,0.13145392517046905
CTZ,random,SVM,onehot,1,wRBG-17-023-1_S155,0,0.07024923093369649
CTZ,random,SVM,onehot,1,wRBG-17-030-1_S165,0,0.04835902242633971
CTZ,random,SVM,onehot,1,wRBG-17-055-1_S163,0,0.8051163933090624
CTZ,random,SVM,onehot,1,wRBG-17-100-1_S104,0,0.0719582001798402
CTZ,random,SVM,onehot,1,wwRBF-16-007-1_S10,1,0.9013521700107081
CTZ,random,SVM,onehot,1,wwRBF-17-167-1_S31,1,0.792416193059991
CTZ,random,SVM,onehot,1,wwRBK-17-0278-1_S41,1,0.49597152936355726
CTZ,random,SVM,onehot,1,wwRBL-16-111-1_S16,1,0.8176724100799219
CTZ,random,SVM,onehot,1,WWSurvcare043_S43,1,0.3704656931066831
CTZ,random,SVM,onehot,2,H116_S8_L001,1,0.9588223479626259
CTZ,random,SVM,onehot,2,H123_S1_L001,0,0.9398718284181949
CTZ,random,SVM,onehot,2,H136_S7_L001,0,0.0005198439253867581
CTZ,random,SVM,onehot,2,H164_S3_L001,1,0.742783220018805
CTZ,random,SVM,onehot,2,H28_S10_L001,0,0.18928403557402465
CTZ,random,SVM,onehot,2,H69_S6_L001,0,0.6990019825524557
CTZ,random,SVM,onehot,2,H71_S1_L001,1,0.9019332446876335
CTZ,random,SVM,onehot,2,H83_S7_L001,0,0.43762070186590923
CTZ,random,SVM,onehot,2,NNRBG-17-0196-1_S3,0,0.04939249384840065
CTZ,random,SVM,onehot,2,NNRBG-17-0199-1_S5,0,0.04676697153853958
CTZ,random,SVM,onehot,2,RBB-18-0826-1_S193,1,0.46646888796451286
CTZ,random,SVM,onehot,2,RBB-18-0972-1_S203_2,1,0.8859713651259796
CTZ,random,SVM,onehot,2,RBB-18-1086-1_S189_2,1,0.024601924891870627
CTZ,random,SVM,onehot,2,RBB-18-1406-1_S49,1,0.1644708831848421
CTZ,random,SVM,onehot,2,RBB-19-0014-1_S44,1,0.7550827418286752
CTZ,random,SVM,onehot,2,RBF-10-0240-1_S12_L001,0,0.09842139712799162
CTZ,random,SVM,onehot,2,RBF-16-060-1_S22,1,0.7769170072599245
CTZ,random,SVM,onehot,2,RBF-17-0450-1_S10,0,0.30851784465613563
CTZ,random,SVM,onehot,2,RBF-17-0602-1_S93,0,0.2667562105754234
CTZ,random,SVM,onehot,2,RBF-17-0651-1_S62,0,0.9250473244381607
CTZ,random,SVM,onehot,2,RBF-17-318-1_S77,1,0.31569226966352865
CTZ,random,SVM,onehot,2,RBF-18-0019-1_S2,0,0.8578380330934361
CTZ,random,SVM,onehot,2,RBF-18-0069-1_S78,1,0.169301184327084
CTZ,random,SVM,onehot,2,RBF-18-0075-1_S79,1,0.545322947793735
CTZ,random,SVM,onehot,2,RBF-18-0087-1_S23,0,0.29917312028100784
CTZ,random,SVM,onehot,2,RBF-18-0123-1_S25_L001,0,0.00027764327663144393
CTZ,random,SVM,onehot,2,RBF-18-0135-1_S34,0,0.0388639781096149
CTZ,random,SVM,onehot,2,RBF-18-0163-2_S39,0,0.13144583560003872
CTZ,random,SVM,onehot,2,RBF-18-0174-1_S28,0,0.38803861438253723
CTZ,random,SVM,onehot,2,RBF-18-0214-1_S51,0,0.17047995274406258
CTZ,random,SVM,onehot,2,RBF-18-0280-1_S62,0,0.1889663555508812
CTZ,random,SVM,onehot,2,RBF-18-0310-1_S36,0,0.7298260482547373
CTZ,random,SVM,onehot,2,RBG-18-0025-1_S9_L001,0,0.0012569329583338885
CTZ,random,SVM,onehot,2,RBG-18-0071-1_S44,0,0.0015398154505811119
CTZ,random,SVM,onehot,2,RBG-18-0140-1_S14_L001,0,0.18864526795716993
CTZ,random,SVM,onehot,2,RBG-18-0166-1_S10_L001,0,0.22880474882297647
CTZ,random,SVM,onehot,2,RBG-18-0177-1_S17_L001,1,0.8044214788734727
CTZ,random,SVM,onehot,2,RBG-18-0194-1_S45,0,0.07541542857773177
CTZ,random,SVM,onehot,2,RBG-18-0204-1_S23_L001,0,0.7890393020772916
CTZ,random,SVM,onehot,2,RBG-18-0223-1_S2,0,0.007977188731997495
CTZ,random,SVM,onehot,2,RBG-18-0276-1_S50,0,0.5806179996612536
CTZ,random,SVM,onehot,2,RBG-18-0279-1_S36,1,0.7434688362879148
CTZ,random,SVM,onehot,2,RBG-18-0352-1_S21_L001,0,0.13593206051677542
CTZ,random,SVM,onehot,2,RBG-18-0391-1_S22_L001,1,0.7592097062287133
CTZ,random,SVM,onehot,2,RBG-18-0394-1_S23_L001,0,0.2094979915957278
CTZ,random,SVM,onehot,2,RBG-18-0421-1_S53,1,0.7911442989523123
CTZ,random,SVM,onehot,2,RBK-16-124-1_S16,1,0.13150366138005748
CTZ,random,SVM,onehot,2,RBK-18-0037-1_S199,0,0.01805235493117881
CTZ,random,SVM,onehot,2,RBL-17-0093-1_S146,0,0.4328314204693603
CTZ,random,SVM,onehot,2,RBL-17-0104-1_S149,0,0.22307877102274487
CTZ,random,SVM,onehot,2,RBL-17-0118-1_S156,0,0.2248147770689826
CTZ,random,SVM,onehot,2,RBL-17-0123-1_S157,0,0.003605434200343676
CTZ,random,SVM,onehot,2,RBL-17-0129-1_S158,0,0.04970993418788245
CTZ,random,SVM,onehot,2,RBL-17-0144-1_S163,0,0.6173995987618618
CTZ,random,SVM,onehot,2,RBL-17-0189-1_S172,0,0.10030651313376845
CTZ,random,SVM,onehot,2,RBL-17-0256-1_S98,0,0.011954498861803314
CTZ,random,SVM,onehot,2,RBL-17-0320-1_S114,0,0.13443593454578842
CTZ,random,SVM,onehot,2,RBL-17-0324-1_S54,1,0.2155052321190645
CTZ,random,SVM,onehot,2,RBL-17-0328-1_S117,0,0.10051789101839474
CTZ,random,SVM,onehot,2,RBL-17-0349-1_S105,0,0.8103742357879188
CTZ,random,SVM,onehot,2,RBL-17-0368-1_S114,0,0.34220883865231594
CTZ,random,SVM,onehot,2,RBL-17-0374-1_S116,0,0.4606040692144746
CTZ,random,SVM,onehot,2,RBL-17-0393-1_S123,0,0.1232061643044815
CTZ,random,SVM,onehot,2,RBL-17-0409-1_S127,0,0.3729123911605269
CTZ,random,SVM,onehot,2,RBL-17-0411-1_S128,0,0.08431259230513574
CTZ,random,SVM,onehot,2,RBL-17-0429-1_S130,0,0.036002272975259264
CTZ,random,SVM,onehot,2,RBL-17-0435-1_S134,0,0.10937495171155683
CTZ,random,SVM,onehot,2,RBL-17-075-1_S18,1,0.5959753375146372
CTZ,random,SVM,onehot,2,RBL-18-0021-1_S42,0,0.9081211530788407
CTZ,random,SVM,onehot,2,RBL-18-0098-1_S178,0,0.7991868523705832
CTZ,random,SVM,onehot,2,RBL-18-0131-1_S188_2,1,0.12910960454404488
CTZ,random,SVM,onehot,2,RBT-17-0024-1_S23,0,0.09730192640954877
CTZ,random,SVM,onehot,2,RBT-17-0079-1_S29,0,0.04194817550662371
CTZ,random,SVM,onehot,2,RBT-17-0099-1_S35,0,0.2791139999079781
CTZ,random,SVM,onehot,2,RBT-17-0107-1_S39,0,0.004386165028598143
CTZ,random,SVM,onehot,2,RBT-17-0112-1_S41,0,0.03892220214990639
CTZ,random,SVM,onehot,2,RBT-17-0124-1_S46,0,0.11767861010124199
CTZ,random,SVM,onehot,2,RBT-17-0138-1_S52,0,0.31336780103363576
CTZ,random,SVM,onehot,2,RBT-17-0150-1_S54,0,0.07590783850767303
CTZ,random,SVM,onehot,2,RBT-17-0156-1_S56,0,0.14824290921239403
CTZ,random,SVM,onehot,2,RBT-17-0177-1_S65,0,0.0032561349244330804
CTZ,random,SVM,onehot,2,RBT-17-0183-1_S67,0,0.045007954580780496
CTZ,random,SVM,onehot,2,RBT-17-0219-1_S8,0,0.014568583083623294
CTZ,random,SVM,onehot,2,RBT-17-0232-1_S58,0,0.22674912143888942
CTZ,random,SVM,onehot,2,RBT-17-0238-1_S59,0,0.19828496496415343
CTZ,random,SVM,onehot,2,RBT-17-0256-1_S25,0,0.7304006423996154
CTZ,random,SVM,onehot,2,RBT-17-0291-1_S14,0,0.26832308096203095
CTZ,random,SVM,onehot,2,RBT-18-0050-1_S34,0,0.9306501452142123
CTZ,random,SVM,onehot,2,RBT-18-0057-1_S38,0,0.019309699132649922
CTZ,random,SVM,onehot,2,RBT-18-0103-1_S24,0,0.29859900269478545
CTZ,random,SVM,onehot,2,RBT-18-0115-1_S45,0,0.10323985760630121
CTZ,random,SVM,onehot,2,RBT-18-0134-1_S29,0,0.164400907111006
CTZ,random,SVM,onehot,2,RBT-18-0146-1_S55,0,0.0064337588920923595
CTZ,random,SVM,onehot,2,RBT-18-0179-1_S37,0,0.009378687971781147
CTZ,random,SVM,onehot,2,RBT-18-0181-1_S61,1,0.839870779638727
CTZ,random,SVM,onehot,2,RBT-18-0224-1_S43,0,0.04574977695472291
CTZ,random,SVM,onehot,2,RBT-18-0227-1_S46,1,0.6501663671468948
CTZ,random,SVM,onehot,2,RBT-18-0236-1_S48,1,0.6953750739997099
CTZ,random,SVM,onehot,2,RBT-18-0247-1_S16,1,0.5903913702806735
CTZ,random,SVM,onehot,2,RBT-18-0251-1_S7,0,0.636146336405378
CTZ,random,SVM,onehot,2,RBT-18-0252-1_S53,0,0.7805833806795311
CTZ,random,SVM,onehot,2,RBT-18-0265-1_S59,0,0.03885354645822288
CTZ,random,SVM,onehot,2,RBT-18-0288-1_S68,0,0.11810511349301077
CTZ,random,SVM,onehot,2,RBT-18-0292-1_S70,0,0.11770104705535622
CTZ,random,SVM,onehot,2,RBT-18-0303-1_S20,0,0.2721138619607389
CTZ,random,SVM,onehot,2,RBT-18-0351-1_S48,0,0.0072228458542303725
CTZ,random,SVM,onehot,2,RBT-18-0368-1_S32,1,0.010724999432929464
CTZ,random,SVM,onehot,2,RBT-18-0370-1_S33,0,0.29246119807638454
CTZ,random,SVM,onehot,2,RBT-18-0384-1_S40,0,0.20062186444629304
CTZ,random,SVM,onehot,2,RBT-18-0392-1_S56,1,0.6281092390869493
CTZ,random,SVM,onehot,2,ResetH10_S1_L001,0,0.6652811555386058
CTZ,random,SVM,onehot,2,ResetH129_S7_L001,1,0.7711124452495595
CTZ,random,SVM,onehot,2,ResetH132_S1_L001,1,0.2716959137942932
CTZ,random,SVM,onehot,2,ResetH152_S4_L001,1,0.6897819334776816
CTZ,random,SVM,onehot,2,ResetH30_S4_L001,0,0.23679984549488248
CTZ,random,SVM,onehot,2,ResetH45_S5_L001,0,0.2317184791368877
CTZ,random,SVM,onehot,2,ResetH8_S2_L001,0,0.090189180445272
CTZ,random,SVM,onehot,2,ResetH93_S5_L001,1,0.7782191043911767
CTZ,random,SVM,onehot,2,ResetH99_S5_L001,0,0.12103121180534739
CTZ,random,SVM,onehot,2,ResetV260_S5_L001,1,0.2657414313632926
CTZ,random,SVM,onehot,2,ResetV63_S5_L001,0,0.0072494063730240196
CTZ,random,SVM,onehot,2,Survcare104_S16_L001,1,0.002998018026016459
CTZ,random,SVM,onehot,2,Survcare130_S2,1,0.17154306832031105
CTZ,random,SVM,onehot,2,Survcare187_S32,1,0.5374235713717793
CTZ,random,SVM,onehot,2,Survcare244_S9_L001,1,0.9963985750350578
CTZ,random,SVM,onehot,2,Survcare275_S38,1,0.4630881889957292
CTZ,random,SVM,onehot,2,Survcare289_S36,1,0.9472906602974351
CTZ,random,SVM,onehot,2,Survcare291_S38,1,0.9514091107172764
CTZ,random,SVM,onehot,2,Survcare292_S39,1,0.020411899334197143
CTZ,random,SVM,onehot,2,Survcare293_S40,1,0.9103230947374992
CTZ,random,SVM,onehot,2,Survcare334_S10,1,0.9760878895833816
CTZ,random,SVM,onehot,2,V1_S6_L001,0,0.6392900183722412
CTZ,random,SVM,onehot,2,V108_S2_L001,0,0.289125892176432
CTZ,random,SVM,onehot,2,V114_S5_L001,1,0.8006582268759493
CTZ,random,SVM,onehot,2,V130_S5_L001,1,0.7173044437803254
CTZ,random,SVM,onehot,2,V131_S7_L001,1,0.2838045041086463
CTZ,random,SVM,onehot,2,V177_S6_L001,1,0.11447881048027751
CTZ,random,SVM,onehot,2,V183_S7_L001,0,0.0007631660608012384
CTZ,random,SVM,onehot,2,V271_S13_L001,1,0.48441885134134094
CTZ,random,SVM,onehot,2,V291_S5_L001,1,0.7310831887942095
CTZ,random,SVM,onehot,2,V79_S6_L001,0,0.7093248648359723
CTZ,random,SVM,onehot,2,V8_S7_L001,0,0.7053428110111531
CTZ,random,SVM,onehot,2,V80_S7_L001,1,0.008128228348854828
CTZ,random,SVM,onehot,2,V96_S2_L001,1,0.9915829834081885
CTZ,random,SVM,onehot,2,w2RBG-16-037-1_S34,0,0.4640946589823231
CTZ,random,SVM,onehot,2,wdh-RBL-17-0361-1_S44,0,0.15661608884197611
CTZ,random,SVM,onehot,2,wdhRBF-18-0025-1_S11_L001,0,0.021146894760676598
CTZ,random,SVM,onehot,2,wdhRBF-18-0057_S14_L001,0,0.31744916936847956
CTZ,random,SVM,onehot,2,wdhRBF-18-0059-1_S15_L001,0,0.04762585123305998
CTZ,random,SVM,onehot,2,WDHRBG-17-0093-1_S1,1,0.9976935891385551
CTZ,random,SVM,onehot,2,wRBG-16-032-1_S142,0,0.1310802287884755
CTZ,random,SVM,onehot,2,wRBG-16-033-1_S153,0,0.2738097337839131
CTZ,random,SVM,onehot,2,wRBG-17-014-1_S167,0,0.7380607482624697
CTZ,random,SVM,onehot,2,wRBG-17-025-1_S133,0,0.044764137450601156
CTZ,random,SVM,onehot,2,wRBG-17-052-1_S120,0,0.9821663144485842
CTZ,random,SVM,onehot,2,wRBG-17-081-1_S117,0,0.31731146627129997
CTZ,random,SVM,onehot,2,wRBG-17-112-1_S146,0,0.033729028636805554
CTZ,random,SVM,onehot,2,wwRBB-16-112-1_S1,1,0.839994911761032
CTZ,random,SVM,onehot,2,wwRBB-17-031-1_S25,1,0.30858731775639386
CTZ,random,SVM,onehot,2,wwRBK-17-0148-1_S37,1,0.5401844243169521
CTZ,random,SVM,onehot,2,wwRBK-17-0298-1_S42,1,0.7258579148781436
CTZ,random,SVM,onehot,2,wwRBL-17-004-1_S44,1,0.549892985633831
CTZ,random,SVM,onehot,3,H141_S6_L001,1,0.008770668384869236
CTZ,random,SVM,onehot,3,H148_S4_L001,1,0.5149197664019306
CTZ,random,SVM,onehot,3,H160_S3_L001,1,0.5834248262252968
CTZ,random,SVM,onehot,3,H162_S4_L001,0,0.1430000658304651
CTZ,random,SVM,onehot,3,H38_S4_L001,1,0.6596531722560879
CTZ,random,SVM,onehot,3,H53_S4_L001,1,0.7310746547389787
CTZ,random,SVM,onehot,3,NNRBG-17-0191-1_S1,0,0.24824050668423162
CTZ,random,SVM,onehot,3,NNRBG-17-0193-1_S2,0,0.019879132754241007
CTZ,random,SVM,onehot,3,NNRBG-17-0205-1_S7,0,0.12247169804337822
CTZ,random,SVM,onehot,3,NNRBG-17-0239-1_S10,0,0.4936387152981741
CTZ,random,SVM,onehot,3,NNRBG-17-0249-1_S13,0,0.07329070406179945
CTZ,random,SVM,onehot,3,NNRBG-17-0298-1_S19,0,0.0598870176375857
CTZ,random,SVM,onehot,3,RBB-17-171-1_S52,1,0.7982693420685525
CTZ,random,SVM,onehot,3,RBB-18-0129-1_S179,1,0.5377909005124083
CTZ,random,SVM,onehot,3,RBB-18-0490-1_S20_L001,1,0.069523394986935
CTZ,random,SVM,onehot,3,RBB-18-0519-1_S184,1,0.8271111738299243
CTZ,random,SVM,onehot,3,RBB-18-0665-1_S23_L001,1,0.02505364257313726
CTZ,random,SVM,onehot,3,RBB-18-0674-1_S189,1,0.8093407441710838
CTZ,random,SVM,onehot,3,RBB-18-0765-1_S191,1,0.058824688219878456
CTZ,random,SVM,onehot,3,RBB-18-1212-1_S67_2,1,0.9069930995912449
CTZ,random,SVM,onehot,3,RBF-16-0064-1_S136,0,0.08263158449400129
CTZ,random,SVM,onehot,3,RBF-17-0178-1_S139,0,0.8106198172697295
CTZ,random,SVM,onehot,3,RBF-17-0509-1_S74,0,0.10083448371057435
CTZ,random,SVM,onehot,3,RBF-17-0521-1_S78,0,0.8875347109997128
CTZ,random,SVM,onehot,3,RBF-17-0540-1_S83,0,0.26865247131636555
CTZ,random,SVM,onehot,3,RBF-17-0550-1_S84,0,0.9520185811067573
CTZ,random,SVM,onehot,3,RBF-17-0553-1_S85,0,0.7777537193136514
CTZ,random,SVM,onehot,3,RBF-17-0632-1_S97,0,0.026230605615590923
CTZ,random,SVM,onehot,3,RBF-17-067-1_S54,1,0.6020135576950857
CTZ,random,SVM,onehot,3,RBF-17-266-1_S70,1,0.7156553505631374
CTZ,random,SVM,onehot,3,RBF-18-0055-1_S11,0,0.16063233425059958
CTZ,random,SVM,onehot,3,RBF-18-0147-1_S36,0,0.014439263039905241
CTZ,random,SVM,onehot,3,RBF-18-0172-1_S40,0,0.11555216013590638
CTZ,random,SVM,onehot,3,RBF-18-0192-1_S44,0,0.2998439943728341
CTZ,random,SVM,onehot,3,RBF-18-0196-1_S46,0,0.5161853560680765
CTZ,random,SVM,onehot,3,RBF-18-0200-1_S48,0,0.5579897276206837
CTZ,random,SVM,onehot,3,RBF-18-0227-1_S53,0,0.3466078438490365
CTZ,random,SVM,onehot,3,RBF-18-0252-1_S56,0,0.2337720990233368
CTZ,random,SVM,onehot,3,RBF-18-0253-1_S13_L001,0,0.4748747212468386
CTZ,random,SVM,onehot,3,RBF-18-0296-1_S17,0,0.6307893813916257
CTZ,random,SVM,onehot,3,RBF-18-0339-1_S37,0,0.9376664583644517
CTZ,random,SVM,onehot,3,RBF-18-0664-1_S190,0,0.3289236090847069
CTZ,random,SVM,onehot,3,RBF-18-0714-2_S204_2,1,0.4089751429232206
CTZ,random,SVM,onehot,3,RBG-17-013-1_S16,1,0.2621434487926849
CTZ,random,SVM,onehot,3,RBg-17-123-2_S12,0,0.000853061886399805
CTZ,random,SVM,onehot,3,RBG-18-0004-1_S1,1,0.7310751495396987
CTZ,random,SVM,onehot,3,RBG-18-0017-1_S5,0,0.4484054345273234
CTZ,random,SVM,onehot,3,RBG-18-0041-1_S6,0,0.0025260216598008327
CTZ,random,SVM,onehot,3,RBG-18-0083-1_S12,0,0.1816724516411716
CTZ,random,SVM,onehot,3,RBG-18-0144-1_S38,0,0.13059786175540403
CTZ,random,SVM,onehot,3,RBG-18-0202-1_S13_L001,0,0.2733774354812884
CTZ,random,SVM,onehot,3,RBG-18-0206-2_S46,0,0.14500386346114894
CTZ,random,SVM,onehot,3,RBG-18-0280-1_S51,0,0.08069606198871114
CTZ,random,SVM,onehot,3,RBG-18-0347-1_S22_L001,0,0.4605843784860864
CTZ,random,SVM,onehot,3,RBG-18-0358-1_S39,1,0.5357953713572227
CTZ,random,SVM,onehot,3,RBG-18-0380-1_S48,0,0.7310751495396987
CTZ,random,SVM,onehot,3,RBG-18-0388-1_S21_L001,1,0.795396917244786
CTZ,random,SVM,onehot,3,RBG-18-0402-1_S50,1,0.8433663579156615
CTZ,random,SVM,onehot,3,RBG-18-0417-1_S52,0,0.8984201182298236
CTZ,random,SVM,onehot,3,RBK-16-079-1_S15,1,0.16804952608242016
CTZ,random,SVM,onehot,3,RBK-17-0457-1_S6,1,0.35025384745359894
CTZ,random,SVM,onehot,3,RBK-18-0019-1_S195,0,0.1358503882861838
CTZ,random,SVM,onehot,3,RBK-18-0020-1_S19,0,0.006564109670879965
CTZ,random,SVM,onehot,3,RBL-17-0116-1_S154,0,0.46656098201131146
CTZ,random,SVM,onehot,3,RBL-17-0117-1_S155,0,0.08164083383098113
CTZ,random,SVM,onehot,3,RBL-17-0136-1_S161,0,0.28445811586453174
CTZ,random,SVM,onehot,3,RBL-17-0172-1_S170,0,0.005803069523355054
CTZ,random,SVM,onehot,3,RBL-17-0242-1_S42,1,0.7611650301920847
CTZ,random,SVM,onehot,3,RBL-17-0259-1_S99,0,0.5356300084290799
CTZ,random,SVM,onehot,3,RBL-17-0327-1_S116,0,0.024413728075771482
CTZ,random,SVM,onehot,3,RBL-17-0347-1_S104,0,0.046098533365981756
CTZ,random,SVM,onehot,3,RBL-17-0350-1_S106,0,0.7736252214021592
CTZ,random,SVM,onehot,3,RBL-17-0365-1_S112,0,0.04115092781940579
CTZ,random,SVM,onehot,3,RBL-17-0375-1_S117,0,0.9935018891306479
CTZ,random,SVM,onehot,3,RBL-17-0395-1_S124,0,0.032503839780374834
CTZ,random,SVM,onehot,3,RBL-17-0432-1_S132,0,0.4555297079024669
CTZ,random,SVM,onehot,3,RBL-17-060-1_S17,1,0.508800867565071
CTZ,random,SVM,onehot,3,RBL-18-0002-1_S158,0,0.14967894805798784
CTZ,random,SVM,onehot,3,RBL-18-0016-1_S161,0,0.03453142877378475
CTZ,random,SVM,onehot,3,RBL-18-0032-1_S167,0,0.9708225428604731
CTZ,random,SVM,onehot,3,RBL-18-0048-1_S44,0,0.9200910024419892
CTZ,random,SVM,onehot,3,RBL-18-0066-1_S173,0,0.24915487795439825
CTZ,random,SVM,onehot,3,RBL-18-0090-1_S48,1,0.5215084055286432
CTZ,random,SVM,onehot,3,RBL-18-0343-1_S6,1,0.17708234499246783
CTZ,random,SVM,onehot,3,RBT-17-0009-1_S21,0,0.442232021856236
CTZ,random,SVM,onehot,3,RBT-17-0027-1_S3,0,0.09444863297000411
CTZ,random,SVM,onehot,3,RBT-17-0039-1_S28,1,0.09070265780984126
CTZ,random,SVM,onehot,3,RBT-17-0082-1_S30,0,0.460844934384305
CTZ,random,SVM,onehot,3,RBT-17-0084-1_S31,0,0.07119552544372267
CTZ,random,SVM,onehot,3,RBT-17-0102-1_S37,0,0.34507233555912453
CTZ,random,SVM,onehot,3,RBT-17-0130-1_S27,0,0.7189758778567009
CTZ,random,SVM,onehot,3,RBT-17-0133-1_S6,0,0.6312071657945281
CTZ,random,SVM,onehot,3,RBT-17-0142-1_S53,0,0.04333670874779129
CTZ,random,SVM,onehot,3,RBT-17-0161-1_S57,0,0.013320874985962195
CTZ,random,SVM,onehot,3,RBT-17-0163-1_S59,0,0.09783880907725208
CTZ,random,SVM,onehot,3,RBT-17-0168-1_S61,0,0.37557341165906744
CTZ,random,SVM,onehot,3,RBT-17-0174-1_S64,0,0.44537122785705957
CTZ,random,SVM,onehot,3,RBT-17-0210-1_S55,0,0.026431890124252275
CTZ,random,SVM,onehot,3,RBT-17-0251-1_S62,0,0.8782920868028592
CTZ,random,SVM,onehot,3,RBT-17-0279-1_S12,0,0.18391433821421507
CTZ,random,SVM,onehot,3,RBT-18-0017-1_S67,0,0.0036872636869933694
CTZ,random,SVM,onehot,3,RBT-18-0023-1_S14,0,0.10123998007315681
CTZ,random,SVM,onehot,3,RBT-18-0030-1_S69,0,0.028081617234056524
CTZ,random,SVM,onehot,3,RBT-18-0053-1_S36,1,0.671555441847457
CTZ,random,SVM,onehot,3,RBT-18-0066-1_S40,0,0.3840426659987648
CTZ,random,SVM,onehot,3,RBT-18-0102-1_S23,0,0.01598036147708306
CTZ,random,SVM,onehot,3,RBT-18-0116-1_S46,0,0.10546084862189031
CTZ,random,SVM,onehot,3,RBT-18-0120-1_S48,0,0.2734540618840839
CTZ,random,SVM,onehot,3,RBT-18-0121-1_S28,0,0.17295294764946445
CTZ,random,SVM,onehot,3,RBT-18-0141-1_S32,0,0.012811993951947088
CTZ,random,SVM,onehot,3,RBT-18-0269-1_S61,0,0.09093132443645739
CTZ,random,SVM,onehot,3,RBT-18-0283-1_S65,0,0.03596928896570873
CTZ,random,SVM,onehot,3,RBT-18-0284-1_S66,1,0.7456653734073336
CTZ,random,SVM,onehot,3,RBT-18-0293-1_S71,0,0.11925555473705846
CTZ,random,SVM,onehot,3,RBT-18-0316-1_S43,0,0.07959266335461886
CTZ,random,SVM,onehot,3,RBT-18-0339-1_S47,0,0.09249715996614304
CTZ,random,SVM,onehot,3,RBT-18-0361-1_S38,0,0.05409629088089451
CTZ,random,SVM,onehot,3,RBT-18-0377-1_S1,0,0.190301319667722
CTZ,random,SVM,onehot,3,ResetH1_S1_L001,0,0.1703986079778348
CTZ,random,SVM,onehot,3,ResetH16_S2_L001,1,0.6115089376407481
CTZ,random,SVM,onehot,3,ResetH24a_S3_2_L001,1,0.9577836372045904
CTZ,random,SVM,onehot,3,ResetH98_S4_L001,0,0.21081861433464724
CTZ,random,SVM,onehot,3,ResetV76_S7_L001,0,0.3603315378547267
CTZ,random,SVM,onehot,3,Survcare058_S26,1,0.5628370707078721
CTZ,random,SVM,onehot,3,Survcare129_S1,1,0.006893713278581007
CTZ,random,SVM,onehot,3,Survcare140_S4_L001,1,0.9406207615414561
CTZ,random,SVM,onehot,3,Survcare184_S19,1,0.7006001307576254
CTZ,random,SVM,onehot,3,Survcare190_S35,1,0.7165659460106132
CTZ,random,SVM,onehot,3,Survcare221_S7_L001,1,0.059797203121174265
CTZ,random,SVM,onehot,3,Survcare234_S3_L001,1,0.04316942872998744
CTZ,random,SVM,onehot,3,Survcare253_S35,1,0.8164662244760861
CTZ,random,SVM,onehot,3,Survcare295_S8_L001,1,0.9991706201734459
CTZ,random,SVM,onehot,3,Survcare303_S15_L001,1,0.9232796461398656
CTZ,random,SVM,onehot,3,Survcare310_S21_L001,1,0.8423278962403898
CTZ,random,SVM,onehot,3,Survcare319_S16,1,0.3600999034825947
CTZ,random,SVM,onehot,3,Survcare329_S3,1,0.01879494766597925
CTZ,random,SVM,onehot,3,Survcare335_S11,1,0.9391573461564532
CTZ,random,SVM,onehot,3,V116_S6_L001,0,0.566158341361818
CTZ,random,SVM,onehot,3,V139_S7_L001,0,0.8330069436400467
CTZ,random,SVM,onehot,3,V153_S4_L001,0,0.27791360094116113
CTZ,random,SVM,onehot,3,V195_S1_L001,1,0.009723083708289188
CTZ,random,SVM,onehot,3,V228_S8_L001,1,0.7500006638244028
CTZ,random,SVM,onehot,3,V238_S11_L001,0,0.31106902797392283
CTZ,random,SVM,onehot,3,V283_S5_L001,1,0.6267525460278801
CTZ,random,SVM,onehot,3,V289_S5_L001,0,0.37217924852184264
CTZ,random,SVM,onehot,3,V64_S3_L001,0,0.007861949146344534
CTZ,random,SVM,onehot,3,V73_S5_L001,1,0.9418440653953006
CTZ,random,SVM,onehot,3,wdh-RBF-17-0572-1_S43,0,0.07018840431846493
CTZ,random,SVM,onehot,3,wdhRBF-17-0558-1_S121,0,0.7360969317523091
CTZ,random,SVM,onehot,3,wdhRBF-18-0081-1_S18_L001,0,0.8101196095909104
CTZ,random,SVM,onehot,3,WDHRBG-16-050-1_S40,1,0.9392013387252355
CTZ,random,SVM,onehot,3,wRBG-16-027-1_S174,0,0.4916685589544897
CTZ,random,SVM,onehot,3,wRBG-17-022-1_S43,1,0.7837010363040129
CTZ,random,SVM,onehot,3,wRBG-17-031-1_S154,0,0.030162069299483233
CTZ,random,SVM,onehot,3,wRBG-17-034-1_S121,0,0.028558386029093996
CTZ,random,SVM,onehot,3,wRBG-17-049-1_S142,0,0.06819996947512165
CTZ,random,SVM,onehot,3,wRBG-17-058-1_S130,0,0.05302881099924896
CTZ,random,SVM,onehot,3,wRBG-17-075-1_S96,0,0.36362962359705264
CTZ,random,SVM,onehot,3,wwRBF-17-189-1_S32,1,0.6478798923600124
CTZ,random,SVM,onehot,3,wwRBK-16-023-1_S5,1,0.30087352861742245
CTZ,random,SVM,onehot,3,wwRBK-17-0197-1_S39,1,0.6097161558173667
CTZ,random,SVM,onehot,3,wwRBK-17-075-1_S28,1,0.586213387961608
CTZ,random,SVM,onehot,4,H105_S3_L001,0,0.7364585146070376
CTZ,random,SVM,onehot,4,H109_S2_L001,0,0.02976624103219658
CTZ,random,SVM,onehot,4,H113_S6_L001,0,0.2487871712467283
CTZ,random,SVM,onehot,4,H122_S4_L001,1,0.09527392500131433
CTZ,random,SVM,onehot,4,H130_S2_L001,1,0.18111575171466504
CTZ,random,SVM,onehot,4,H154_S2_L001,1,0.7163941188993073
CTZ,random,SVM,onehot,4,H157_S3_L001,0,0.6619554879254844
CTZ,random,SVM,onehot,4,H176_S5_L001,0,0.8387950848577137
CTZ,random,SVM,onehot,4,H50_S7_L001,0,0.4565462851282106
CTZ,random,SVM,onehot,4,H66_S1_L001,1,0.856699662016024
CTZ,random,SVM,onehot,4,NNRBG-17-0227-1_S8,0,0.05298789103248372
CTZ,random,SVM,onehot,4,NNRBG-17-0242-1_S11,0,0.13341698632090024
CTZ,random,SVM,onehot,4,NNRBG-17-0243-1_S12,0,0.037607107331207056
CTZ,random,SVM,onehot,4,NNRBG-17-0308-1_S20,0,0.04231675433761331
CTZ,random,SVM,onehot,4,RBB-18-0892-1_S80_2,1,0.9033773284529651
CTZ,random,SVM,onehot,4,RBB-18-1309-1_S42,1,0.5174088823646871
CTZ,random,SVM,onehot,4,RBB-18-1488-1_S46,1,0.004950357864482094
CTZ,random,SVM,onehot,4,RBBK18-0189-1_S24_L001,0,0.11304391145807899
CTZ,random,SVM,onehot,4,RBF-17-0194-1_S140,0,0.29090782417439986
CTZ,random,SVM,onehot,4,RBF-17-0340-1_S81,1,0.2838253711238782
CTZ,random,SVM,onehot,4,RBF-17-0523-1_S30,0,0.19620147318154574
CTZ,random,SVM,onehot,4,RBF-17-0532-1_S80,0,0.15478497026917187
CTZ,random,SVM,onehot,4,RBF-17-0532-2_S31,0,0.08229664543262041
CTZ,random,SVM,onehot,4,RBF-17-0538-1_S82,0,0.594647250641789
CTZ,random,SVM,onehot,4,RBF-17-0635-1_S98,0,0.47405289395486677
CTZ,random,SVM,onehot,4,RBF-17-0653-1_S101,0,0.0046484289004742755
CTZ,random,SVM,onehot,4,RBF-17-186-1_S69,1,0.7311029492814994
CTZ,random,SVM,onehot,4,RBF-17-277-1_S73,1,0.00295098064498221
CTZ,random,SVM,onehot,4,RBF-18-0035-1_S6,0,0.04193263959688755
CTZ,random,SVM,onehot,4,RBF-18-0086-1_S22,0,0.016867603777874374
CTZ,random,SVM,onehot,4,RBF-18-0121-1_S28,0,0.0066507129899396646
CTZ,random,SVM,onehot,4,RBF-18-0127-1_S32,0,0.9259366964331758
CTZ,random,SVM,onehot,4,RBF-18-0139-1_S35,0,0.003032151834757121
CTZ,random,SVM,onehot,4,RBF-18-0160-1_S37,0,0.46972270116698644
CTZ,random,SVM,onehot,4,RBF-18-0173-1_S27,0,0.4105251947903591
CTZ,random,SVM,onehot,4,RBF-18-0184-1_S30,0,0.19179953387023768
CTZ,random,SVM,onehot,4,RBF-18-0201-1_S49,0,0.1913380538849511
CTZ,random,SVM,onehot,4,RBF-18-0217-1_S54,0,0.05242096555007657
CTZ,random,SVM,onehot,4,RBF-18-0251-1_S55,0,0.7784496780538377
CTZ,random,SVM,onehot,4,RBF-18-0259-1_S33,0,0.12950350047174028
CTZ,random,SVM,onehot,4,RBF-18-0277-1_S61,0,0.48425738974178606
CTZ,random,SVM,onehot,4,RBF-18-0321-1_S69,0,0.05731295240989453
CTZ,random,SVM,onehot,4,RBF-18-0333-1_S70,0,0.07261292790571322
CTZ,random,SVM,onehot,4,RBF-18-0405-1_S81_2,1,0.8213270289265101
CTZ,random,SVM,onehot,4,RBF-18-0585-1_S48,1,0.6391133083614347
CTZ,random,SVM,onehot,4,RBG-17-0383-1_S44,0,0.18293994514269982
CTZ,random,SVM,onehot,4,RBG-18-0012-1_S3,0,0.69996933899456
CTZ,random,SVM,onehot,4,RBG-18-0054-1_S42,0,0.5908284838755222
CTZ,random,SVM,onehot,4,RBG-18-0076-1_S10,0,0.806286591065449
CTZ,random,SVM,onehot,4,RBG-18-0221-1_S47,0,0.15075471357830764
CTZ,random,SVM,onehot,4,RBG-18-0265-1_S49,0,0.5089456056025775
CTZ,random,SVM,onehot,4,RBG-18-0367-1_S57,0,0.023637896221499508
CTZ,random,SVM,onehot,4,RBG-18-0410-1_S12,1,0.5320824371824048
CTZ,random,SVM,onehot,4,RBK-17-0601-1_S25,1,0.7311029492814994
CTZ,random,SVM,onehot,4,RBK-17-0612-1_S27,1,0.7800234190511
CTZ,random,SVM,onehot,4,RBK-17-0655-5_S182,1,0.7771043202627015
CTZ,random,SVM,onehot,4,RBK-18-0077-1_S212,1,0.7800234190511
CTZ,random,SVM,onehot,4,RBK-18-0080-1_S205,0,0.03599968323372221
CTZ,random,SVM,onehot,4,RBK-18-0414-1_S59,0,0.01364717210680571
CTZ,random,SVM,onehot,4,RBKk-18-0108-1_S201,1,0.7076795175699276
CTZ,random,SVM,onehot,4,RBL-17-0107-1_S150,0,0.4347192949880144
CTZ,random,SVM,onehot,4,RBL-17-0133-1_S159,0,0.6142678987401119
CTZ,random,SVM,onehot,4,RBL-17-0165-1_S167,0,0.08630500663250203
CTZ,random,SVM,onehot,4,RBL-17-0217-1_S176,0,0.0647263556117499
CTZ,random,SVM,onehot,4,RBL-17-0261-1_S100,0,0.2387090053760974
CTZ,random,SVM,onehot,4,RBL-17-0263-1_S102,0,0.022831680426981766
CTZ,random,SVM,onehot,4,RBL-17-0305-1_S49,1,0.7310558727734878
CTZ,random,SVM,onehot,4,RBL-17-0332-1_S118,0,0.5100943415496737
CTZ,random,SVM,onehot,4,RBL-17-0342-1_S103,0,0.6054226126406012
CTZ,random,SVM,onehot,4,RBL-17-0359-1_S66,1,0.8885692650305917
CTZ,random,SVM,onehot,4,RBL-17-0360-1_S108,0,0.19073220361775942
CTZ,random,SVM,onehot,4,RBL-17-0366-1_S113,0,0.8214286842153652
CTZ,random,SVM,onehot,4,RBL-17-0383-1_S119,0,0.5579206421392696
CTZ,random,SVM,onehot,4,RBL-18-0055-1_S170,0,0.7605214771215063
CTZ,random,SVM,onehot,4,RBL-18-0076-1_S47,1,0.6863981283914871
CTZ,random,SVM,onehot,4,RBL-18-0242-1_S51,0,0.9754937305635807
CTZ,random,SVM,onehot,4,RBL-18-0467-1_S228_2,1,0.8466837883716622
CTZ,random,SVM,onehot,4,RBT-16-0024-1_S10,1,0.8080314229717683
CTZ,random,SVM,onehot,4,RBT-17-0008-1_S18,0,0.20824496059618866
CTZ,random,SVM,onehot,4,RBT-17-0033-1_S12,1,0.005776740380835712
CTZ,random,SVM,onehot,4,RBT-17-0090-1_S32,0,0.006658845771366809
CTZ,random,SVM,onehot,4,RBT-17-0097-1_S34,1,0.8108878887232546
CTZ,random,SVM,onehot,4,RBT-17-0109-1_S40,0,0.07846594982607023
CTZ,random,SVM,onehot,4,RBT-17-0118-1_S45,0,0.10946567831323509
CTZ,random,SVM,onehot,4,RBT-17-0173-1_S63,0,0.02315383816125108
CTZ,random,SVM,onehot,4,RBT-17-0178-1_S66,0,0.03145402723678223
CTZ,random,SVM,onehot,4,RBT-17-0188-1_S68,1,0.12030867027795217
CTZ,random,SVM,onehot,4,RBT-17-0194-1_S30,0,0.026495791059643968
CTZ,random,SVM,onehot,4,RBT-17-0270-1_S65,0,0.05293030141058954
CTZ,random,SVM,onehot,4,RBT-17-0287-1_S10,0,0.005173647261435897
CTZ,random,SVM,onehot,4,RBT-17-0295-1_S15,0,0.12802368741756678
CTZ,random,SVM,onehot,4,RBT-17-0328-1_S16,1,0.8038217219172042
CTZ,random,SVM,onehot,4,RBT-17-0337-1_S19,0,0.3096468469348876
CTZ,random,SVM,onehot,4,RBT-18-0004-1_S51,1,0.5805163828614863
CTZ,random,SVM,onehot,4,RBT-18-0045-1_S70,0,0.0023593281503915156
CTZ,random,SVM,onehot,4,RBT-18-0101-1_S22,0,0.710397973510947
CTZ,random,SVM,onehot,4,RBT-18-0127-1_S51,0,0.014975897116386699
CTZ,random,SVM,onehot,4,RBT-18-0129-1_S52,0,0.17872010314694872
CTZ,random,SVM,onehot,4,RBT-18-0164-1_S34,0,0.5793449647164466
CTZ,random,SVM,onehot,4,RBT-18-0185-1_S39,0,0.44326805388989443
CTZ,random,SVM,onehot,4,RBT-18-0230-1_S45,0,0.0907171386623526
CTZ,random,SVM,onehot,4,RBT-18-0232-1_S47,0,0.3059538576687903
CTZ,random,SVM,onehot,4,RBT-18-0275-1_S63,0,0.1983003745438581
CTZ,random,SVM,onehot,4,RBT-18-0317-1_S27,0,0.07937530934734617
CTZ,random,SVM,onehot,4,RBT-18-0324-1_S57,1,0.790059080068447
CTZ,random,SVM,onehot,4,RBT-18-0337-1_S46,0,0.7810957651337207
CTZ,random,SVM,onehot,4,RBT-18-0340-1_S36,0,0.04964334126351548
CTZ,random,SVM,onehot,4,RBT-18-0364-1_S29,0,0.6078101171080358
CTZ,random,SVM,onehot,4,RBT-18-0365-1_S30,0,0.8911253861986386
CTZ,random,SVM,onehot,4,RBT-18-0385-1_S34,0,0.006935698797087672
CTZ,random,SVM,onehot,4,RBT-18-0391-1_S35,1,0.8257452645224889
CTZ,random,SVM,onehot,4,RBT-18-0401-1_S43,0,0.48212285213397743
CTZ,random,SVM,onehot,4,ResetH134_S8_L001,1,0.0383862899933074
CTZ,random,SVM,onehot,4,ResetH44_S3_L001,0,0.060739257067767234
CTZ,random,SVM,onehot,4,ResetH49b_S6_L001,0,0.4534806500841452
CTZ,random,SVM,onehot,4,ResetH63_S7_L001,1,0.7311029492814994
CTZ,random,SVM,onehot,4,ResetH68_S1_L001,0,0.20363987288453334
CTZ,random,SVM,onehot,4,ResetH92_S4_L001,1,0.3715378968334472
CTZ,random,SVM,onehot,4,ResetV210_S4_L001,1,0.7588391935287114
CTZ,random,SVM,onehot,4,Survcare0111_S29,1,0.09535350331574316
CTZ,random,SVM,onehot,4,Survcare0114_S37,1,0.2446472817162872
CTZ,random,SVM,onehot,4,Survcare125_S25,1,0.9419819460985381
CTZ,random,SVM,onehot,4,Survcare230_S17_L001,1,0.3558407165547351
CTZ,random,SVM,onehot,4,Survcare262_S23_L001,1,0.3289404256236002
CTZ,random,SVM,onehot,4,Survcare265_S20,1,0.3965985520459537
CTZ,random,SVM,onehot,4,Survcare278_S62,1,0.10823424635348318
CTZ,random,SVM,onehot,4,Survcare321_S18,1,0.9387213489422237
CTZ,random,SVM,onehot,4,Survcare341_S25,1,0.13983089620765699
CTZ,random,SVM,onehot,4,Survcare350_S44,1,0.3502964933317706
CTZ,random,SVM,onehot,4,V123_S1_L001,0,0.49306030613991875
CTZ,random,SVM,onehot,4,V173_S6_L001,0,0.026500692582619736
CTZ,random,SVM,onehot,4,V182_S6_L001,1,0.3760401274292767
CTZ,random,SVM,onehot,4,V205_S3_L001,0,0.7968001508531157
CTZ,random,SVM,onehot,4,V215_S2_L001,0,0.03275699873438337
CTZ,random,SVM,onehot,4,V232_S3_L001,0,0.024395896266675092
CTZ,random,SVM,onehot,4,V279_S8_L001,1,0.625614503216263
CTZ,random,SVM,onehot,4,V295_S7_L001,0,0.6462358154545416
CTZ,random,SVM,onehot,4,V40_S2_L001,1,0.2633349616564096
CTZ,random,SVM,onehot,4,V9_S1_L001,1,0.34343652657719537
CTZ,random,SVM,onehot,4,W2RBF-17-133-1_S28,1,0.07497076366645221
CTZ,random,SVM,onehot,4,W2RBL-16-018-1_S15,1,0.5696761686538372
CTZ,random,SVM,onehot,4,wdh-RBB-17-170-1_S16,1,0.7211772620089011
CTZ,random,SVM,onehot,4,wdh-Survcare119_S44,1,0.1948312226489006
CTZ,random,SVM,onehot,4,wdhRBF-17-0564-1_S230,0,0.8221109691298607
CTZ,random,SVM,onehot,4,wdhRBF-18-0048-1_S12_L001,0,0.14582388529230178
CTZ,random,SVM,onehot,4,wdhRBF-18-0049-1_S13_L001,0,0.008937136279606978
CTZ,random,SVM,onehot,4,WDHRBG-16-049-1_S87,0,0.9372992280903821
CTZ,random,SVM,onehot,4,WDHRBG-16-062-1_S49,0,0.033961196179783805
CTZ,random,SVM,onehot,4,WDHRBG-17-005-2_S61,0,0.3086434003261503
CTZ,random,SVM,onehot,4,WDHRBG-17-008-1_S83,0,0.10305988912469875
CTZ,random,SVM,onehot,4,WDHRBG-17-121-1_S46,0,0.15797527838277256
CTZ,random,SVM,onehot,4,wRBF-17-0146-1_S35,1,0.7310959967321625
CTZ,random,SVM,onehot,4,wRBG-16-024-1_S152,0,0.5617067614514004
CTZ,random,SVM,onehot,4,wRBG-17-021-1_S166,0,0.04764436283239313
CTZ,random,SVM,onehot,4,wRBG-17-028-1_S100,0,0.011367240824209824
CTZ,random,SVM,onehot,4,wRBG-17-047-1_S153,0,0.035276945867184994
CTZ,random,SVM,onehot,4,wRBG-17-073-1_S118,0,0.05096422684538681
CTZ,random,SVM,onehot,4,wRBG-17-082-1_S106,0,0.004672208996984161
CTZ,random,SVM,onehot,4,wwRBF-17-148-1_S27,0,0.37743065835110173
CTZ,random,SVM,onehot,4,wwRBF-17-251-1_S33,1,0.6121855048295477
CTZ,random,SVM,onehot,4,wwRBK-17-0148-2_S38,1,0.7572565058046046
CTZ,random,RF,onehot,0,H100_S2_L001,0,0.002
CTZ,random,RF,onehot,0,H108_S5_L001,0,0.308
CTZ,random,RF,onehot,0,H119_S7_L001,1,0.736
CTZ,random,RF,onehot,0,H17_S2_L001,0,0.12
CTZ,random,RF,onehot,0,H3_S1_L001,1,0.9414181818181818
CTZ,random,RF,onehot,0,H37_S3_L001,0,0.092
CTZ,random,RF,onehot,0,H51_S5_L001,0,0.8860184862523092
CTZ,random,RF,onehot,0,H86_S1_L001,0,0.378
CTZ,random,RF,onehot,0,NNRBG-17-0198-1_S4,0,0.034
CTZ,random,RF,onehot,0,NNRBG-17-0201-1_S6,0,0.162
CTZ,random,RF,onehot,0,NNRBG-17-0234-1_S9,0,0.076
CTZ,random,RF,onehot,0,NNRBG-17-0294-1_S18,0,0.176
CTZ,random,RF,onehot,0,NNRBG-17-0319-1_S24,0,0.138
CTZ,random,RF,onehot,0,NNRBG-17-0328-1_S25,0,0.154
CTZ,random,RF,onehot,0,NNRBG-17-0346-1_S30,0,0.288
CTZ,random,RF,onehot,0,NNRBG-17-0378-1_S37,0,0.9672878787878788
CTZ,random,RF,onehot,0,NNRBG-17-0382-1_S38,0,0.434
CTZ,random,RF,onehot,0,RBB-17-011-1_S40,1,0.904764640098463
CTZ,random,RF,onehot,0,RBB-18-0537-1_S21_L001,1,0.9072044669382899
CTZ,random,RF,onehot,0,RBB-18-0772-1_S192,1,0.876
CTZ,random,RF,onehot,0,RBB-18-1393-1_S48,1,0.834
CTZ,random,RF,onehot,0,RBF-16-073-1_S23,1,0.64
CTZ,random,RF,onehot,0,RBF-17-0173-1_S138,0,0.024
CTZ,random,RF,onehot,0,RBF-17-0424-1_S15,0,0.23
CTZ,random,RF,onehot,0,RBF-17-0438-1_S9,1,0.904764640098463
CTZ,random,RF,onehot,0,RBF-17-0467-1_S12,1,0.9190651007489238
CTZ,random,RF,onehot,0,RBF-17-0489-1_S13,1,0.9027087182425412
CTZ,random,RF,onehot,0,RBF-17-0508-1_S73,0,0.282
CTZ,random,RF,onehot,0,RBF-17-0537-1_S56,1,0.981738689088689
CTZ,random,RF,onehot,0,RBF-17-0572-2_S89,0,0.128
CTZ,random,RF,onehot,0,RBF-17-0605-1_S94,0,0.226
CTZ,random,RF,onehot,0,RBF-17-0614-3_S95,0,0.046
CTZ,random,RF,onehot,0,RBF-17-0616-1_S96,0,0.356
CTZ,random,RF,onehot,0,RBF-17-0645-1_S61,0,0.276
CTZ,random,RF,onehot,0,RBF-17-0648-1_S100,0,0.272
CTZ,random,RF,onehot,0,RBF-17-0664-1_S63,0,0.112
CTZ,random,RF,onehot,0,RBF-17-094-1_S56,1,0.9535507215007215
CTZ,random,RF,onehot,0,RBF-18-0013-1_S25_L001,0,0.004
CTZ,random,RF,onehot,0,RBF-18-0027-1_S5,0,0.294
CTZ,random,RF,onehot,0,RBF-18-0085-1_S21,0,0.008
CTZ,random,RF,onehot,0,RBF-18-0088-1_S24,0,0.028
CTZ,random,RF,onehot,0,RBF-18-0099-1_S26,0,0.0
CTZ,random,RF,onehot,0,RBF-18-0125-1_S30,0,0.224
CTZ,random,RF,onehot,0,RBF-18-0126-1_S31,0,0.142
CTZ,random,RF,onehot,0,RBF-18-0199-1_S47,0,0.846
CTZ,random,RF,onehot,0,RBF-18-0634-1_S183,0,0.142
CTZ,random,RF,onehot,0,RBG-17-0269-1_S41,0,0.334
CTZ,random,RF,onehot,0,RBG-18-0023-1_S2,0,0.032
CTZ,random,RF,onehot,0,RBG-18-0029-1_S40,0,0.0
CTZ,random,RF,onehot,0,RBG-18-0085-1_S11,0,0.152
CTZ,random,RF,onehot,0,RBG-18-0099-1_S14,1,0.904764640098463
CTZ,random,RF,onehot,0,RBG-18-0129-1_S15_L001,1,0.944
CTZ,random,RF,onehot,0,RBG-18-0153-1_S14,0,0.6153615745365748
CTZ,random,RF,onehot,0,RBG-18-0170-1_S41,0,0.046
CTZ,random,RF,onehot,0,RBG-18-0185-1_S40,0,0.122
CTZ,random,RF,onehot,0,RBG-18-0193-1_S8,0,0.028
CTZ,random,RF,onehot,0,RBG-18-0209-2_S46,0,0.092
CTZ,random,RF,onehot,0,RBG-18-0239-1_S4,0,0.01
CTZ,random,RF,onehot,0,RBG-18-0289-1_S37,1,0.246
CTZ,random,RF,onehot,0,RBG-18-0300-1_S52,0,0.004
CTZ,random,RF,onehot,0,RBG-18-0308-1_S54,1,0.604
CTZ,random,RF,onehot,0,RBG-18-0312-1_S55,0,0.242
CTZ,random,RF,onehot,0,RBG-18-0355-1_S19_L001,0,0.0
CTZ,random,RF,onehot,0,RBG-18-0381-1_S49,0,0.0
CTZ,random,RF,onehot,0,RBG-18-0383-1_S37,1,0.994
CTZ,random,RF,onehot,0,RBG-18-0437-1_S54,0,0.656
CTZ,random,RF,onehot,0,RBK-16-007-1_S13,1,0.662
CTZ,random,RF,onehot,0,RBK-17-0492-1_S8,1,0.786
CTZ,random,RF,onehot,0,RBK-17-0588-1_S24,1,0.6455750360750361
CTZ,random,RF,onehot,0,RBK-17-0595-1_S187,1,0.776
CTZ,random,RF,onehot,0,RBK-18-0022-1_S197,0,0.378
CTZ,random,RF,onehot,0,RBK-18-0047-1_S20,0,0.308
CTZ,random,RF,onehot,0,RBK-18-0060-1_S22,0,0.24
CTZ,random,RF,onehot,0,RBk-18-0216-1_S231_2,0,0.314
CTZ,random,RF,onehot,0,RBK-18-0236-2_S52_2,1,0.582
CTZ,random,RF,onehot,0,RBL-17-0138-1_S162,0,0.094
CTZ,random,RF,onehot,0,RBL-17-0199-1_S174,0,0.9552924131424131
CTZ,random,RF,onehot,0,RBL-17-0235-1_S92,0,0.052
CTZ,random,RF,onehot,0,RBL-17-0264-1_S103,0,0.76
CTZ,random,RF,onehot,0,RBL-17-0267-1_S104,0,0.14
CTZ,random,RF,onehot,0,RBL-17-0306-1_S50,1,0.678
CTZ,random,RF,onehot,0,RBL-17-0323-1_S115,0,0.08
CTZ,random,RF,onehot,0,RBL-17-0390-1_S121,0,0.0
CTZ,random,RF,onehot,0,RBL-17-0392-1_S69,1,0.9222771561771561
CTZ,random,RF,onehot,0,RBL-17-0397-1_S125,0,0.006
CTZ,random,RF,onehot,0,RBL-18-0010-1_S159,0,0.352
CTZ,random,RF,onehot,0,RBL-18-0085-1_S176,0,0.062
CTZ,random,RF,onehot,0,RBL-18-0194-1_S195_2,1,0.936
CTZ,random,RF,onehot,0,RBL-18-0500-1_S230_2,1,0.4625006882006882
CTZ,random,RF,onehot,0,RBT-17-0003-1_S16,0,0.076
CTZ,random,RF,onehot,0,RBT-17-0019-1_S62,1,0.988
CTZ,random,RF,onehot,0,RBT-17-0149-1_S13,1,0.3
CTZ,random,RF,onehot,0,RBT-17-0249-1_S61,1,0.9877304306804305
CTZ,random,RF,onehot,0,RBT-18-0021-1_S56,1,0.904764640098463
CTZ,random,RF,onehot,0,RBT-18-0042-1_S60,0,0.002
CTZ,random,RF,onehot,0,RBT-18-0046-1_S2,0,0.576
CTZ,random,RF,onehot,0,RBT-18-0052-1_S35,1,0.028
CTZ,random,RF,onehot,0,RBT-18-0056-1_S37,0,0.0
CTZ,random,RF,onehot,0,RBT-18-0079-1_S16,0,0.12
CTZ,random,RF,onehot,0,RBT-18-0080-1_S49,1,0.826
CTZ,random,RF,onehot,0,RBT-18-0091-1_S42,0,0.13571428571428573
CTZ,random,RF,onehot,0,RBT-18-0095-1_S19,0,0.006
CTZ,random,RF,onehot,0,RBT-18-0110-1_S27,0,0.146
CTZ,random,RF,onehot,0,RBT-18-0113-1_S44,0,0.0
CTZ,random,RF,onehot,0,RBT-18-0125-1_S50,0,0.082
CTZ,random,RF,onehot,0,RBT-18-0173-1_S35,0,0.074
CTZ,random,RF,onehot,0,RBT-18-0197-1_S40,0,0.632
CTZ,random,RF,onehot,0,RBT-18-0205-1_S6,1,0.9133333333333333
CTZ,random,RF,onehot,0,RBT-18-0234-1_S15,1,0.888
CTZ,random,RF,onehot,0,RBT-18-0246-1_S52,0,0.126
CTZ,random,RF,onehot,0,RBT-18-0253-1_S54,0,0.522
CTZ,random,RF,onehot,0,RBT-18-0259-1_S55,0,0.318
CTZ,random,RF,onehot,0,RBT-18-0263-1_S58,0,0.07575
CTZ,random,RF,onehot,0,RBT-18-0278-1_S64,0,0.3771204906204906
CTZ,random,RF,onehot,0,RBT-18-0331-1_S22,0,0.016
CTZ,random,RF,onehot,0,RBT-18-0338-1_S35,0,0.058
CTZ,random,RF,onehot,0,RBT-18-0341-1_S24,0,0.148
CTZ,random,RF,onehot,0,RBT-18-0357-1_S27,0,0.002
CTZ,random,RF,onehot,0,RBT-18-0360-1_S39,0,0.102
CTZ,random,RF,onehot,0,RBT-18-0372-1_S31,1,0.93
CTZ,random,RF,onehot,0,ResetV288_S6_L001,0,0.388
CTZ,random,RF,onehot,0,ResetV70_S6_L001,1,0.998
CTZ,random,RF,onehot,0,Survcare133_S25,1,0.972
CTZ,random,RF,onehot,0,Survcare134_S26,1,0.978
CTZ,random,RF,onehot,0,Survcare176_S17_L001,1,0.752
CTZ,random,RF,onehot,0,Survcare236_S5_L001,1,0.674
CTZ,random,RF,onehot,0,Survcare309_S20_L001,1,0.972
CTZ,random,RF,onehot,0,Survcare317_S5_L001,1,0.258
CTZ,random,RF,onehot,0,Survcare327_S1,1,0.966
CTZ,random,RF,onehot,0,Survcare337_S12,1,0.652
CTZ,random,RF,onehot,0,V111_S3_L001,0,0.328
CTZ,random,RF,onehot,0,V113_S3_L001,0,0.322
CTZ,random,RF,onehot,0,V120_S5_L001,0,0.142
CTZ,random,RF,onehot,0,V152_S3_L001,0,0.02
CTZ,random,RF,onehot,0,V155_S5_L001,0,0.164
CTZ,random,RF,onehot,0,V168_S9_L001,1,0.9
CTZ,random,RF,onehot,0,V172_S5_L001,0,0.594
CTZ,random,RF,onehot,0,V201_S4_L001,1,0.9
CTZ,random,RF,onehot,0,V229_S10_L001,1,0.85
CTZ,random,RF,onehot,0,V282_S4_L001,0,0.784
CTZ,random,RF,onehot,0,V41_S2_L001,0,0.226
CTZ,random,RF,onehot,0,V71_S4_L001,1,0.738
CTZ,random,RF,onehot,0,V89_S1_L001,0,0.306
CTZ,random,RF,onehot,0,W2RBK-17-168-1_S33,1,0.51695772005772
CTZ,random,RF,onehot,0,W2RBK-17-169-1_S34,1,0.828
CTZ,random,RF,onehot,0,wdh-RBB-16-025-1_S20,0,0.096
CTZ,random,RF,onehot,0,wdh2NRZ-29911a_S31,1,0.024
CTZ,random,RF,onehot,0,wdhRBF-10-0002-1_S10_L001,1,0.934
CTZ,random,RF,onehot,0,wdhRBF-18-0080-1_S17_L001,0,0.45
CTZ,random,RF,onehot,0,wdhRBF-18-0098-1_S19_L001,0,0.176
CTZ,random,RF,onehot,0,wdhRBL-17-0370-1_S232,0,0.262
CTZ,random,RF,onehot,0,wNRZ-32446_S79,1,0.272
CTZ,random,RF,onehot,0,wNRZ-33910_S81,1,0.44
CTZ,random,RF,onehot,0,wRBG-16-026-1_S163,0,0.0
CTZ,random,RF,onehot,0,wRBG-16-034-1_S164,0,0.194
CTZ,random,RF,onehot,0,wRBG-17-057-1_S141,0,0.244
CTZ,random,RF,onehot,0,wRBG-17-072-1_S129,0,0.0
CTZ,random,RF,onehot,0,wRBG-17-102-1_S169,0,0.486
CTZ,random,RF,onehot,0,wRBG-17-106-1_S125,0,0.304
CTZ,random,RF,onehot,0,wRBG-17-110-1_S168,0,0.092
CTZ,random,RF,onehot,0,wwRBF-16-094-1_S13,1,0.386
CTZ,random,RF,onehot,0,wwRBF-17-209-1_S34,0,0.448
CTZ,random,RF,onehot,1,H153_S1_L001,1,0.998
CTZ,random,RF,onehot,1,NNRBG-17-0255-1_S14,0,0.206
CTZ,random,RF,onehot,1,NNRBG-17-0278-1_S16,0,0.21
CTZ,random,RF,onehot,1,NNRBG-17-0287-1_S17,0,0.346
CTZ,random,RF,onehot,1,NNRBG-17-0316-1_S23,0,0.39
CTZ,random,RF,onehot,1,NNRBG-17-0329-1_S26,0,0.0
CTZ,random,RF,onehot,1,NNRBG-17-0399-1_S40,0,0.162
CTZ,random,RF,onehot,1,NNSurvcare045_S41,1,0.764
CTZ,random,RF,onehot,1,RBB-18-0546-1_S22_L001,1,0.952
CTZ,random,RF,onehot,1,RBB-18-0668-1_S188,1,0.9430375368469498
CTZ,random,RF,onehot,1,RBB-18-1312-1_S43,1,0.71
CTZ,random,RF,onehot,1,RBB-18-1460-1_S45,1,0.862
CTZ,random,RF,onehot,1,RBB-18-1502-1_S47,1,0.468
CTZ,random,RF,onehot,1,RBF-16-004-1_S18,0,0.744
CTZ,random,RF,onehot,1,RBF-17-0164-1_S137,0,0.158
CTZ,random,RF,onehot,1,RBF-17-0195-1_S141,0,0.32
CTZ,random,RF,onehot,1,RBF-17-0513-1_S76,0,0.874
CTZ,random,RF,onehot,1,RBF-17-0520-2_S55,1,0.702
CTZ,random,RF,onehot,1,RBF-17-0587-1_S91,0,0.0
CTZ,random,RF,onehot,1,RBF-17-0589-1_S92,0,0.16
CTZ,random,RF,onehot,1,RBF-17-0630-1_S59,1,0.334
CTZ,random,RF,onehot,1,RBF-17-0647-1_S99,0,0.03381818181818181
CTZ,random,RF,onehot,1,RBF-17-170-1_S66,1,0.868
CTZ,random,RF,onehot,1,RBF-18-0036-1_S7,0,0.122
CTZ,random,RF,onehot,1,RBF-18-0064-2_S14,0,0.018
CTZ,random,RF,onehot,1,RBF-18-0066-1_S15,0,0.23
CTZ,random,RF,onehot,1,RBF-18-0068-1_S77,1,0.43
CTZ,random,RF,onehot,1,RBF-18-0072-1_S16,0,0.022
CTZ,random,RF,onehot,1,RBF-18-0093-1_S80,0,0.28
CTZ,random,RF,onehot,1,RBF-18-0132-1_S26,0,0.08381818181818182
CTZ,random,RF,onehot,1,RBF-18-0151-1_S83,1,0.034
CTZ,random,RF,onehot,1,RBF-18-0179-1_S29,0,0.342
CTZ,random,RF,onehot,1,RBF-18-0187-1_S31,1,0.9286342918635192
CTZ,random,RF,onehot,1,RBF-18-0194-1_S86,1,0.672
CTZ,random,RF,onehot,1,RBF-18-0208-2_S11_L001,0,0.108
CTZ,random,RF,onehot,1,RBF-18-0282-1_S63,0,0.258
CTZ,random,RF,onehot,1,RBF-18-0294-1_S64,0,0.008
CTZ,random,RF,onehot,1,RBF-18-0338-1_S72,0,0.114
CTZ,random,RF,onehot,1,RBG-17-0284-1_S59,0,0.55
CTZ,random,RF,onehot,1,RBG-17-0351-1_S20_L001,1,0.91
CTZ,random,RF,onehot,1,RBG-18-0055-1_S43,0,0.006
CTZ,random,RF,onehot,1,RBG-18-0072-1_S8,0,0.4936515151515151
CTZ,random,RF,onehot,1,RBG-18-0077-1_S9,1,0.706
CTZ,random,RF,onehot,1,RBG-18-0108-1_S16,0,0.0
CTZ,random,RF,onehot,1,RBG-18-0113-1_S13_L001,0,0.018
CTZ,random,RF,onehot,1,RBG-18-0191-1_S11_L001,0,0.002
CTZ,random,RF,onehot,1,RBG-18-0200-1_S18_L001,1,0.9331540928056115
CTZ,random,RF,onehot,1,RBG-18-0211-1_S35,1,0.338
CTZ,random,RF,onehot,1,RBG-18-0224-1_S24_L001,1,0.9138589885118994
CTZ,random,RF,onehot,1,RBG-18-0256-1_S8_L001,1,0.048
CTZ,random,RF,onehot,1,RBG-18-0301-1_S53,0,0.0074285714285714285
CTZ,random,RF,onehot,1,RBK-16-073-1_S14,1,0.524
CTZ,random,RF,onehot,1,RBK-17-049-1_S62,1,0.992
CTZ,random,RF,onehot,1,RBK-18-0002-1_S38,1,0.002
CTZ,random,RF,onehot,1,RBK-18-0005-1_S18,0,0.018
CTZ,random,RF,onehot,1,RBK-18-0038-1_S200,0,0.024
CTZ,random,RF,onehot,1,RBK-18-0062-2_S203,0,0.37
CTZ,random,RF,onehot,1,RBK-18-0104-1_S206,0,0.058
CTZ,random,RF,onehot,1,RBK-18-0250-1_S235_2,0,0.062
CTZ,random,RF,onehot,1,RBK-18-0644-1_S180,1,0.828
CTZ,random,RF,onehot,1,RBL-17-0076-1_S32,0,0.236
CTZ,random,RF,onehot,1,RBL-17-0090-1_S145,0,0.062
CTZ,random,RF,onehot,1,RBL-17-0095-1_S147,0,0.002
CTZ,random,RF,onehot,1,RBL-17-0101-1_S148,0,0.042
CTZ,random,RF,onehot,1,RBL-17-0108-1_S151,0,0.028
CTZ,random,RF,onehot,1,RBL-17-0113-1_S153,0,0.922
CTZ,random,RF,onehot,1,RBL-17-0135-1_S160,0,0.256
CTZ,random,RF,onehot,1,RBL-17-0155-1_S165,0,0.468
CTZ,random,RF,onehot,1,RBL-17-0159-1_S166,0,0.172
CTZ,random,RF,onehot,1,RBL-17-0197-1_S173,0,0.456
CTZ,random,RF,onehot,1,RBL-17-0205-1_S175,0,0.008
CTZ,random,RF,onehot,1,RBL-17-0226-1_S41,1,0.9586537702579503
CTZ,random,RF,onehot,1,RBL-17-0232-1_S91,0,0.264
CTZ,random,RF,onehot,1,RBL-17-0244-1_S44,1,0.9476099474141273
CTZ,random,RF,onehot,1,RBL-17-0246-1_S94,0,0.522
CTZ,random,RF,onehot,1,RBL-17-0274-2_S105,0,0.292
CTZ,random,RF,onehot,1,RBL-17-0283-1_S27,0,0.252
CTZ,random,RF,onehot,1,RBL-17-0300-1_S112,0,0.04
CTZ,random,RF,onehot,1,RBL-17-0307-1_S51,1,0.9377302514594791
CTZ,random,RF,onehot,1,RBL-17-0340-1_S102,0,0.002
CTZ,random,RF,onehot,1,RBL-17-0391-1_S122,0,0.538
CTZ,random,RF,onehot,1,RBL-17-0402-1_S126,0,0.006
CTZ,random,RF,onehot,1,RBL-17-0428-1_S70,1,0.992
CTZ,random,RF,onehot,1,RBL-17-0434-1_S133,0,0.484
CTZ,random,RF,onehot,1,RBL-18-0019-1_S41,0,0.0
CTZ,random,RF,onehot,1,RBL-18-0022-1_S43,0,0.01
CTZ,random,RF,onehot,1,RBL-18-0037-1_S168,0,0.172
CTZ,random,RF,onehot,1,RBL-18-0059-1_S171,0,0.8178214742030235
CTZ,random,RF,onehot,1,RBL-18-0093-1_S49,0,0.9017360885072963
CTZ,random,RF,onehot,1,RBT-16-0038-1_S11,1,0.836
CTZ,random,RF,onehot,1,RBT-16-0045-1_S58,1,0.738
CTZ,random,RF,onehot,1,RBT-17-0011-1_S19,0,0.192
CTZ,random,RF,onehot,1,RBT-17-0022-1_S24,0,0.004
CTZ,random,RF,onehot,1,RBT-17-0023-1_S25,0,0.734
CTZ,random,RF,onehot,1,RBT-17-0100-1_S36,0,0.744
CTZ,random,RF,onehot,1,RBT-17-0113-1_S42,0,0.084
CTZ,random,RF,onehot,1,RBT-17-0165-1_S60,0,0.032
CTZ,random,RF,onehot,1,RBT-17-0167-1_S27,0,0.244
CTZ,random,RF,onehot,1,RBT-17-0177-2_S7,0,0.108
CTZ,random,RF,onehot,1,RBT-17-0217-1_S7,0,0.746
CTZ,random,RF,onehot,1,RBT-17-0225-1_S9,0,0.002
CTZ,random,RF,onehot,1,RBT-17-0228-1_S10,0,0.184
CTZ,random,RF,onehot,1,RBT-17-0239-1_S60,0,0.19
CTZ,random,RF,onehot,1,RBT-17-0243-1_S11,0,0.056
CTZ,random,RF,onehot,1,RBT-17-0285-1_S66,0,0.81
CTZ,random,RF,onehot,1,RBT-17-0339-1_S20,0,0.94775
CTZ,random,RF,onehot,1,RBT-18-0027-1_S68,0,0.112
CTZ,random,RF,onehot,1,RBT-18-0064-1_S15,0,0.722
CTZ,random,RF,onehot,1,RBT-18-0071-1_S41,0,0.188
CTZ,random,RF,onehot,1,RBT-18-0096-1_S20,0,0.054
CTZ,random,RF,onehot,1,RBT-18-0100-1_S21,0,0.104
CTZ,random,RF,onehot,1,RBT-18-0122-1_S63,0,0.084
CTZ,random,RF,onehot,1,RBT-18-0133-1_S30,0,0.014
CTZ,random,RF,onehot,1,RBT-18-0184-1_S38,1,0.834
CTZ,random,RF,onehot,1,RBT-18-0231-1_S14,0,0.056
CTZ,random,RF,onehot,1,RBT-18-0241-1_S50,0,0.026
CTZ,random,RF,onehot,1,RBT-18-0271-1_S62,0,0.0
CTZ,random,RF,onehot,1,RBT-18-0296-1_S72,1,0.9813384615384616
CTZ,random,RF,onehot,1,RBT-18-0308-1_S34,0,0.406
CTZ,random,RF,onehot,1,RBT-18-0325-1_S44,0,0.374
CTZ,random,RF,onehot,1,RBT-18-0334-1_S23,0,0.056
CTZ,random,RF,onehot,1,RBT-18-0335-1_S41,0,0.6688473443223443
CTZ,random,RF,onehot,1,RBT-18-0358-1_S28,0,0.132
CTZ,random,RF,onehot,1,RBT-18-0363-1_S72,1,0.981625
CTZ,random,RF,onehot,1,ResetH115_S6_L001,0,0.236
CTZ,random,RF,onehot,1,ResetH127_S6_L001,1,0.89523302584928
CTZ,random,RF,onehot,1,ResetH131_S7_L001,1,0.6727131004216614
CTZ,random,RF,onehot,1,ResetH139_S3_L001,0,0.306
CTZ,random,RF,onehot,1,ResetH75_S2_L001,1,0.923133663836575
CTZ,random,RF,onehot,1,ResetH89_S3_L001,1,0.782
CTZ,random,RF,onehot,1,ResetV105_S1_L001,0,0.216
CTZ,random,RF,onehot,1,ResetV143_S2_L001,0,0.102
CTZ,random,RF,onehot,1,ResetV161_S3_L001,1,0.59
CTZ,random,RF,onehot,1,ResetV74_S7_L001,1,0.782
CTZ,random,RF,onehot,1,RPG-18-0435-1_S32,0,0.0
CTZ,random,RF,onehot,1,Survcare052_S22,1,0.754
CTZ,random,RF,onehot,1,Survcare254_S36,1,0.506
CTZ,random,RF,onehot,1,Survcare313_S24_L001,1,0.656
CTZ,random,RF,onehot,1,Survcare318_S20_L001,1,0.81
CTZ,random,RF,onehot,1,Survcare360_S84,1,0.828
CTZ,random,RF,onehot,1,V158_S4_L001,1,0.054
CTZ,random,RF,onehot,1,V163_S6_L001,0,0.22
CTZ,random,RF,onehot,1,V268_S12_L001,1,0.912
CTZ,random,RF,onehot,1,V292_S6_L001,1,0.996
CTZ,random,RF,onehot,1,V86_S1_L001,1,0.974
CTZ,random,RF,onehot,1,V98_S3_L001,1,0.99
CTZ,random,RF,onehot,1,W2RBF-17-090-1_S26,1,0.246
CTZ,random,RF,onehot,1,wdh-RBL-17-0431-1_S46,0,0.674
CTZ,random,RF,onehot,1,wdhRBF-17-0567-1_S122,0,0.364
CTZ,random,RF,onehot,1,WDHRBG-16-060-1_S27,0,0.706
CTZ,random,RF,onehot,1,WDHRBG-17-001-1_S82,0,0.774
CTZ,random,RF,onehot,1,WDHRBG-17-0256-1_S17,0,0.466
CTZ,random,RF,onehot,1,WDHRBG-17-122-1_S48,0,0.468
CTZ,random,RF,onehot,1,wRBG-17-023-1_S155,0,0.04
CTZ,random,RF,onehot,1,wRBG-17-030-1_S165,0,0.222
CTZ,random,RF,onehot,1,wRBG-17-055-1_S163,0,0.84
CTZ,random,RF,onehot,1,wRBG-17-100-1_S104,0,0.076
CTZ,random,RF,onehot,1,wwRBF-16-007-1_S10,1,0.982
CTZ,random,RF,onehot,1,wwRBF-17-167-1_S31,1,0.7517
CTZ,random,RF,onehot,1,wwRBK-17-0278-1_S41,1,0.606
CTZ,random,RF,onehot,1,wwRBL-16-111-1_S16,1,0.702
CTZ,random,RF,onehot,1,WWSurvcare043_S43,1,0.732
CTZ,random,RF,onehot,2,H116_S8_L001,1,0.996
CTZ,random,RF,onehot,2,H123_S1_L001,0,0.82
CTZ,random,RF,onehot,2,H136_S7_L001,0,0.074
CTZ,random,RF,onehot,2,H164_S3_L001,1,0.988
CTZ,random,RF,onehot,2,H28_S10_L001,0,0.266
CTZ,random,RF,onehot,2,H69_S6_L001,0,0.908
CTZ,random,RF,onehot,2,H71_S1_L001,1,0.9619056441812031
CTZ,random,RF,onehot,2,H83_S7_L001,0,0.3
CTZ,random,RF,onehot,2,NNRBG-17-0196-1_S3,0,0.0
CTZ,random,RF,onehot,2,NNRBG-17-0199-1_S5,0,0.0
CTZ,random,RF,onehot,2,RBB-18-0826-1_S193,1,0.272
CTZ,random,RF,onehot,2,RBB-18-0972-1_S203_2,1,0.912
CTZ,random,RF,onehot,2,RBB-18-1086-1_S189_2,1,0.294
CTZ,random,RF,onehot,2,RBB-18-1406-1_S49,1,0.06
CTZ,random,RF,onehot,2,RBB-19-0014-1_S44,1,0.078
CTZ,random,RF,onehot,2,RBF-10-0240-1_S12_L001,0,0.002
CTZ,random,RF,onehot,2,RBF-16-060-1_S22,1,0.9415529335017899
CTZ,random,RF,onehot,2,RBF-17-0450-1_S10,0,0.162
CTZ,random,RF,onehot,2,RBF-17-0602-1_S93,0,0.028
CTZ,random,RF,onehot,2,RBF-17-0651-1_S62,0,0.894
CTZ,random,RF,onehot,2,RBF-17-318-1_S77,1,0.626
CTZ,random,RF,onehot,2,RBF-18-0019-1_S2,0,0.8261178487950633
CTZ,random,RF,onehot,2,RBF-18-0069-1_S78,1,0.586
CTZ,random,RF,onehot,2,RBF-18-0075-1_S79,1,0.8397777777777778
CTZ,random,RF,onehot,2,RBF-18-0087-1_S23,0,0.23
CTZ,random,RF,onehot,2,RBF-18-0123-1_S25_L001,0,0.276
CTZ,random,RF,onehot,2,RBF-18-0135-1_S34,0,0.034
CTZ,random,RF,onehot,2,RBF-18-0163-2_S39,0,0.32
CTZ,random,RF,onehot,2,RBF-18-0174-1_S28,0,0.794
CTZ,random,RF,onehot,2,RBF-18-0214-1_S51,0,0.0
CTZ,random,RF,onehot,2,RBF-18-0280-1_S62,0,0.152
CTZ,random,RF,onehot,2,RBF-18-0310-1_S36,0,0.214
CTZ,random,RF,onehot,2,RBG-18-0025-1_S9_L001,0,0.002
CTZ,random,RF,onehot,2,RBG-18-0071-1_S44,0,0.104
CTZ,random,RF,onehot,2,RBG-18-0140-1_S14_L001,0,0.232
CTZ,random,RF,onehot,2,RBG-18-0166-1_S10_L001,0,0.002
CTZ,random,RF,onehot,2,RBG-18-0177-1_S17_L001,1,0.9761363313586998
CTZ,random,RF,onehot,2,RBG-18-0194-1_S45,0,0.132
CTZ,random,RF,onehot,2,RBG-18-0204-1_S23_L001,0,0.746
CTZ,random,RF,onehot,2,RBG-18-0223-1_S2,0,0.024
CTZ,random,RF,onehot,2,RBG-18-0276-1_S50,0,0.294
CTZ,random,RF,onehot,2,RBG-18-0279-1_S36,1,0.9684070699338502
CTZ,random,RF,onehot,2,RBG-18-0352-1_S21_L001,0,0.056
CTZ,random,RF,onehot,2,RBG-18-0391-1_S22_L001,1,0.7
CTZ,random,RF,onehot,2,RBG-18-0394-1_S23_L001,0,0.006
CTZ,random,RF,onehot,2,RBG-18-0421-1_S53,1,0.9323846097229226
CTZ,random,RF,onehot,2,RBK-16-124-1_S16,1,0.244
CTZ,random,RF,onehot,2,RBK-18-0037-1_S199,0,0.29
CTZ,random,RF,onehot,2,RBL-17-0093-1_S146,0,0.412
CTZ,random,RF,onehot,2,RBL-17-0104-1_S149,0,0.498
CTZ,random,RF,onehot,2,RBL-17-0118-1_S156,0,0.04
CTZ,random,RF,onehot,2,RBL-17-0123-1_S157,0,0.026
CTZ,random,RF,onehot,2,RBL-17-0129-1_S158,0,0.0
CTZ,random,RF,onehot,2,RBL-17-0144-1_S163,0,0.266
CTZ,random,RF,onehot,2,RBL-17-0189-1_S172,0,0.038
CTZ,random,RF,onehot,2,RBL-17-0256-1_S98,0,0.21
CTZ,random,RF,onehot,2,RBL-17-0320-1_S114,0,0.094
CTZ,random,RF,onehot,2,RBL-17-0324-1_S54,1,0.368
CTZ,random,RF,onehot,2,RBL-17-0328-1_S117,0,0.2
CTZ,random,RF,onehot,2,RBL-17-0349-1_S105,0,0.154
CTZ,random,RF,onehot,2,RBL-17-0368-1_S114,0,0.014
CTZ,random,RF,onehot,2,RBL-17-0374-1_S116,0,0.43
CTZ,random,RF,onehot,2,RBL-17-0393-1_S123,0,0.0
CTZ,random,RF,onehot,2,RBL-17-0409-1_S127,0,0.014
CTZ,random,RF,onehot,2,RBL-17-0411-1_S128,0,0.258
CTZ,random,RF,onehot,2,RBL-17-0429-1_S130,0,0.016
CTZ,random,RF,onehot,2,RBL-17-0435-1_S134,0,0.0
CTZ,random,RF,onehot,2,RBL-17-075-1_S18,1,0.886
CTZ,random,RF,onehot,2,RBL-18-0021-1_S42,0,0.55
CTZ,random,RF,onehot,2,RBL-18-0098-1_S178,0,0.9402054598398121
CTZ,random,RF,onehot,2,RBL-18-0131-1_S188_2,1,0.732
CTZ,random,RF,onehot,2,RBT-17-0024-1_S23,0,0.0
CTZ,random,RF,onehot,2,RBT-17-0079-1_S29,0,0.038
CTZ,random,RF,onehot,2,RBT-17-0099-1_S35,0,0.022
CTZ,random,RF,onehot,2,RBT-17-0107-1_S39,0,0.024
CTZ,random,RF,onehot,2,RBT-17-0112-1_S41,0,0.034
CTZ,random,RF,onehot,2,RBT-17-0124-1_S46,0,0.092
CTZ,random,RF,onehot,2,RBT-17-0138-1_S52,0,0.196
CTZ,random,RF,onehot,2,RBT-17-0150-1_S54,0,0.0
CTZ,random,RF,onehot,2,RBT-17-0156-1_S56,0,0.166
CTZ,random,RF,onehot,2,RBT-17-0177-1_S65,0,0.086
CTZ,random,RF,onehot,2,RBT-17-0183-1_S67,0,0.202
CTZ,random,RF,onehot,2,RBT-17-0219-1_S8,0,0.482
CTZ,random,RF,onehot,2,RBT-17-0232-1_S58,0,0.494
CTZ,random,RF,onehot,2,RBT-17-0238-1_S59,0,0.726
CTZ,random,RF,onehot,2,RBT-17-0256-1_S25,0,0.588
CTZ,random,RF,onehot,2,RBT-17-0291-1_S14,0,0.448
CTZ,random,RF,onehot,2,RBT-18-0050-1_S34,0,0.578
CTZ,random,RF,onehot,2,RBT-18-0057-1_S38,0,0.276
CTZ,random,RF,onehot,2,RBT-18-0103-1_S24,0,0.184
CTZ,random,RF,onehot,2,RBT-18-0115-1_S45,0,0.186
CTZ,random,RF,onehot,2,RBT-18-0134-1_S29,0,0.0
CTZ,random,RF,onehot,2,RBT-18-0146-1_S55,0,0.04
CTZ,random,RF,onehot,2,RBT-18-0179-1_S37,0,0.362
CTZ,random,RF,onehot,2,RBT-18-0181-1_S61,1,0.814
CTZ,random,RF,onehot,2,RBT-18-0224-1_S43,0,0.0
CTZ,random,RF,onehot,2,RBT-18-0227-1_S46,1,0.922573147515502
CTZ,random,RF,onehot,2,RBT-18-0236-1_S48,1,0.81
CTZ,random,RF,onehot,2,RBT-18-0247-1_S16,1,0.804
CTZ,random,RF,onehot,2,RBT-18-0251-1_S7,0,0.33
CTZ,random,RF,onehot,2,RBT-18-0252-1_S53,0,0.784
CTZ,random,RF,onehot,2,RBT-18-0265-1_S59,0,0.136
CTZ,random,RF,onehot,2,RBT-18-0288-1_S68,0,0.024
CTZ,random,RF,onehot,2,RBT-18-0292-1_S70,0,0.008
CTZ,random,RF,onehot,2,RBT-18-0303-1_S20,0,0.108
CTZ,random,RF,onehot,2,RBT-18-0351-1_S48,0,0.364
CTZ,random,RF,onehot,2,RBT-18-0368-1_S32,1,0.002
CTZ,random,RF,onehot,2,RBT-18-0370-1_S33,0,0.118
CTZ,random,RF,onehot,2,RBT-18-0384-1_S40,0,0.002
CTZ,random,RF,onehot,2,RBT-18-0392-1_S56,1,0.8609942442404519
CTZ,random,RF,onehot,2,ResetH10_S1_L001,0,0.128
CTZ,random,RF,onehot,2,ResetH129_S7_L001,1,0.8868963241436926
CTZ,random,RF,onehot,2,ResetH132_S1_L001,1,0.322
CTZ,random,RF,onehot,2,ResetH152_S4_L001,1,0.988
CTZ,random,RF,onehot,2,ResetH30_S4_L001,0,0.232
CTZ,random,RF,onehot,2,ResetH45_S5_L001,0,0.066
CTZ,random,RF,onehot,2,ResetH8_S2_L001,0,0.25
CTZ,random,RF,onehot,2,ResetH93_S5_L001,1,0.108
CTZ,random,RF,onehot,2,ResetH99_S5_L001,0,0.198
CTZ,random,RF,onehot,2,ResetV260_S5_L001,1,0.5653777056277056
CTZ,random,RF,onehot,2,ResetV63_S5_L001,0,0.014
CTZ,random,RF,onehot,2,Survcare104_S16_L001,1,0.274
CTZ,random,RF,onehot,2,Survcare130_S2,1,0.0
CTZ,random,RF,onehot,2,Survcare187_S32,1,0.873262918660287
CTZ,random,RF,onehot,2,Survcare244_S9_L001,1,0.554
CTZ,random,RF,onehot,2,Survcare275_S38,1,0.752
CTZ,random,RF,onehot,2,Survcare289_S36,1,0.956
CTZ,random,RF,onehot,2,Survcare291_S38,1,0.762
CTZ,random,RF,onehot,2,Survcare292_S39,1,0.47
CTZ,random,RF,onehot,2,Survcare293_S40,1,0.952
CTZ,random,RF,onehot,2,Survcare334_S10,1,0.958
CTZ,random,RF,onehot,2,V1_S6_L001,0,0.768
CTZ,random,RF,onehot,2,V108_S2_L001,0,0.294
CTZ,random,RF,onehot,2,V114_S5_L001,1,0.916
CTZ,random,RF,onehot,2,V130_S5_L001,1,0.766
CTZ,random,RF,onehot,2,V131_S7_L001,1,0.174
CTZ,random,RF,onehot,2,V177_S6_L001,1,0.358
CTZ,random,RF,onehot,2,V183_S7_L001,0,0.238
CTZ,random,RF,onehot,2,V271_S13_L001,1,0.79
CTZ,random,RF,onehot,2,V291_S5_L001,1,0.9732916666666667
CTZ,random,RF,onehot,2,V79_S6_L001,0,0.296
CTZ,random,RF,onehot,2,V8_S7_L001,0,0.844
CTZ,random,RF,onehot,2,V80_S7_L001,1,0.322
CTZ,random,RF,onehot,2,V96_S2_L001,1,0.982
CTZ,random,RF,onehot,2,w2RBG-16-037-1_S34,0,0.13
CTZ,random,RF,onehot,2,wdh-RBL-17-0361-1_S44,0,0.01
CTZ,random,RF,onehot,2,wdhRBF-18-0025-1_S11_L001,0,0.138
CTZ,random,RF,onehot,2,wdhRBF-18-0057_S14_L001,0,0.476
CTZ,random,RF,onehot,2,wdhRBF-18-0059-1_S15_L001,0,0.152
CTZ,random,RF,onehot,2,WDHRBG-17-0093-1_S1,1,0.748
CTZ,random,RF,onehot,2,wRBG-16-032-1_S142,0,0.0
CTZ,random,RF,onehot,2,wRBG-16-033-1_S153,0,0.318
CTZ,random,RF,onehot,2,wRBG-17-014-1_S167,0,0.774
CTZ,random,RF,onehot,2,wRBG-17-025-1_S133,0,0.54
CTZ,random,RF,onehot,2,wRBG-17-052-1_S120,0,0.738
CTZ,random,RF,onehot,2,wRBG-17-081-1_S117,0,0.35
CTZ,random,RF,onehot,2,wRBG-17-112-1_S146,0,0.292
CTZ,random,RF,onehot,2,wwRBB-16-112-1_S1,1,0.8553345238095238
CTZ,random,RF,onehot,2,wwRBB-17-031-1_S25,1,0.174
CTZ,random,RF,onehot,2,wwRBK-17-0148-1_S37,1,0.8646021869629155
CTZ,random,RF,onehot,2,wwRBK-17-0298-1_S42,1,0.97
CTZ,random,RF,onehot,2,wwRBL-17-004-1_S44,1,0.9030820206027508
CTZ,random,RF,onehot,3,H141_S6_L001,1,0.464
CTZ,random,RF,onehot,3,H148_S4_L001,1,0.828
CTZ,random,RF,onehot,3,H160_S3_L001,1,0.958
CTZ,random,RF,onehot,3,H162_S4_L001,0,0.25
CTZ,random,RF,onehot,3,H38_S4_L001,1,0.886
CTZ,random,RF,onehot,3,H53_S4_L001,1,1.0
CTZ,random,RF,onehot,3,NNRBG-17-0191-1_S1,0,0.6
CTZ,random,RF,onehot,3,NNRBG-17-0193-1_S2,0,0.012
CTZ,random,RF,onehot,3,NNRBG-17-0205-1_S7,0,0.144
CTZ,random,RF,onehot,3,NNRBG-17-0239-1_S10,0,0.582
CTZ,random,RF,onehot,3,NNRBG-17-0249-1_S13,0,0.166
CTZ,random,RF,onehot,3,NNRBG-17-0298-1_S19,0,0.012
CTZ,random,RF,onehot,3,RBB-17-171-1_S52,1,0.742
CTZ,random,RF,onehot,3,RBB-18-0129-1_S179,1,0.816
CTZ,random,RF,onehot,3,RBB-18-0490-1_S20_L001,1,0.164
CTZ,random,RF,onehot,3,RBB-18-0519-1_S184,1,0.838
CTZ,random,RF,onehot,3,RBB-18-0665-1_S23_L001,1,0.206
CTZ,random,RF,onehot,3,RBB-18-0674-1_S189,1,0.946
CTZ,random,RF,onehot,3,RBB-18-0765-1_S191,1,0.142
CTZ,random,RF,onehot,3,RBB-18-1212-1_S67_2,1,0.988
CTZ,random,RF,onehot,3,RBF-16-0064-1_S136,0,0.052
CTZ,random,RF,onehot,3,RBF-17-0178-1_S139,0,0.824
CTZ,random,RF,onehot,3,RBF-17-0509-1_S74,0,0.226
CTZ,random,RF,onehot,3,RBF-17-0521-1_S78,0,0.99
CTZ,random,RF,onehot,3,RBF-17-0540-1_S83,0,0.058
CTZ,random,RF,onehot,3,RBF-17-0550-1_S84,0,0.388
CTZ,random,RF,onehot,3,RBF-17-0553-1_S85,0,0.998
CTZ,random,RF,onehot,3,RBF-17-0632-1_S97,0,0.0
CTZ,random,RF,onehot,3,RBF-17-067-1_S54,1,0.902
CTZ,random,RF,onehot,3,RBF-17-266-1_S70,1,0.32
CTZ,random,RF,onehot,3,RBF-18-0055-1_S11,0,0.058
CTZ,random,RF,onehot,3,RBF-18-0147-1_S36,0,0.236
CTZ,random,RF,onehot,3,RBF-18-0172-1_S40,0,0.044
CTZ,random,RF,onehot,3,RBF-18-0192-1_S44,0,0.192
CTZ,random,RF,onehot,3,RBF-18-0196-1_S46,0,0.884
CTZ,random,RF,onehot,3,RBF-18-0200-1_S48,0,0.0
CTZ,random,RF,onehot,3,RBF-18-0227-1_S53,0,0.326
CTZ,random,RF,onehot,3,RBF-18-0252-1_S56,0,0.162
CTZ,random,RF,onehot,3,RBF-18-0253-1_S13_L001,0,0.466
CTZ,random,RF,onehot,3,RBF-18-0296-1_S17,0,0.716
CTZ,random,RF,onehot,3,RBF-18-0339-1_S37,0,0.232
CTZ,random,RF,onehot,3,RBF-18-0664-1_S190,0,0.74
CTZ,random,RF,onehot,3,RBF-18-0714-2_S204_2,1,0.798
CTZ,random,RF,onehot,3,RBG-17-013-1_S16,1,0.574
CTZ,random,RF,onehot,3,RBg-17-123-2_S12,0,0.408
CTZ,random,RF,onehot,3,RBG-18-0004-1_S1,1,1.0
CTZ,random,RF,onehot,3,RBG-18-0017-1_S5,0,0.776
CTZ,random,RF,onehot,3,RBG-18-0041-1_S6,0,0.084
CTZ,random,RF,onehot,3,RBG-18-0083-1_S12,0,0.164
CTZ,random,RF,onehot,3,RBG-18-0144-1_S38,0,0.008
CTZ,random,RF,onehot,3,RBG-18-0202-1_S13_L001,0,0.766
CTZ,random,RF,onehot,3,RBG-18-0206-2_S46,0,0.078
CTZ,random,RF,onehot,3,RBG-18-0280-1_S51,0,0.076
CTZ,random,RF,onehot,3,RBG-18-0347-1_S22_L001,0,0.452
CTZ,random,RF,onehot,3,RBG-18-0358-1_S39,1,0.762
CTZ,random,RF,onehot,3,RBG-18-0380-1_S48,0,1.0
CTZ,random,RF,onehot,3,RBG-18-0388-1_S21_L001,1,0.946
CTZ,random,RF,onehot,3,RBG-18-0402-1_S50,1,0.54
CTZ,random,RF,onehot,3,RBG-18-0417-1_S52,0,0.222
CTZ,random,RF,onehot,3,RBK-16-079-1_S15,1,0.046
CTZ,random,RF,onehot,3,RBK-17-0457-1_S6,1,0.848
CTZ,random,RF,onehot,3,RBK-18-0019-1_S195,0,0.0
CTZ,random,RF,onehot,3,RBK-18-0020-1_S19,0,0.104
CTZ,random,RF,onehot,3,RBL-17-0116-1_S154,0,0.61
CTZ,random,RF,onehot,3,RBL-17-0117-1_S155,0,0.0
CTZ,random,RF,onehot,3,RBL-17-0136-1_S161,0,0.064
CTZ,random,RF,onehot,3,RBL-17-0172-1_S170,0,0.004
CTZ,random,RF,onehot,3,RBL-17-0242-1_S42,1,0.956
CTZ,random,RF,onehot,3,RBL-17-0259-1_S99,0,0.644
CTZ,random,RF,onehot,3,RBL-17-0327-1_S116,0,0.03
CTZ,random,RF,onehot,3,RBL-17-0347-1_S104,0,0.06
CTZ,random,RF,onehot,3,RBL-17-0350-1_S106,0,0.456
CTZ,random,RF,onehot,3,RBL-17-0365-1_S112,0,0.032
CTZ,random,RF,onehot,3,RBL-17-0375-1_S117,0,0.852
CTZ,random,RF,onehot,3,RBL-17-0395-1_S124,0,0.002
CTZ,random,RF,onehot,3,RBL-17-0432-1_S132,0,0.374
CTZ,random,RF,onehot,3,RBL-17-060-1_S17,1,0.716
CTZ,random,RF,onehot,3,RBL-18-0002-1_S158,0,0.058
CTZ,random,RF,onehot,3,RBL-18-0016-1_S161,0,0.0
CTZ,random,RF,onehot,3,RBL-18-0032-1_S167,0,0.296
CTZ,random,RF,onehot,3,RBL-18-0048-1_S44,0,0.996
CTZ,random,RF,onehot,3,RBL-18-0066-1_S173,0,0.61
CTZ,random,RF,onehot,3,RBL-18-0090-1_S48,1,0.876
CTZ,random,RF,onehot,3,RBL-18-0343-1_S6,1,0.264
CTZ,random,RF,onehot,3,RBT-17-0009-1_S21,0,0.226
CTZ,random,RF,onehot,3,RBT-17-0027-1_S3,0,0.032
CTZ,random,RF,onehot,3,RBT-17-0039-1_S28,1,0.208
CTZ,random,RF,onehot,3,RBT-17-0082-1_S30,0,0.594
CTZ,random,RF,onehot,3,RBT-17-0084-1_S31,0,0.006
CTZ,random,RF,onehot,3,RBT-17-0102-1_S37,0,0.836
CTZ,random,RF,onehot,3,RBT-17-0130-1_S27,0,0.168
CTZ,random,RF,onehot,3,RBT-17-0133-1_S6,0,0.884
CTZ,random,RF,onehot,3,RBT-17-0142-1_S53,0,0.038
CTZ,random,RF,onehot,3,RBT-17-0161-1_S57,0,0.018
CTZ,random,RF,onehot,3,RBT-17-0163-1_S59,0,0.032
CTZ,random,RF,onehot,3,RBT-17-0168-1_S61,0,0.144
CTZ,random,RF,onehot,3,RBT-17-0174-1_S64,0,0.104
CTZ,random,RF,onehot,3,RBT-17-0210-1_S55,0,0.0
CTZ,random,RF,onehot,3,RBT-17-0251-1_S62,0,0.97
CTZ,random,RF,onehot,3,RBT-17-0279-1_S12,0,0.216
CTZ,random,RF,onehot,3,RBT-18-0017-1_S67,0,0.0
CTZ,random,RF,onehot,3,RBT-18-0023-1_S14,0,0.012
CTZ,random,RF,onehot,3,RBT-18-0030-1_S69,0,0.02
CTZ,random,RF,onehot,3,RBT-18-0053-1_S36,1,0.988
CTZ,random,RF,onehot,3,RBT-18-0066-1_S40,0,0.002
CTZ,random,RF,onehot,3,RBT-18-0102-1_S23,0,0.002
CTZ,random,RF,onehot,3,RBT-18-0116-1_S46,0,0.066
CTZ,random,RF,onehot,3,RBT-18-0120-1_S48,0,0.098
CTZ,random,RF,onehot,3,RBT-18-0121-1_S28,0,0.026
CTZ,random,RF,onehot,3,RBT-18-0141-1_S32,0,0.0
CTZ,random,RF,onehot,3,RBT-18-0269-1_S61,0,0.034
CTZ,random,RF,onehot,3,RBT-18-0283-1_S65,0,0.002
CTZ,random,RF,onehot,3,RBT-18-0284-1_S66,1,0.988
CTZ,random,RF,onehot,3,RBT-18-0293-1_S71,0,0.004
CTZ,random,RF,onehot,3,RBT-18-0316-1_S43,0,0.002
CTZ,random,RF,onehot,3,RBT-18-0339-1_S47,0,0.07
CTZ,random,RF,onehot,3,RBT-18-0361-1_S38,0,0.52
CTZ,random,RF,onehot,3,RBT-18-0377-1_S1,0,0.132
CTZ,random,RF,onehot,3,ResetH1_S1_L001,0,0.072
CTZ,random,RF,onehot,3,ResetH16_S2_L001,1,0.602
CTZ,random,RF,onehot,3,ResetH24a_S3_2_L001,1,1.0
CTZ,random,RF,onehot,3,ResetH98_S4_L001,0,0.108
CTZ,random,RF,onehot,3,ResetV76_S7_L001,0,0.104
CTZ,random,RF,onehot,3,Survcare058_S26,1,0.992
CTZ,random,RF,onehot,3,Survcare129_S1,1,0.038
CTZ,random,RF,onehot,3,Survcare140_S4_L001,1,0.97
CTZ,random,RF,onehot,3,Survcare184_S19,1,0.802
CTZ,random,RF,onehot,3,Survcare190_S35,1,0.192
CTZ,random,RF,onehot,3,Survcare221_S7_L001,1,0.026
CTZ,random,RF,onehot,3,Survcare234_S3_L001,1,0.05
CTZ,random,RF,onehot,3,Survcare253_S35,1,0.55
CTZ,random,RF,onehot,3,Survcare295_S8_L001,1,0.652
CTZ,random,RF,onehot,3,Survcare303_S15_L001,1,0.98
CTZ,random,RF,onehot,3,Survcare310_S21_L001,1,0.202
CTZ,random,RF,onehot,3,Survcare319_S16,1,0.956
CTZ,random,RF,onehot,3,Survcare329_S3,1,0.438
CTZ,random,RF,onehot,3,Survcare335_S11,1,0.95
CTZ,random,RF,onehot,3,V116_S6_L001,0,0.56
CTZ,random,RF,onehot,3,V139_S7_L001,0,0.998
CTZ,random,RF,onehot,3,V153_S4_L001,0,0.144
CTZ,random,RF,onehot,3,V195_S1_L001,1,0.07
CTZ,random,RF,onehot,3,V228_S8_L001,1,0.868
CTZ,random,RF,onehot,3,V238_S11_L001,0,0.478
CTZ,random,RF,onehot,3,V283_S5_L001,1,0.806
CTZ,random,RF,onehot,3,V289_S5_L001,0,0.262
CTZ,random,RF,onehot,3,V64_S3_L001,0,0.006
CTZ,random,RF,onehot,3,V73_S5_L001,1,0.964
CTZ,random,RF,onehot,3,wdh-RBF-17-0572-1_S43,0,0.046
CTZ,random,RF,onehot,3,wdhRBF-17-0558-1_S121,0,0.732
CTZ,random,RF,onehot,3,wdhRBF-18-0081-1_S18_L001,0,0.51
CTZ,random,RF,onehot,3,WDHRBG-16-050-1_S40,1,0.576
CTZ,random,RF,onehot,3,wRBG-16-027-1_S174,0,0.006
CTZ,random,RF,onehot,3,wRBG-17-022-1_S43,1,0.872
CTZ,random,RF,onehot,3,wRBG-17-031-1_S154,0,0.03
CTZ,random,RF,onehot,3,wRBG-17-034-1_S121,0,0.114
CTZ,random,RF,onehot,3,wRBG-17-049-1_S142,0,0.144
CTZ,random,RF,onehot,3,wRBG-17-058-1_S130,0,0.002
CTZ,random,RF,onehot,3,wRBG-17-075-1_S96,0,0.528
CTZ,random,RF,onehot,3,wwRBF-17-189-1_S32,1,0.83
CTZ,random,RF,onehot,3,wwRBK-16-023-1_S5,1,0.758
CTZ,random,RF,onehot,3,wwRBK-17-0197-1_S39,1,0.988
CTZ,random,RF,onehot,3,wwRBK-17-075-1_S28,1,0.918
CTZ,random,RF,onehot,4,H105_S3_L001,0,0.920727254281666
CTZ,random,RF,onehot,4,H109_S2_L001,0,0.44
CTZ,random,RF,onehot,4,H113_S6_L001,0,0.116
CTZ,random,RF,onehot,4,H122_S4_L001,1,0.094
CTZ,random,RF,onehot,4,H130_S2_L001,1,0.006
CTZ,random,RF,onehot,4,H154_S2_L001,1,0.934
CTZ,random,RF,onehot,4,H157_S3_L001,0,0.314
CTZ,random,RF,onehot,4,H176_S5_L001,0,0.262
CTZ,random,RF,onehot,4,H50_S7_L001,0,0.058
CTZ,random,RF,onehot,4,H66_S1_L001,1,0.988
CTZ,random,RF,onehot,4,NNRBG-17-0227-1_S8,0,0.014
CTZ,random,RF,onehot,4,NNRBG-17-0242-1_S11,0,0.18556818181818183
CTZ,random,RF,onehot,4,NNRBG-17-0243-1_S12,0,0.094
CTZ,random,RF,onehot,4,NNRBG-17-0308-1_S20,0,0.014
CTZ,random,RF,onehot,4,RBB-18-0892-1_S80_2,1,1.0
CTZ,random,RF,onehot,4,RBB-18-1309-1_S42,1,0.862
CTZ,random,RF,onehot,4,RBB-18-1488-1_S46,1,0.0
CTZ,random,RF,onehot,4,RBBK18-0189-1_S24_L001,0,0.328
CTZ,random,RF,onehot,4,RBF-17-0194-1_S140,0,0.184
CTZ,random,RF,onehot,4,RBF-17-0340-1_S81,1,0.286
CTZ,random,RF,onehot,4,RBF-17-0523-1_S30,0,0.0
CTZ,random,RF,onehot,4,RBF-17-0532-1_S80,0,0.036
CTZ,random,RF,onehot,4,RBF-17-0532-2_S31,0,0.034
CTZ,random,RF,onehot,4,RBF-17-0538-1_S82,0,0.204
CTZ,random,RF,onehot,4,RBF-17-0635-1_S98,0,0.358
CTZ,random,RF,onehot,4,RBF-17-0653-1_S101,0,0.026
CTZ,random,RF,onehot,4,RBF-17-186-1_S69,1,0.91560993826435
CTZ,random,RF,onehot,4,RBF-17-277-1_S73,1,0.15
CTZ,random,RF,onehot,4,RBF-18-0035-1_S6,0,0.484
CTZ,random,RF,onehot,4,RBF-18-0086-1_S22,0,0.024
CTZ,random,RF,onehot,4,RBF-18-0121-1_S28,0,0.076
CTZ,random,RF,onehot,4,RBF-18-0127-1_S32,0,0.22
CTZ,random,RF,onehot,4,RBF-18-0139-1_S35,0,0.374
CTZ,random,RF,onehot,4,RBF-18-0160-1_S37,0,0.552
CTZ,random,RF,onehot,4,RBF-18-0173-1_S27,0,0.09145454545454546
CTZ,random,RF,onehot,4,RBF-18-0184-1_S30,0,0.852
CTZ,random,RF,onehot,4,RBF-18-0201-1_S49,0,0.116
CTZ,random,RF,onehot,4,RBF-18-0217-1_S54,0,0.106
CTZ,random,RF,onehot,4,RBF-18-0251-1_S55,0,0.914
CTZ,random,RF,onehot,4,RBF-18-0259-1_S33,0,0.004
CTZ,random,RF,onehot,4,RBF-18-0277-1_S61,0,0.7322433644786585
CTZ,random,RF,onehot,4,RBF-18-0321-1_S69,0,0.254
CTZ,random,RF,onehot,4,RBF-18-0333-1_S70,0,0.14
CTZ,random,RF,onehot,4,RBF-18-0405-1_S81_2,1,0.998
CTZ,random,RF,onehot,4,RBF-18-0585-1_S48,1,0.9216666666666667
CTZ,random,RF,onehot,4,RBG-17-0383-1_S44,0,0.4897142857142857
CTZ,random,RF,onehot,4,RBG-18-0012-1_S3,0,0.37
CTZ,random,RF,onehot,4,RBG-18-0054-1_S42,0,0.066
CTZ,random,RF,onehot,4,RBG-18-0076-1_S10,0,0.22
CTZ,random,RF,onehot,4,RBG-18-0221-1_S47,0,0.232
CTZ,random,RF,onehot,4,RBG-18-0265-1_S49,0,0.724
CTZ,random,RF,onehot,4,RBG-18-0367-1_S57,0,0.128
CTZ,random,RF,onehot,4,RBG-18-0410-1_S12,1,0.7874666666666665
CTZ,random,RF,onehot,4,RBK-17-0601-1_S25,1,0.91560993826435
CTZ,random,RF,onehot,4,RBK-17-0612-1_S27,1,0.9188116698660816
CTZ,random,RF,onehot,4,RBK-17-0655-5_S182,1,0.9265517382943853
CTZ,random,RF,onehot,4,RBK-18-0077-1_S212,1,0.9188116698660816
CTZ,random,RF,onehot,4,RBK-18-0080-1_S205,0,0.05
CTZ,random,RF,onehot,4,RBK-18-0414-1_S59,0,0.446
CTZ,random,RF,onehot,4,RBKk-18-0108-1_S201,1,0.9868333333333333
CTZ,random,RF,onehot,4,RBL-17-0107-1_S150,0,0.348
CTZ,random,RF,onehot,4,RBL-17-0133-1_S159,0,0.19
CTZ,random,RF,onehot,4,RBL-17-0165-1_S167,0,0.256
CTZ,random,RF,onehot,4,RBL-17-0217-1_S176,0,0.29
CTZ,random,RF,onehot,4,RBL-17-0261-1_S100,0,0.332
CTZ,random,RF,onehot,4,RBL-17-0263-1_S102,0,0.06
CTZ,random,RF,onehot,4,RBL-17-0305-1_S49,1,0.922
CTZ,random,RF,onehot,4,RBL-17-0332-1_S118,0,0.338
CTZ,random,RF,onehot,4,RBL-17-0342-1_S103,0,0.44
CTZ,random,RF,onehot,4,RBL-17-0359-1_S66,1,0.8658181818181818
CTZ,random,RF,onehot,4,RBL-17-0360-1_S108,0,0.356
CTZ,random,RF,onehot,4,RBL-17-0366-1_S113,0,0.772
CTZ,random,RF,onehot,4,RBL-17-0383-1_S119,0,0.14
CTZ,random,RF,onehot,4,RBL-18-0055-1_S170,0,0.276
CTZ,random,RF,onehot,4,RBL-18-0076-1_S47,1,0.8172342330871745
CTZ,random,RF,onehot,4,RBL-18-0242-1_S51,0,0.164
CTZ,random,RF,onehot,4,RBL-18-0467-1_S228_2,1,0.652
CTZ,random,RF,onehot,4,RBT-16-0024-1_S10,1,0.906
CTZ,random,RF,onehot,4,RBT-17-0008-1_S18,0,0.122
CTZ,random,RF,onehot,4,RBT-17-0033-1_S12,1,0.184
CTZ,random,RF,onehot,4,RBT-17-0090-1_S32,0,0.0
CTZ,random,RF,onehot,4,RBT-17-0097-1_S34,1,0.864
CTZ,random,RF,onehot,4,RBT-17-0109-1_S40,0,0.056
CTZ,random,RF,onehot,4,RBT-17-0118-1_S45,0,0.134
CTZ,random,RF,onehot,4,RBT-17-0173-1_S63,0,0.102
CTZ,random,RF,onehot,4,RBT-17-0178-1_S66,0,0.012
CTZ,random,RF,onehot,4,RBT-17-0188-1_S68,1,0.444
CTZ,random,RF,onehot,4,RBT-17-0194-1_S30,0,0.106
CTZ,random,RF,onehot,4,RBT-17-0270-1_S65,0,0.03
CTZ,random,RF,onehot,4,RBT-17-0287-1_S10,0,0.4
CTZ,random,RF,onehot,4,RBT-17-0295-1_S15,0,0.14
CTZ,random,RF,onehot,4,RBT-17-0328-1_S16,1,0.984
CTZ,random,RF,onehot,4,RBT-17-0337-1_S19,0,0.002
CTZ,random,RF,onehot,4,RBT-18-0004-1_S51,1,0.596
CTZ,random,RF,onehot,4,RBT-18-0045-1_S70,0,0.396
CTZ,random,RF,onehot,4,RBT-18-0101-1_S22,0,0.874
CTZ,random,RF,onehot,4,RBT-18-0127-1_S51,0,0.0
CTZ,random,RF,onehot,4,RBT-18-0129-1_S52,0,0.516
CTZ,random,RF,onehot,4,RBT-18-0164-1_S34,0,0.686
CTZ,random,RF,onehot,4,RBT-18-0185-1_S39,0,0.026
CTZ,random,RF,onehot,4,RBT-18-0230-1_S45,0,0.03
CTZ,random,RF,onehot,4,RBT-18-0232-1_S47,0,0.378
CTZ,random,RF,onehot,4,RBT-18-0275-1_S63,0,0.002
CTZ,random,RF,onehot,4,RBT-18-0317-1_S27,0,0.102
CTZ,random,RF,onehot,4,RBT-18-0324-1_S57,1,1.0
CTZ,random,RF,onehot,4,RBT-18-0337-1_S46,0,0.8822818052862174
CTZ,random,RF,onehot,4,RBT-18-0340-1_S36,0,0.0
CTZ,random,RF,onehot,4,RBT-18-0364-1_S29,0,0.756
CTZ,random,RF,onehot,4,RBT-18-0365-1_S30,0,0.216
CTZ,random,RF,onehot,4,RBT-18-0385-1_S34,0,0.002
CTZ,random,RF,onehot,4,RBT-18-0391-1_S35,1,0.9862822736087443
CTZ,random,RF,onehot,4,RBT-18-0401-1_S43,0,0.8004291486291485
CTZ,random,RF,onehot,4,ResetH134_S8_L001,1,0.324
CTZ,random,RF,onehot,4,ResetH44_S3_L001,0,0.254
CTZ,random,RF,onehot,4,ResetH49b_S6_L001,0,0.23775
CTZ,random,RF,onehot,4,ResetH63_S7_L001,1,0.91560993826435
CTZ,random,RF,onehot,4,ResetH68_S1_L001,0,0.002
CTZ,random,RF,onehot,4,ResetH92_S4_L001,1,0.148
CTZ,random,RF,onehot,4,ResetV210_S4_L001,1,0.952
CTZ,random,RF,onehot,4,Survcare0111_S29,1,0.204
CTZ,random,RF,onehot,4,Survcare0114_S37,1,0.038
CTZ,random,RF,onehot,4,Survcare125_S25,1,0.982
CTZ,random,RF,onehot,4,Survcare230_S17_L001,1,0.808
CTZ,random,RF,onehot,4,Survcare262_S23_L001,1,0.288
CTZ,random,RF,onehot,4,Survcare265_S20,1,0.2339903096903097
CTZ,random,RF,onehot,4,Survcare278_S62,1,0.566
CTZ,random,RF,onehot,4,Survcare321_S18,1,0.99
CTZ,random,RF,onehot,4,Survcare341_S25,1,0.54
CTZ,random,RF,onehot,4,Survcare350_S44,1,0.268
CTZ,random,RF,onehot,4,V123_S1_L001,0,0.266
CTZ,random,RF,onehot,4,V173_S6_L001,0,0.122
CTZ,random,RF,onehot,4,V182_S6_L001,1,0.286
CTZ,random,RF,onehot,4,V205_S3_L001,0,0.372
CTZ,random,RF,onehot,4,V215_S2_L001,0,0.408
CTZ,random,RF,onehot,4,V232_S3_L001,0,0.038
CTZ,random,RF,onehot,4,V279_S8_L001,1,0.722
CTZ,random,RF,onehot,4,V295_S7_L001,0,0.9333055555555556
CTZ,random,RF,onehot,4,V40_S2_L001,1,0.346
CTZ,random,RF,onehot,4,V9_S1_L001,1,0.344
CTZ,random,RF,onehot,4,W2RBF-17-133-1_S28,1,0.5
CTZ,random,RF,onehot,4,W2RBL-16-018-1_S15,1,0.8293333333333334
CTZ,random,RF,onehot,4,wdh-RBB-17-170-1_S16,1,0.9733531749296456
CTZ,random,RF,onehot,4,wdh-Survcare119_S44,1,0.33
CTZ,random,RF,onehot,4,wdhRBF-17-0564-1_S230,0,0.986
CTZ,random,RF,onehot,4,wdhRBF-18-0048-1_S12_L001,0,0.4
CTZ,random,RF,onehot,4,wdhRBF-18-0049-1_S13_L001,0,0.336
CTZ,random,RF,onehot,4,WDHRBG-16-049-1_S87,0,0.556
CTZ,random,RF,onehot,4,WDHRBG-16-062-1_S49,0,0.0
CTZ,random,RF,onehot,4,WDHRBG-17-005-2_S61,0,0.012
CTZ,random,RF,onehot,4,WDHRBG-17-008-1_S83,0,0.478
CTZ,random,RF,onehot,4,WDHRBG-17-121-1_S46,0,0.062
CTZ,random,RF,onehot,4,wRBF-17-0146-1_S35,1,0.9793531749296456
CTZ,random,RF,onehot,4,wRBG-16-024-1_S152,0,0.298
CTZ,random,RF,onehot,4,wRBG-17-021-1_S166,0,0.006
CTZ,random,RF,onehot,4,wRBG-17-028-1_S100,0,0.012
CTZ,random,RF,onehot,4,wRBG-17-047-1_S153,0,0.01
CTZ,random,RF,onehot,4,wRBG-17-073-1_S118,0,0.002
CTZ,random,RF,onehot,4,wRBG-17-082-1_S106,0,0.13
CTZ,random,RF,onehot,4,wwRBF-17-148-1_S27,0,0.094
CTZ,random,RF,onehot,4,wwRBF-17-251-1_S33,1,0.994
CTZ,random,RF,onehot,4,wwRBK-17-0148-2_S38,1,0.9126377160421278
