antibiotic,split,model,encoding,fold,isolate,y_true,prob
GEN,lineage,LR,label,0,H116_S8_L001,1,4.728845648394042e-10
GEN,lineage,LR,label,0,H122_S4_L001,1,0.05582307651638985
GEN,lineage,LR,label,0,H141_S6_L001,0,1.5642646683175498e-12
GEN,lineage,LR,label,0,H162_S4_L001,1,0.9880433082580566
GEN,lineage,LR,label,0,H28_S10_L001,0,2.56006479036619e-12
GEN,lineage,LR,label,0,NNRBG-17-0196-1_S3,0,3.1745886985845573e-07
GEN,lineage,LR,label,0,NNRBG-17-0199-1_S5,0,3.61156594408385e-07
GEN,lineage,LR,label,0,NNRBG-17-0205-1_S7,0,3.1220444007828974e-09
GEN,lineage,LR,label,0,NNRBG-17-0319-1_S24,0,2.7979922379017808e-05
GEN,lineage,LR,label,0,NNRBG-17-0328-1_S25,0,3.024593934242148e-05
GEN,lineage,LR,label,0,NNRBG-17-0329-1_S26,0,8.890449680620804e-05
GEN,lineage,LR,label,0,NNRBG-17-0399-1_S40,0,0.03517831861972809
GEN,lineage,LR,label,0,NNSurvcare045_S41,0,0.9999324083328247
GEN,lineage,LR,label,0,RBB-18-0490-1_S20_L001,0,0.040380291640758514
GEN,lineage,LR,label,0,RBB-18-0765-1_S191,0,0.5166953206062317
GEN,lineage,LR,label,0,RBB-18-1488-1_S46,0,1.795257230696734e-05
GEN,lineage,LR,label,0,RBB-18-1502-1_S47,1,0.9997294545173645
GEN,lineage,LR,label,0,RBF-10-0240-1_S12_L001,1,3.544520268405904e-06
GEN,lineage,LR,label,0,RBF-16-0064-1_S136,0,1.6060058669609134e-06
GEN,lineage,LR,label,0,RBF-17-0164-1_S137,0,5.939511549257759e-09
GEN,lineage,LR,label,0,RBF-17-0173-1_S138,0,0.0018097026040777564
GEN,lineage,LR,label,0,RBF-17-0194-1_S140,0,1.260884619114222e-05
GEN,lineage,LR,label,0,RBF-17-0509-1_S74,0,0.0004210662154946476
GEN,lineage,LR,label,0,RBF-17-0538-1_S82,0,0.006834180559962988
GEN,lineage,LR,label,0,RBF-17-0550-1_S84,0,0.9770156145095825
GEN,lineage,LR,label,0,RBF-17-0589-1_S92,0,3.393172320897975e-08
GEN,lineage,LR,label,0,RBF-17-0602-1_S93,0,1.6725838491993272e-08
GEN,lineage,LR,label,0,RBF-17-0635-1_S98,1,3.249598989896185e-07
GEN,lineage,LR,label,0,RBF-17-0647-1_S99,0,6.816170525780763e-07
GEN,lineage,LR,label,0,RBF-17-0651-1_S62,0,4.10522407037206e-05
GEN,lineage,LR,label,0,RBF-18-0066-1_S15,0,4.426197255935627e-12
GEN,lineage,LR,label,0,RBF-18-0085-1_S21,0,3.183860098943114e-05
GEN,lineage,LR,label,0,RBF-18-0086-1_S22,0,7.05249112797901e-05
GEN,lineage,LR,label,0,RBF-18-0127-1_S32,0,0.00020433306053746492
GEN,lineage,LR,label,0,RBF-18-0160-1_S37,0,0.9977478384971619
GEN,lineage,LR,label,0,RBF-18-0184-1_S30,0,0.9698070287704468
GEN,lineage,LR,label,0,RBF-18-0214-1_S51,0,1.0704601663746871e-05
GEN,lineage,LR,label,0,RBF-18-0217-1_S54,0,1.2737818577690518e-09
GEN,lineage,LR,label,0,RBF-18-0405-1_S81_2,0,4.600706751331507e-13
GEN,lineage,LR,label,0,RBG-18-0012-1_S3,1,0.01068446971476078
GEN,lineage,LR,label,0,RBG-18-0017-1_S5,0,8.314920705743134e-06
GEN,lineage,LR,label,0,RBG-18-0025-1_S9_L001,0,2.216745315308799e-06
GEN,lineage,LR,label,0,RBG-18-0029-1_S40,0,1.630256321050183e-07
GEN,lineage,LR,label,0,RBG-18-0055-1_S43,0,9.007913501484638e-14
GEN,lineage,LR,label,0,RBG-18-0185-1_S40,0,8.239613089244813e-05
GEN,lineage,LR,label,0,RBG-18-0191-1_S11_L001,0,9.874020179267973e-08
GEN,lineage,LR,label,0,RBG-18-0221-1_S47,1,1.0302677599938193e-09
GEN,lineage,LR,label,0,RBG-18-0256-1_S8_L001,0,1.584621323047486e-09
GEN,lineage,LR,label,0,RBG-18-0265-1_S49,0,3.977233120622259e-08
GEN,lineage,LR,label,0,RBG-18-0301-1_S53,0,1.318404156336328e-05
GEN,lineage,LR,label,0,RBG-18-0383-1_S37,1,1.5213000997826853e-11
GEN,lineage,LR,label,0,RBG-18-0394-1_S23_L001,0,3.2032864965003682e-06
GEN,lineage,LR,label,0,RBK-16-007-1_S13,0,0.00045660222531296313
GEN,lineage,LR,label,0,RBK-18-0019-1_S195,0,9.75775492406683e-06
GEN,lineage,LR,label,0,RBK-18-0037-1_S199,0,3.414152099055767e-13
GEN,lineage,LR,label,0,RBK-18-0038-1_S200,0,0.006388968322426081
GEN,lineage,LR,label,0,RBk-18-0216-1_S231_2,0,2.0436841907667258e-07
GEN,lineage,LR,label,0,RBK-18-0250-1_S235_2,0,4.1438221742851056e-09
GEN,lineage,LR,label,0,RBK-18-0414-1_S59,0,0.05809128284454346
GEN,lineage,LR,label,0,RBL-17-0090-1_S145,0,9.044123672197202e-09
GEN,lineage,LR,label,0,RBL-17-0104-1_S149,0,0.06927700340747833
GEN,lineage,LR,label,0,RBL-17-0117-1_S155,0,6.568101980519714e-06
GEN,lineage,LR,label,0,RBL-17-0129-1_S158,0,1.173693942035925e-08
GEN,lineage,LR,label,0,RBL-17-0133-1_S159,0,1.7507165466668084e-05
GEN,lineage,LR,label,0,RBL-17-0135-1_S160,0,8.778180199442431e-05
GEN,lineage,LR,label,0,RBL-17-0138-1_S162,0,1.3632542561481387e-07
GEN,lineage,LR,label,0,RBL-17-0197-1_S173,0,5.169820269657066e-06
GEN,lineage,LR,label,0,RBL-17-0235-1_S92,0,0.0006195150199346244
GEN,lineage,LR,label,0,RBL-17-0267-1_S104,0,0.009375962428748608
GEN,lineage,LR,label,0,RBL-17-0300-1_S112,0,1.1015997188223992e-05
GEN,lineage,LR,label,0,RBL-17-0366-1_S113,1,0.007599986623972654
GEN,lineage,LR,label,0,RBL-17-0393-1_S123,0,1.1642596291494556e-05
GEN,lineage,LR,label,0,RBL-17-0409-1_S127,0,0.008189931511878967
GEN,lineage,LR,label,0,RBL-17-0411-1_S128,0,0.0938524380326271
GEN,lineage,LR,label,0,RBL-17-0428-1_S70,0,2.4241419982473644e-10
GEN,lineage,LR,label,0,RBL-17-0429-1_S130,0,5.969725407339865e-07
GEN,lineage,LR,label,0,RBL-18-0010-1_S159,0,3.7208873759908556e-09
GEN,lineage,LR,label,0,RBL-18-0019-1_S41,0,3.536611927756894e-07
GEN,lineage,LR,label,0,RBL-18-0032-1_S167,0,0.8369368314743042
GEN,lineage,LR,label,0,RBL-18-0055-1_S170,0,0.2555863857269287
GEN,lineage,LR,label,0,RBT-17-0011-1_S19,0,0.0006683334358967841
GEN,lineage,LR,label,0,RBT-17-0024-1_S23,0,6.863618295938068e-07
GEN,lineage,LR,label,0,RBT-17-0033-1_S12,1,0.034998733550310135
GEN,lineage,LR,label,0,RBT-17-0082-1_S30,0,3.501894752844237e-05
GEN,lineage,LR,label,0,RBT-17-0090-1_S32,0,1.5682232401559304e-08
GEN,lineage,LR,label,0,RBT-17-0097-1_S34,1,0.022383376955986023
GEN,lineage,LR,label,0,RBT-17-0100-1_S36,0,0.00015524757327511907
GEN,lineage,LR,label,0,RBT-17-0109-1_S40,0,3.112289050477557e-05
GEN,lineage,LR,label,0,RBT-17-0142-1_S53,0,2.2218873709789477e-05
GEN,lineage,LR,label,0,RBT-17-0150-1_S54,0,3.2195617677643895e-05
GEN,lineage,LR,label,0,RBT-17-0156-1_S56,0,0.015117594972252846
GEN,lineage,LR,label,0,RBT-17-0183-1_S67,0,5.940111957869476e-09
GEN,lineage,LR,label,0,RBT-17-0228-1_S10,0,0.000749745056964457
GEN,lineage,LR,label,0,RBT-17-0243-1_S11,0,0.00010687604662962258
GEN,lineage,LR,label,0,RBT-17-0337-1_S19,0,1.1641964192676824e-05
GEN,lineage,LR,label,0,RBT-18-0030-1_S69,0,1.475224735258962e-06
GEN,lineage,LR,label,0,RBT-18-0057-1_S38,1,1.3719436827916431e-12
GEN,lineage,LR,label,0,RBT-18-0066-1_S40,0,0.00015109263767953962
GEN,lineage,LR,label,0,RBT-18-0091-1_S42,0,0.00714216660708189
GEN,lineage,LR,label,0,RBT-18-0101-1_S22,0,4.159253219615522e-10
GEN,lineage,LR,label,0,RBT-18-0113-1_S44,0,2.292304634465836e-05
GEN,lineage,LR,label,0,RBT-18-0134-1_S29,0,0.00022284172882791609
GEN,lineage,LR,label,0,RBT-18-0164-1_S34,0,0.0023919721134006977
GEN,lineage,LR,label,0,RBT-18-0184-1_S38,1,0.0001994824706343934
GEN,lineage,LR,label,0,RBT-18-0230-1_S45,0,0.00018708805146161467
GEN,lineage,LR,label,0,RBT-18-0236-1_S48,1,9.832473733695224e-05
GEN,lineage,LR,label,0,RBT-18-0252-1_S53,0,0.001599051640368998
GEN,lineage,LR,label,0,RBT-18-0303-1_S20,1,0.7499022483825684
GEN,lineage,LR,label,0,RBT-18-0317-1_S27,0,1.2157170203863643e-05
GEN,lineage,LR,label,0,RBT-18-0360-1_S39,1,0.9077328443527222
GEN,lineage,LR,label,0,ResetH10_S1_L001,1,2.4623787453492696e-07
GEN,lineage,LR,label,0,ResetH16_S2_L001,0,0.9999938011169434
GEN,lineage,LR,label,0,ResetH24a_S3_2_L001,1,6.247796502378833e-09
GEN,lineage,LR,label,0,ResetH68_S1_L001,0,3.07704322040081e-05
GEN,lineage,LR,label,0,ResetH89_S3_L001,0,3.414761182152226e-11
GEN,lineage,LR,label,0,ResetH98_S4_L001,0,9.060285810846835e-05
GEN,lineage,LR,label,0,ResetH99_S5_L001,0,1.6535823306185193e-06
GEN,lineage,LR,label,0,ResetV63_S5_L001,0,1.842278228841171e-13
GEN,lineage,LR,label,0,ResetV70_S6_L001,1,6.030789474580078e-13
GEN,lineage,LR,label,0,Survcare0111_S29,0,1.8826081316092314e-07
GEN,lineage,LR,label,0,Survcare130_S2,0,1.3858687452739105e-05
GEN,lineage,LR,label,0,Survcare230_S17_L001,1,1.214833389440173e-07
GEN,lineage,LR,label,0,Survcare234_S3_L001,0,0.17187215387821198
GEN,lineage,LR,label,0,Survcare317_S5_L001,0,2.2408772565540858e-05
GEN,lineage,LR,label,0,Survcare337_S12,0,1.6516501091246027e-06
GEN,lineage,LR,label,0,V168_S9_L001,1,0.9999992847442627
GEN,lineage,LR,label,0,V173_S6_L001,1,1.4365147526368416e-13
GEN,lineage,LR,label,0,V228_S8_L001,1,0.996972918510437
GEN,lineage,LR,label,0,V229_S10_L001,1,0.9960313439369202
GEN,lineage,LR,label,0,V41_S2_L001,1,0.9965410828590393
GEN,lineage,LR,label,0,V64_S3_L001,0,2.044085531060732e-15
GEN,lineage,LR,label,0,V80_S7_L001,0,0.3007703721523285
GEN,lineage,LR,label,0,V98_S3_L001,1,1.6669682301184707e-09
GEN,lineage,LR,label,0,W2RBF-17-090-1_S26,0,2.0532784361648737e-09
GEN,lineage,LR,label,0,W2RBF-17-133-1_S28,0,0.9999271631240845
GEN,lineage,LR,label,0,wdh-Survcare119_S44,0,2.3900136511656456e-05
GEN,lineage,LR,label,0,wdhRBF-17-0558-1_S121,0,3.736978760571219e-05
GEN,lineage,LR,label,0,wdhRBF-18-0057_S14_L001,0,0.0008329778793267906
GEN,lineage,LR,label,0,wdhRBF-18-0059-1_S15_L001,0,0.03568586707115173
GEN,lineage,LR,label,0,wdhRBF-18-0081-1_S18_L001,0,0.00023964938009157777
GEN,lineage,LR,label,0,WDHRBG-17-001-1_S82,0,0.00027753651374951005
GEN,lineage,LR,label,0,wNRZ-33910_S81,1,0.3493843674659729
GEN,lineage,LR,label,0,wRBG-16-026-1_S163,0,4.713596126748598e-07
GEN,lineage,LR,label,0,wRBG-16-032-1_S142,0,1.5177950444922317e-05
GEN,lineage,LR,label,0,wRBG-17-021-1_S166,0,9.505203342996538e-05
GEN,lineage,LR,label,0,wRBG-17-022-1_S43,0,1.0
GEN,lineage,LR,label,0,wRBG-17-025-1_S133,0,8.925188922148664e-06
GEN,lineage,LR,label,0,wRBG-17-058-1_S130,0,5.242672784788738e-08
GEN,lineage,LR,label,0,wRBG-17-072-1_S129,0,3.388839076023942e-08
GEN,lineage,LR,label,0,wRBG-17-081-1_S117,0,0.0001053722808137536
GEN,lineage,LR,label,0,wRBG-17-100-1_S104,0,0.9811322093009949
GEN,lineage,LR,label,0,wRBG-17-102-1_S169,0,0.8078381419181824
GEN,lineage,LR,label,0,WWSurvcare043_S43,0,0.9990513920783997
GEN,lineage,LR,label,1,H100_S2_L001,0,9.021756119942381e-10
GEN,lineage,LR,label,1,H113_S6_L001,0,1.013283679185406e-09
GEN,lineage,LR,label,1,H136_S7_L001,0,3.6561636079568416e-05
GEN,lineage,LR,label,1,H153_S1_L001,1,1.91998381637859e-08
GEN,lineage,LR,label,1,H154_S2_L001,1,2.758351342890819e-07
GEN,lineage,LR,label,1,H160_S3_L001,1,1.511881109195201e-08
GEN,lineage,LR,label,1,H164_S3_L001,1,2.6546690179429788e-08
GEN,lineage,LR,label,1,H176_S5_L001,0,1.3072998399366043e-06
GEN,lineage,LR,label,1,NNRBG-17-0294-1_S18,0,0.9583500027656555
GEN,lineage,LR,label,1,NNRBG-17-0308-1_S20,0,4.8054225771920756e-05
GEN,lineage,LR,label,1,NNRBG-17-0316-1_S23,0,2.8233841519639723e-17
GEN,lineage,LR,label,1,NNRBG-17-0382-1_S38,0,3.8293347159878977e-08
GEN,lineage,LR,label,1,RBB-18-0129-1_S179,0,8.775220550205631e-08
GEN,lineage,LR,label,1,RBB-18-0519-1_S184,0,0.9592462182044983
GEN,lineage,LR,label,1,RBB-18-0772-1_S192,0,0.7648072838783264
GEN,lineage,LR,label,1,RBB-18-0826-1_S193,0,0.0005425814888440073
GEN,lineage,LR,label,1,RBB-18-1086-1_S189_2,0,0.021152351051568985
GEN,lineage,LR,label,1,RBB-18-1312-1_S43,0,3.4359021583441063e-07
GEN,lineage,LR,label,1,RBF-17-0508-1_S73,0,9.294044866692275e-05
GEN,lineage,LR,label,1,RBF-17-0520-2_S55,1,9.649563093017122e-11
GEN,lineage,LR,label,1,RBF-17-0540-1_S83,0,3.279330087480048e-07
GEN,lineage,LR,label,1,RBF-17-0653-1_S101,0,4.688069566327613e-06
GEN,lineage,LR,label,1,RBF-17-277-1_S73,0,7.965198596179834e-13
GEN,lineage,LR,label,1,RBF-18-0036-1_S7,0,2.7709838867906456e-09
GEN,lineage,LR,label,1,RBF-18-0055-1_S11,0,0.9022394418716431
GEN,lineage,LR,label,1,RBF-18-0087-1_S23,0,0.9999998807907104
GEN,lineage,LR,label,1,RBF-18-0121-1_S28,1,1.84865609753615e-06
GEN,lineage,LR,label,1,RBF-18-0126-1_S31,0,1.8047774574370123e-05
GEN,lineage,LR,label,1,RBF-18-0151-1_S83,0,0.781609296798706
GEN,lineage,LR,label,1,RBF-18-0172-1_S40,1,0.0008285053772851825
GEN,lineage,LR,label,1,RBF-18-0251-1_S55,0,0.010408795438706875
GEN,lineage,LR,label,1,RBF-18-0310-1_S36,0,0.9999957084655762
GEN,lineage,LR,label,1,RBF-18-0333-1_S70,0,4.503252881704611e-09
GEN,lineage,LR,label,1,RBF-18-0338-1_S72,0,1.8761394926514185e-07
GEN,lineage,LR,label,1,RBF-18-0664-1_S190,0,3.038314844161505e-08
GEN,lineage,LR,label,1,RBG-17-013-1_S16,1,0.0004210072220303118
GEN,lineage,LR,label,1,RBG-17-0269-1_S41,0,0.8838263750076294
GEN,lineage,LR,label,1,RBG-17-0284-1_S59,0,3.878089955833275e-07
GEN,lineage,LR,label,1,RBG-18-0023-1_S2,1,0.8328686356544495
GEN,lineage,LR,label,1,RBG-18-0041-1_S6,0,6.05056699187756e-11
GEN,lineage,LR,label,1,RBG-18-0054-1_S42,0,7.677732764412935e-19
GEN,lineage,LR,label,1,RBG-18-0071-1_S44,0,4.296341407639126e-11
GEN,lineage,LR,label,1,RBG-18-0076-1_S10,0,0.004319122992455959
GEN,lineage,LR,label,1,RBG-18-0113-1_S13_L001,0,1.003283345291095e-09
GEN,lineage,LR,label,1,RBG-18-0193-1_S8,0,3.2702171794628775e-15
GEN,lineage,LR,label,1,RBG-18-0202-1_S13_L001,0,0.0012881627772003412
GEN,lineage,LR,label,1,RBG-18-0206-2_S46,0,0.9822679758071899
GEN,lineage,LR,label,1,RBG-18-0209-2_S46,0,8.965102438196482e-09
GEN,lineage,LR,label,1,RBG-18-0211-1_S35,0,0.3840441405773163
GEN,lineage,LR,label,1,RBG-18-0347-1_S22_L001,0,0.0048173111863434315
GEN,lineage,LR,label,1,RBG-18-0358-1_S39,0,4.019675217681318e-11
GEN,lineage,LR,label,1,RBG-18-0367-1_S57,0,2.2000580339725379e-13
GEN,lineage,LR,label,1,RBG-18-0402-1_S50,0,0.00310993823222816
GEN,lineage,LR,label,1,RBK-16-073-1_S14,0,0.00013426053919829428
GEN,lineage,LR,label,1,RBK-16-079-1_S15,1,0.0002620148879941553
GEN,lineage,LR,label,1,RBK-17-0595-1_S187,0,0.016171054914593697
GEN,lineage,LR,label,1,RBK-18-0020-1_S19,0,1.548242610505124e-11
GEN,lineage,LR,label,1,RBK-18-0644-1_S180,0,1.4153792027293832e-10
GEN,lineage,LR,label,1,RBL-17-0076-1_S32,0,1.5875935982512246e-11
GEN,lineage,LR,label,1,RBL-17-0095-1_S147,0,2.0241228412487544e-05
GEN,lineage,LR,label,1,RBL-17-0144-1_S163,0,3.795425616587994e-13
GEN,lineage,LR,label,1,RBL-17-0232-1_S91,0,0.41832417249679565
GEN,lineage,LR,label,1,RBL-17-0246-1_S94,1,6.193811956378692e-12
GEN,lineage,LR,label,1,RBL-17-0263-1_S102,0,0.9393848180770874
GEN,lineage,LR,label,1,RBL-17-0283-1_S27,0,5.340610368875787e-05
GEN,lineage,LR,label,1,RBL-17-0328-1_S117,0,1.2697048273890843e-12
GEN,lineage,LR,label,1,RBL-17-0349-1_S105,0,0.9999998807907104
GEN,lineage,LR,label,1,RBL-17-0365-1_S112,0,4.746409168476795e-11
GEN,lineage,LR,label,1,RBL-17-0374-1_S116,0,1.0987144378304947e-05
GEN,lineage,LR,label,1,RBL-17-0383-1_S119,0,0.5309520959854126
GEN,lineage,LR,label,1,RBL-17-0397-1_S125,0,0.015517715364694595
GEN,lineage,LR,label,1,RBT-16-0045-1_S58,0,0.983534038066864
GEN,lineage,LR,label,1,RBT-17-0008-1_S18,0,0.05724802985787392
GEN,lineage,LR,label,1,RBT-17-0079-1_S29,0,2.46827767114155e-07
GEN,lineage,LR,label,1,RBT-17-0084-1_S31,0,0.00023324457288254052
GEN,lineage,LR,label,1,RBT-17-0112-1_S41,0,0.00023061245155986398
GEN,lineage,LR,label,1,RBT-17-0113-1_S42,0,0.9990021586418152
GEN,lineage,LR,label,1,RBT-17-0130-1_S27,0,0.0011880017118528485
GEN,lineage,LR,label,1,RBT-17-0163-1_S59,0,3.781500709010288e-06
GEN,lineage,LR,label,1,RBT-17-0167-1_S27,0,2.6540951125753054e-07
GEN,lineage,LR,label,1,RBT-17-0173-1_S63,0,8.545087553102348e-07
GEN,lineage,LR,label,1,RBT-17-0177-1_S65,0,1.1263797894400795e-08
GEN,lineage,LR,label,1,RBT-17-0177-2_S7,0,3.2039182418230894e-09
GEN,lineage,LR,label,1,RBT-17-0217-1_S7,1,0.9999431371688843
GEN,lineage,LR,label,1,RBT-17-0225-1_S9,0,1.2676606274908409e-05
GEN,lineage,LR,label,1,RBT-17-0279-1_S12,0,2.2805923699097384e-17
GEN,lineage,LR,label,1,RBT-17-0287-1_S10,0,4.804143372894032e-06
GEN,lineage,LR,label,1,RBT-18-0045-1_S70,0,1.2230508161792386e-07
GEN,lineage,LR,label,1,RBT-18-0050-1_S34,0,3.6850418837275356e-05
GEN,lineage,LR,label,1,RBT-18-0052-1_S35,0,3.4101089113391936e-05
GEN,lineage,LR,label,1,RBT-18-0064-1_S15,0,5.065707922580209e-11
GEN,lineage,LR,label,1,RBT-18-0080-1_S49,1,0.9595760703086853
GEN,lineage,LR,label,1,RBT-18-0100-1_S21,0,1.0955858442684985e-06
GEN,lineage,LR,label,1,RBT-18-0103-1_S24,0,0.0013232373166829348
GEN,lineage,LR,label,1,RBT-18-0115-1_S45,0,2.2802236344432458e-05
GEN,lineage,LR,label,1,RBT-18-0120-1_S48,0,5.38432414032286e-06
GEN,lineage,LR,label,1,RBT-18-0127-1_S51,0,0.00010334948456147686
GEN,lineage,LR,label,1,RBT-18-0129-1_S52,0,0.0002623888722155243
GEN,lineage,LR,label,1,RBT-18-0181-1_S61,0,0.6253873109817505
GEN,lineage,LR,label,1,RBT-18-0197-1_S40,0,4.094416472533169e-11
GEN,lineage,LR,label,1,RBT-18-0224-1_S43,0,0.007971495389938354
GEN,lineage,LR,label,1,RBT-18-0231-1_S14,0,2.0189826045555525e-17
GEN,lineage,LR,label,1,RBT-18-0241-1_S50,0,4.347520121683601e-09
GEN,lineage,LR,label,1,RBT-18-0246-1_S52,0,1.7035461041814415e-06
GEN,lineage,LR,label,1,RBT-18-0269-1_S61,0,2.1477433165273396e-07
GEN,lineage,LR,label,1,RBT-18-0271-1_S62,0,0.0003688297001644969
GEN,lineage,LR,label,1,RBT-18-0293-1_S71,0,1.1206483577552717e-05
GEN,lineage,LR,label,1,RBT-18-0339-1_S47,0,1.4707043360928651e-09
GEN,lineage,LR,label,1,RBT-18-0341-1_S24,0,5.923884160985438e-10
GEN,lineage,LR,label,1,RBT-18-0361-1_S38,0,0.0055593885481357574
GEN,lineage,LR,label,1,RBT-18-0365-1_S30,0,4.531336159026072e-15
GEN,lineage,LR,label,1,ResetH152_S4_L001,1,9.11429243188877e-09
GEN,lineage,LR,label,1,ResetH93_S5_L001,1,0.006286707706749439
GEN,lineage,LR,label,1,ResetV74_S7_L001,0,0.0010310000507161021
GEN,lineage,LR,label,1,Survcare104_S16_L001,1,3.40074773896859e-11
GEN,lineage,LR,label,1,Survcare133_S25,0,0.00022085027012508363
GEN,lineage,LR,label,1,Survcare134_S26,0,1.75445711647626e-05
GEN,lineage,LR,label,1,Survcare140_S4_L001,0,0.0005841414094902575
GEN,lineage,LR,label,1,Survcare176_S17_L001,1,5.44579052075278e-07
GEN,lineage,LR,label,1,Survcare190_S35,1,4.773952864899306e-16
GEN,lineage,LR,label,1,Survcare221_S7_L001,0,7.659659018166565e-10
GEN,lineage,LR,label,1,Survcare292_S39,0,0.996519923210144
GEN,lineage,LR,label,1,Survcare303_S15_L001,0,0.002641678089275956
GEN,lineage,LR,label,1,Survcare360_S84,0,0.9583250284194946
GEN,lineage,LR,label,1,V114_S5_L001,0,1.0
GEN,lineage,LR,label,1,V116_S6_L001,0,0.14884763956069946
GEN,lineage,LR,label,1,V120_S5_L001,1,6.295514322118834e-05
GEN,lineage,LR,label,1,V123_S1_L001,0,6.187175986020678e-16
GEN,lineage,LR,label,1,V131_S7_L001,1,0.9895032644271851
GEN,lineage,LR,label,1,V163_S6_L001,1,1.0
GEN,lineage,LR,label,1,V195_S1_L001,1,0.0691690444946289
GEN,lineage,LR,label,1,V201_S4_L001,0,1.0
GEN,lineage,LR,label,1,V205_S3_L001,0,7.769626364506621e-08
GEN,lineage,LR,label,1,V232_S3_L001,0,0.0005676716100424528
GEN,lineage,LR,label,1,V238_S11_L001,1,0.7870118021965027
GEN,lineage,LR,label,1,V73_S5_L001,1,0.9999971389770508
GEN,lineage,LR,label,1,V8_S7_L001,0,9.959681968041423e-09
GEN,lineage,LR,label,1,V86_S1_L001,1,1.0
GEN,lineage,LR,label,1,V96_S2_L001,1,1.0
GEN,lineage,LR,label,1,wdh-RBL-17-0431-1_S46,0,1.0
GEN,lineage,LR,label,1,wdh2NRZ-29911a_S31,1,5.183043242469082e-17
GEN,lineage,LR,label,1,wdhRBF-18-0025-1_S11_L001,0,9.321011930296663e-06
GEN,lineage,LR,label,1,wdhRBF-18-0048-1_S12_L001,0,0.9999918937683105
GEN,lineage,LR,label,1,WDHRBG-16-060-1_S27,0,4.00146503740159e-17
GEN,lineage,LR,label,1,WDHRBG-17-121-1_S46,0,1.371353863799385e-10
GEN,lineage,LR,label,1,WDHRBG-17-122-1_S48,0,0.9990482926368713
GEN,lineage,LR,label,1,wRBG-16-034-1_S164,0,9.99554595182417e-06
GEN,lineage,LR,label,1,wRBG-17-014-1_S167,0,9.923608053821093e-18
GEN,lineage,LR,label,1,wRBG-17-034-1_S121,0,1.438509219742167e-19
GEN,lineage,LR,label,1,wRBG-17-052-1_S120,0,0.4366781711578369
GEN,lineage,LR,label,1,wRBG-17-082-1_S106,1,0.0013854792341589928
GEN,lineage,LR,label,1,wRBG-17-112-1_S146,0,6.191503416630439e-07
GEN,lineage,LR,label,1,wwRBF-16-094-1_S13,0,0.00010348665819037706
GEN,lineage,LR,label,2,H108_S5_L001,0,0.0008904540445655584
GEN,lineage,LR,label,2,H109_S2_L001,0,0.9998716115951538
GEN,lineage,LR,label,2,H123_S1_L001,1,0.9967220425605774
GEN,lineage,LR,label,2,H130_S2_L001,1,0.0003784681321121752
GEN,lineage,LR,label,2,H17_S2_L001,0,0.9512760639190674
GEN,lineage,LR,label,2,H37_S3_L001,0,0.9226551651954651
GEN,lineage,LR,label,2,H50_S7_L001,1,0.7419615387916565
GEN,lineage,LR,label,2,NNRBG-17-0198-1_S4,0,9.260249511644503e-11
GEN,lineage,LR,label,2,NNRBG-17-0201-1_S6,0,3.187665856643242e-14
GEN,lineage,LR,label,2,NNRBG-17-0227-1_S8,0,1.0939304218027246e-07
GEN,lineage,LR,label,2,NNRBG-17-0239-1_S10,0,0.00178738113027066
GEN,lineage,LR,label,2,NNRBG-17-0255-1_S14,0,0.9999998807907104
GEN,lineage,LR,label,2,NNRBG-17-0278-1_S16,0,0.04042718559503555
GEN,lineage,LR,label,2,RBB-18-0674-1_S189,1,8.106087989290245e-06
GEN,lineage,LR,label,2,RBB-18-0892-1_S80_2,1,0.9861444234848022
GEN,lineage,LR,label,2,RBB-18-1212-1_S67_2,0,0.9868942499160767
GEN,lineage,LR,label,2,RBB-18-1406-1_S49,0,0.9997065663337708
GEN,lineage,LR,label,2,RBB-19-0014-1_S44,0,0.977839469909668
GEN,lineage,LR,label,2,RBBK18-0189-1_S24_L001,1,0.0003609444829635322
GEN,lineage,LR,label,2,RBF-17-0195-1_S141,0,0.9646500945091248
GEN,lineage,LR,label,2,RBF-17-0587-1_S91,0,3.636173642007634e-05
GEN,lineage,LR,label,2,RBF-17-0605-1_S94,0,0.004198109731078148
GEN,lineage,LR,label,2,RBF-17-0614-3_S95,0,6.928596008037857e-08
GEN,lineage,LR,label,2,RBF-17-0645-1_S61,0,5.540643638335396e-11
GEN,lineage,LR,label,2,RBF-17-0648-1_S100,0,3.337908020730612e-13
GEN,lineage,LR,label,2,RBF-17-0664-1_S63,0,1.304419043890448e-07
GEN,lineage,LR,label,2,RBF-18-0013-1_S25_L001,0,1.6101387245726073e-06
GEN,lineage,LR,label,2,RBF-18-0072-1_S16,0,6.275878376982291e-07
GEN,lineage,LR,label,2,RBF-18-0123-1_S25_L001,0,4.251140126143582e-05
GEN,lineage,LR,label,2,RBF-18-0192-1_S44,0,0.7508503198623657
GEN,lineage,LR,label,2,RBF-18-0201-1_S49,0,1.2116751122448477e-06
GEN,lineage,LR,label,2,RBF-18-0253-1_S13_L001,0,0.9999933242797852
GEN,lineage,LR,label,2,RBF-18-0280-1_S62,0,1.554293476146995e-07
GEN,lineage,LR,label,2,RBF-18-0294-1_S64,0,4.2896994045804604e-07
GEN,lineage,LR,label,2,RBF-18-0296-1_S17,0,7.893002589298703e-07
GEN,lineage,LR,label,2,RBG-18-0085-1_S11,1,0.0027038133703172207
GEN,lineage,LR,label,2,RBG-18-0140-1_S14_L001,0,1.1257965297772898e-06
GEN,lineage,LR,label,2,RBG-18-0144-1_S38,0,9.466550332797204e-15
GEN,lineage,LR,label,2,RBG-18-0170-1_S41,0,2.565895940165319e-09
GEN,lineage,LR,label,2,RBG-18-0204-1_S23_L001,0,2.4650671548442915e-06
GEN,lineage,LR,label,2,RBG-18-0223-1_S2,0,7.983150140944417e-08
GEN,lineage,LR,label,2,RBG-18-0276-1_S50,0,7.89088080637157e-05
GEN,lineage,LR,label,2,RBG-18-0280-1_S51,0,0.11742883920669556
GEN,lineage,LR,label,2,RBG-18-0300-1_S52,0,2.349143869651016e-06
GEN,lineage,LR,label,2,RBG-18-0352-1_S21_L001,0,9.70829644973692e-13
GEN,lineage,LR,label,2,RBK-18-0002-1_S38,1,8.49857656248787e-07
GEN,lineage,LR,label,2,RBK-18-0005-1_S18,0,6.73093796411256e-13
GEN,lineage,LR,label,2,RBK-18-0047-1_S20,0,0.0004576209466904402
GEN,lineage,LR,label,2,RBK-18-0062-2_S203,0,1.1351761197708754e-10
GEN,lineage,LR,label,2,RBK-18-0080-1_S205,0,1.813951685256457e-13
GEN,lineage,LR,label,2,RBL-17-0101-1_S148,0,1.2371635421004612e-05
GEN,lineage,LR,label,2,RBL-17-0108-1_S151,0,0.0001529748842585832
GEN,lineage,LR,label,2,RBL-17-0116-1_S154,0,5.086328087600123e-07
GEN,lineage,LR,label,2,RBL-17-0123-1_S157,0,1.5611806986060017e-11
GEN,lineage,LR,label,2,RBL-17-0155-1_S165,0,2.677019438124262e-06
GEN,lineage,LR,label,2,RBL-17-0159-1_S166,0,0.0022970528807491064
GEN,lineage,LR,label,2,RBL-17-0165-1_S167,0,0.431429922580719
GEN,lineage,LR,label,2,RBL-17-0205-1_S175,0,0.0007670924533158541
GEN,lineage,LR,label,2,RBL-17-0256-1_S98,0,0.6340280175209045
GEN,lineage,LR,label,2,RBL-17-0259-1_S99,0,1.529764813312795e-05
GEN,lineage,LR,label,2,RBL-17-0274-2_S105,0,0.004894517827779055
GEN,lineage,LR,label,2,RBL-17-0324-1_S54,0,0.0025188340805470943
GEN,lineage,LR,label,2,RBL-17-0340-1_S102,0,0.00015168434765655547
GEN,lineage,LR,label,2,RBL-17-0342-1_S103,0,4.503577883951948e-07
GEN,lineage,LR,label,2,RBL-17-0347-1_S104,0,0.0006680529331788421
GEN,lineage,LR,label,2,RBL-17-0368-1_S114,0,5.338181381375762e-06
GEN,lineage,LR,label,2,RBL-17-0375-1_S117,0,0.8915890455245972
GEN,lineage,LR,label,2,RBL-17-0395-1_S124,0,4.218948015477508e-05
GEN,lineage,LR,label,2,RBL-17-0402-1_S126,0,9.3382055638358e-05
GEN,lineage,LR,label,2,RBL-17-0434-1_S133,0,0.9999978542327881
GEN,lineage,LR,label,2,RBL-17-0435-1_S134,0,2.593202043499332e-05
GEN,lineage,LR,label,2,RBL-18-0016-1_S161,0,4.997466476197587e-06
GEN,lineage,LR,label,2,RBL-18-0022-1_S43,0,3.758411548915319e-05
GEN,lineage,LR,label,2,RBL-18-0066-1_S173,0,3.444134563324042e-05
GEN,lineage,LR,label,2,RBL-18-0085-1_S176,0,0.00019943474035244435
GEN,lineage,LR,label,2,RBL-18-0131-1_S188_2,1,0.000221607944695279
GEN,lineage,LR,label,2,RBT-17-0003-1_S16,0,9.16849330678815e-07
GEN,lineage,LR,label,2,RBT-17-0019-1_S62,0,0.9990434050559998
GEN,lineage,LR,label,2,RBT-17-0023-1_S25,0,0.0015162815107032657
GEN,lineage,LR,label,2,RBT-17-0124-1_S46,0,0.016170084476470947
GEN,lineage,LR,label,2,RBT-17-0165-1_S60,0,8.951440977345015e-11
GEN,lineage,LR,label,2,RBT-17-0174-1_S64,0,5.396037181526481e-07
GEN,lineage,LR,label,2,RBT-17-0194-1_S30,0,1.4154440119984457e-10
GEN,lineage,LR,label,2,RBT-17-0210-1_S55,0,0.0001329434016952291
GEN,lineage,LR,label,2,RBT-17-0219-1_S8,0,1.189774110343933e-07
GEN,lineage,LR,label,2,RBT-17-0232-1_S58,1,0.6743473410606384
GEN,lineage,LR,label,2,RBT-17-0238-1_S59,0,2.6746175052494436e-08
GEN,lineage,LR,label,2,RBT-17-0239-1_S60,0,2.5911007469403557e-05
GEN,lineage,LR,label,2,RBT-17-0251-1_S62,1,5.770213533651258e-07
GEN,lineage,LR,label,2,RBT-17-0270-1_S65,0,0.6247000098228455
GEN,lineage,LR,label,2,RBT-17-0295-1_S15,0,3.804480641633745e-08
GEN,lineage,LR,label,2,RBT-18-0023-1_S14,0,2.2014965669675188e-14
GEN,lineage,LR,label,2,RBT-18-0027-1_S68,0,1.1420015653129667e-06
GEN,lineage,LR,label,2,RBT-18-0071-1_S41,0,0.9999998807907104
GEN,lineage,LR,label,2,RBT-18-0079-1_S16,0,3.5056702472502366e-05
GEN,lineage,LR,label,2,RBT-18-0095-1_S19,0,0.005540852900594473
GEN,lineage,LR,label,2,RBT-18-0096-1_S20,0,2.4245195163530298e-05
GEN,lineage,LR,label,2,RBT-18-0116-1_S46,0,0.9765480160713196
GEN,lineage,LR,label,2,RBT-18-0121-1_S28,0,3.721875785345219e-08
GEN,lineage,LR,label,2,RBT-18-0125-1_S50,0,2.226969172625104e-06
GEN,lineage,LR,label,2,RBT-18-0133-1_S30,0,2.2114950581908488e-07
GEN,lineage,LR,label,2,RBT-18-0146-1_S55,0,2.0994219817466186e-13
GEN,lineage,LR,label,2,RBT-18-0173-1_S35,0,4.466807918554819e-14
GEN,lineage,LR,label,2,RBT-18-0185-1_S39,0,3.2449931630651463e-10
GEN,lineage,LR,label,2,RBT-18-0232-1_S47,0,0.9614894390106201
GEN,lineage,LR,label,2,RBT-18-0251-1_S7,0,8.408188705288921e-07
GEN,lineage,LR,label,2,RBT-18-0253-1_S54,1,9.924298865371384e-06
GEN,lineage,LR,label,2,RBT-18-0288-1_S68,0,0.9526414275169373
GEN,lineage,LR,label,2,RBT-18-0292-1_S70,0,0.00023925284040160477
GEN,lineage,LR,label,2,RBT-18-0325-1_S44,0,0.00037673485348932445
GEN,lineage,LR,label,2,RBT-18-0338-1_S35,0,1.4446358136410709e-06
GEN,lineage,LR,label,2,RBT-18-0358-1_S28,0,1.7737521602612105e-06
GEN,lineage,LR,label,2,RBT-18-0368-1_S32,0,0.0003128111129626632
GEN,lineage,LR,label,2,RBT-18-0370-1_S33,0,0.8450531959533691
GEN,lineage,LR,label,2,ResetH1_S1_L001,0,0.9999997615814209
GEN,lineage,LR,label,2,ResetH134_S8_L001,0,0.9972251653671265
GEN,lineage,LR,label,2,ResetH139_S3_L001,0,0.0006789218750782311
GEN,lineage,LR,label,2,ResetH30_S4_L001,0,1.0
GEN,lineage,LR,label,2,ResetH45_S5_L001,0,0.8086446523666382
GEN,lineage,LR,label,2,ResetV105_S1_L001,0,0.018624523654580116
GEN,lineage,LR,label,2,ResetV76_S7_L001,0,1.1650682608888019e-05
GEN,lineage,LR,label,2,Survcare0114_S37,0,0.9999985694885254
GEN,lineage,LR,label,2,Survcare129_S1,0,5.979476354160684e-13
GEN,lineage,LR,label,2,Survcare184_S19,1,3.11148255605076e-07
GEN,lineage,LR,label,2,Survcare254_S36,0,9.463128662901e-06
GEN,lineage,LR,label,2,Survcare262_S23_L001,1,0.3833519220352173
GEN,lineage,LR,label,2,Survcare275_S38,1,1.4567700645784498e-07
GEN,lineage,LR,label,2,Survcare289_S36,1,0.9996607303619385
GEN,lineage,LR,label,2,Survcare291_S38,1,6.99857037034235e-06
GEN,lineage,LR,label,2,Survcare293_S40,1,0.9999428987503052
GEN,lineage,LR,label,2,Survcare309_S20_L001,1,0.9999977350234985
GEN,lineage,LR,label,2,Survcare313_S24_L001,1,0.5349269509315491
GEN,lineage,LR,label,2,Survcare318_S20_L001,0,4.418936077854596e-05
GEN,lineage,LR,label,2,Survcare319_S16,0,5.288447013640507e-09
GEN,lineage,LR,label,2,Survcare350_S44,0,0.9999467134475708
GEN,lineage,LR,label,2,V1_S6_L001,1,0.9999666213989258
GEN,lineage,LR,label,2,V152_S3_L001,1,4.379050369607285e-05
GEN,lineage,LR,label,2,V172_S5_L001,1,7.648312021046877e-05
GEN,lineage,LR,label,2,V177_S6_L001,0,5.593222795141628e-06
GEN,lineage,LR,label,2,V279_S8_L001,1,3.388226559764007e-06
GEN,lineage,LR,label,2,V283_S5_L001,1,1.1396957821929732e-09
GEN,lineage,LR,label,2,V292_S6_L001,1,0.9999892711639404
GEN,lineage,LR,label,2,V40_S2_L001,1,0.002435429021716118
GEN,lineage,LR,label,2,V79_S6_L001,0,0.0047240713611245155
GEN,lineage,LR,label,2,V9_S1_L001,1,0.0020617141854017973
GEN,lineage,LR,label,2,wdh-RBB-16-025-1_S20,0,3.9743906082856384e-11
GEN,lineage,LR,label,2,wdh-RBL-17-0361-1_S44,0,1.5113227163965348e-05
GEN,lineage,LR,label,2,WDHRBG-17-0093-1_S1,0,5.893258858691297e-08
GEN,lineage,LR,label,2,wNRZ-32446_S79,1,0.0014485974097624421
GEN,lineage,LR,label,2,wRBG-17-023-1_S155,0,7.342179164995799e-14
GEN,lineage,LR,label,2,wRBG-17-075-1_S96,0,0.004609863273799419
GEN,lineage,LR,label,2,wwRBF-17-148-1_S27,0,6.42735983547027e-07
GEN,lineage,LR,label,2,wwRBK-17-0278-1_S41,0,7.255841705244848e-09
GEN,lineage,LR,label,2,wwRBL-16-111-1_S16,0,0.9999902248382568
GEN,lineage,LR,label,3,H105_S3_L001,0,0.09342154115438461
GEN,lineage,LR,label,3,H148_S4_L001,1,0.02857949584722519
GEN,lineage,LR,label,3,H3_S1_L001,0,0.9937024116516113
GEN,lineage,LR,label,3,H51_S5_L001,0,0.10982312262058258
GEN,lineage,LR,label,3,H53_S4_L001,0,0.06647661328315735
GEN,lineage,LR,label,3,H71_S1_L001,1,0.3116926848888397
GEN,lineage,LR,label,3,H86_S1_L001,1,0.0010356175480410457
GEN,lineage,LR,label,3,NNRBG-17-0191-1_S1,1,0.01424960047006607
GEN,lineage,LR,label,3,NNRBG-17-0234-1_S9,0,2.8880538849307413e-08
GEN,lineage,LR,label,3,NNRBG-17-0242-1_S11,0,0.028210405260324478
GEN,lineage,LR,label,3,NNRBG-17-0249-1_S13,0,0.05113700404763222
GEN,lineage,LR,label,3,NNRBG-17-0287-1_S17,0,0.005095675587654114
GEN,lineage,LR,label,3,NNRBG-17-0378-1_S37,1,0.021495331078767776
GEN,lineage,LR,label,3,RBB-17-011-1_S40,0,0.100844606757164
GEN,lineage,LR,label,3,RBB-17-171-1_S52,0,0.017163190990686417
GEN,lineage,LR,label,3,RBB-18-0537-1_S21_L001,0,0.4742627739906311
GEN,lineage,LR,label,3,RBB-18-0668-1_S188,1,0.02823895588517189
GEN,lineage,LR,label,3,RBB-18-1309-1_S42,1,0.010290063917636871
GEN,lineage,LR,label,3,RBB-18-1460-1_S45,1,0.0049847266636788845
GEN,lineage,LR,label,3,RBF-16-004-1_S18,0,0.000513917300850153
GEN,lineage,LR,label,3,RBF-16-060-1_S22,0,0.1286911964416504
GEN,lineage,LR,label,3,RBF-17-0340-1_S81,0,0.009101785719394684
GEN,lineage,LR,label,3,RBF-17-0438-1_S9,1,0.100844606757164
GEN,lineage,LR,label,3,RBF-17-0467-1_S12,0,0.06230377405881882
GEN,lineage,LR,label,3,RBF-17-0489-1_S13,0,0.011980567127466202
GEN,lineage,LR,label,3,RBF-17-0513-1_S76,0,0.034091122448444366
GEN,lineage,LR,label,3,RBF-17-0521-1_S78,0,0.37857845425605774
GEN,lineage,LR,label,3,RBF-17-0537-1_S56,1,0.0852404311299324
GEN,lineage,LR,label,3,RBF-17-0553-1_S85,0,0.4566360116004944
GEN,lineage,LR,label,3,RBF-17-0572-2_S89,0,0.0002627839567139745
GEN,lineage,LR,label,3,RBF-17-067-1_S54,1,0.219537153840065
GEN,lineage,LR,label,3,RBF-17-094-1_S56,1,0.10832472890615463
GEN,lineage,LR,label,3,RBF-17-170-1_S66,1,0.000555815699044615
GEN,lineage,LR,label,3,RBF-17-186-1_S69,1,0.100844606757164
GEN,lineage,LR,label,3,RBF-17-318-1_S77,1,0.8144345283508301
GEN,lineage,LR,label,3,RBF-18-0019-1_S2,1,0.17735816538333893
GEN,lineage,LR,label,3,RBF-18-0035-1_S6,0,0.9980406165122986
GEN,lineage,LR,label,3,RBF-18-0068-1_S77,0,1.124672871810617e-05
GEN,lineage,LR,label,3,RBF-18-0075-1_S79,1,0.026521110907197
GEN,lineage,LR,label,3,RBF-18-0125-1_S30,0,9.212177868407265e-14
GEN,lineage,LR,label,3,RBF-18-0139-1_S35,0,3.7500092515561825e-15
GEN,lineage,LR,label,3,RBF-18-0173-1_S27,0,0.03382430970668793
GEN,lineage,LR,label,3,RBF-18-0174-1_S28,1,0.050082284957170486
GEN,lineage,LR,label,3,RBF-18-0179-1_S29,0,0.7662215232849121
GEN,lineage,LR,label,3,RBF-18-0187-1_S31,0,0.4248236119747162
GEN,lineage,LR,label,3,RBF-18-0194-1_S86,0,0.025551455095410347
GEN,lineage,LR,label,3,RBF-18-0196-1_S46,0,0.001393378246575594
GEN,lineage,LR,label,3,RBF-18-0199-1_S47,0,0.04755941778421402
GEN,lineage,LR,label,3,RBF-18-0227-1_S53,0,8.99334263522178e-05
GEN,lineage,LR,label,3,RBF-18-0277-1_S61,0,0.01212695986032486
GEN,lineage,LR,label,3,RBF-18-0585-1_S48,0,0.228373721241951
GEN,lineage,LR,label,3,RBF-18-0714-2_S204_2,0,0.014616562984883785
GEN,lineage,LR,label,3,RBG-17-0351-1_S20_L001,0,0.01160484179854393
GEN,lineage,LR,label,3,RBG-17-0383-1_S44,0,0.004463427700102329
GEN,lineage,LR,label,3,RBg-17-123-2_S12,0,9.747050944142188e-10
GEN,lineage,LR,label,3,RBG-18-0004-1_S1,0,0.100844606757164
GEN,lineage,LR,label,3,RBG-18-0072-1_S8,0,0.013613469898700714
GEN,lineage,LR,label,3,RBG-18-0099-1_S14,0,0.100844606757164
GEN,lineage,LR,label,3,RBG-18-0129-1_S15_L001,0,0.0016732957446947694
GEN,lineage,LR,label,3,RBG-18-0153-1_S14,0,0.10890096426010132
GEN,lineage,LR,label,3,RBG-18-0177-1_S17_L001,1,0.21199005842208862
GEN,lineage,LR,label,3,RBG-18-0200-1_S18_L001,1,0.004412804264575243
GEN,lineage,LR,label,3,RBG-18-0224-1_S24_L001,1,0.10437134653329849
GEN,lineage,LR,label,3,RBG-18-0279-1_S36,0,0.07623172551393509
GEN,lineage,LR,label,3,RBG-18-0289-1_S37,1,0.0006137721939012408
GEN,lineage,LR,label,3,RBG-18-0380-1_S48,0,0.100844606757164
GEN,lineage,LR,label,3,RBG-18-0388-1_S21_L001,1,0.028419630602002144
GEN,lineage,LR,label,3,RBG-18-0391-1_S22_L001,1,0.13528107106685638
GEN,lineage,LR,label,3,RBG-18-0410-1_S12,0,0.014615649357438087
GEN,lineage,LR,label,3,RBG-18-0421-1_S53,1,0.036631036549806595
GEN,lineage,LR,label,3,RBG-18-0437-1_S54,0,0.002167294966056943
GEN,lineage,LR,label,3,RBK-16-124-1_S16,0,0.18130235373973846
GEN,lineage,LR,label,3,RBK-17-0457-1_S6,1,0.002271951176226139
GEN,lineage,LR,label,3,RBK-17-0492-1_S8,1,0.0155234569683671
GEN,lineage,LR,label,3,RBK-17-0588-1_S24,0,0.09169384092092514
GEN,lineage,LR,label,3,RBK-17-0601-1_S25,0,0.100844606757164
GEN,lineage,LR,label,3,RBK-17-0612-1_S27,1,0.0908268541097641
GEN,lineage,LR,label,3,RBK-17-0655-5_S182,0,0.5030696392059326
GEN,lineage,LR,label,3,RBK-18-0022-1_S197,0,8.924416050604123e-08
GEN,lineage,LR,label,3,RBK-18-0077-1_S212,1,0.0908268541097641
GEN,lineage,LR,label,3,RBK-18-0236-2_S52_2,0,0.00033879108377732337
GEN,lineage,LR,label,3,RBKk-18-0108-1_S201,0,0.10091999173164368
GEN,lineage,LR,label,3,RBL-17-0093-1_S146,0,0.0025554492603987455
GEN,lineage,LR,label,3,RBL-17-0107-1_S150,0,0.001228426699526608
GEN,lineage,LR,label,3,RBL-17-0113-1_S153,1,0.008386410772800446
GEN,lineage,LR,label,3,RBL-17-0136-1_S161,0,5.96118013618252e-07
GEN,lineage,LR,label,3,RBL-17-0199-1_S174,0,0.08620833605527878
GEN,lineage,LR,label,3,RBL-17-0217-1_S176,0,0.007085024379193783
GEN,lineage,LR,label,3,RBL-17-0226-1_S41,1,0.08397757261991501
GEN,lineage,LR,label,3,RBL-17-0242-1_S42,1,0.08085132390260696
GEN,lineage,LR,label,3,RBL-17-0244-1_S44,0,0.05397938936948776
GEN,lineage,LR,label,3,RBL-17-0261-1_S100,0,5.825052354531401e-13
GEN,lineage,LR,label,3,RBL-17-0264-1_S103,0,0.020346036180853844
GEN,lineage,LR,label,3,RBL-17-0305-1_S49,1,0.39859867095947266
GEN,lineage,LR,label,3,RBL-17-0307-1_S51,1,0.100844606757164
GEN,lineage,LR,label,3,RBL-17-0323-1_S115,0,0.00016140106890816242
GEN,lineage,LR,label,3,RBL-17-0350-1_S106,0,0.027089465409517288
GEN,lineage,LR,label,3,RBL-17-0359-1_S66,1,0.0005545322201214731
GEN,lineage,LR,label,3,RBL-17-0360-1_S108,0,0.0011279000900685787
GEN,lineage,LR,label,3,RBL-17-0391-1_S122,0,0.7263436317443848
GEN,lineage,LR,label,3,RBL-17-0392-1_S69,1,0.39859867095947266
GEN,lineage,LR,label,3,RBL-17-0432-1_S132,0,0.10969395935535431
GEN,lineage,LR,label,3,RBL-17-060-1_S17,0,0.023126205429434776
GEN,lineage,LR,label,3,RBL-18-0037-1_S168,0,5.003928890801035e-06
GEN,lineage,LR,label,3,RBL-18-0048-1_S44,0,0.7616041302680969
GEN,lineage,LR,label,3,RBL-18-0059-1_S171,0,2.7424917789176106e-05
GEN,lineage,LR,label,3,RBL-18-0076-1_S47,0,0.26337459683418274
GEN,lineage,LR,label,3,RBL-18-0090-1_S48,0,0.10366307944059372
GEN,lineage,LR,label,3,RBL-18-0093-1_S49,0,0.023313254117965698
GEN,lineage,LR,label,3,RBL-18-0098-1_S178,0,0.11565640568733215
GEN,lineage,LR,label,3,RBL-18-0194-1_S195_2,1,0.00014548184117302299
GEN,lineage,LR,label,3,RBL-18-0343-1_S6,0,0.022738970816135406
GEN,lineage,LR,label,3,RBL-18-0467-1_S228_2,1,0.0036455816589295864
GEN,lineage,LR,label,3,RBL-18-0500-1_S230_2,0,0.813173234462738
GEN,lineage,LR,label,3,RBT-16-0024-1_S10,1,0.578543484210968
GEN,lineage,LR,label,3,RBT-16-0038-1_S11,0,0.021952971816062927
GEN,lineage,LR,label,3,RBT-17-0009-1_S21,0,0.0010725018801167607
GEN,lineage,LR,label,3,RBT-17-0039-1_S28,1,0.0022366086486727
GEN,lineage,LR,label,3,RBT-17-0102-1_S37,0,0.13754895329475403
GEN,lineage,LR,label,3,RBT-17-0149-1_S13,0,0.004764682613313198
GEN,lineage,LR,label,3,RBT-17-0188-1_S68,0,0.9827394485473633
GEN,lineage,LR,label,3,RBT-17-0249-1_S61,1,0.13962091505527496
GEN,lineage,LR,label,3,RBT-17-0328-1_S16,0,0.1935902237892151
GEN,lineage,LR,label,3,RBT-17-0339-1_S20,0,0.7118560075759888
GEN,lineage,LR,label,3,RBT-18-0021-1_S56,1,0.100844606757164
GEN,lineage,LR,label,3,RBT-18-0053-1_S36,1,0.2670813500881195
GEN,lineage,LR,label,3,RBT-18-0179-1_S37,0,0.9584677815437317
GEN,lineage,LR,label,3,RBT-18-0205-1_S6,1,0.6933755278587341
GEN,lineage,LR,label,3,RBT-18-0227-1_S46,1,0.2544931471347809
GEN,lineage,LR,label,3,RBT-18-0234-1_S15,1,0.699529767036438
GEN,lineage,LR,label,3,RBT-18-0265-1_S59,0,3.809228843465462e-08
GEN,lineage,LR,label,3,RBT-18-0278-1_S64,0,0.03095071390271187
GEN,lineage,LR,label,3,RBT-18-0284-1_S66,1,0.402924120426178
GEN,lineage,LR,label,3,RBT-18-0296-1_S72,1,0.3913692533969879
GEN,lineage,LR,label,3,RBT-18-0308-1_S34,0,0.08034554123878479
GEN,lineage,LR,label,3,RBT-18-0324-1_S57,1,0.4937010109424591
GEN,lineage,LR,label,3,RBT-18-0335-1_S41,1,0.0823153555393219
GEN,lineage,LR,label,3,RBT-18-0337-1_S46,0,0.00026858781347982585
GEN,lineage,LR,label,3,RBT-18-0351-1_S48,0,0.8811249136924744
GEN,lineage,LR,label,3,RBT-18-0363-1_S72,1,0.7553033828735352
GEN,lineage,LR,label,3,RBT-18-0372-1_S31,0,0.8378815650939941
GEN,lineage,LR,label,3,RBT-18-0391-1_S35,0,0.018631672486662865
GEN,lineage,LR,label,3,RBT-18-0392-1_S56,0,0.26094865798950195
GEN,lineage,LR,label,3,RBT-18-0401-1_S43,0,0.4764920473098755
GEN,lineage,LR,label,3,ResetH127_S6_L001,1,0.005704089533537626
GEN,lineage,LR,label,3,ResetH129_S7_L001,1,0.0547189861536026
GEN,lineage,LR,label,3,ResetH131_S7_L001,0,0.09739373624324799
GEN,lineage,LR,label,3,ResetH132_S1_L001,0,0.010593353770673275
GEN,lineage,LR,label,3,ResetH49b_S6_L001,0,0.0004375681164674461
GEN,lineage,LR,label,3,ResetH63_S7_L001,0,0.100844606757164
GEN,lineage,LR,label,3,ResetH75_S2_L001,1,0.0992119088768959
GEN,lineage,LR,label,3,ResetV260_S5_L001,0,0.14647285640239716
GEN,lineage,LR,label,3,Survcare187_S32,0,0.5305790901184082
GEN,lineage,LR,label,3,Survcare236_S5_L001,1,0.5874888896942139
GEN,lineage,LR,label,3,Survcare253_S35,0,2.381804051765357e-06
GEN,lineage,LR,label,3,Survcare265_S20,1,0.006018955260515213
GEN,lineage,LR,label,3,Survcare327_S1,0,0.08576414734125137
GEN,lineage,LR,label,3,Survcare329_S3,0,0.9999876022338867
GEN,lineage,LR,label,3,Survcare341_S25,0,9.080414201889653e-06
GEN,lineage,LR,label,3,V108_S2_L001,0,0.7975496649742126
GEN,lineage,LR,label,3,V111_S3_L001,0,0.09260053932666779
GEN,lineage,LR,label,3,V113_S3_L001,0,0.9999985694885254
GEN,lineage,LR,label,3,V282_S4_L001,0,0.0001455048768548295
GEN,lineage,LR,label,3,V291_S5_L001,1,0.06889358162879944
GEN,lineage,LR,label,3,V295_S7_L001,0,0.13174988329410553
GEN,lineage,LR,label,3,V89_S1_L001,0,0.9905835390090942
GEN,lineage,LR,label,3,W2RBK-17-168-1_S33,0,0.02638654224574566
GEN,lineage,LR,label,3,W2RBK-17-169-1_S34,0,0.0007531887968070805
GEN,lineage,LR,label,3,W2RBL-16-018-1_S15,1,0.00507451593875885
GEN,lineage,LR,label,3,wdh-RBB-17-170-1_S16,0,0.12596583366394043
GEN,lineage,LR,label,3,wdh-RBF-17-0572-1_S43,0,0.0003795078955590725
GEN,lineage,LR,label,3,wdhRBF-10-0002-1_S10_L001,1,0.6420606970787048
GEN,lineage,LR,label,3,wdhRBF-17-0567-1_S122,0,0.0556548573076725
GEN,lineage,LR,label,3,wdhRBF-18-0049-1_S13_L001,0,9.422906790783336e-14
GEN,lineage,LR,label,3,WDHRBG-16-049-1_S87,0,0.7418712973594666
GEN,lineage,LR,label,3,WDHRBG-17-008-1_S83,0,0.00021678782650269568
GEN,lineage,LR,label,3,wRBF-17-0146-1_S35,1,0.13962091505527496
GEN,lineage,LR,label,3,wRBG-16-033-1_S153,0,0.0011556354584172368
GEN,lineage,LR,label,3,wRBG-17-055-1_S163,0,0.2701261043548584
GEN,lineage,LR,label,3,wRBG-17-057-1_S141,0,0.00025353149976581335
GEN,lineage,LR,label,3,wRBG-17-106-1_S125,1,0.0003784044529311359
GEN,lineage,LR,label,3,wwRBB-16-112-1_S1,1,0.16215571761131287
GEN,lineage,LR,label,3,wwRBF-16-007-1_S10,1,0.059340979903936386
GEN,lineage,LR,label,3,wwRBF-17-167-1_S31,1,0.00014507373271044344
GEN,lineage,LR,label,3,wwRBF-17-189-1_S32,1,0.030140183866024017
GEN,lineage,LR,label,3,wwRBF-17-209-1_S34,1,0.0014674760168418288
GEN,lineage,LR,label,3,wwRBK-16-023-1_S5,0,9.142823546426371e-05
GEN,lineage,LR,label,3,wwRBK-17-0148-1_S37,1,0.056020043790340424
GEN,lineage,LR,label,3,wwRBK-17-0148-2_S38,1,0.07106691598892212
GEN,lineage,LR,label,3,wwRBK-17-0197-1_S39,1,0.03229857608675957
GEN,lineage,LR,label,3,wwRBK-17-075-1_S28,1,0.13060137629508972
GEN,lineage,LR,label,3,wwRBL-17-004-1_S44,1,0.2976583242416382
GEN,lineage,LR,label,4,H119_S7_L001,1,0.0002994310052599758
GEN,lineage,LR,label,4,H157_S3_L001,0,0.8534802198410034
GEN,lineage,LR,label,4,H38_S4_L001,0,0.9899290204048157
GEN,lineage,LR,label,4,H66_S1_L001,1,0.0038437761832028627
GEN,lineage,LR,label,4,H69_S6_L001,0,0.9999587535858154
GEN,lineage,LR,label,4,H83_S7_L001,0,0.61433345079422
GEN,lineage,LR,label,4,NNRBG-17-0193-1_S2,0,1.6545399148526485e-06
GEN,lineage,LR,label,4,NNRBG-17-0243-1_S12,0,0.00017712524277158082
GEN,lineage,LR,label,4,NNRBG-17-0298-1_S19,0,0.00028940688935108483
GEN,lineage,LR,label,4,NNRBG-17-0346-1_S30,0,3.975662821176229e-06
GEN,lineage,LR,label,4,RBB-18-0546-1_S22_L001,0,3.97069243263104e-07
GEN,lineage,LR,label,4,RBB-18-0665-1_S23_L001,0,0.9994403719902039
GEN,lineage,LR,label,4,RBB-18-0972-1_S203_2,1,0.1459696888923645
GEN,lineage,LR,label,4,RBB-18-1393-1_S48,0,1.6213769413297996e-05
GEN,lineage,LR,label,4,RBF-16-073-1_S23,0,0.9925200939178467
GEN,lineage,LR,label,4,RBF-17-0178-1_S139,0,0.9812278151512146
GEN,lineage,LR,label,4,RBF-17-0424-1_S15,0,2.417081759631401e-06
GEN,lineage,LR,label,4,RBF-17-0450-1_S10,0,3.958460729336366e-05
GEN,lineage,LR,label,4,RBF-17-0523-1_S30,0,0.00046091468539088964
GEN,lineage,LR,label,4,RBF-17-0532-1_S80,0,0.010008230805397034
GEN,lineage,LR,label,4,RBF-17-0532-2_S31,0,0.00222769845277071
GEN,lineage,LR,label,4,RBF-17-0616-1_S96,0,0.0025291868951171637
GEN,lineage,LR,label,4,RBF-17-0630-1_S59,0,3.831013284383289e-09
GEN,lineage,LR,label,4,RBF-17-0632-1_S97,0,0.0005212394171394408
GEN,lineage,LR,label,4,RBF-17-266-1_S70,1,0.9796452522277832
GEN,lineage,LR,label,4,RBF-18-0027-1_S5,1,8.364945021377412e-12
GEN,lineage,LR,label,4,RBF-18-0064-2_S14,0,7.021808414719999e-06
GEN,lineage,LR,label,4,RBF-18-0069-1_S78,1,0.7798207998275757
GEN,lineage,LR,label,4,RBF-18-0088-1_S24,1,3.931308967253244e-08
GEN,lineage,LR,label,4,RBF-18-0093-1_S80,1,4.166761584656342e-07
GEN,lineage,LR,label,4,RBF-18-0099-1_S26,0,0.0009827099274843931
GEN,lineage,LR,label,4,RBF-18-0132-1_S26,0,4.991022251488175e-06
GEN,lineage,LR,label,4,RBF-18-0135-1_S34,1,0.01741039752960205
GEN,lineage,LR,label,4,RBF-18-0147-1_S36,0,0.9387362599372864
GEN,lineage,LR,label,4,RBF-18-0163-2_S39,0,0.0007825165521353483
GEN,lineage,LR,label,4,RBF-18-0200-1_S48,0,0.5087022185325623
GEN,lineage,LR,label,4,RBF-18-0208-2_S11_L001,0,0.3468988537788391
GEN,lineage,LR,label,4,RBF-18-0252-1_S56,0,8.484701656541471e-13
GEN,lineage,LR,label,4,RBF-18-0259-1_S33,0,0.6379018425941467
GEN,lineage,LR,label,4,RBF-18-0282-1_S63,0,0.22217532992362976
GEN,lineage,LR,label,4,RBF-18-0321-1_S69,0,2.344558713840428e-10
GEN,lineage,LR,label,4,RBF-18-0339-1_S37,0,0.9958987832069397
GEN,lineage,LR,label,4,RBF-18-0634-1_S183,0,3.3036742479453096e-06
GEN,lineage,LR,label,4,RBG-18-0077-1_S9,1,0.0001427196548320353
GEN,lineage,LR,label,4,RBG-18-0083-1_S12,0,1.0118626825317278e-08
GEN,lineage,LR,label,4,RBG-18-0108-1_S16,0,0.0009357387898489833
GEN,lineage,LR,label,4,RBG-18-0166-1_S10_L001,0,9.193916048388928e-05
GEN,lineage,LR,label,4,RBG-18-0194-1_S45,0,2.1094827218348655e-07
GEN,lineage,LR,label,4,RBG-18-0239-1_S4,0,3.3744109373401443e-07
GEN,lineage,LR,label,4,RBG-18-0308-1_S54,0,2.1461479263962246e-05
GEN,lineage,LR,label,4,RBG-18-0312-1_S55,0,1.290963791689137e-05
GEN,lineage,LR,label,4,RBG-18-0355-1_S19_L001,0,8.035989594645798e-05
GEN,lineage,LR,label,4,RBG-18-0381-1_S49,0,0.005087178200483322
GEN,lineage,LR,label,4,RBG-18-0417-1_S52,0,0.9313936233520508
GEN,lineage,LR,label,4,RBK-17-049-1_S62,0,4.888901094091125e-05
GEN,lineage,LR,label,4,RBK-18-0060-1_S22,0,0.14974714815616608
GEN,lineage,LR,label,4,RBK-18-0104-1_S206,0,4.267603215257765e-10
GEN,lineage,LR,label,4,RBL-17-0118-1_S156,0,1.800985671707167e-07
GEN,lineage,LR,label,4,RBL-17-0172-1_S170,0,0.0001795483403839171
GEN,lineage,LR,label,4,RBL-17-0189-1_S172,0,4.450419199830691e-11
GEN,lineage,LR,label,4,RBL-17-0306-1_S50,1,2.3296204290090827e-06
GEN,lineage,LR,label,4,RBL-17-0320-1_S114,0,9.189653837893275e-08
GEN,lineage,LR,label,4,RBL-17-0327-1_S116,0,9.088280421565287e-06
GEN,lineage,LR,label,4,RBL-17-0332-1_S118,0,0.9971321821212769
GEN,lineage,LR,label,4,RBL-17-0390-1_S121,0,8.076236554188654e-05
GEN,lineage,LR,label,4,RBL-17-075-1_S18,1,3.025860451089102e-06
GEN,lineage,LR,label,4,RBL-18-0002-1_S158,0,4.587242983689066e-06
GEN,lineage,LR,label,4,RBL-18-0021-1_S42,0,0.8384662866592407
GEN,lineage,LR,label,4,RBL-18-0242-1_S51,0,8.896726129241361e-13
GEN,lineage,LR,label,4,RBT-17-0022-1_S24,0,0.0002456316433381289
GEN,lineage,LR,label,4,RBT-17-0027-1_S3,0,6.980230682529509e-05
GEN,lineage,LR,label,4,RBT-17-0099-1_S35,0,6.092107929234203e-10
GEN,lineage,LR,label,4,RBT-17-0107-1_S39,0,1.4115610724729777e-07
GEN,lineage,LR,label,4,RBT-17-0118-1_S45,0,0.7778134942054749
GEN,lineage,LR,label,4,RBT-17-0133-1_S6,0,0.9973903298377991
GEN,lineage,LR,label,4,RBT-17-0138-1_S52,0,7.226265552162658e-06
GEN,lineage,LR,label,4,RBT-17-0161-1_S57,0,4.824220468435669e-06
GEN,lineage,LR,label,4,RBT-17-0168-1_S61,0,0.0007780700689181685
GEN,lineage,LR,label,4,RBT-17-0178-1_S66,0,4.984782364658713e-08
GEN,lineage,LR,label,4,RBT-17-0256-1_S25,0,0.3676260709762573
GEN,lineage,LR,label,4,RBT-17-0285-1_S66,0,0.9999692440032959
GEN,lineage,LR,label,4,RBT-17-0291-1_S14,1,0.020527750253677368
GEN,lineage,LR,label,4,RBT-18-0004-1_S51,1,0.999931812286377
GEN,lineage,LR,label,4,RBT-18-0017-1_S67,0,0.01003084797412157
GEN,lineage,LR,label,4,RBT-18-0042-1_S60,0,0.540724515914917
GEN,lineage,LR,label,4,RBT-18-0046-1_S2,0,4.008796167909168e-05
GEN,lineage,LR,label,4,RBT-18-0056-1_S37,0,0.000708147301338613
GEN,lineage,LR,label,4,RBT-18-0102-1_S23,0,5.019654054194689e-05
GEN,lineage,LR,label,4,RBT-18-0110-1_S27,0,3.3991169878788696e-09
GEN,lineage,LR,label,4,RBT-18-0122-1_S63,0,6.102231253635182e-08
GEN,lineage,LR,label,4,RBT-18-0141-1_S32,0,0.07209275662899017
GEN,lineage,LR,label,4,RBT-18-0247-1_S16,1,0.9996681213378906
GEN,lineage,LR,label,4,RBT-18-0259-1_S55,0,0.0003611296124290675
GEN,lineage,LR,label,4,RBT-18-0263-1_S58,0,1.2046577069213527e-07
GEN,lineage,LR,label,4,RBT-18-0275-1_S63,0,0.00025939333136193454
GEN,lineage,LR,label,4,RBT-18-0283-1_S65,0,0.023584147915244102
GEN,lineage,LR,label,4,RBT-18-0316-1_S43,0,0.0015510065713897347
GEN,lineage,LR,label,4,RBT-18-0331-1_S22,0,0.00945529155433178
GEN,lineage,LR,label,4,RBT-18-0334-1_S23,0,0.0030223156791180372
GEN,lineage,LR,label,4,RBT-18-0340-1_S36,0,0.0017852459568530321
GEN,lineage,LR,label,4,RBT-18-0357-1_S27,0,8.732732794669573e-07
GEN,lineage,LR,label,4,RBT-18-0364-1_S29,0,0.06151479482650757
GEN,lineage,LR,label,4,RBT-18-0377-1_S1,0,0.00024327088613063097
GEN,lineage,LR,label,4,RBT-18-0384-1_S40,0,0.002888475079089403
GEN,lineage,LR,label,4,RBT-18-0385-1_S34,0,0.00016384686750825495
GEN,lineage,LR,label,4,ResetH115_S6_L001,0,0.0007351292297244072
GEN,lineage,LR,label,4,ResetH44_S3_L001,1,0.9789835810661316
GEN,lineage,LR,label,4,ResetH8_S2_L001,0,7.918258052086458e-05
GEN,lineage,LR,label,4,ResetH92_S4_L001,0,0.9999567270278931
GEN,lineage,LR,label,4,ResetV143_S2_L001,1,0.0003597460745368153
GEN,lineage,LR,label,4,ResetV161_S3_L001,0,3.918020130555533e-09
GEN,lineage,LR,label,4,ResetV210_S4_L001,1,0.3259921967983246
GEN,lineage,LR,label,4,ResetV288_S6_L001,1,0.9999922513961792
GEN,lineage,LR,label,4,RPG-18-0435-1_S32,0,4.374917989480309e-05
GEN,lineage,LR,label,4,Survcare052_S22,0,0.007380231749266386
GEN,lineage,LR,label,4,Survcare058_S26,0,2.3455286282114685e-06
GEN,lineage,LR,label,4,Survcare125_S25,1,0.007370342034846544
GEN,lineage,LR,label,4,Survcare244_S9_L001,0,0.9877933859825134
GEN,lineage,LR,label,4,Survcare278_S62,1,0.9999997615814209
GEN,lineage,LR,label,4,Survcare295_S8_L001,0,9.844960732152686e-05
GEN,lineage,LR,label,4,Survcare310_S21_L001,1,0.003394593484699726
GEN,lineage,LR,label,4,Survcare321_S18,0,5.216081262915395e-05
GEN,lineage,LR,label,4,Survcare334_S10,0,0.008789031766355038
GEN,lineage,LR,label,4,Survcare335_S11,1,5.787408008472994e-05
GEN,lineage,LR,label,4,V130_S5_L001,1,0.8888024091720581
GEN,lineage,LR,label,4,V139_S7_L001,0,0.32139232754707336
GEN,lineage,LR,label,4,V153_S4_L001,1,0.015145345591008663
GEN,lineage,LR,label,4,V155_S5_L001,1,0.0022551044821739197
GEN,lineage,LR,label,4,V158_S4_L001,0,0.9996806383132935
GEN,lineage,LR,label,4,V182_S6_L001,1,0.9998512268066406
GEN,lineage,LR,label,4,V183_S7_L001,1,1.249750525289528e-08
GEN,lineage,LR,label,4,V215_S2_L001,1,6.597103072158994e-12
GEN,lineage,LR,label,4,V268_S12_L001,1,0.9940734505653381
GEN,lineage,LR,label,4,V271_S13_L001,0,0.05569123104214668
GEN,lineage,LR,label,4,V289_S5_L001,1,0.9999980926513672
GEN,lineage,LR,label,4,V71_S4_L001,1,0.000342749961419031
GEN,lineage,LR,label,4,w2RBG-16-037-1_S34,0,6.209584171301685e-06
GEN,lineage,LR,label,4,wdhRBF-17-0564-1_S230,0,1.1100723007473334e-08
GEN,lineage,LR,label,4,wdhRBF-18-0080-1_S17_L001,0,0.1537533551454544
GEN,lineage,LR,label,4,wdhRBF-18-0098-1_S19_L001,0,2.497934481482389e-08
GEN,lineage,LR,label,4,WDHRBG-16-050-1_S40,0,0.9735901951789856
GEN,lineage,LR,label,4,WDHRBG-16-062-1_S49,0,0.005136924795806408
GEN,lineage,LR,label,4,WDHRBG-17-005-2_S61,0,0.0035361649934202433
GEN,lineage,LR,label,4,WDHRBG-17-0256-1_S17,0,6.375718986402778e-23
GEN,lineage,LR,label,4,wdhRBL-17-0370-1_S232,0,5.175092354647859e-09
GEN,lineage,LR,label,4,wRBG-16-024-1_S152,0,0.016353821381926537
GEN,lineage,LR,label,4,wRBG-16-027-1_S174,0,3.113061029580422e-05
GEN,lineage,LR,label,4,wRBG-17-028-1_S100,0,2.17049945724912e-12
GEN,lineage,LR,label,4,wRBG-17-030-1_S165,0,3.6695360083882633e-09
GEN,lineage,LR,label,4,wRBG-17-031-1_S154,0,2.0148926971330638e-10
GEN,lineage,LR,label,4,wRBG-17-047-1_S153,0,0.001044688979163766
GEN,lineage,LR,label,4,wRBG-17-049-1_S142,0,0.0008852994651533663
GEN,lineage,LR,label,4,wRBG-17-073-1_S118,0,0.07360360026359558
GEN,lineage,LR,label,4,wRBG-17-110-1_S168,0,2.4790711904643103e-05
GEN,lineage,LR,label,4,wwRBB-17-031-1_S25,0,2.3993929971766192e-06
GEN,lineage,LR,label,4,wwRBF-17-251-1_S33,0,0.0019771342631429434
GEN,lineage,LR,label,4,wwRBK-17-0298-1_S42,0,1.743349275784567e-05
GEN,lineage,SVM,label,0,H116_S8_L001,1,0.16673221168097047
GEN,lineage,SVM,label,0,H122_S4_L001,1,0.450551243185805
GEN,lineage,SVM,label,0,H141_S6_L001,0,2.063050148395859e-05
GEN,lineage,SVM,label,0,H162_S4_L001,1,0.6435458910154429
GEN,lineage,SVM,label,0,H28_S10_L001,0,0.01642211482465269
GEN,lineage,SVM,label,0,NNRBG-17-0196-1_S3,0,0.011991203166041612
GEN,lineage,SVM,label,0,NNRBG-17-0199-1_S5,0,0.010776748158737123
GEN,lineage,SVM,label,0,NNRBG-17-0205-1_S7,0,0.008287010458914551
GEN,lineage,SVM,label,0,NNRBG-17-0319-1_S24,0,0.036094573841474166
GEN,lineage,SVM,label,0,NNRBG-17-0328-1_S25,0,0.04106680241610896
GEN,lineage,SVM,label,0,NNRBG-17-0329-1_S26,0,0.11645189209886725
GEN,lineage,SVM,label,0,NNRBG-17-0399-1_S40,0,0.39029825108007876
GEN,lineage,SVM,label,0,NNSurvcare045_S41,0,0.9045753162426641
GEN,lineage,SVM,label,0,RBB-18-0490-1_S20_L001,0,0.6713835485984373
GEN,lineage,SVM,label,0,RBB-18-0765-1_S191,0,0.47355416745160955
GEN,lineage,SVM,label,0,RBB-18-1488-1_S46,0,0.021155794314456786
GEN,lineage,SVM,label,0,RBB-18-1502-1_S47,1,0.3671516752155423
GEN,lineage,SVM,label,0,RBF-10-0240-1_S12_L001,1,0.03156058020512661
GEN,lineage,SVM,label,0,RBF-16-0064-1_S136,0,0.011549697611224695
GEN,lineage,SVM,label,0,RBF-17-0164-1_S137,0,0.0026904566811874874
GEN,lineage,SVM,label,0,RBF-17-0173-1_S138,0,0.11145815274246891
GEN,lineage,SVM,label,0,RBF-17-0194-1_S140,0,0.02882968610268507
GEN,lineage,SVM,label,0,RBF-17-0509-1_S74,0,0.5094388217129474
GEN,lineage,SVM,label,0,RBF-17-0538-1_S82,0,0.28999742392644545
GEN,lineage,SVM,label,0,RBF-17-0550-1_S84,0,0.9998233824570678
GEN,lineage,SVM,label,0,RBF-17-0589-1_S92,0,0.011027863671732094
GEN,lineage,SVM,label,0,RBF-17-0602-1_S93,0,0.007229390984080125
GEN,lineage,SVM,label,0,RBF-17-0635-1_S98,1,0.04183196549788163
GEN,lineage,SVM,label,0,RBF-17-0647-1_S99,0,0.020257127923972402
GEN,lineage,SVM,label,0,RBF-17-0651-1_S62,0,0.02408809576982034
GEN,lineage,SVM,label,0,RBF-18-0066-1_S15,0,0.008171301685545472
GEN,lineage,SVM,label,0,RBF-18-0085-1_S21,0,0.0052180563192473495
GEN,lineage,SVM,label,0,RBF-18-0086-1_S22,0,0.05008457012936796
GEN,lineage,SVM,label,0,RBF-18-0127-1_S32,0,0.11170980560806688
GEN,lineage,SVM,label,0,RBF-18-0160-1_S37,0,0.47067423990019697
GEN,lineage,SVM,label,0,RBF-18-0184-1_S30,0,0.5967384781164504
GEN,lineage,SVM,label,0,RBF-18-0214-1_S51,0,0.020076758739992807
GEN,lineage,SVM,label,0,RBF-18-0217-1_S54,0,0.0016366461789410174
GEN,lineage,SVM,label,0,RBF-18-0405-1_S81_2,0,0.025520131335339296
GEN,lineage,SVM,label,0,RBG-18-0012-1_S3,1,0.034388370251273045
GEN,lineage,SVM,label,0,RBG-18-0017-1_S5,0,0.028345547713988277
GEN,lineage,SVM,label,0,RBG-18-0025-1_S9_L001,0,0.0038962283839843155
GEN,lineage,SVM,label,0,RBG-18-0029-1_S40,0,0.010489817909222087
GEN,lineage,SVM,label,0,RBG-18-0055-1_S43,0,0.001966005851852243
GEN,lineage,SVM,label,0,RBG-18-0185-1_S40,0,0.048934388116530905
GEN,lineage,SVM,label,0,RBG-18-0191-1_S11_L001,0,0.013964409285786397
GEN,lineage,SVM,label,0,RBG-18-0221-1_S47,1,0.007368271898658566
GEN,lineage,SVM,label,0,RBG-18-0256-1_S8_L001,0,0.008637326901877592
GEN,lineage,SVM,label,0,RBG-18-0265-1_S49,0,0.020605193356524092
GEN,lineage,SVM,label,0,RBG-18-0301-1_S53,0,0.04557395935574832
GEN,lineage,SVM,label,0,RBG-18-0383-1_S37,1,0.06022084013338753
GEN,lineage,SVM,label,0,RBG-18-0394-1_S23_L001,0,0.017682739052397877
GEN,lineage,SVM,label,0,RBK-16-007-1_S13,0,0.07037069002559311
GEN,lineage,SVM,label,0,RBK-18-0019-1_S195,0,0.04005591989261968
GEN,lineage,SVM,label,0,RBK-18-0037-1_S199,0,0.0010951092027992311
GEN,lineage,SVM,label,0,RBK-18-0038-1_S200,0,0.5260461906493582
GEN,lineage,SVM,label,0,RBk-18-0216-1_S231_2,0,0.0031177132477319134
GEN,lineage,SVM,label,0,RBK-18-0250-1_S235_2,0,0.028593492451739925
GEN,lineage,SVM,label,0,RBK-18-0414-1_S59,0,0.5952355185245947
GEN,lineage,SVM,label,0,RBL-17-0090-1_S145,0,0.007023227465985939
GEN,lineage,SVM,label,0,RBL-17-0104-1_S149,0,0.37591633136724456
GEN,lineage,SVM,label,0,RBL-17-0117-1_S155,0,0.05050119078127739
GEN,lineage,SVM,label,0,RBL-17-0129-1_S158,0,0.0021874228708889244
GEN,lineage,SVM,label,0,RBL-17-0133-1_S159,0,0.04002574194050682
GEN,lineage,SVM,label,0,RBL-17-0135-1_S160,0,0.031777572198665206
GEN,lineage,SVM,label,0,RBL-17-0138-1_S162,0,0.023068864736716106
GEN,lineage,SVM,label,0,RBL-17-0197-1_S173,0,0.014988620979676319
GEN,lineage,SVM,label,0,RBL-17-0235-1_S92,0,0.5883814328393351
GEN,lineage,SVM,label,0,RBL-17-0267-1_S104,0,0.3406800209246298
GEN,lineage,SVM,label,0,RBL-17-0300-1_S112,0,0.01777726074703136
GEN,lineage,SVM,label,0,RBL-17-0366-1_S113,1,0.31734616271668137
GEN,lineage,SVM,label,0,RBL-17-0393-1_S123,0,0.04378988432331561
GEN,lineage,SVM,label,0,RBL-17-0409-1_S127,0,0.2165383162957859
GEN,lineage,SVM,label,0,RBL-17-0411-1_S128,0,0.02230643444703502
GEN,lineage,SVM,label,0,RBL-17-0428-1_S70,0,0.07423768920004951
GEN,lineage,SVM,label,0,RBL-17-0429-1_S130,0,0.01608143875966147
GEN,lineage,SVM,label,0,RBL-18-0010-1_S159,0,0.0038942465014575444
GEN,lineage,SVM,label,0,RBL-18-0019-1_S41,0,0.006715718843486185
GEN,lineage,SVM,label,0,RBL-18-0032-1_S167,0,0.9566214100826619
GEN,lineage,SVM,label,0,RBL-18-0055-1_S170,0,0.4669108011920932
GEN,lineage,SVM,label,0,RBT-17-0011-1_S19,0,0.11273069158983189
GEN,lineage,SVM,label,0,RBT-17-0024-1_S23,0,0.015490763327682386
GEN,lineage,SVM,label,0,RBT-17-0033-1_S12,1,0.715839340143575
GEN,lineage,SVM,label,0,RBT-17-0082-1_S30,0,0.010091667697719704
GEN,lineage,SVM,label,0,RBT-17-0090-1_S32,0,0.0014123986374697313
GEN,lineage,SVM,label,0,RBT-17-0097-1_S34,1,0.4494776234533135
GEN,lineage,SVM,label,0,RBT-17-0100-1_S36,0,0.05106742410331582
GEN,lineage,SVM,label,0,RBT-17-0109-1_S40,0,0.01165167135168184
GEN,lineage,SVM,label,0,RBT-17-0142-1_S53,0,0.0575318180250601
GEN,lineage,SVM,label,0,RBT-17-0150-1_S54,0,0.037937346258352767
GEN,lineage,SVM,label,0,RBT-17-0156-1_S56,0,0.12100125929051508
GEN,lineage,SVM,label,0,RBT-17-0183-1_S67,0,0.04530165044897004
GEN,lineage,SVM,label,0,RBT-17-0228-1_S10,0,0.05325951406283093
GEN,lineage,SVM,label,0,RBT-17-0243-1_S11,0,0.06810202847476246
GEN,lineage,SVM,label,0,RBT-17-0337-1_S19,0,0.024180693095946126
GEN,lineage,SVM,label,0,RBT-18-0030-1_S69,0,0.014550177294434261
GEN,lineage,SVM,label,0,RBT-18-0057-1_S38,1,0.0002935980970595221
GEN,lineage,SVM,label,0,RBT-18-0066-1_S40,0,0.10433841476493606
GEN,lineage,SVM,label,0,RBT-18-0091-1_S42,0,0.2803803927090875
GEN,lineage,SVM,label,0,RBT-18-0101-1_S22,0,0.036950232258781426
GEN,lineage,SVM,label,0,RBT-18-0113-1_S44,0,0.055056143855255035
GEN,lineage,SVM,label,0,RBT-18-0134-1_S29,0,0.12604724002421974
GEN,lineage,SVM,label,0,RBT-18-0164-1_S34,0,0.11938658095447584
GEN,lineage,SVM,label,0,RBT-18-0184-1_S38,1,0.09995934516307375
GEN,lineage,SVM,label,0,RBT-18-0230-1_S45,0,0.0409978100997062
GEN,lineage,SVM,label,0,RBT-18-0236-1_S48,1,0.08436450079961048
GEN,lineage,SVM,label,0,RBT-18-0252-1_S53,0,0.23910041214333136
GEN,lineage,SVM,label,0,RBT-18-0303-1_S20,1,0.31399337696774005
GEN,lineage,SVM,label,0,RBT-18-0317-1_S27,0,0.025130288338816763
GEN,lineage,SVM,label,0,RBT-18-0360-1_S39,1,0.5038009545265746
GEN,lineage,SVM,label,0,ResetH10_S1_L001,1,0.06531751327252562
GEN,lineage,SVM,label,0,ResetH16_S2_L001,0,0.9555946709766717
GEN,lineage,SVM,label,0,ResetH24a_S3_2_L001,1,0.5061352433603605
GEN,lineage,SVM,label,0,ResetH68_S1_L001,0,0.0459056577431314
GEN,lineage,SVM,label,0,ResetH89_S3_L001,0,9.520865344469771e-05
GEN,lineage,SVM,label,0,ResetH98_S4_L001,0,0.07056326565243964
GEN,lineage,SVM,label,0,ResetH99_S5_L001,0,0.10635952723962733
GEN,lineage,SVM,label,0,ResetV63_S5_L001,0,0.00293984705546271
GEN,lineage,SVM,label,0,ResetV70_S6_L001,1,0.033808141078415344
GEN,lineage,SVM,label,0,Survcare0111_S29,0,0.0018451534827732298
GEN,lineage,SVM,label,0,Survcare130_S2,0,0.014440035195355144
GEN,lineage,SVM,label,0,Survcare230_S17_L001,1,0.0007763825902321488
GEN,lineage,SVM,label,0,Survcare234_S3_L001,0,0.3899425801008559
GEN,lineage,SVM,label,0,Survcare317_S5_L001,0,0.03798463388651184
GEN,lineage,SVM,label,0,Survcare337_S12,0,0.0038417154921202893
GEN,lineage,SVM,label,0,V168_S9_L001,1,0.9904317174417424
GEN,lineage,SVM,label,0,V173_S6_L001,1,0.00479706758527808
GEN,lineage,SVM,label,0,V228_S8_L001,1,0.3999147782446893
GEN,lineage,SVM,label,0,V229_S10_L001,1,0.3454250242133501
GEN,lineage,SVM,label,0,V41_S2_L001,1,0.7315479502658001
GEN,lineage,SVM,label,0,V64_S3_L001,0,0.0010388634647301145
GEN,lineage,SVM,label,0,V80_S7_L001,0,0.9992441010421826
GEN,lineage,SVM,label,0,V98_S3_L001,1,0.2323473922623681
GEN,lineage,SVM,label,0,W2RBF-17-090-1_S26,0,0.07553897108575053
GEN,lineage,SVM,label,0,W2RBF-17-133-1_S28,0,0.8440610971430187
GEN,lineage,SVM,label,0,wdh-Survcare119_S44,0,0.10643779310569536
GEN,lineage,SVM,label,0,wdhRBF-17-0558-1_S121,0,0.04101119471629831
GEN,lineage,SVM,label,0,wdhRBF-18-0057_S14_L001,0,0.19259691445029906
GEN,lineage,SVM,label,0,wdhRBF-18-0059-1_S15_L001,0,0.6896575810766971
GEN,lineage,SVM,label,0,wdhRBF-18-0081-1_S18_L001,0,0.08497858740502051
GEN,lineage,SVM,label,0,WDHRBG-17-001-1_S82,0,0.05479230667662819
GEN,lineage,SVM,label,0,wNRZ-33910_S81,1,0.8326770267570026
GEN,lineage,SVM,label,0,wRBG-16-026-1_S163,0,0.018324657742149458
GEN,lineage,SVM,label,0,wRBG-16-032-1_S142,0,0.0462444350723472
GEN,lineage,SVM,label,0,wRBG-17-021-1_S166,0,0.2489487433207367
GEN,lineage,SVM,label,0,wRBG-17-022-1_S43,0,0.9987270265696265
GEN,lineage,SVM,label,0,wRBG-17-025-1_S133,0,0.0027933354283355477
GEN,lineage,SVM,label,0,wRBG-17-058-1_S130,0,0.0027291590110514225
GEN,lineage,SVM,label,0,wRBG-17-072-1_S129,0,0.009031349710783575
GEN,lineage,SVM,label,0,wRBG-17-081-1_S117,0,0.014806783208571258
GEN,lineage,SVM,label,0,wRBG-17-100-1_S104,0,0.7325122716066423
GEN,lineage,SVM,label,0,wRBG-17-102-1_S169,0,0.24329150936067576
GEN,lineage,SVM,label,0,WWSurvcare043_S43,0,0.617397009475985
GEN,lineage,SVM,label,1,H100_S2_L001,0,0.001834494617595166
GEN,lineage,SVM,label,1,H113_S6_L001,0,0.009431604897001985
GEN,lineage,SVM,label,1,H136_S7_L001,0,0.019732250295012098
GEN,lineage,SVM,label,1,H153_S1_L001,1,0.01809659319957062
GEN,lineage,SVM,label,1,H154_S2_L001,1,0.03436176214349552
GEN,lineage,SVM,label,1,H160_S3_L001,1,0.016705395341323266
GEN,lineage,SVM,label,1,H164_S3_L001,1,0.015321326664389564
GEN,lineage,SVM,label,1,H176_S5_L001,0,0.02767500120912745
GEN,lineage,SVM,label,1,NNRBG-17-0294-1_S18,0,0.8611466515808132
GEN,lineage,SVM,label,1,NNRBG-17-0308-1_S20,0,0.023244184034016943
GEN,lineage,SVM,label,1,NNRBG-17-0316-1_S23,0,0.00029266578516946244
GEN,lineage,SVM,label,1,NNRBG-17-0382-1_S38,0,0.0002985481815692499
GEN,lineage,SVM,label,1,RBB-18-0129-1_S179,0,0.01998849213371823
GEN,lineage,SVM,label,1,RBB-18-0519-1_S184,0,0.024258855513914133
GEN,lineage,SVM,label,1,RBB-18-0772-1_S192,0,0.4538491095975436
GEN,lineage,SVM,label,1,RBB-18-0826-1_S193,0,0.34236589408014656
GEN,lineage,SVM,label,1,RBB-18-1086-1_S189_2,0,0.7726380105828359
GEN,lineage,SVM,label,1,RBB-18-1312-1_S43,0,0.0029780798423615874
GEN,lineage,SVM,label,1,RBF-17-0508-1_S73,0,0.05900702655591765
GEN,lineage,SVM,label,1,RBF-17-0520-2_S55,1,0.001540003925381038
GEN,lineage,SVM,label,1,RBF-17-0540-1_S83,0,0.010572118511717174
GEN,lineage,SVM,label,1,RBF-17-0653-1_S101,0,0.024258951374321835
GEN,lineage,SVM,label,1,RBF-17-277-1_S73,0,0.00016731183158381397
GEN,lineage,SVM,label,1,RBF-18-0036-1_S7,0,0.0015201461078670816
GEN,lineage,SVM,label,1,RBF-18-0055-1_S11,0,0.9137068184334114
GEN,lineage,SVM,label,1,RBF-18-0087-1_S23,0,0.9824580184864952
GEN,lineage,SVM,label,1,RBF-18-0121-1_S28,1,0.015037897958840713
GEN,lineage,SVM,label,1,RBF-18-0126-1_S31,0,0.030045953501386
GEN,lineage,SVM,label,1,RBF-18-0151-1_S83,0,0.720923196769309
GEN,lineage,SVM,label,1,RBF-18-0172-1_S40,1,0.10874580690268484
GEN,lineage,SVM,label,1,RBF-18-0251-1_S55,0,0.04958699035542794
GEN,lineage,SVM,label,1,RBF-18-0310-1_S36,0,0.9443146882306489
GEN,lineage,SVM,label,1,RBF-18-0333-1_S70,0,0.0002849940189136836
GEN,lineage,SVM,label,1,RBF-18-0338-1_S72,0,0.058965769099782364
GEN,lineage,SVM,label,1,RBF-18-0664-1_S190,0,0.0008619899548855999
GEN,lineage,SVM,label,1,RBG-17-013-1_S16,1,0.038642888798233146
GEN,lineage,SVM,label,1,RBG-17-0269-1_S41,0,0.9378525368628109
GEN,lineage,SVM,label,1,RBG-17-0284-1_S59,0,0.039067557540891494
GEN,lineage,SVM,label,1,RBG-18-0023-1_S2,1,0.8786475649349763
GEN,lineage,SVM,label,1,RBG-18-0041-1_S6,0,0.00035342517029793557
GEN,lineage,SVM,label,1,RBG-18-0054-1_S42,0,9.254131952820558e-05
GEN,lineage,SVM,label,1,RBG-18-0071-1_S44,0,0.00042595595601816567
GEN,lineage,SVM,label,1,RBG-18-0076-1_S10,0,0.8346916819820659
GEN,lineage,SVM,label,1,RBG-18-0113-1_S13_L001,0,0.0012105686396835823
GEN,lineage,SVM,label,1,RBG-18-0193-1_S8,0,0.0005431004270246942
GEN,lineage,SVM,label,1,RBG-18-0202-1_S13_L001,0,0.5572526160916219
GEN,lineage,SVM,label,1,RBG-18-0206-2_S46,0,0.9379971420935964
GEN,lineage,SVM,label,1,RBG-18-0209-2_S46,0,0.007753639168256259
GEN,lineage,SVM,label,1,RBG-18-0211-1_S35,0,0.081755343395481
GEN,lineage,SVM,label,1,RBG-18-0347-1_S22_L001,0,0.7038286669911623
GEN,lineage,SVM,label,1,RBG-18-0358-1_S39,0,0.008929898205517388
GEN,lineage,SVM,label,1,RBG-18-0367-1_S57,0,0.0005902221499960455
GEN,lineage,SVM,label,1,RBG-18-0402-1_S50,0,0.16680039397354368
GEN,lineage,SVM,label,1,RBK-16-073-1_S14,0,0.027872428999833106
GEN,lineage,SVM,label,1,RBK-16-079-1_S15,1,0.12372066822902611
GEN,lineage,SVM,label,1,RBK-17-0595-1_S187,0,0.21579250250680707
GEN,lineage,SVM,label,1,RBK-18-0020-1_S19,0,0.0036838663449205167
GEN,lineage,SVM,label,1,RBK-18-0644-1_S180,0,0.002427702241177704
GEN,lineage,SVM,label,1,RBL-17-0076-1_S32,0,0.0010694483369574613
GEN,lineage,SVM,label,1,RBL-17-0095-1_S147,0,0.006961541138562016
GEN,lineage,SVM,label,1,RBL-17-0144-1_S163,0,0.001752514014806494
GEN,lineage,SVM,label,1,RBL-17-0232-1_S91,0,0.12295541243072587
GEN,lineage,SVM,label,1,RBL-17-0246-1_S94,1,0.009955584243593819
GEN,lineage,SVM,label,1,RBL-17-0263-1_S102,0,0.7139801736924744
GEN,lineage,SVM,label,1,RBL-17-0283-1_S27,0,0.04247130991282111
GEN,lineage,SVM,label,1,RBL-17-0328-1_S117,0,0.0026217251489633673
GEN,lineage,SVM,label,1,RBL-17-0349-1_S105,0,0.99144536484508
GEN,lineage,SVM,label,1,RBL-17-0365-1_S112,0,5.7120987320522954e-05
GEN,lineage,SVM,label,1,RBL-17-0374-1_S116,0,0.062355851399527165
GEN,lineage,SVM,label,1,RBL-17-0383-1_S119,0,0.696288758305047
GEN,lineage,SVM,label,1,RBL-17-0397-1_S125,0,0.30664036686014295
GEN,lineage,SVM,label,1,RBT-16-0045-1_S58,0,0.6988458787239391
GEN,lineage,SVM,label,1,RBT-17-0008-1_S18,0,0.5969327534391902
GEN,lineage,SVM,label,1,RBT-17-0079-1_S29,0,0.011957321668033502
GEN,lineage,SVM,label,1,RBT-17-0084-1_S31,0,0.048396476199760674
GEN,lineage,SVM,label,1,RBT-17-0112-1_S41,0,0.082137243983422
GEN,lineage,SVM,label,1,RBT-17-0113-1_S42,0,0.9280194354183918
GEN,lineage,SVM,label,1,RBT-17-0130-1_S27,0,0.02367281684938152
GEN,lineage,SVM,label,1,RBT-17-0163-1_S59,0,0.03384874534940038
GEN,lineage,SVM,label,1,RBT-17-0167-1_S27,0,0.0167705406573632
GEN,lineage,SVM,label,1,RBT-17-0173-1_S63,0,0.013048602224323028
GEN,lineage,SVM,label,1,RBT-17-0177-1_S65,0,0.00289374645599311
GEN,lineage,SVM,label,1,RBT-17-0177-2_S7,0,0.0016938595531461147
GEN,lineage,SVM,label,1,RBT-17-0217-1_S7,1,0.9582864382536299
GEN,lineage,SVM,label,1,RBT-17-0225-1_S9,0,0.019394896642715452
GEN,lineage,SVM,label,1,RBT-17-0279-1_S12,0,7.69171074966698e-05
GEN,lineage,SVM,label,1,RBT-17-0287-1_S10,0,0.01832623407990663
GEN,lineage,SVM,label,1,RBT-18-0045-1_S70,0,0.010662594441325312
GEN,lineage,SVM,label,1,RBT-18-0050-1_S34,0,0.1941105924783007
GEN,lineage,SVM,label,1,RBT-18-0052-1_S35,0,0.0538987688653252
GEN,lineage,SVM,label,1,RBT-18-0064-1_S15,0,0.003416705849334079
GEN,lineage,SVM,label,1,RBT-18-0080-1_S49,1,0.8614175544513567
GEN,lineage,SVM,label,1,RBT-18-0100-1_S21,0,0.051730851808620214
GEN,lineage,SVM,label,1,RBT-18-0103-1_S24,0,0.3815879466816139
GEN,lineage,SVM,label,1,RBT-18-0115-1_S45,0,0.19598925325627373
GEN,lineage,SVM,label,1,RBT-18-0120-1_S48,0,0.04866414473557817
GEN,lineage,SVM,label,1,RBT-18-0127-1_S51,0,0.07881683199233991
GEN,lineage,SVM,label,1,RBT-18-0129-1_S52,0,0.8064188959390077
GEN,lineage,SVM,label,1,RBT-18-0181-1_S61,0,0.0659077110936521
GEN,lineage,SVM,label,1,RBT-18-0197-1_S40,0,0.0023017478273723324
GEN,lineage,SVM,label,1,RBT-18-0224-1_S43,0,0.16460085402096017
GEN,lineage,SVM,label,1,RBT-18-0231-1_S14,0,2.985653336679254e-05
GEN,lineage,SVM,label,1,RBT-18-0241-1_S50,0,0.0004904806798412548
GEN,lineage,SVM,label,1,RBT-18-0246-1_S52,0,0.04459576325110047
GEN,lineage,SVM,label,1,RBT-18-0269-1_S61,0,0.014096684634408932
GEN,lineage,SVM,label,1,RBT-18-0271-1_S62,0,0.06847517520835561
GEN,lineage,SVM,label,1,RBT-18-0293-1_S71,0,0.02928741989816777
GEN,lineage,SVM,label,1,RBT-18-0339-1_S47,0,0.0008560867100376837
GEN,lineage,SVM,label,1,RBT-18-0341-1_S24,0,0.001000906563680352
GEN,lineage,SVM,label,1,RBT-18-0361-1_S38,0,0.16288656856462988
GEN,lineage,SVM,label,1,RBT-18-0365-1_S30,0,0.0008576774692069106
GEN,lineage,SVM,label,1,ResetH152_S4_L001,1,0.010816795561479603
GEN,lineage,SVM,label,1,ResetH93_S5_L001,1,0.3302929165217511
GEN,lineage,SVM,label,1,ResetV74_S7_L001,0,0.8118310885787324
GEN,lineage,SVM,label,1,Survcare104_S16_L001,1,0.0002967619934032486
GEN,lineage,SVM,label,1,Survcare133_S25,0,0.1245112825083068
GEN,lineage,SVM,label,1,Survcare134_S26,0,0.05911136962837033
GEN,lineage,SVM,label,1,Survcare140_S4_L001,0,0.16265348356110076
GEN,lineage,SVM,label,1,Survcare176_S17_L001,1,0.001976800643576407
GEN,lineage,SVM,label,1,Survcare190_S35,1,0.0002709434676959129
GEN,lineage,SVM,label,1,Survcare221_S7_L001,0,0.0031195055038198654
GEN,lineage,SVM,label,1,Survcare292_S39,0,0.6676144356210689
GEN,lineage,SVM,label,1,Survcare303_S15_L001,0,0.3656109753538572
GEN,lineage,SVM,label,1,Survcare360_S84,0,0.5367136884756118
GEN,lineage,SVM,label,1,V114_S5_L001,0,0.999866600249243
GEN,lineage,SVM,label,1,V116_S6_L001,0,0.7274800506511804
GEN,lineage,SVM,label,1,V120_S5_L001,1,0.5618162040664004
GEN,lineage,SVM,label,1,V123_S1_L001,0,0.0011516397861730339
GEN,lineage,SVM,label,1,V131_S7_L001,1,0.9472952904307426
GEN,lineage,SVM,label,1,V163_S6_L001,1,0.9783568256534787
GEN,lineage,SVM,label,1,V195_S1_L001,1,0.8900978629589531
GEN,lineage,SVM,label,1,V201_S4_L001,0,0.9998926405244767
GEN,lineage,SVM,label,1,V205_S3_L001,0,0.05107378578393349
GEN,lineage,SVM,label,1,V232_S3_L001,0,0.10680073550980415
GEN,lineage,SVM,label,1,V238_S11_L001,1,0.9374262124530889
GEN,lineage,SVM,label,1,V73_S5_L001,1,0.7496232811362529
GEN,lineage,SVM,label,1,V8_S7_L001,0,0.004297403265434862
GEN,lineage,SVM,label,1,V86_S1_L001,1,0.8943054254919953
GEN,lineage,SVM,label,1,V96_S2_L001,1,0.9489553632050682
GEN,lineage,SVM,label,1,wdh-RBL-17-0431-1_S46,0,0.9995793676374023
GEN,lineage,SVM,label,1,wdh2NRZ-29911a_S31,1,0.0005791950758186725
GEN,lineage,SVM,label,1,wdhRBF-18-0025-1_S11_L001,0,0.029671325064753076
GEN,lineage,SVM,label,1,wdhRBF-18-0048-1_S12_L001,0,0.943021890844419
GEN,lineage,SVM,label,1,WDHRBG-16-060-1_S27,0,0.0005603801107961316
GEN,lineage,SVM,label,1,WDHRBG-17-121-1_S46,0,1.855626522819896e-05
GEN,lineage,SVM,label,1,WDHRBG-17-122-1_S48,0,0.975644461753611
GEN,lineage,SVM,label,1,wRBG-16-034-1_S164,0,0.03001301080035913
GEN,lineage,SVM,label,1,wRBG-17-014-1_S167,0,2.572330888995901e-05
GEN,lineage,SVM,label,1,wRBG-17-034-1_S121,0,2.7567406941368927e-05
GEN,lineage,SVM,label,1,wRBG-17-052-1_S120,0,0.3191650370451735
GEN,lineage,SVM,label,1,wRBG-17-082-1_S106,1,0.21712435648608036
GEN,lineage,SVM,label,1,wRBG-17-112-1_S146,0,0.003907453829751525
GEN,lineage,SVM,label,1,wwRBF-16-094-1_S13,0,0.0121100055707705
GEN,lineage,SVM,label,2,H108_S5_L001,0,0.17283079947833524
GEN,lineage,SVM,label,2,H109_S2_L001,0,0.9399092569663665
GEN,lineage,SVM,label,2,H123_S1_L001,1,0.7801593585361626
GEN,lineage,SVM,label,2,H130_S2_L001,1,0.13545623791704223
GEN,lineage,SVM,label,2,H17_S2_L001,0,0.4980113955321103
GEN,lineage,SVM,label,2,H37_S3_L001,0,0.5557443403216795
GEN,lineage,SVM,label,2,H50_S7_L001,1,0.47691221995405375
GEN,lineage,SVM,label,2,NNRBG-17-0198-1_S4,0,0.019980685923766908
GEN,lineage,SVM,label,2,NNRBG-17-0201-1_S6,0,7.16700804858284e-05
GEN,lineage,SVM,label,2,NNRBG-17-0227-1_S8,0,0.01722234843029415
GEN,lineage,SVM,label,2,NNRBG-17-0239-1_S10,0,0.42609441989471514
GEN,lineage,SVM,label,2,NNRBG-17-0255-1_S14,0,0.9807942608279017
GEN,lineage,SVM,label,2,NNRBG-17-0278-1_S16,0,0.21561396729889057
GEN,lineage,SVM,label,2,RBB-18-0674-1_S189,1,0.03719601468019984
GEN,lineage,SVM,label,2,RBB-18-0892-1_S80_2,1,0.7973681347882019
GEN,lineage,SVM,label,2,RBB-18-1212-1_S67_2,0,0.673004140015257
GEN,lineage,SVM,label,2,RBB-18-1406-1_S49,0,0.6714053363401358
GEN,lineage,SVM,label,2,RBB-19-0014-1_S44,0,0.9815596102673333
GEN,lineage,SVM,label,2,RBBK18-0189-1_S24_L001,1,0.06697512697450163
GEN,lineage,SVM,label,2,RBF-17-0195-1_S141,0,0.3155624061950578
GEN,lineage,SVM,label,2,RBF-17-0587-1_S91,0,0.10026747792413158
GEN,lineage,SVM,label,2,RBF-17-0605-1_S94,0,0.1369679996450623
GEN,lineage,SVM,label,2,RBF-17-0614-3_S95,0,0.0047105791282075924
GEN,lineage,SVM,label,2,RBF-17-0645-1_S61,0,0.0017994169534241411
GEN,lineage,SVM,label,2,RBF-17-0648-1_S100,0,0.00015945537941811314
GEN,lineage,SVM,label,2,RBF-17-0664-1_S63,0,0.012072994811258175
GEN,lineage,SVM,label,2,RBF-18-0013-1_S25_L001,0,0.019863960369781348
GEN,lineage,SVM,label,2,RBF-18-0072-1_S16,0,0.14161414787482174
GEN,lineage,SVM,label,2,RBF-18-0123-1_S25_L001,0,0.2178636803963961
GEN,lineage,SVM,label,2,RBF-18-0192-1_S44,0,0.14602866054260605
GEN,lineage,SVM,label,2,RBF-18-0201-1_S49,0,0.025179658863257466
GEN,lineage,SVM,label,2,RBF-18-0253-1_S13_L001,0,0.9703042565098914
GEN,lineage,SVM,label,2,RBF-18-0280-1_S62,0,0.009998592393986155
GEN,lineage,SVM,label,2,RBF-18-0294-1_S64,0,0.09592578127155064
GEN,lineage,SVM,label,2,RBF-18-0296-1_S17,0,0.11401036695691741
GEN,lineage,SVM,label,2,RBG-18-0085-1_S11,1,0.05880180796729903
GEN,lineage,SVM,label,2,RBG-18-0140-1_S14_L001,0,0.028200171466275608
GEN,lineage,SVM,label,2,RBG-18-0144-1_S38,0,9.189290795085718e-05
GEN,lineage,SVM,label,2,RBG-18-0170-1_S41,0,0.0009749629166652079
GEN,lineage,SVM,label,2,RBG-18-0204-1_S23_L001,0,0.015248810043386882
GEN,lineage,SVM,label,2,RBG-18-0223-1_S2,0,0.005080566983489676
GEN,lineage,SVM,label,2,RBG-18-0276-1_S50,0,0.021430669265821385
GEN,lineage,SVM,label,2,RBG-18-0280-1_S51,0,0.11707978860165609
GEN,lineage,SVM,label,2,RBG-18-0300-1_S52,0,0.024809180899697997
GEN,lineage,SVM,label,2,RBG-18-0352-1_S21_L001,0,0.0014004417366201938
GEN,lineage,SVM,label,2,RBK-18-0002-1_S38,1,0.07062802219707622
GEN,lineage,SVM,label,2,RBK-18-0005-1_S18,0,0.0009503245330881571
GEN,lineage,SVM,label,2,RBK-18-0047-1_S20,0,0.10986957259885442
GEN,lineage,SVM,label,2,RBK-18-0062-2_S203,0,0.008309325614036269
GEN,lineage,SVM,label,2,RBK-18-0080-1_S205,0,0.002492269672815981
GEN,lineage,SVM,label,2,RBL-17-0101-1_S148,0,0.062469443811681784
GEN,lineage,SVM,label,2,RBL-17-0108-1_S151,0,0.24588954257081552
GEN,lineage,SVM,label,2,RBL-17-0116-1_S154,0,0.062010533799952666
GEN,lineage,SVM,label,2,RBL-17-0123-1_S157,0,0.012277687384486917
GEN,lineage,SVM,label,2,RBL-17-0155-1_S165,0,0.002538939099201279
GEN,lineage,SVM,label,2,RBL-17-0159-1_S166,0,0.062033454032847164
GEN,lineage,SVM,label,2,RBL-17-0165-1_S167,0,0.4489426245119058
GEN,lineage,SVM,label,2,RBL-17-0205-1_S175,0,0.33106356537316717
GEN,lineage,SVM,label,2,RBL-17-0256-1_S98,0,0.5638174691867293
GEN,lineage,SVM,label,2,RBL-17-0259-1_S99,0,0.22447403627988813
GEN,lineage,SVM,label,2,RBL-17-0274-2_S105,0,0.2538965141452316
GEN,lineage,SVM,label,2,RBL-17-0324-1_S54,0,0.4331297277874555
GEN,lineage,SVM,label,2,RBL-17-0340-1_S102,0,0.2648184680713034
GEN,lineage,SVM,label,2,RBL-17-0342-1_S103,0,0.029211360901081115
GEN,lineage,SVM,label,2,RBL-17-0347-1_S104,0,0.31144552294276057
GEN,lineage,SVM,label,2,RBL-17-0368-1_S114,0,0.1329278843519286
GEN,lineage,SVM,label,2,RBL-17-0375-1_S117,0,0.8215052154695818
GEN,lineage,SVM,label,2,RBL-17-0395-1_S124,0,0.25921590757794793
GEN,lineage,SVM,label,2,RBL-17-0402-1_S126,0,0.1529985821253598
GEN,lineage,SVM,label,2,RBL-17-0434-1_S133,0,0.9578117219679784
GEN,lineage,SVM,label,2,RBL-17-0435-1_S134,0,0.051286036234900065
GEN,lineage,SVM,label,2,RBL-18-0016-1_S161,0,0.056355391637414654
GEN,lineage,SVM,label,2,RBL-18-0022-1_S43,0,0.20654834682275738
GEN,lineage,SVM,label,2,RBL-18-0066-1_S173,0,0.16581683047828683
GEN,lineage,SVM,label,2,RBL-18-0085-1_S176,0,0.5740444471610988
GEN,lineage,SVM,label,2,RBL-18-0131-1_S188_2,1,0.016514230347603423
GEN,lineage,SVM,label,2,RBT-17-0003-1_S16,0,0.016152221352410307
GEN,lineage,SVM,label,2,RBT-17-0019-1_S62,0,0.9497244303482717
GEN,lineage,SVM,label,2,RBT-17-0023-1_S25,0,0.13140173678103778
GEN,lineage,SVM,label,2,RBT-17-0124-1_S46,0,0.21709468710301602
GEN,lineage,SVM,label,2,RBT-17-0165-1_S60,0,0.015546708236507651
GEN,lineage,SVM,label,2,RBT-17-0174-1_S64,0,0.010287594095510605
GEN,lineage,SVM,label,2,RBT-17-0194-1_S30,0,0.001884089158135221
GEN,lineage,SVM,label,2,RBT-17-0210-1_S55,0,0.09664635990431397
GEN,lineage,SVM,label,2,RBT-17-0219-1_S8,0,0.0069377568921886144
GEN,lineage,SVM,label,2,RBT-17-0232-1_S58,1,0.17874770557431544
GEN,lineage,SVM,label,2,RBT-17-0238-1_S59,0,0.0033023044227215364
GEN,lineage,SVM,label,2,RBT-17-0239-1_S60,0,0.09690868535744658
GEN,lineage,SVM,label,2,RBT-17-0251-1_S62,1,0.0105597995346901
GEN,lineage,SVM,label,2,RBT-17-0270-1_S65,0,0.2680241893072026
GEN,lineage,SVM,label,2,RBT-17-0295-1_S15,0,0.022813591347407697
GEN,lineage,SVM,label,2,RBT-18-0023-1_S14,0,0.0002395575643047406
GEN,lineage,SVM,label,2,RBT-18-0027-1_S68,0,0.01577554092484983
GEN,lineage,SVM,label,2,RBT-18-0071-1_S41,0,0.9788264226933676
GEN,lineage,SVM,label,2,RBT-18-0079-1_S16,0,0.24474509186948562
GEN,lineage,SVM,label,2,RBT-18-0095-1_S19,0,0.34942248652371044
GEN,lineage,SVM,label,2,RBT-18-0096-1_S20,0,0.06407024062147927
GEN,lineage,SVM,label,2,RBT-18-0116-1_S46,0,0.44650767916757195
GEN,lineage,SVM,label,2,RBT-18-0121-1_S28,0,0.0057146274778767815
GEN,lineage,SVM,label,2,RBT-18-0125-1_S50,0,0.04838344021139151
GEN,lineage,SVM,label,2,RBT-18-0133-1_S30,0,0.009073771089568921
GEN,lineage,SVM,label,2,RBT-18-0146-1_S55,0,0.0040510237779409815
GEN,lineage,SVM,label,2,RBT-18-0173-1_S35,0,0.0013281163067550283
GEN,lineage,SVM,label,2,RBT-18-0185-1_S39,0,0.0013278135339298025
GEN,lineage,SVM,label,2,RBT-18-0232-1_S47,0,0.919078355484875
GEN,lineage,SVM,label,2,RBT-18-0251-1_S7,0,0.04398674955977501
GEN,lineage,SVM,label,2,RBT-18-0253-1_S54,1,0.8528392262073751
GEN,lineage,SVM,label,2,RBT-18-0288-1_S68,0,0.5737591319055189
GEN,lineage,SVM,label,2,RBT-18-0292-1_S70,0,0.056581338131265056
GEN,lineage,SVM,label,2,RBT-18-0325-1_S44,0,0.6804497556668793
GEN,lineage,SVM,label,2,RBT-18-0338-1_S35,0,0.033851714826557314
GEN,lineage,SVM,label,2,RBT-18-0358-1_S28,0,0.0827161425939347
GEN,lineage,SVM,label,2,RBT-18-0368-1_S32,0,0.55892705421417
GEN,lineage,SVM,label,2,RBT-18-0370-1_S33,0,0.5449564099903345
GEN,lineage,SVM,label,2,ResetH1_S1_L001,0,0.9912228180311041
GEN,lineage,SVM,label,2,ResetH134_S8_L001,0,0.7768835673778249
GEN,lineage,SVM,label,2,ResetH139_S3_L001,0,0.17273970431889757
GEN,lineage,SVM,label,2,ResetH30_S4_L001,0,0.9895210272614519
GEN,lineage,SVM,label,2,ResetH45_S5_L001,0,0.6557253002728003
GEN,lineage,SVM,label,2,ResetV105_S1_L001,0,0.6412372733493669
GEN,lineage,SVM,label,2,ResetV76_S7_L001,0,0.03283879558282402
GEN,lineage,SVM,label,2,Survcare0114_S37,0,0.9492141383957113
GEN,lineage,SVM,label,2,Survcare129_S1,0,0.00046667585290602413
GEN,lineage,SVM,label,2,Survcare184_S19,1,0.011631230526948448
GEN,lineage,SVM,label,2,Survcare254_S36,0,0.010354687392165681
GEN,lineage,SVM,label,2,Survcare262_S23_L001,1,0.05988788824773765
GEN,lineage,SVM,label,2,Survcare275_S38,1,0.005477316997263214
GEN,lineage,SVM,label,2,Survcare289_S36,1,0.45128120545807415
GEN,lineage,SVM,label,2,Survcare291_S38,1,0.008486022666964245
GEN,lineage,SVM,label,2,Survcare293_S40,1,0.5052015359192322
GEN,lineage,SVM,label,2,Survcare309_S20_L001,1,0.7734966245702734
GEN,lineage,SVM,label,2,Survcare313_S24_L001,1,0.2910624938331586
GEN,lineage,SVM,label,2,Survcare318_S20_L001,0,0.06391201748049932
GEN,lineage,SVM,label,2,Survcare319_S16,0,0.0007025790753349612
GEN,lineage,SVM,label,2,Survcare350_S44,0,0.5576196972474294
GEN,lineage,SVM,label,2,V1_S6_L001,1,0.8264513863629326
GEN,lineage,SVM,label,2,V152_S3_L001,1,0.08346474438122761
GEN,lineage,SVM,label,2,V172_S5_L001,1,0.10072895028991427
GEN,lineage,SVM,label,2,V177_S6_L001,0,0.014817248335036734
GEN,lineage,SVM,label,2,V279_S8_L001,1,0.08909465895925218
GEN,lineage,SVM,label,2,V283_S5_L001,1,0.0048051363722512635
GEN,lineage,SVM,label,2,V292_S6_L001,1,0.9663340594309271
GEN,lineage,SVM,label,2,V40_S2_L001,1,0.20976193823236344
GEN,lineage,SVM,label,2,V79_S6_L001,0,0.44416316520864674
GEN,lineage,SVM,label,2,V9_S1_L001,1,0.2033385863549348
GEN,lineage,SVM,label,2,wdh-RBB-16-025-1_S20,0,0.07259782340781673
GEN,lineage,SVM,label,2,wdh-RBL-17-0361-1_S44,0,0.1204475750724867
GEN,lineage,SVM,label,2,WDHRBG-17-0093-1_S1,0,0.024425395581207543
GEN,lineage,SVM,label,2,wNRZ-32446_S79,1,0.3008609090424871
GEN,lineage,SVM,label,2,wRBG-17-023-1_S155,0,0.00046850020589073665
GEN,lineage,SVM,label,2,wRBG-17-075-1_S96,0,0.7483127845721211
GEN,lineage,SVM,label,2,wwRBF-17-148-1_S27,0,0.05856696640178245
GEN,lineage,SVM,label,2,wwRBK-17-0278-1_S41,0,0.013243397217147028
GEN,lineage,SVM,label,2,wwRBL-16-111-1_S16,0,0.9514957729654288
GEN,lineage,SVM,label,3,H105_S3_L001,0,0.4700509414957331
GEN,lineage,SVM,label,3,H148_S4_L001,1,0.33308805245675355
GEN,lineage,SVM,label,3,H3_S1_L001,0,0.8533221298070026
GEN,lineage,SVM,label,3,H51_S5_L001,0,0.4825162733339594
GEN,lineage,SVM,label,3,H53_S4_L001,0,0.4241436472944927
GEN,lineage,SVM,label,3,H71_S1_L001,1,0.5312929626692042
GEN,lineage,SVM,label,3,H86_S1_L001,1,0.29584433701397594
GEN,lineage,SVM,label,3,NNRBG-17-0191-1_S1,1,0.3208328483253882
GEN,lineage,SVM,label,3,NNRBG-17-0234-1_S9,0,0.011955700960901755
GEN,lineage,SVM,label,3,NNRBG-17-0242-1_S11,0,0.3784130375617779
GEN,lineage,SVM,label,3,NNRBG-17-0249-1_S13,0,0.4582690027390936
GEN,lineage,SVM,label,3,NNRBG-17-0287-1_S17,0,0.24338313538021988
GEN,lineage,SVM,label,3,NNRBG-17-0378-1_S37,1,0.3629568408960773
GEN,lineage,SVM,label,3,RBB-17-011-1_S40,0,0.4791218703093108
GEN,lineage,SVM,label,3,RBB-17-171-1_S52,0,0.46090933549906477
GEN,lineage,SVM,label,3,RBB-18-0537-1_S21_L001,0,0.6159629399069987
GEN,lineage,SVM,label,3,RBB-18-0668-1_S188,1,0.3626626090233771
GEN,lineage,SVM,label,3,RBB-18-1309-1_S42,1,0.29516247493209385
GEN,lineage,SVM,label,3,RBB-18-1460-1_S45,1,0.258378440104207
GEN,lineage,SVM,label,3,RBF-16-004-1_S18,0,0.11335093285257324
GEN,lineage,SVM,label,3,RBF-16-060-1_S22,0,0.5112152402834956
GEN,lineage,SVM,label,3,RBF-17-0340-1_S81,0,0.33858709441799084
GEN,lineage,SVM,label,3,RBF-17-0438-1_S9,1,0.4791218703093108
GEN,lineage,SVM,label,3,RBF-17-0467-1_S12,0,0.46743170931890937
GEN,lineage,SVM,label,3,RBF-17-0489-1_S13,0,0.364592150728992
GEN,lineage,SVM,label,3,RBF-17-0513-1_S76,0,0.32865008926677924
GEN,lineage,SVM,label,3,RBF-17-0521-1_S78,0,0.6047125856450639
GEN,lineage,SVM,label,3,RBF-17-0537-1_S56,1,0.4588934796286401
GEN,lineage,SVM,label,3,RBF-17-0553-1_S85,0,0.5161166679363426
GEN,lineage,SVM,label,3,RBF-17-0572-2_S89,0,0.2631833058900925
GEN,lineage,SVM,label,3,RBF-17-067-1_S54,1,0.48884084753340834
GEN,lineage,SVM,label,3,RBF-17-094-1_S56,1,0.4837015482938181
GEN,lineage,SVM,label,3,RBF-17-170-1_S66,1,0.2379703518671501
GEN,lineage,SVM,label,3,RBF-17-186-1_S69,1,0.4791218703093108
GEN,lineage,SVM,label,3,RBF-17-318-1_S77,1,0.663915659143624
GEN,lineage,SVM,label,3,RBF-18-0019-1_S2,1,0.5099796195428165
GEN,lineage,SVM,label,3,RBF-18-0035-1_S6,0,0.9045921744228035
GEN,lineage,SVM,label,3,RBF-18-0068-1_S77,0,0.04646719083877589
GEN,lineage,SVM,label,3,RBF-18-0075-1_S79,1,0.3240384684910322
GEN,lineage,SVM,label,3,RBF-18-0125-1_S30,0,0.0007620673526984954
GEN,lineage,SVM,label,3,RBF-18-0139-1_S35,0,0.0006644892469572138
GEN,lineage,SVM,label,3,RBF-18-0173-1_S27,0,0.4564494394104964
GEN,lineage,SVM,label,3,RBF-18-0174-1_S28,1,0.4294994363057795
GEN,lineage,SVM,label,3,RBF-18-0179-1_S29,0,0.2791882866729134
GEN,lineage,SVM,label,3,RBF-18-0187-1_S31,0,0.5654160592534443
GEN,lineage,SVM,label,3,RBF-18-0194-1_S86,0,0.26728871537023724
GEN,lineage,SVM,label,3,RBF-18-0196-1_S46,0,0.1927652657185531
GEN,lineage,SVM,label,3,RBF-18-0199-1_S47,0,0.46241666094058703
GEN,lineage,SVM,label,3,RBF-18-0227-1_S53,0,0.13253968046497658
GEN,lineage,SVM,label,3,RBF-18-0277-1_S61,0,0.3648720151421136
GEN,lineage,SVM,label,3,RBF-18-0585-1_S48,0,0.46572737841080053
GEN,lineage,SVM,label,3,RBF-18-0714-2_S204_2,0,0.3116489228936495
GEN,lineage,SVM,label,3,RBG-17-0351-1_S20_L001,0,0.36066933122847217
GEN,lineage,SVM,label,3,RBG-17-0383-1_S44,0,0.30874171187182187
GEN,lineage,SVM,label,3,RBg-17-123-2_S12,0,0.012149801032096477
GEN,lineage,SVM,label,3,RBG-18-0004-1_S1,0,0.4791218703093108
GEN,lineage,SVM,label,3,RBG-18-0072-1_S8,0,0.4067103465026012
GEN,lineage,SVM,label,3,RBG-18-0099-1_S14,0,0.4791218703093108
GEN,lineage,SVM,label,3,RBG-18-0129-1_S15_L001,0,0.2067894963626002
GEN,lineage,SVM,label,3,RBG-18-0153-1_S14,0,0.4939776507775128
GEN,lineage,SVM,label,3,RBG-18-0177-1_S17_L001,1,0.5448765317579498
GEN,lineage,SVM,label,3,RBG-18-0200-1_S18_L001,1,0.27504848575866003
GEN,lineage,SVM,label,3,RBG-18-0224-1_S24_L001,1,0.4807444050487677
GEN,lineage,SVM,label,3,RBG-18-0279-1_S36,0,0.44721916429372627
GEN,lineage,SVM,label,3,RBG-18-0289-1_S37,1,0.2877965621055333
GEN,lineage,SVM,label,3,RBG-18-0380-1_S48,0,0.4791218703093108
GEN,lineage,SVM,label,3,RBG-18-0388-1_S21_L001,1,0.36088052961139866
GEN,lineage,SVM,label,3,RBG-18-0391-1_S22_L001,1,0.47619832724292155
GEN,lineage,SVM,label,3,RBG-18-0410-1_S12,0,0.3772784459215235
GEN,lineage,SVM,label,3,RBG-18-0421-1_S53,1,0.40195682318136994
GEN,lineage,SVM,label,3,RBG-18-0437-1_S54,0,0.24934414625831353
GEN,lineage,SVM,label,3,RBK-16-124-1_S16,0,0.6051512662136568
GEN,lineage,SVM,label,3,RBK-17-0457-1_S6,1,0.29585281799014895
GEN,lineage,SVM,label,3,RBK-17-0492-1_S8,1,0.22659645776444728
GEN,lineage,SVM,label,3,RBK-17-0588-1_S24,0,0.46814343440308775
GEN,lineage,SVM,label,3,RBK-17-0601-1_S25,0,0.4791218703093108
GEN,lineage,SVM,label,3,RBK-17-0612-1_S27,1,0.47398802945793256
GEN,lineage,SVM,label,3,RBK-17-0655-5_S182,0,0.6293075043036254
GEN,lineage,SVM,label,3,RBK-18-0022-1_S197,0,0.046487733575196824
GEN,lineage,SVM,label,3,RBK-18-0077-1_S212,1,0.47398802945793256
GEN,lineage,SVM,label,3,RBK-18-0236-2_S52_2,0,0.2000929573514968
GEN,lineage,SVM,label,3,RBKk-18-0108-1_S201,0,0.46555596198211213
GEN,lineage,SVM,label,3,RBL-17-0093-1_S146,0,0.3627862625493647
GEN,lineage,SVM,label,3,RBL-17-0107-1_S150,0,0.3459834093008636
GEN,lineage,SVM,label,3,RBL-17-0113-1_S153,1,0.29433348984727575
GEN,lineage,SVM,label,3,RBL-17-0136-1_S161,0,0.04363247968952296
GEN,lineage,SVM,label,3,RBL-17-0199-1_S174,0,0.47469676756396273
GEN,lineage,SVM,label,3,RBL-17-0217-1_S176,0,0.3477860112106673
GEN,lineage,SVM,label,3,RBL-17-0226-1_S41,1,0.45841016614032687
GEN,lineage,SVM,label,3,RBL-17-0242-1_S42,1,0.4748857054898654
GEN,lineage,SVM,label,3,RBL-17-0244-1_S44,0,0.4367506723423736
GEN,lineage,SVM,label,3,RBL-17-0261-1_S100,0,0.007969874565575468
GEN,lineage,SVM,label,3,RBL-17-0264-1_S103,0,0.24024201192581643
GEN,lineage,SVM,label,3,RBL-17-0305-1_S49,1,0.6196084728854997
GEN,lineage,SVM,label,3,RBL-17-0307-1_S51,1,0.4791218703093108
GEN,lineage,SVM,label,3,RBL-17-0323-1_S115,0,0.11787626508113153
GEN,lineage,SVM,label,3,RBL-17-0350-1_S106,0,0.35631963436113545
GEN,lineage,SVM,label,3,RBL-17-0359-1_S66,1,0.271703562054753
GEN,lineage,SVM,label,3,RBL-17-0360-1_S108,0,0.09301117415498093
GEN,lineage,SVM,label,3,RBL-17-0391-1_S122,0,0.46121591270370527
GEN,lineage,SVM,label,3,RBL-17-0392-1_S69,1,0.6196084728854997
GEN,lineage,SVM,label,3,RBL-17-0432-1_S132,0,0.5048088980689592
GEN,lineage,SVM,label,3,RBL-17-060-1_S17,0,0.30751053111081716
GEN,lineage,SVM,label,3,RBL-18-0037-1_S168,0,0.05114715789173247
GEN,lineage,SVM,label,3,RBL-18-0048-1_S44,0,0.6510181263574705
GEN,lineage,SVM,label,3,RBL-18-0059-1_S171,0,0.10692333155597733
GEN,lineage,SVM,label,3,RBL-18-0076-1_S47,0,0.5072381905797276
GEN,lineage,SVM,label,3,RBL-18-0090-1_S48,0,0.4733577781073565
GEN,lineage,SVM,label,3,RBL-18-0093-1_S49,0,0.3583890180189965
GEN,lineage,SVM,label,3,RBL-18-0098-1_S178,0,0.4852961990991132
GEN,lineage,SVM,label,3,RBL-18-0194-1_S195_2,1,0.13520590601952806
GEN,lineage,SVM,label,3,RBL-18-0343-1_S6,0,0.4726033298359823
GEN,lineage,SVM,label,3,RBL-18-0467-1_S228_2,1,0.26584502827844264
GEN,lineage,SVM,label,3,RBL-18-0500-1_S230_2,0,0.663550074395951
GEN,lineage,SVM,label,3,RBT-16-0024-1_S10,1,0.6098175829803123
GEN,lineage,SVM,label,3,RBT-16-0038-1_S11,0,0.29002191601371097
GEN,lineage,SVM,label,3,RBT-17-0009-1_S21,0,0.22828217551421226
GEN,lineage,SVM,label,3,RBT-17-0039-1_S28,1,0.3003985254058773
GEN,lineage,SVM,label,3,RBT-17-0102-1_S37,0,0.43279395745908533
GEN,lineage,SVM,label,3,RBT-17-0149-1_S13,0,0.22662197955881164
GEN,lineage,SVM,label,3,RBT-17-0188-1_S68,0,0.8547384152462231
GEN,lineage,SVM,label,3,RBT-17-0249-1_S61,1,0.5015786543706309
GEN,lineage,SVM,label,3,RBT-17-0328-1_S16,0,0.4732343466768938
GEN,lineage,SVM,label,3,RBT-17-0339-1_S20,0,0.6594390347256105
GEN,lineage,SVM,label,3,RBT-18-0021-1_S56,1,0.4791218703093108
GEN,lineage,SVM,label,3,RBT-18-0053-1_S36,1,0.5487639443180523
GEN,lineage,SVM,label,3,RBT-18-0179-1_S37,0,0.3471730691725197
GEN,lineage,SVM,label,3,RBT-18-0205-1_S6,1,0.6334288539879951
GEN,lineage,SVM,label,3,RBT-18-0227-1_S46,1,0.5369844498182318
GEN,lineage,SVM,label,3,RBT-18-0234-1_S15,1,0.6589520222865315
GEN,lineage,SVM,label,3,RBT-18-0265-1_S59,0,0.21083284307643918
GEN,lineage,SVM,label,3,RBT-18-0278-1_S64,0,0.3872581407206896
GEN,lineage,SVM,label,3,RBT-18-0284-1_S66,1,0.6301551757626539
GEN,lineage,SVM,label,3,RBT-18-0296-1_S72,1,0.557636621709392
GEN,lineage,SVM,label,3,RBT-18-0308-1_S34,0,0.48269567860979945
GEN,lineage,SVM,label,3,RBT-18-0324-1_S57,1,0.6516510110220993
GEN,lineage,SVM,label,3,RBT-18-0335-1_S41,1,0.4709911992764995
GEN,lineage,SVM,label,3,RBT-18-0337-1_S46,0,0.1336816403856638
GEN,lineage,SVM,label,3,RBT-18-0351-1_S48,0,0.2689577050434166
GEN,lineage,SVM,label,3,RBT-18-0363-1_S72,1,0.7005022530137115
GEN,lineage,SVM,label,3,RBT-18-0372-1_S31,0,0.6953202718748271
GEN,lineage,SVM,label,3,RBT-18-0391-1_S35,0,0.31271325916407444
GEN,lineage,SVM,label,3,RBT-18-0392-1_S56,0,0.5401735643707278
GEN,lineage,SVM,label,3,RBT-18-0401-1_S43,0,0.6362544172708015
GEN,lineage,SVM,label,3,ResetH127_S6_L001,1,0.27294144913982143
GEN,lineage,SVM,label,3,ResetH129_S7_L001,1,0.3775524298017962
GEN,lineage,SVM,label,3,ResetH131_S7_L001,0,0.47211898633205385
GEN,lineage,SVM,label,3,ResetH132_S1_L001,0,0.4657729684277004
GEN,lineage,SVM,label,3,ResetH49b_S6_L001,0,0.21238674810697672
GEN,lineage,SVM,label,3,ResetH63_S7_L001,0,0.4791218703093108
GEN,lineage,SVM,label,3,ResetH75_S2_L001,1,0.4785928384517308
GEN,lineage,SVM,label,3,ResetV260_S5_L001,0,0.49613750075951646
GEN,lineage,SVM,label,3,Survcare187_S32,0,0.6591527730744093
GEN,lineage,SVM,label,3,Survcare236_S5_L001,1,0.5643053986893523
GEN,lineage,SVM,label,3,Survcare253_S35,0,0.06926402835680963
GEN,lineage,SVM,label,3,Survcare265_S20,1,0.3034163010133479
GEN,lineage,SVM,label,3,Survcare327_S1,0,0.4609887876340254
GEN,lineage,SVM,label,3,Survcare329_S3,0,0.9139552062359246
GEN,lineage,SVM,label,3,Survcare341_S25,0,0.07418084102195557
GEN,lineage,SVM,label,3,V108_S2_L001,0,0.513792580472083
GEN,lineage,SVM,label,3,V111_S3_L001,0,0.27774826691063115
GEN,lineage,SVM,label,3,V113_S3_L001,0,0.8902913001520707
GEN,lineage,SVM,label,3,V282_S4_L001,0,0.17254117166109212
GEN,lineage,SVM,label,3,V291_S5_L001,1,0.4257321731162495
GEN,lineage,SVM,label,3,V295_S7_L001,0,0.491902787179141
GEN,lineage,SVM,label,3,V89_S1_L001,0,0.8334340659370664
GEN,lineage,SVM,label,3,W2RBK-17-168-1_S33,0,0.3853450647849481
GEN,lineage,SVM,label,3,W2RBK-17-169-1_S34,0,0.1492392428889818
GEN,lineage,SVM,label,3,W2RBL-16-018-1_S15,1,0.28020209413466507
GEN,lineage,SVM,label,3,wdh-RBB-17-170-1_S16,0,0.4962032191086516
GEN,lineage,SVM,label,3,wdh-RBF-17-0572-1_S43,0,0.30135653322413164
GEN,lineage,SVM,label,3,wdhRBF-10-0002-1_S10_L001,1,0.6701708152552053
GEN,lineage,SVM,label,3,wdhRBF-17-0567-1_S122,0,0.3466200573313806
GEN,lineage,SVM,label,3,wdhRBF-18-0049-1_S13_L001,0,0.009773606405064077
GEN,lineage,SVM,label,3,WDHRBG-16-049-1_S87,0,0.6528794069426362
GEN,lineage,SVM,label,3,WDHRBG-17-008-1_S83,0,0.10011050638606929
GEN,lineage,SVM,label,3,wRBF-17-0146-1_S35,1,0.5015786543706309
GEN,lineage,SVM,label,3,wRBG-16-033-1_S153,0,0.2941532793772042
GEN,lineage,SVM,label,3,wRBG-17-055-1_S163,0,0.6270545485413338
GEN,lineage,SVM,label,3,wRBG-17-057-1_S141,0,0.15048728960978502
GEN,lineage,SVM,label,3,wRBG-17-106-1_S125,1,0.2205606701239603
GEN,lineage,SVM,label,3,wwRBB-16-112-1_S1,1,0.43847639896320006
GEN,lineage,SVM,label,3,wwRBF-16-007-1_S10,1,0.4311588719671568
GEN,lineage,SVM,label,3,wwRBF-17-167-1_S31,1,0.14259719132256102
GEN,lineage,SVM,label,3,wwRBF-17-189-1_S32,1,0.374274808877537
GEN,lineage,SVM,label,3,wwRBF-17-209-1_S34,1,0.2225036601709142
GEN,lineage,SVM,label,3,wwRBK-16-023-1_S5,0,0.11725346592757635
GEN,lineage,SVM,label,3,wwRBK-17-0148-1_S37,1,0.43694501261922947
GEN,lineage,SVM,label,3,wwRBK-17-0148-2_S38,1,0.4524777845651442
GEN,lineage,SVM,label,3,wwRBK-17-0197-1_S39,1,0.4749896899214672
GEN,lineage,SVM,label,3,wwRBK-17-075-1_S28,1,0.49639352557183664
GEN,lineage,SVM,label,3,wwRBL-17-004-1_S44,1,0.5950424081696504
GEN,lineage,SVM,label,4,H119_S7_L001,1,0.13636871915139664
GEN,lineage,SVM,label,4,H157_S3_L001,0,0.7158476594313894
GEN,lineage,SVM,label,4,H38_S4_L001,0,0.7746032119640369
GEN,lineage,SVM,label,4,H66_S1_L001,1,0.041160411789053504
GEN,lineage,SVM,label,4,H69_S6_L001,0,0.9809044113834894
GEN,lineage,SVM,label,4,H83_S7_L001,0,0.27182845470218725
GEN,lineage,SVM,label,4,NNRBG-17-0193-1_S2,0,0.013727001949044302
GEN,lineage,SVM,label,4,NNRBG-17-0243-1_S12,0,0.01715751056070288
GEN,lineage,SVM,label,4,NNRBG-17-0298-1_S19,0,0.11507650306578918
GEN,lineage,SVM,label,4,NNRBG-17-0346-1_S30,0,0.04310078991078423
GEN,lineage,SVM,label,4,RBB-18-0546-1_S22_L001,0,0.004000169782662756
GEN,lineage,SVM,label,4,RBB-18-0665-1_S23_L001,0,0.9497026729216097
GEN,lineage,SVM,label,4,RBB-18-0972-1_S203_2,1,0.4104383833532773
GEN,lineage,SVM,label,4,RBB-18-1393-1_S48,0,0.04635253260804461
GEN,lineage,SVM,label,4,RBF-16-073-1_S23,0,0.8256617801688061
GEN,lineage,SVM,label,4,RBF-17-0178-1_S139,0,0.8916855533818764
GEN,lineage,SVM,label,4,RBF-17-0424-1_S15,0,0.0400877174961486
GEN,lineage,SVM,label,4,RBF-17-0450-1_S10,0,0.06661026147262593
GEN,lineage,SVM,label,4,RBF-17-0523-1_S30,0,0.08571493854340692
GEN,lineage,SVM,label,4,RBF-17-0532-1_S80,0,0.41554768780042883
GEN,lineage,SVM,label,4,RBF-17-0532-2_S31,0,0.3642253893618788
GEN,lineage,SVM,label,4,RBF-17-0616-1_S96,0,0.5223108361053606
GEN,lineage,SVM,label,4,RBF-17-0630-1_S59,0,0.007305173631195091
GEN,lineage,SVM,label,4,RBF-17-0632-1_S97,0,0.13875942684279122
GEN,lineage,SVM,label,4,RBF-17-266-1_S70,1,0.1688611968300868
GEN,lineage,SVM,label,4,RBF-18-0027-1_S5,1,0.0010055676146485464
GEN,lineage,SVM,label,4,RBF-18-0064-2_S14,0,0.009150075231610134
GEN,lineage,SVM,label,4,RBF-18-0069-1_S78,1,0.9904976563953866
GEN,lineage,SVM,label,4,RBF-18-0088-1_S24,1,0.03149987152728297
GEN,lineage,SVM,label,4,RBF-18-0093-1_S80,1,0.005836892921680285
GEN,lineage,SVM,label,4,RBF-18-0099-1_S26,0,0.13770127469589627
GEN,lineage,SVM,label,4,RBF-18-0132-1_S26,0,0.01676202620992512
GEN,lineage,SVM,label,4,RBF-18-0135-1_S34,1,0.22631602854410818
GEN,lineage,SVM,label,4,RBF-18-0147-1_S36,0,0.6125549008654179
GEN,lineage,SVM,label,4,RBF-18-0163-2_S39,0,0.39988113271926434
GEN,lineage,SVM,label,4,RBF-18-0200-1_S48,0,0.7509472401609159
GEN,lineage,SVM,label,4,RBF-18-0208-2_S11_L001,0,0.23276084603582498
GEN,lineage,SVM,label,4,RBF-18-0252-1_S56,0,0.0005617480298846943
GEN,lineage,SVM,label,4,RBF-18-0259-1_S33,0,0.8373527332058881
GEN,lineage,SVM,label,4,RBF-18-0282-1_S63,0,0.09595607534129481
GEN,lineage,SVM,label,4,RBF-18-0321-1_S69,0,0.013772871111000921
GEN,lineage,SVM,label,4,RBF-18-0339-1_S37,0,0.8663385055176367
GEN,lineage,SVM,label,4,RBF-18-0634-1_S183,0,0.2039872611260548
GEN,lineage,SVM,label,4,RBG-18-0077-1_S9,1,0.17106308150396934
GEN,lineage,SVM,label,4,RBG-18-0083-1_S12,0,0.000602313121891039
GEN,lineage,SVM,label,4,RBG-18-0108-1_S16,0,0.14758874528484042
GEN,lineage,SVM,label,4,RBG-18-0166-1_S10_L001,0,0.04878313535665588
GEN,lineage,SVM,label,4,RBG-18-0194-1_S45,0,0.0030312534016678793
GEN,lineage,SVM,label,4,RBG-18-0239-1_S4,0,0.00493806727676024
GEN,lineage,SVM,label,4,RBG-18-0308-1_S54,0,0.0075016351868417335
GEN,lineage,SVM,label,4,RBG-18-0312-1_S55,0,0.057603461803794005
GEN,lineage,SVM,label,4,RBG-18-0355-1_S19_L001,0,0.06881158264104106
GEN,lineage,SVM,label,4,RBG-18-0381-1_S49,0,0.24022473942001912
GEN,lineage,SVM,label,4,RBG-18-0417-1_S52,0,0.8336105876343236
GEN,lineage,SVM,label,4,RBK-17-049-1_S62,0,0.04493839446314744
GEN,lineage,SVM,label,4,RBK-18-0060-1_S22,0,0.046183099265787474
GEN,lineage,SVM,label,4,RBK-18-0104-1_S206,0,0.002415469036651746
GEN,lineage,SVM,label,4,RBL-17-0118-1_S156,0,0.007975058671771042
GEN,lineage,SVM,label,4,RBL-17-0172-1_S170,0,0.011411143240844412
GEN,lineage,SVM,label,4,RBL-17-0189-1_S172,0,0.0004406745701204691
GEN,lineage,SVM,label,4,RBL-17-0306-1_S50,1,0.0030255999198351177
GEN,lineage,SVM,label,4,RBL-17-0320-1_S114,0,0.003596255306785448
GEN,lineage,SVM,label,4,RBL-17-0327-1_S116,0,0.104229524927688
GEN,lineage,SVM,label,4,RBL-17-0332-1_S118,0,0.9742463666466515
GEN,lineage,SVM,label,4,RBL-17-0390-1_S121,0,0.10313979614550742
GEN,lineage,SVM,label,4,RBL-17-075-1_S18,1,0.016060553392380727
GEN,lineage,SVM,label,4,RBL-18-0002-1_S158,0,0.024783060878400584
GEN,lineage,SVM,label,4,RBL-18-0021-1_S42,0,0.2533881330231707
GEN,lineage,SVM,label,4,RBL-18-0242-1_S51,0,0.0007612244621800968
GEN,lineage,SVM,label,4,RBT-17-0022-1_S24,0,0.12258044908646076
GEN,lineage,SVM,label,4,RBT-17-0027-1_S3,0,0.06986759672981355
GEN,lineage,SVM,label,4,RBT-17-0099-1_S35,0,0.0012277116927363733
GEN,lineage,SVM,label,4,RBT-17-0107-1_S39,0,0.004241817397075295
GEN,lineage,SVM,label,4,RBT-17-0118-1_S45,0,0.8223834220600045
GEN,lineage,SVM,label,4,RBT-17-0133-1_S6,0,0.9288560115406558
GEN,lineage,SVM,label,4,RBT-17-0138-1_S52,0,0.029976286198894614
GEN,lineage,SVM,label,4,RBT-17-0161-1_S57,0,0.17422215632059024
GEN,lineage,SVM,label,4,RBT-17-0168-1_S61,0,0.022609051837985047
GEN,lineage,SVM,label,4,RBT-17-0178-1_S66,0,0.00480322754472074
GEN,lineage,SVM,label,4,RBT-17-0256-1_S25,0,0.09513245053301171
GEN,lineage,SVM,label,4,RBT-17-0285-1_S66,0,0.9737542380886788
GEN,lineage,SVM,label,4,RBT-17-0291-1_S14,1,0.1218685738908333
GEN,lineage,SVM,label,4,RBT-18-0004-1_S51,1,0.9771229645301835
GEN,lineage,SVM,label,4,RBT-18-0017-1_S67,0,0.17647442004500785
GEN,lineage,SVM,label,4,RBT-18-0042-1_S60,0,0.6602584568888717
GEN,lineage,SVM,label,4,RBT-18-0046-1_S2,0,0.12974794406962512
GEN,lineage,SVM,label,4,RBT-18-0056-1_S37,0,0.05622931299603996
GEN,lineage,SVM,label,4,RBT-18-0102-1_S23,0,0.03503573305701846
GEN,lineage,SVM,label,4,RBT-18-0110-1_S27,0,0.0023339988147851407
GEN,lineage,SVM,label,4,RBT-18-0122-1_S63,0,0.025195507071823026
GEN,lineage,SVM,label,4,RBT-18-0141-1_S32,0,0.4564641384913072
GEN,lineage,SVM,label,4,RBT-18-0247-1_S16,1,0.940173830740457
GEN,lineage,SVM,label,4,RBT-18-0259-1_S55,0,0.014540589314472392
GEN,lineage,SVM,label,4,RBT-18-0263-1_S58,0,0.0017655385941262786
GEN,lineage,SVM,label,4,RBT-18-0275-1_S63,0,0.15217251490951178
GEN,lineage,SVM,label,4,RBT-18-0283-1_S65,0,0.28384061447454395
GEN,lineage,SVM,label,4,RBT-18-0316-1_S43,0,0.17572293373583123
GEN,lineage,SVM,label,4,RBT-18-0331-1_S22,0,0.5636698035877316
GEN,lineage,SVM,label,4,RBT-18-0334-1_S23,0,0.07381054325801185
GEN,lineage,SVM,label,4,RBT-18-0340-1_S36,0,0.0906143718639096
GEN,lineage,SVM,label,4,RBT-18-0357-1_S27,0,0.0007115730911111216
GEN,lineage,SVM,label,4,RBT-18-0364-1_S29,0,0.23119937775387334
GEN,lineage,SVM,label,4,RBT-18-0377-1_S1,0,0.02007125226689166
GEN,lineage,SVM,label,4,RBT-18-0384-1_S40,0,0.15708892719752024
GEN,lineage,SVM,label,4,RBT-18-0385-1_S34,0,0.006051767031934953
GEN,lineage,SVM,label,4,ResetH115_S6_L001,0,0.12523995594283804
GEN,lineage,SVM,label,4,ResetH44_S3_L001,1,0.36215192026330445
GEN,lineage,SVM,label,4,ResetH8_S2_L001,0,0.035875802754960336
GEN,lineage,SVM,label,4,ResetH92_S4_L001,0,0.9846739081662014
GEN,lineage,SVM,label,4,ResetV143_S2_L001,1,0.019703060838474312
GEN,lineage,SVM,label,4,ResetV161_S3_L001,0,0.02365954110392571
GEN,lineage,SVM,label,4,ResetV210_S4_L001,1,0.7108356704970332
GEN,lineage,SVM,label,4,ResetV288_S6_L001,1,0.988909860582057
GEN,lineage,SVM,label,4,RPG-18-0435-1_S32,0,0.054035426782916715
GEN,lineage,SVM,label,4,Survcare052_S22,0,0.41694003579151345
GEN,lineage,SVM,label,4,Survcare058_S26,0,0.010923066034405893
GEN,lineage,SVM,label,4,Survcare125_S25,1,0.4195679396929647
GEN,lineage,SVM,label,4,Survcare244_S9_L001,0,0.38648011445862074
GEN,lineage,SVM,label,4,Survcare278_S62,1,0.9494408577116809
GEN,lineage,SVM,label,4,Survcare295_S8_L001,0,0.09679410416801817
GEN,lineage,SVM,label,4,Survcare310_S21_L001,1,0.2621708923689147
GEN,lineage,SVM,label,4,Survcare321_S18,0,0.013118440783264516
GEN,lineage,SVM,label,4,Survcare334_S10,0,0.45026124139106494
GEN,lineage,SVM,label,4,Survcare335_S11,1,0.05337817353236811
GEN,lineage,SVM,label,4,V130_S5_L001,1,0.9833943880884721
GEN,lineage,SVM,label,4,V139_S7_L001,0,0.916659079274486
GEN,lineage,SVM,label,4,V153_S4_L001,1,0.5561443348834599
GEN,lineage,SVM,label,4,V155_S5_L001,1,0.381651026484057
GEN,lineage,SVM,label,4,V158_S4_L001,0,0.6611737490156523
GEN,lineage,SVM,label,4,V182_S6_L001,1,0.9755666864223166
GEN,lineage,SVM,label,4,V183_S7_L001,1,9.691963126988149e-05
GEN,lineage,SVM,label,4,V215_S2_L001,1,0.0008172110049029139
GEN,lineage,SVM,label,4,V268_S12_L001,1,0.9942190940084108
GEN,lineage,SVM,label,4,V271_S13_L001,0,0.9081965457708794
GEN,lineage,SVM,label,4,V289_S5_L001,1,0.9879188603121652
GEN,lineage,SVM,label,4,V71_S4_L001,1,0.1731191805762919
GEN,lineage,SVM,label,4,w2RBG-16-037-1_S34,0,0.09638409550032614
GEN,lineage,SVM,label,4,wdhRBF-17-0564-1_S230,0,0.0017075414901444282
GEN,lineage,SVM,label,4,wdhRBF-18-0080-1_S17_L001,0,0.7145685042572851
GEN,lineage,SVM,label,4,wdhRBF-18-0098-1_S19_L001,0,0.0026428845216857457
GEN,lineage,SVM,label,4,WDHRBG-16-050-1_S40,0,0.7961975046748564
GEN,lineage,SVM,label,4,WDHRBG-16-062-1_S49,0,0.3528246965128872
GEN,lineage,SVM,label,4,WDHRBG-17-005-2_S61,0,0.19935898106491484
GEN,lineage,SVM,label,4,WDHRBG-17-0256-1_S17,0,7.544410362785708e-07
GEN,lineage,SVM,label,4,wdhRBL-17-0370-1_S232,0,0.001604196922176219
GEN,lineage,SVM,label,4,wRBG-16-024-1_S152,0,0.3381864967228033
GEN,lineage,SVM,label,4,wRBG-16-027-1_S174,0,0.02618667240889094
GEN,lineage,SVM,label,4,wRBG-17-028-1_S100,0,4.9350181292819604e-05
GEN,lineage,SVM,label,4,wRBG-17-030-1_S165,0,0.22575609088384713
GEN,lineage,SVM,label,4,wRBG-17-031-1_S154,0,0.000406183760646135
GEN,lineage,SVM,label,4,wRBG-17-047-1_S153,0,0.2274980270450778
GEN,lineage,SVM,label,4,wRBG-17-049-1_S142,0,0.038878172136272635
GEN,lineage,SVM,label,4,wRBG-17-073-1_S118,0,0.6310498910075472
GEN,lineage,SVM,label,4,wRBG-17-110-1_S168,0,0.015153898848310561
GEN,lineage,SVM,label,4,wwRBB-17-031-1_S25,0,0.06774761972486104
GEN,lineage,SVM,label,4,wwRBF-17-251-1_S33,0,0.04419638099035727
GEN,lineage,SVM,label,4,wwRBK-17-0298-1_S42,0,0.031768651693601345
GEN,lineage,RF,label,0,H116_S8_L001,1,0.386
GEN,lineage,RF,label,0,H122_S4_L001,1,0.552
GEN,lineage,RF,label,0,H141_S6_L001,0,0.308
GEN,lineage,RF,label,0,H162_S4_L001,1,0.764
GEN,lineage,RF,label,0,H28_S10_L001,0,0.078
GEN,lineage,RF,label,0,NNRBG-17-0196-1_S3,0,0.06668681318681319
GEN,lineage,RF,label,0,NNRBG-17-0199-1_S5,0,0.06668681318681319
GEN,lineage,RF,label,0,NNRBG-17-0205-1_S7,0,0.268
GEN,lineage,RF,label,0,NNRBG-17-0319-1_S24,0,0.11338119658119658
GEN,lineage,RF,label,0,NNRBG-17-0328-1_S25,0,0.11191060834590245
GEN,lineage,RF,label,0,NNRBG-17-0329-1_S26,0,0.08009090909090909
GEN,lineage,RF,label,0,NNRBG-17-0399-1_S40,0,0.11921830065359476
GEN,lineage,RF,label,0,NNSurvcare045_S41,0,0.63
GEN,lineage,RF,label,0,RBB-18-0490-1_S20_L001,0,0.506
GEN,lineage,RF,label,0,RBB-18-0765-1_S191,0,0.688
GEN,lineage,RF,label,0,RBB-18-1488-1_S46,0,0.07181740481740481
GEN,lineage,RF,label,0,RBB-18-1502-1_S47,1,0.286
GEN,lineage,RF,label,0,RBF-10-0240-1_S12_L001,1,0.07016575646575647
GEN,lineage,RF,label,0,RBF-16-0064-1_S136,0,0.092
GEN,lineage,RF,label,0,RBF-17-0164-1_S137,0,0.12784458041958044
GEN,lineage,RF,label,0,RBF-17-0173-1_S138,0,0.08283333333333333
GEN,lineage,RF,label,0,RBF-17-0194-1_S140,0,0.11338119658119658
GEN,lineage,RF,label,0,RBF-17-0509-1_S74,0,0.138
GEN,lineage,RF,label,0,RBF-17-0538-1_S82,0,0.212
GEN,lineage,RF,label,0,RBF-17-0550-1_S84,0,0.348
GEN,lineage,RF,label,0,RBF-17-0589-1_S92,0,0.11031730769230769
GEN,lineage,RF,label,0,RBF-17-0602-1_S93,0,0.06946319236319236
GEN,lineage,RF,label,0,RBF-17-0635-1_S98,1,0.3
GEN,lineage,RF,label,0,RBF-17-0647-1_S99,0,0.07046575646575645
GEN,lineage,RF,label,0,RBF-17-0651-1_S62,0,0.606
GEN,lineage,RF,label,0,RBF-18-0066-1_S15,0,0.156
GEN,lineage,RF,label,0,RBF-18-0085-1_S21,0,0.054
GEN,lineage,RF,label,0,RBF-18-0086-1_S22,0,0.048
GEN,lineage,RF,label,0,RBF-18-0127-1_S32,0,0.09
GEN,lineage,RF,label,0,RBF-18-0160-1_S37,0,0.576
GEN,lineage,RF,label,0,RBF-18-0184-1_S30,0,0.466
GEN,lineage,RF,label,0,RBF-18-0214-1_S51,0,0.10701060834590247
GEN,lineage,RF,label,0,RBF-18-0217-1_S54,0,0.094
GEN,lineage,RF,label,0,RBF-18-0405-1_S81_2,0,0.388
GEN,lineage,RF,label,0,RBG-18-0012-1_S3,1,0.438
GEN,lineage,RF,label,0,RBG-18-0017-1_S5,0,0.062
GEN,lineage,RF,label,0,RBG-18-0025-1_S9_L001,0,0.052
GEN,lineage,RF,label,0,RBG-18-0029-1_S40,0,0.042394002729296845
GEN,lineage,RF,label,0,RBG-18-0055-1_S43,0,0.09
GEN,lineage,RF,label,0,RBG-18-0185-1_S40,0,0.11051060834590247
GEN,lineage,RF,label,0,RBG-18-0191-1_S11_L001,0,0.07024324515353926
GEN,lineage,RF,label,0,RBG-18-0221-1_S47,1,0.272
GEN,lineage,RF,label,0,RBG-18-0256-1_S8_L001,0,0.08918065545565546
GEN,lineage,RF,label,0,RBG-18-0265-1_S49,0,0.09259883727383726
GEN,lineage,RF,label,0,RBG-18-0301-1_S53,0,0.08561698252727665
GEN,lineage,RF,label,0,RBG-18-0383-1_S37,1,0.394
GEN,lineage,RF,label,0,RBG-18-0394-1_S23_L001,0,0.07569516823046232
GEN,lineage,RF,label,0,RBK-16-007-1_S13,0,0.06
GEN,lineage,RF,label,0,RBK-18-0019-1_S195,0,0.07993848324877736
GEN,lineage,RF,label,0,RBK-18-0037-1_S199,0,0.202
GEN,lineage,RF,label,0,RBK-18-0038-1_S200,0,0.07577777777777778
GEN,lineage,RF,label,0,RBk-18-0216-1_S231_2,0,0.07
GEN,lineage,RF,label,0,RBK-18-0250-1_S235_2,0,0.172
GEN,lineage,RF,label,0,RBK-18-0414-1_S59,0,0.39
GEN,lineage,RF,label,0,RBL-17-0090-1_S145,0,0.04711111111111112
GEN,lineage,RF,label,0,RBL-17-0104-1_S149,0,0.0915
GEN,lineage,RF,label,0,RBL-17-0117-1_S155,0,0.07228883338883338
GEN,lineage,RF,label,0,RBL-17-0129-1_S158,0,0.09587344877344878
GEN,lineage,RF,label,0,RBL-17-0133-1_S159,0,0.09868888888888888
GEN,lineage,RF,label,0,RBL-17-0135-1_S160,0,0.10522941176470588
GEN,lineage,RF,label,0,RBL-17-0138-1_S162,0,0.1023966810966811
GEN,lineage,RF,label,0,RBL-17-0197-1_S173,0,0.07163636363636364
GEN,lineage,RF,label,0,RBL-17-0235-1_S92,0,0.068
GEN,lineage,RF,label,0,RBL-17-0267-1_S104,0,0.204
GEN,lineage,RF,label,0,RBL-17-0300-1_S112,0,0.058
GEN,lineage,RF,label,0,RBL-17-0366-1_S113,1,0.066
GEN,lineage,RF,label,0,RBL-17-0393-1_S123,0,0.0780614269717211
GEN,lineage,RF,label,0,RBL-17-0409-1_S127,0,0.08385464535464536
GEN,lineage,RF,label,0,RBL-17-0411-1_S128,0,0.068
GEN,lineage,RF,label,0,RBL-17-0428-1_S70,0,0.4
GEN,lineage,RF,label,0,RBL-17-0429-1_S130,0,0.08375161505161505
GEN,lineage,RF,label,0,RBL-18-0010-1_S159,0,0.16
GEN,lineage,RF,label,0,RBL-18-0019-1_S41,0,0.04339450549450549
GEN,lineage,RF,label,0,RBL-18-0032-1_S167,0,0.066
GEN,lineage,RF,label,0,RBL-18-0055-1_S170,0,0.232
GEN,lineage,RF,label,0,RBT-17-0011-1_S19,0,0.118
GEN,lineage,RF,label,0,RBT-17-0024-1_S23,0,0.102
GEN,lineage,RF,label,0,RBT-17-0033-1_S12,1,0.09
GEN,lineage,RF,label,0,RBT-17-0082-1_S30,0,0.06277777777777778
GEN,lineage,RF,label,0,RBT-17-0090-1_S32,0,0.0495
GEN,lineage,RF,label,0,RBT-17-0097-1_S34,1,0.342
GEN,lineage,RF,label,0,RBT-17-0100-1_S36,0,0.056
GEN,lineage,RF,label,0,RBT-17-0109-1_S40,0,0.09762941176470588
GEN,lineage,RF,label,0,RBT-17-0142-1_S53,0,0.07445050505050504
GEN,lineage,RF,label,0,RBT-17-0150-1_S54,0,0.057952488687782806
GEN,lineage,RF,label,0,RBT-17-0156-1_S56,0,0.738
GEN,lineage,RF,label,0,RBT-17-0183-1_S67,0,0.112
GEN,lineage,RF,label,0,RBT-17-0228-1_S10,0,0.156
GEN,lineage,RF,label,0,RBT-17-0243-1_S11,0,0.11051060834590247
GEN,lineage,RF,label,0,RBT-17-0337-1_S19,0,0.0710945054945055
GEN,lineage,RF,label,0,RBT-18-0030-1_S69,0,0.0565
GEN,lineage,RF,label,0,RBT-18-0057-1_S38,1,0.13
GEN,lineage,RF,label,0,RBT-18-0066-1_S40,0,0.08096692147721561
GEN,lineage,RF,label,0,RBT-18-0091-1_S42,0,0.11492307692307692
GEN,lineage,RF,label,0,RBT-18-0101-1_S22,0,0.306
GEN,lineage,RF,label,0,RBT-18-0113-1_S44,0,0.07913835004864415
GEN,lineage,RF,label,0,RBT-18-0134-1_S29,0,0.07908999840029253
GEN,lineage,RF,label,0,RBT-18-0164-1_S34,0,0.058
GEN,lineage,RF,label,0,RBT-18-0184-1_S38,1,0.058
GEN,lineage,RF,label,0,RBT-18-0230-1_S45,0,0.07562171945701357
GEN,lineage,RF,label,0,RBT-18-0236-1_S48,1,0.058
GEN,lineage,RF,label,0,RBT-18-0252-1_S53,0,0.416
GEN,lineage,RF,label,0,RBT-18-0303-1_S20,1,0.73
GEN,lineage,RF,label,0,RBT-18-0317-1_S27,0,0.0868572505925447
GEN,lineage,RF,label,0,RBT-18-0360-1_S39,1,0.72
GEN,lineage,RF,label,0,ResetH10_S1_L001,1,0.278
GEN,lineage,RF,label,0,ResetH16_S2_L001,0,0.306
GEN,lineage,RF,label,0,ResetH24a_S3_2_L001,1,0.386
GEN,lineage,RF,label,0,ResetH68_S1_L001,0,0.08212593746123158
GEN,lineage,RF,label,0,ResetH89_S3_L001,0,0.144
GEN,lineage,RF,label,0,ResetH98_S4_L001,0,0.06892307692307692
GEN,lineage,RF,label,0,ResetH99_S5_L001,0,0.09
GEN,lineage,RF,label,0,ResetV63_S5_L001,0,0.094
GEN,lineage,RF,label,0,ResetV70_S6_L001,1,0.39
GEN,lineage,RF,label,0,Survcare0111_S29,0,0.164
GEN,lineage,RF,label,0,Survcare130_S2,0,0.1029
GEN,lineage,RF,label,0,Survcare230_S17_L001,1,0.332
GEN,lineage,RF,label,0,Survcare234_S3_L001,0,0.0855
GEN,lineage,RF,label,0,Survcare317_S5_L001,0,0.662
GEN,lineage,RF,label,0,Survcare337_S12,0,0.112
GEN,lineage,RF,label,0,V168_S9_L001,1,0.518
GEN,lineage,RF,label,0,V173_S6_L001,1,0.088
GEN,lineage,RF,label,0,V228_S8_L001,1,0.236
GEN,lineage,RF,label,0,V229_S10_L001,1,0.24
GEN,lineage,RF,label,0,V41_S2_L001,1,0.72
GEN,lineage,RF,label,0,V64_S3_L001,0,0.1
GEN,lineage,RF,label,0,V80_S7_L001,0,0.264
GEN,lineage,RF,label,0,V98_S3_L001,1,0.384
GEN,lineage,RF,label,0,W2RBF-17-090-1_S26,0,0.3
GEN,lineage,RF,label,0,W2RBF-17-133-1_S28,0,0.31
GEN,lineage,RF,label,0,wdh-Survcare119_S44,0,0.12133333333333333
GEN,lineage,RF,label,0,wdhRBF-17-0558-1_S121,0,0.254
GEN,lineage,RF,label,0,wdhRBF-18-0057_S14_L001,0,0.08733333333333333
GEN,lineage,RF,label,0,wdhRBF-18-0059-1_S15_L001,0,0.028
GEN,lineage,RF,label,0,wdhRBF-18-0081-1_S18_L001,0,0.296
GEN,lineage,RF,label,0,WDHRBG-17-001-1_S82,0,0.058
GEN,lineage,RF,label,0,wNRZ-33910_S81,1,0.334
GEN,lineage,RF,label,0,wRBG-16-026-1_S163,0,0.05703731823731823
GEN,lineage,RF,label,0,wRBG-16-032-1_S142,0,0.0780614269717211
GEN,lineage,RF,label,0,wRBG-17-021-1_S166,0,0.07505808309337722
GEN,lineage,RF,label,0,wRBG-17-022-1_S43,0,0.562
GEN,lineage,RF,label,0,wRBG-17-025-1_S133,0,0.062
GEN,lineage,RF,label,0,wRBG-17-058-1_S130,0,0.0515
GEN,lineage,RF,label,0,wRBG-17-072-1_S129,0,0.05
GEN,lineage,RF,label,0,wRBG-17-081-1_S117,0,0.074
GEN,lineage,RF,label,0,wRBG-17-100-1_S104,0,0.69
GEN,lineage,RF,label,0,wRBG-17-102-1_S169,0,0.37
GEN,lineage,RF,label,0,WWSurvcare043_S43,0,0.616
GEN,lineage,RF,label,1,H100_S2_L001,0,0.036
GEN,lineage,RF,label,1,H113_S6_L001,0,0.116
GEN,lineage,RF,label,1,H136_S7_L001,0,0.264
GEN,lineage,RF,label,1,H153_S1_L001,1,0.258
GEN,lineage,RF,label,1,H154_S2_L001,1,0.262
GEN,lineage,RF,label,1,H160_S3_L001,1,0.256
GEN,lineage,RF,label,1,H164_S3_L001,1,0.26
GEN,lineage,RF,label,1,H176_S5_L001,0,0.182
GEN,lineage,RF,label,1,NNRBG-17-0294-1_S18,0,0.318
GEN,lineage,RF,label,1,NNRBG-17-0308-1_S20,0,0.254
GEN,lineage,RF,label,1,NNRBG-17-0316-1_S23,0,0.1
GEN,lineage,RF,label,1,NNRBG-17-0382-1_S38,0,0.354
GEN,lineage,RF,label,1,RBB-18-0129-1_S179,0,0.228
GEN,lineage,RF,label,1,RBB-18-0519-1_S184,0,0.398
GEN,lineage,RF,label,1,RBB-18-0772-1_S192,0,0.6574
GEN,lineage,RF,label,1,RBB-18-0826-1_S193,0,0.336
GEN,lineage,RF,label,1,RBB-18-1086-1_S189_2,0,0.35
GEN,lineage,RF,label,1,RBB-18-1312-1_S43,0,0.218
GEN,lineage,RF,label,1,RBF-17-0508-1_S73,0,0.216
GEN,lineage,RF,label,1,RBF-17-0520-2_S55,1,0.23
GEN,lineage,RF,label,1,RBF-17-0540-1_S83,0,0.17260317460317462
GEN,lineage,RF,label,1,RBF-17-0653-1_S101,0,0.0332
GEN,lineage,RF,label,1,RBF-17-277-1_S73,0,0.144
GEN,lineage,RF,label,1,RBF-18-0036-1_S7,0,0.046
GEN,lineage,RF,label,1,RBF-18-0055-1_S11,0,0.30660317460317466
GEN,lineage,RF,label,1,RBF-18-0087-1_S23,0,0.344
GEN,lineage,RF,label,1,RBF-18-0121-1_S28,1,0.26
GEN,lineage,RF,label,1,RBF-18-0126-1_S31,0,0.16
GEN,lineage,RF,label,1,RBF-18-0151-1_S83,0,0.304
GEN,lineage,RF,label,1,RBF-18-0172-1_S40,1,0.262
GEN,lineage,RF,label,1,RBF-18-0251-1_S55,0,0.646
GEN,lineage,RF,label,1,RBF-18-0310-1_S36,0,0.474
GEN,lineage,RF,label,1,RBF-18-0333-1_S70,0,0.174
GEN,lineage,RF,label,1,RBF-18-0338-1_S72,0,0.05
GEN,lineage,RF,label,1,RBF-18-0664-1_S190,0,0.498
GEN,lineage,RF,label,1,RBG-17-013-1_S16,1,0.684
GEN,lineage,RF,label,1,RBG-17-0269-1_S41,0,0.208
GEN,lineage,RF,label,1,RBG-17-0284-1_S59,0,0.432
GEN,lineage,RF,label,1,RBG-18-0023-1_S2,1,0.36
GEN,lineage,RF,label,1,RBG-18-0041-1_S6,0,0.308
GEN,lineage,RF,label,1,RBG-18-0054-1_S42,0,0.066
GEN,lineage,RF,label,1,RBG-18-0071-1_S44,0,0.302
GEN,lineage,RF,label,1,RBG-18-0076-1_S10,0,0.284
GEN,lineage,RF,label,1,RBG-18-0113-1_S13_L001,0,0.044
GEN,lineage,RF,label,1,RBG-18-0193-1_S8,0,0.1
GEN,lineage,RF,label,1,RBG-18-0202-1_S13_L001,0,0.38
GEN,lineage,RF,label,1,RBG-18-0206-2_S46,0,0.388
GEN,lineage,RF,label,1,RBG-18-0209-2_S46,0,0.034
GEN,lineage,RF,label,1,RBG-18-0211-1_S35,0,0.362
GEN,lineage,RF,label,1,RBG-18-0347-1_S22_L001,0,0.276
GEN,lineage,RF,label,1,RBG-18-0358-1_S39,0,0.114
GEN,lineage,RF,label,1,RBG-18-0367-1_S57,0,0.108
GEN,lineage,RF,label,1,RBG-18-0402-1_S50,0,0.14
GEN,lineage,RF,label,1,RBK-16-073-1_S14,0,0.65
GEN,lineage,RF,label,1,RBK-16-079-1_S15,1,0.20260317460317462
GEN,lineage,RF,label,1,RBK-17-0595-1_S187,0,0.604
GEN,lineage,RF,label,1,RBK-18-0020-1_S19,0,0.086
GEN,lineage,RF,label,1,RBK-18-0644-1_S180,0,0.116
GEN,lineage,RF,label,1,RBL-17-0076-1_S32,0,0.116
GEN,lineage,RF,label,1,RBL-17-0095-1_S147,0,0.24
GEN,lineage,RF,label,1,RBL-17-0144-1_S163,0,0.32
GEN,lineage,RF,label,1,RBL-17-0232-1_S91,0,0.382
GEN,lineage,RF,label,1,RBL-17-0246-1_S94,1,0.092
GEN,lineage,RF,label,1,RBL-17-0263-1_S102,0,0.274
GEN,lineage,RF,label,1,RBL-17-0283-1_S27,0,0.208
GEN,lineage,RF,label,1,RBL-17-0328-1_S117,0,0.144
GEN,lineage,RF,label,1,RBL-17-0349-1_S105,0,0.348
GEN,lineage,RF,label,1,RBL-17-0365-1_S112,0,0.05
GEN,lineage,RF,label,1,RBL-17-0374-1_S116,0,0.1906031746031746
GEN,lineage,RF,label,1,RBL-17-0383-1_S119,0,0.196
GEN,lineage,RF,label,1,RBL-17-0397-1_S125,0,0.242
GEN,lineage,RF,label,1,RBT-16-0045-1_S58,0,0.598
GEN,lineage,RF,label,1,RBT-17-0008-1_S18,0,0.322
GEN,lineage,RF,label,1,RBT-17-0079-1_S29,0,0.18
GEN,lineage,RF,label,1,RBT-17-0084-1_S31,0,0.234
GEN,lineage,RF,label,1,RBT-17-0112-1_S41,0,0.062
GEN,lineage,RF,label,1,RBT-17-0113-1_S42,0,0.334
GEN,lineage,RF,label,1,RBT-17-0130-1_S27,0,0.354
GEN,lineage,RF,label,1,RBT-17-0163-1_S59,0,0.1946031746031746
GEN,lineage,RF,label,1,RBT-17-0167-1_S27,0,0.16017460317460316
GEN,lineage,RF,label,1,RBT-17-0173-1_S63,0,0.15171428571428572
GEN,lineage,RF,label,1,RBT-17-0177-1_S65,0,0.33
GEN,lineage,RF,label,1,RBT-17-0177-2_S7,0,0.328
GEN,lineage,RF,label,1,RBT-17-0217-1_S7,1,0.926
GEN,lineage,RF,label,1,RBT-17-0225-1_S9,0,0.232
GEN,lineage,RF,label,1,RBT-17-0279-1_S12,0,0.076
GEN,lineage,RF,label,1,RBT-17-0287-1_S10,0,0.472
GEN,lineage,RF,label,1,RBT-18-0045-1_S70,0,0.32
GEN,lineage,RF,label,1,RBT-18-0050-1_S34,0,0.21
GEN,lineage,RF,label,1,RBT-18-0052-1_S35,0,0.20157142857142857
GEN,lineage,RF,label,1,RBT-18-0064-1_S15,0,0.264
GEN,lineage,RF,label,1,RBT-18-0080-1_S49,1,0.488
GEN,lineage,RF,label,1,RBT-18-0100-1_S21,0,0.278
GEN,lineage,RF,label,1,RBT-18-0103-1_S24,0,0.24
GEN,lineage,RF,label,1,RBT-18-0115-1_S45,0,0.06
GEN,lineage,RF,label,1,RBT-18-0120-1_S48,0,0.276
GEN,lineage,RF,label,1,RBT-18-0127-1_S51,0,0.234
GEN,lineage,RF,label,1,RBT-18-0129-1_S52,0,0.328
GEN,lineage,RF,label,1,RBT-18-0181-1_S61,0,0.402
GEN,lineage,RF,label,1,RBT-18-0197-1_S40,0,0.12967460317460316
GEN,lineage,RF,label,1,RBT-18-0224-1_S43,0,0.242
GEN,lineage,RF,label,1,RBT-18-0231-1_S14,0,0.072
GEN,lineage,RF,label,1,RBT-18-0241-1_S50,0,0.056
GEN,lineage,RF,label,1,RBT-18-0246-1_S52,0,0.176
GEN,lineage,RF,label,1,RBT-18-0269-1_S61,0,0.178
GEN,lineage,RF,label,1,RBT-18-0271-1_S62,0,0.238
GEN,lineage,RF,label,1,RBT-18-0293-1_S71,0,0.224
GEN,lineage,RF,label,1,RBT-18-0339-1_S47,0,0.18
GEN,lineage,RF,label,1,RBT-18-0341-1_S24,0,0.324
GEN,lineage,RF,label,1,RBT-18-0361-1_S38,0,0.236
GEN,lineage,RF,label,1,RBT-18-0365-1_S30,0,0.084
GEN,lineage,RF,label,1,ResetH152_S4_L001,1,0.26
GEN,lineage,RF,label,1,ResetH93_S5_L001,1,0.282
GEN,lineage,RF,label,1,ResetV74_S7_L001,0,0.372
GEN,lineage,RF,label,1,Survcare104_S16_L001,1,0.252
GEN,lineage,RF,label,1,Survcare133_S25,0,0.56
GEN,lineage,RF,label,1,Survcare134_S26,0,0.568
GEN,lineage,RF,label,1,Survcare140_S4_L001,0,0.564
GEN,lineage,RF,label,1,Survcare176_S17_L001,1,0.42
GEN,lineage,RF,label,1,Survcare190_S35,1,0.086
GEN,lineage,RF,label,1,Survcare221_S7_L001,0,0.15167460317460316
GEN,lineage,RF,label,1,Survcare292_S39,0,0.63
GEN,lineage,RF,label,1,Survcare303_S15_L001,0,0.558
GEN,lineage,RF,label,1,Survcare360_S84,0,0.48
GEN,lineage,RF,label,1,V114_S5_L001,0,0.688
GEN,lineage,RF,label,1,V116_S6_L001,0,0.21
GEN,lineage,RF,label,1,V120_S5_L001,1,0.282
GEN,lineage,RF,label,1,V123_S1_L001,0,0.094
GEN,lineage,RF,label,1,V131_S7_L001,1,0.286
GEN,lineage,RF,label,1,V163_S6_L001,1,0.574
GEN,lineage,RF,label,1,V195_S1_L001,1,0.412
GEN,lineage,RF,label,1,V201_S4_L001,0,0.688
GEN,lineage,RF,label,1,V205_S3_L001,0,0.27
GEN,lineage,RF,label,1,V232_S3_L001,0,0.064
GEN,lineage,RF,label,1,V238_S11_L001,1,0.542
GEN,lineage,RF,label,1,V73_S5_L001,1,0.578
GEN,lineage,RF,label,1,V8_S7_L001,0,0.426
GEN,lineage,RF,label,1,V86_S1_L001,1,0.576
GEN,lineage,RF,label,1,V96_S2_L001,1,0.582
GEN,lineage,RF,label,1,wdh-RBL-17-0431-1_S46,0,0.694
GEN,lineage,RF,label,1,wdh2NRZ-29911a_S31,1,0.082
GEN,lineage,RF,label,1,wdhRBF-18-0025-1_S11_L001,0,0.22
GEN,lineage,RF,label,1,wdhRBF-18-0048-1_S12_L001,0,0.312
GEN,lineage,RF,label,1,WDHRBG-16-060-1_S27,0,0.08
GEN,lineage,RF,label,1,WDHRBG-17-121-1_S46,0,0.092
GEN,lineage,RF,label,1,WDHRBG-17-122-1_S48,0,0.43
GEN,lineage,RF,label,1,wRBG-16-034-1_S164,0,0.238
GEN,lineage,RF,label,1,wRBG-17-014-1_S167,0,0.094
GEN,lineage,RF,label,1,wRBG-17-034-1_S121,0,0.088
GEN,lineage,RF,label,1,wRBG-17-052-1_S120,0,0.336
GEN,lineage,RF,label,1,wRBG-17-082-1_S106,1,0.352
GEN,lineage,RF,label,1,wRBG-17-112-1_S146,0,0.234
GEN,lineage,RF,label,1,wwRBF-16-094-1_S13,0,0.232
GEN,lineage,RF,label,2,H108_S5_L001,0,0.38
GEN,lineage,RF,label,2,H109_S2_L001,0,0.402
GEN,lineage,RF,label,2,H123_S1_L001,1,0.4
GEN,lineage,RF,label,2,H130_S2_L001,1,0.396
GEN,lineage,RF,label,2,H17_S2_L001,0,0.402
GEN,lineage,RF,label,2,H37_S3_L001,0,0.398
GEN,lineage,RF,label,2,H50_S7_L001,1,0.262
GEN,lineage,RF,label,2,NNRBG-17-0198-1_S4,0,0.108
GEN,lineage,RF,label,2,NNRBG-17-0201-1_S6,0,0.02
GEN,lineage,RF,label,2,NNRBG-17-0227-1_S8,0,0.025794871794871797
GEN,lineage,RF,label,2,NNRBG-17-0239-1_S10,0,0.08348119658119658
GEN,lineage,RF,label,2,NNRBG-17-0255-1_S14,0,0.604
GEN,lineage,RF,label,2,NNRBG-17-0278-1_S16,0,0.186
GEN,lineage,RF,label,2,RBB-18-0674-1_S189,1,0.172
GEN,lineage,RF,label,2,RBB-18-0892-1_S80_2,1,0.522
GEN,lineage,RF,label,2,RBB-18-1212-1_S67_2,0,0.53
GEN,lineage,RF,label,2,RBB-18-1406-1_S49,0,0.376
GEN,lineage,RF,label,2,RBB-19-0014-1_S44,0,0.434
GEN,lineage,RF,label,2,RBBK18-0189-1_S24_L001,1,0.812
GEN,lineage,RF,label,2,RBF-17-0195-1_S141,0,0.452
GEN,lineage,RF,label,2,RBF-17-0587-1_S91,0,0.03240723981900452
GEN,lineage,RF,label,2,RBF-17-0605-1_S94,0,0.368
GEN,lineage,RF,label,2,RBF-17-0614-3_S95,0,0.052
GEN,lineage,RF,label,2,RBF-17-0645-1_S61,0,0.404
GEN,lineage,RF,label,2,RBF-17-0648-1_S100,0,0.204
GEN,lineage,RF,label,2,RBF-17-0664-1_S63,0,0.196
GEN,lineage,RF,label,2,RBF-18-0013-1_S25_L001,0,0.028407239819004525
GEN,lineage,RF,label,2,RBF-18-0072-1_S16,0,0.038
GEN,lineage,RF,label,2,RBF-18-0123-1_S25_L001,0,0.518
GEN,lineage,RF,label,2,RBF-18-0192-1_S44,0,0.17
GEN,lineage,RF,label,2,RBF-18-0201-1_S49,0,0.19
GEN,lineage,RF,label,2,RBF-18-0253-1_S13_L001,0,0.428
GEN,lineage,RF,label,2,RBF-18-0280-1_S62,0,0.348
GEN,lineage,RF,label,2,RBF-18-0294-1_S64,0,0.02723076923076923
GEN,lineage,RF,label,2,RBF-18-0296-1_S17,0,0.06364346764346765
GEN,lineage,RF,label,2,RBG-18-0085-1_S11,1,0.35
GEN,lineage,RF,label,2,RBG-18-0140-1_S14_L001,0,0.366
GEN,lineage,RF,label,2,RBG-18-0144-1_S38,0,0.122
GEN,lineage,RF,label,2,RBG-18-0170-1_S41,0,0.016
GEN,lineage,RF,label,2,RBG-18-0204-1_S23_L001,0,0.412
GEN,lineage,RF,label,2,RBG-18-0223-1_S2,0,0.046
GEN,lineage,RF,label,2,RBG-18-0276-1_S50,0,0.204
GEN,lineage,RF,label,2,RBG-18-0280-1_S51,0,0.424
GEN,lineage,RF,label,2,RBG-18-0300-1_S52,0,0.030407239819004523
GEN,lineage,RF,label,2,RBG-18-0352-1_S21_L001,0,0.1633333333333333
GEN,lineage,RF,label,2,RBK-18-0002-1_S38,1,0.06752503052503053
GEN,lineage,RF,label,2,RBK-18-0005-1_S18,0,0.1272
GEN,lineage,RF,label,2,RBK-18-0047-1_S20,0,0.37
GEN,lineage,RF,label,2,RBK-18-0062-2_S203,0,0.398
GEN,lineage,RF,label,2,RBK-18-0080-1_S205,0,0.146
GEN,lineage,RF,label,2,RBL-17-0101-1_S148,0,0.046
GEN,lineage,RF,label,2,RBL-17-0108-1_S151,0,0.05533333333333333
GEN,lineage,RF,label,2,RBL-17-0116-1_S154,0,0.06490976800976801
GEN,lineage,RF,label,2,RBL-17-0123-1_S157,0,0.12
GEN,lineage,RF,label,2,RBL-17-0155-1_S165,0,0.252
GEN,lineage,RF,label,2,RBL-17-0159-1_S166,0,0.314
GEN,lineage,RF,label,2,RBL-17-0165-1_S167,0,0.36
GEN,lineage,RF,label,2,RBL-17-0205-1_S175,0,0.03723076923076923
GEN,lineage,RF,label,2,RBL-17-0256-1_S98,0,0.418
GEN,lineage,RF,label,2,RBL-17-0259-1_S99,0,0.058
GEN,lineage,RF,label,2,RBL-17-0274-2_S105,0,0.336
GEN,lineage,RF,label,2,RBL-17-0324-1_S54,0,0.362
GEN,lineage,RF,label,2,RBL-17-0340-1_S102,0,0.045064102564102565
GEN,lineage,RF,label,2,RBL-17-0342-1_S103,0,0.07204346764346765
GEN,lineage,RF,label,2,RBL-17-0347-1_S104,0,0.04
GEN,lineage,RF,label,2,RBL-17-0368-1_S114,0,0.03166410256410256
GEN,lineage,RF,label,2,RBL-17-0375-1_S117,0,0.208
GEN,lineage,RF,label,2,RBL-17-0395-1_S124,0,0.0295
GEN,lineage,RF,label,2,RBL-17-0402-1_S126,0,0.03166410256410256
GEN,lineage,RF,label,2,RBL-17-0434-1_S133,0,0.43
GEN,lineage,RF,label,2,RBL-17-0435-1_S134,0,0.03240723981900452
GEN,lineage,RF,label,2,RBL-18-0016-1_S161,0,0.028407239819004525
GEN,lineage,RF,label,2,RBL-18-0022-1_S43,0,0.06879324009324009
GEN,lineage,RF,label,2,RBL-18-0066-1_S173,0,0.07533333333333334
GEN,lineage,RF,label,2,RBL-18-0085-1_S176,0,0.058
GEN,lineage,RF,label,2,RBL-18-0131-1_S188_2,1,0.712
GEN,lineage,RF,label,2,RBT-17-0003-1_S16,0,0.034
GEN,lineage,RF,label,2,RBT-17-0019-1_S62,0,0.514
GEN,lineage,RF,label,2,RBT-17-0023-1_S25,0,0.594
GEN,lineage,RF,label,2,RBT-17-0124-1_S46,0,0.272
GEN,lineage,RF,label,2,RBT-17-0165-1_S60,0,0.17
GEN,lineage,RF,label,2,RBT-17-0174-1_S64,0,0.048
GEN,lineage,RF,label,2,RBT-17-0194-1_S30,0,0.23
GEN,lineage,RF,label,2,RBT-17-0210-1_S55,0,0.03
GEN,lineage,RF,label,2,RBT-17-0219-1_S8,0,0.23
GEN,lineage,RF,label,2,RBT-17-0232-1_S58,1,0.352
GEN,lineage,RF,label,2,RBT-17-0238-1_S59,0,0.312
GEN,lineage,RF,label,2,RBT-17-0239-1_S60,0,0.034
GEN,lineage,RF,label,2,RBT-17-0251-1_S62,1,0.166
GEN,lineage,RF,label,2,RBT-17-0270-1_S65,0,0.432
GEN,lineage,RF,label,2,RBT-17-0295-1_S15,0,0.038
GEN,lineage,RF,label,2,RBT-18-0023-1_S14,0,0.124
GEN,lineage,RF,label,2,RBT-18-0027-1_S68,0,0.032
GEN,lineage,RF,label,2,RBT-18-0071-1_S41,0,0.704
GEN,lineage,RF,label,2,RBT-18-0079-1_S16,0,0.11048395721925133
GEN,lineage,RF,label,2,RBT-18-0095-1_S19,0,0.034
GEN,lineage,RF,label,2,RBT-18-0096-1_S20,0,0.040433333333333335
GEN,lineage,RF,label,2,RBT-18-0116-1_S46,0,0.402
GEN,lineage,RF,label,2,RBT-18-0121-1_S28,0,0.022
GEN,lineage,RF,label,2,RBT-18-0125-1_S50,0,0.036
GEN,lineage,RF,label,2,RBT-18-0133-1_S30,0,0.052
GEN,lineage,RF,label,2,RBT-18-0146-1_S55,0,0.116
GEN,lineage,RF,label,2,RBT-18-0173-1_S35,0,0.184
GEN,lineage,RF,label,2,RBT-18-0185-1_S39,0,0.03
GEN,lineage,RF,label,2,RBT-18-0232-1_S47,0,0.464
GEN,lineage,RF,label,2,RBT-18-0251-1_S7,0,0.098
GEN,lineage,RF,label,2,RBT-18-0253-1_S54,1,0.236
GEN,lineage,RF,label,2,RBT-18-0288-1_S68,0,0.4
GEN,lineage,RF,label,2,RBT-18-0292-1_S70,0,0.06
GEN,lineage,RF,label,2,RBT-18-0325-1_S44,0,0.076
GEN,lineage,RF,label,2,RBT-18-0338-1_S35,0,0.04
GEN,lineage,RF,label,2,RBT-18-0358-1_S28,0,0.042
GEN,lineage,RF,label,2,RBT-18-0368-1_S32,0,0.044
GEN,lineage,RF,label,2,RBT-18-0370-1_S33,0,0.336
GEN,lineage,RF,label,2,ResetH1_S1_L001,0,0.414
GEN,lineage,RF,label,2,ResetH134_S8_L001,0,0.458
GEN,lineage,RF,label,2,ResetH139_S3_L001,0,0.38
GEN,lineage,RF,label,2,ResetH30_S4_L001,0,0.712
GEN,lineage,RF,label,2,ResetH45_S5_L001,0,0.274
GEN,lineage,RF,label,2,ResetV105_S1_L001,0,0.244
GEN,lineage,RF,label,2,ResetV76_S7_L001,0,0.268
GEN,lineage,RF,label,2,Survcare0114_S37,0,0.406
GEN,lineage,RF,label,2,Survcare129_S1,0,0.01
GEN,lineage,RF,label,2,Survcare184_S19,1,0.416
GEN,lineage,RF,label,2,Survcare254_S36,0,0.166
GEN,lineage,RF,label,2,Survcare262_S23_L001,1,0.428
GEN,lineage,RF,label,2,Survcare275_S38,1,0.296
GEN,lineage,RF,label,2,Survcare289_S36,1,0.628
GEN,lineage,RF,label,2,Survcare291_S38,1,0.428
GEN,lineage,RF,label,2,Survcare293_S40,1,0.628
GEN,lineage,RF,label,2,Survcare309_S20_L001,1,0.612
GEN,lineage,RF,label,2,Survcare313_S24_L001,1,0.37
GEN,lineage,RF,label,2,Survcare318_S20_L001,0,0.298
GEN,lineage,RF,label,2,Survcare319_S16,0,0.43
GEN,lineage,RF,label,2,Survcare350_S44,0,0.276
GEN,lineage,RF,label,2,V1_S6_L001,1,0.802
GEN,lineage,RF,label,2,V152_S3_L001,1,0.07043939393939394
GEN,lineage,RF,label,2,V172_S5_L001,1,0.422
GEN,lineage,RF,label,2,V177_S6_L001,0,0.144
GEN,lineage,RF,label,2,V279_S8_L001,1,0.36
GEN,lineage,RF,label,2,V283_S5_L001,1,0.354
GEN,lineage,RF,label,2,V292_S6_L001,1,0.562
GEN,lineage,RF,label,2,V40_S2_L001,1,0.818
GEN,lineage,RF,label,2,V79_S6_L001,0,0.504
GEN,lineage,RF,label,2,V9_S1_L001,1,0.81
GEN,lineage,RF,label,2,wdh-RBB-16-025-1_S20,0,0.174
GEN,lineage,RF,label,2,wdh-RBL-17-0361-1_S44,0,0.0315
GEN,lineage,RF,label,2,WDHRBG-17-0093-1_S1,0,0.276
GEN,lineage,RF,label,2,wNRZ-32446_S79,1,0.612
GEN,lineage,RF,label,2,wRBG-17-023-1_S155,0,0.13
GEN,lineage,RF,label,2,wRBG-17-075-1_S96,0,0.05383333333333333
GEN,lineage,RF,label,2,wwRBF-17-148-1_S27,0,0.038
GEN,lineage,RF,label,2,wwRBK-17-0278-1_S41,0,0.218
GEN,lineage,RF,label,2,wwRBL-16-111-1_S16,0,0.682
GEN,lineage,RF,label,3,H105_S3_L001,0,0.076
GEN,lineage,RF,label,3,H148_S4_L001,1,0.074
GEN,lineage,RF,label,3,H3_S1_L001,0,0.096
GEN,lineage,RF,label,3,H51_S5_L001,0,0.076
GEN,lineage,RF,label,3,H53_S4_L001,0,0.076
GEN,lineage,RF,label,3,H71_S1_L001,1,0.124
GEN,lineage,RF,label,3,H86_S1_L001,1,0.06
GEN,lineage,RF,label,3,NNRBG-17-0191-1_S1,1,0.036
GEN,lineage,RF,label,3,NNRBG-17-0234-1_S9,0,0.056
GEN,lineage,RF,label,3,NNRBG-17-0242-1_S11,0,0.03
GEN,lineage,RF,label,3,NNRBG-17-0249-1_S13,0,0.03
GEN,lineage,RF,label,3,NNRBG-17-0287-1_S17,0,0.316
GEN,lineage,RF,label,3,NNRBG-17-0378-1_S37,1,0.07
GEN,lineage,RF,label,3,RBB-17-011-1_S40,0,0.076
GEN,lineage,RF,label,3,RBB-17-171-1_S52,0,0.106
GEN,lineage,RF,label,3,RBB-18-0537-1_S21_L001,0,0.096
GEN,lineage,RF,label,3,RBB-18-0668-1_S188,1,0.074
GEN,lineage,RF,label,3,RBB-18-1309-1_S42,1,0.072
GEN,lineage,RF,label,3,RBB-18-1460-1_S45,1,0.072
GEN,lineage,RF,label,3,RBF-16-004-1_S18,0,0.064
GEN,lineage,RF,label,3,RBF-16-060-1_S22,0,0.076
GEN,lineage,RF,label,3,RBF-17-0340-1_S81,0,0.218
GEN,lineage,RF,label,3,RBF-17-0438-1_S9,1,0.076
GEN,lineage,RF,label,3,RBF-17-0467-1_S12,0,0.076
GEN,lineage,RF,label,3,RBF-17-0489-1_S13,0,0.076
GEN,lineage,RF,label,3,RBF-17-0513-1_S76,0,0.796
GEN,lineage,RF,label,3,RBF-17-0521-1_S78,0,0.076
GEN,lineage,RF,label,3,RBF-17-0537-1_S56,1,0.074
GEN,lineage,RF,label,3,RBF-17-0553-1_S85,0,0.082
GEN,lineage,RF,label,3,RBF-17-0572-2_S89,0,0.224
GEN,lineage,RF,label,3,RBF-17-067-1_S54,1,0.076
GEN,lineage,RF,label,3,RBF-17-094-1_S56,1,0.086
GEN,lineage,RF,label,3,RBF-17-170-1_S66,1,0.068
GEN,lineage,RF,label,3,RBF-17-186-1_S69,1,0.076
GEN,lineage,RF,label,3,RBF-17-318-1_S77,1,0.094
GEN,lineage,RF,label,3,RBF-18-0019-1_S2,1,0.076
GEN,lineage,RF,label,3,RBF-18-0035-1_S6,0,0.378
GEN,lineage,RF,label,3,RBF-18-0068-1_S77,0,0.2
GEN,lineage,RF,label,3,RBF-18-0075-1_S79,1,0.066
GEN,lineage,RF,label,3,RBF-18-0125-1_S30,0,0.196
GEN,lineage,RF,label,3,RBF-18-0139-1_S35,0,0.192
GEN,lineage,RF,label,3,RBF-18-0173-1_S27,0,0.032
GEN,lineage,RF,label,3,RBF-18-0174-1_S28,1,0.064
GEN,lineage,RF,label,3,RBF-18-0179-1_S29,0,0.378
GEN,lineage,RF,label,3,RBF-18-0187-1_S31,0,0.076
GEN,lineage,RF,label,3,RBF-18-0194-1_S86,0,0.074
GEN,lineage,RF,label,3,RBF-18-0196-1_S46,0,0.068
GEN,lineage,RF,label,3,RBF-18-0199-1_S47,0,0.066
GEN,lineage,RF,label,3,RBF-18-0227-1_S53,0,0.052
GEN,lineage,RF,label,3,RBF-18-0277-1_S61,0,0.068
GEN,lineage,RF,label,3,RBF-18-0585-1_S48,0,0.066
GEN,lineage,RF,label,3,RBF-18-0714-2_S204_2,0,0.062
GEN,lineage,RF,label,3,RBG-17-0351-1_S20_L001,0,0.108
GEN,lineage,RF,label,3,RBG-17-0383-1_S44,0,0.046
GEN,lineage,RF,label,3,RBg-17-123-2_S12,0,0.374
GEN,lineage,RF,label,3,RBG-18-0004-1_S1,0,0.076
GEN,lineage,RF,label,3,RBG-18-0072-1_S8,0,0.03
GEN,lineage,RF,label,3,RBG-18-0099-1_S14,0,0.076
GEN,lineage,RF,label,3,RBG-18-0129-1_S15_L001,0,0.078
GEN,lineage,RF,label,3,RBG-18-0153-1_S14,0,0.092
GEN,lineage,RF,label,3,RBG-18-0177-1_S17_L001,1,0.088
GEN,lineage,RF,label,3,RBG-18-0200-1_S18_L001,1,0.074
GEN,lineage,RF,label,3,RBG-18-0224-1_S24_L001,1,0.078
GEN,lineage,RF,label,3,RBG-18-0279-1_S36,0,0.074
GEN,lineage,RF,label,3,RBG-18-0289-1_S37,1,0.062
GEN,lineage,RF,label,3,RBG-18-0380-1_S48,0,0.076
GEN,lineage,RF,label,3,RBG-18-0388-1_S21_L001,1,0.094
GEN,lineage,RF,label,3,RBG-18-0391-1_S22_L001,1,0.098
GEN,lineage,RF,label,3,RBG-18-0410-1_S12,0,0.058
GEN,lineage,RF,label,3,RBG-18-0421-1_S53,1,0.094
GEN,lineage,RF,label,3,RBG-18-0437-1_S54,0,0.06
GEN,lineage,RF,label,3,RBK-16-124-1_S16,0,0.518
GEN,lineage,RF,label,3,RBK-17-0457-1_S6,1,0.07
GEN,lineage,RF,label,3,RBK-17-0492-1_S8,1,0.062
GEN,lineage,RF,label,3,RBK-17-0588-1_S24,0,0.088
GEN,lineage,RF,label,3,RBK-17-0601-1_S25,0,0.076
GEN,lineage,RF,label,3,RBK-17-0612-1_S27,1,0.076
GEN,lineage,RF,label,3,RBK-17-0655-5_S182,0,0.076
GEN,lineage,RF,label,3,RBK-18-0022-1_S197,0,0.252
GEN,lineage,RF,label,3,RBK-18-0077-1_S212,1,0.076
GEN,lineage,RF,label,3,RBK-18-0236-2_S52_2,0,0.112
GEN,lineage,RF,label,3,RBKk-18-0108-1_S201,0,0.074
GEN,lineage,RF,label,3,RBL-17-0093-1_S146,0,0.062
GEN,lineage,RF,label,3,RBL-17-0107-1_S150,0,0.062
GEN,lineage,RF,label,3,RBL-17-0113-1_S153,1,0.074
GEN,lineage,RF,label,3,RBL-17-0136-1_S161,0,0.018
GEN,lineage,RF,label,3,RBL-17-0199-1_S174,0,0.072
GEN,lineage,RF,label,3,RBL-17-0217-1_S176,0,0.122
GEN,lineage,RF,label,3,RBL-17-0226-1_S41,1,0.074
GEN,lineage,RF,label,3,RBL-17-0242-1_S42,1,0.074
GEN,lineage,RF,label,3,RBL-17-0244-1_S44,0,0.074
GEN,lineage,RF,label,3,RBL-17-0261-1_S100,0,0.244
GEN,lineage,RF,label,3,RBL-17-0264-1_S103,0,0.072
GEN,lineage,RF,label,3,RBL-17-0305-1_S49,1,0.1
GEN,lineage,RF,label,3,RBL-17-0307-1_S51,1,0.076
GEN,lineage,RF,label,3,RBL-17-0323-1_S115,0,0.048
GEN,lineage,RF,label,3,RBL-17-0350-1_S106,0,0.174
GEN,lineage,RF,label,3,RBL-17-0359-1_S66,1,0.074
GEN,lineage,RF,label,3,RBL-17-0360-1_S108,0,0.546
GEN,lineage,RF,label,3,RBL-17-0391-1_S122,0,0.712
GEN,lineage,RF,label,3,RBL-17-0392-1_S69,1,0.1
GEN,lineage,RF,label,3,RBL-17-0432-1_S132,0,0.262
GEN,lineage,RF,label,3,RBL-17-060-1_S17,0,0.07
GEN,lineage,RF,label,3,RBL-18-0037-1_S168,0,0.182
GEN,lineage,RF,label,3,RBL-18-0048-1_S44,0,0.096
GEN,lineage,RF,label,3,RBL-18-0059-1_S171,0,0.098
GEN,lineage,RF,label,3,RBL-18-0076-1_S47,0,0.078
GEN,lineage,RF,label,3,RBL-18-0090-1_S48,0,0.078
GEN,lineage,RF,label,3,RBL-18-0093-1_S49,0,0.088
GEN,lineage,RF,label,3,RBL-18-0098-1_S178,0,0.076
GEN,lineage,RF,label,3,RBL-18-0194-1_S195_2,1,0.062
GEN,lineage,RF,label,3,RBL-18-0343-1_S6,0,0.076
GEN,lineage,RF,label,3,RBL-18-0467-1_S228_2,1,0.06
GEN,lineage,RF,label,3,RBL-18-0500-1_S230_2,0,0.09
GEN,lineage,RF,label,3,RBT-16-0024-1_S10,1,0.084
GEN,lineage,RF,label,3,RBT-16-0038-1_S11,0,0.08
GEN,lineage,RF,label,3,RBT-17-0009-1_S21,0,0.046
GEN,lineage,RF,label,3,RBT-17-0039-1_S28,1,0.06
GEN,lineage,RF,label,3,RBT-17-0102-1_S37,0,0.076
GEN,lineage,RF,label,3,RBT-17-0149-1_S13,0,0.344
GEN,lineage,RF,label,3,RBT-17-0188-1_S68,0,0.424
GEN,lineage,RF,label,3,RBT-17-0249-1_S61,1,0.076
GEN,lineage,RF,label,3,RBT-17-0328-1_S16,0,0.08
GEN,lineage,RF,label,3,RBT-17-0339-1_S20,0,0.088
GEN,lineage,RF,label,3,RBT-18-0021-1_S56,1,0.076
GEN,lineage,RF,label,3,RBT-18-0053-1_S36,1,0.08
GEN,lineage,RF,label,3,RBT-18-0179-1_S37,0,0.404
GEN,lineage,RF,label,3,RBT-18-0205-1_S6,1,0.078
GEN,lineage,RF,label,3,RBT-18-0227-1_S46,1,0.078
GEN,lineage,RF,label,3,RBT-18-0234-1_S15,1,0.074
GEN,lineage,RF,label,3,RBT-18-0265-1_S59,0,0.096
GEN,lineage,RF,label,3,RBT-18-0278-1_S64,0,0.294
GEN,lineage,RF,label,3,RBT-18-0284-1_S66,1,0.08
GEN,lineage,RF,label,3,RBT-18-0296-1_S72,1,0.076
GEN,lineage,RF,label,3,RBT-18-0308-1_S34,0,0.032
GEN,lineage,RF,label,3,RBT-18-0324-1_S57,1,0.082
GEN,lineage,RF,label,3,RBT-18-0335-1_S41,1,0.084
GEN,lineage,RF,label,3,RBT-18-0337-1_S46,0,0.078
GEN,lineage,RF,label,3,RBT-18-0351-1_S48,0,0.404
GEN,lineage,RF,label,3,RBT-18-0363-1_S72,1,0.082
GEN,lineage,RF,label,3,RBT-18-0372-1_S31,0,0.08
GEN,lineage,RF,label,3,RBT-18-0391-1_S35,0,0.076
GEN,lineage,RF,label,3,RBT-18-0392-1_S56,0,0.078
GEN,lineage,RF,label,3,RBT-18-0401-1_S43,0,0.078
GEN,lineage,RF,label,3,ResetH127_S6_L001,1,0.074
GEN,lineage,RF,label,3,ResetH129_S7_L001,1,0.08
GEN,lineage,RF,label,3,ResetH131_S7_L001,0,0.076
GEN,lineage,RF,label,3,ResetH132_S1_L001,0,0.062
GEN,lineage,RF,label,3,ResetH49b_S6_L001,0,0.07
GEN,lineage,RF,label,3,ResetH63_S7_L001,0,0.076
GEN,lineage,RF,label,3,ResetH75_S2_L001,1,0.078
GEN,lineage,RF,label,3,ResetV260_S5_L001,0,0.078
GEN,lineage,RF,label,3,Survcare187_S32,0,0.078
GEN,lineage,RF,label,3,Survcare236_S5_L001,1,0.104
GEN,lineage,RF,label,3,Survcare253_S35,0,0.212
GEN,lineage,RF,label,3,Survcare265_S20,1,0.03
GEN,lineage,RF,label,3,Survcare327_S1,0,0.076
GEN,lineage,RF,label,3,Survcare329_S3,0,0.388
GEN,lineage,RF,label,3,Survcare341_S25,0,0.074
GEN,lineage,RF,label,3,V108_S2_L001,0,0.56
GEN,lineage,RF,label,3,V111_S3_L001,0,0.316
GEN,lineage,RF,label,3,V113_S3_L001,0,0.55
GEN,lineage,RF,label,3,V282_S4_L001,0,0.116
GEN,lineage,RF,label,3,V291_S5_L001,1,0.078
GEN,lineage,RF,label,3,V295_S7_L001,0,0.078
GEN,lineage,RF,label,3,V89_S1_L001,0,0.394
GEN,lineage,RF,label,3,W2RBK-17-168-1_S33,0,0.09
GEN,lineage,RF,label,3,W2RBK-17-169-1_S34,0,0.104
GEN,lineage,RF,label,3,W2RBL-16-018-1_S15,1,0.062
GEN,lineage,RF,label,3,wdh-RBB-17-170-1_S16,0,0.076
GEN,lineage,RF,label,3,wdh-RBF-17-0572-1_S43,0,0.226
GEN,lineage,RF,label,3,wdhRBF-10-0002-1_S10_L001,1,0.078
GEN,lineage,RF,label,3,wdhRBF-17-0567-1_S122,0,0.044
GEN,lineage,RF,label,3,wdhRBF-18-0049-1_S13_L001,0,0.266
GEN,lineage,RF,label,3,WDHRBG-16-049-1_S87,0,0.55
GEN,lineage,RF,label,3,WDHRBG-17-008-1_S83,0,0.434
GEN,lineage,RF,label,3,wRBF-17-0146-1_S35,1,0.076
GEN,lineage,RF,label,3,wRBG-16-033-1_S153,0,0.06
GEN,lineage,RF,label,3,wRBG-17-055-1_S163,0,0.072
GEN,lineage,RF,label,3,wRBG-17-057-1_S141,0,0.05
GEN,lineage,RF,label,3,wRBG-17-106-1_S125,1,0.06
GEN,lineage,RF,label,3,wwRBB-16-112-1_S1,1,0.08
GEN,lineage,RF,label,3,wwRBF-16-007-1_S10,1,0.074
GEN,lineage,RF,label,3,wwRBF-17-167-1_S31,1,0.082
GEN,lineage,RF,label,3,wwRBF-17-189-1_S32,1,0.074
GEN,lineage,RF,label,3,wwRBF-17-209-1_S34,1,0.162
GEN,lineage,RF,label,3,wwRBK-16-023-1_S5,0,0.112
GEN,lineage,RF,label,3,wwRBK-17-0148-1_S37,1,0.066
GEN,lineage,RF,label,3,wwRBK-17-0148-2_S38,1,0.076
GEN,lineage,RF,label,3,wwRBK-17-0197-1_S39,1,0.084
GEN,lineage,RF,label,3,wwRBK-17-075-1_S28,1,0.068
GEN,lineage,RF,label,3,wwRBL-17-004-1_S44,1,0.086
GEN,lineage,RF,label,4,H119_S7_L001,1,0.562
GEN,lineage,RF,label,4,H157_S3_L001,0,0.55
GEN,lineage,RF,label,4,H38_S4_L001,0,0.622
GEN,lineage,RF,label,4,H66_S1_L001,1,0.474
GEN,lineage,RF,label,4,H69_S6_L001,0,0.916
GEN,lineage,RF,label,4,H83_S7_L001,0,0.32
GEN,lineage,RF,label,4,NNRBG-17-0193-1_S2,0,0.062
GEN,lineage,RF,label,4,NNRBG-17-0243-1_S12,0,0.148
GEN,lineage,RF,label,4,NNRBG-17-0298-1_S19,0,0.231
GEN,lineage,RF,label,4,NNRBG-17-0346-1_S30,0,0.332
GEN,lineage,RF,label,4,RBB-18-0546-1_S22_L001,0,0.406
GEN,lineage,RF,label,4,RBB-18-0665-1_S23_L001,0,0.618
GEN,lineage,RF,label,4,RBB-18-0972-1_S203_2,1,0.626
GEN,lineage,RF,label,4,RBB-18-1393-1_S48,0,0.492
GEN,lineage,RF,label,4,RBF-16-073-1_S23,0,0.492
GEN,lineage,RF,label,4,RBF-17-0178-1_S139,0,0.906
GEN,lineage,RF,label,4,RBF-17-0424-1_S15,0,0.31
GEN,lineage,RF,label,4,RBF-17-0450-1_S10,0,0.308
GEN,lineage,RF,label,4,RBF-17-0523-1_S30,0,0.3455333333333333
GEN,lineage,RF,label,4,RBF-17-0532-1_S80,0,0.596
GEN,lineage,RF,label,4,RBF-17-0532-2_S31,0,0.57
GEN,lineage,RF,label,4,RBF-17-0616-1_S96,0,0.156
GEN,lineage,RF,label,4,RBF-17-0630-1_S59,0,0.178
GEN,lineage,RF,label,4,RBF-17-0632-1_S97,0,0.07784561403508772
GEN,lineage,RF,label,4,RBF-17-266-1_S70,1,0.484
GEN,lineage,RF,label,4,RBF-18-0027-1_S5,1,0.268
GEN,lineage,RF,label,4,RBF-18-0064-2_S14,0,0.092
GEN,lineage,RF,label,4,RBF-18-0069-1_S78,1,0.142
GEN,lineage,RF,label,4,RBF-18-0088-1_S24,1,0.554
GEN,lineage,RF,label,4,RBF-18-0093-1_S80,1,0.458
GEN,lineage,RF,label,4,RBF-18-0099-1_S26,0,0.07009223057644111
GEN,lineage,RF,label,4,RBF-18-0132-1_S26,0,0.14495555555555556
GEN,lineage,RF,label,4,RBF-18-0135-1_S34,1,0.574
GEN,lineage,RF,label,4,RBF-18-0147-1_S36,0,0.538
GEN,lineage,RF,label,4,RBF-18-0163-2_S39,0,0.122
GEN,lineage,RF,label,4,RBF-18-0200-1_S48,0,0.3432222222222222
GEN,lineage,RF,label,4,RBF-18-0208-2_S11_L001,0,0.1386153846153846
GEN,lineage,RF,label,4,RBF-18-0252-1_S56,0,0.23
GEN,lineage,RF,label,4,RBF-18-0259-1_S33,0,0.3847021978021979
GEN,lineage,RF,label,4,RBF-18-0282-1_S63,0,0.38
GEN,lineage,RF,label,4,RBF-18-0321-1_S69,0,0.244
GEN,lineage,RF,label,4,RBF-18-0339-1_S37,0,0.35
GEN,lineage,RF,label,4,RBF-18-0634-1_S183,0,0.124
GEN,lineage,RF,label,4,RBG-18-0077-1_S9,1,0.126
GEN,lineage,RF,label,4,RBG-18-0083-1_S12,0,0.124
GEN,lineage,RF,label,4,RBG-18-0108-1_S16,0,0.07369022556390979
GEN,lineage,RF,label,4,RBG-18-0166-1_S10_L001,0,0.061988471177944864
GEN,lineage,RF,label,4,RBG-18-0194-1_S45,0,0.212
GEN,lineage,RF,label,4,RBG-18-0239-1_S4,0,0.318
GEN,lineage,RF,label,4,RBG-18-0308-1_S54,0,0.24
GEN,lineage,RF,label,4,RBG-18-0312-1_S55,0,0.4
GEN,lineage,RF,label,4,RBG-18-0355-1_S19_L001,0,0.34679365079365077
GEN,lineage,RF,label,4,RBG-18-0381-1_S49,0,0.08203625730994152
GEN,lineage,RF,label,4,RBG-18-0417-1_S52,0,0.352
GEN,lineage,RF,label,4,RBK-17-049-1_S62,0,0.378
GEN,lineage,RF,label,4,RBK-18-0060-1_S22,0,0.384
GEN,lineage,RF,label,4,RBK-18-0104-1_S206,0,0.076
GEN,lineage,RF,label,4,RBL-17-0118-1_S156,0,0.064
GEN,lineage,RF,label,4,RBL-17-0172-1_S170,0,0.09516666666666668
GEN,lineage,RF,label,4,RBL-17-0189-1_S172,0,0.098
GEN,lineage,RF,label,4,RBL-17-0306-1_S50,1,0.108
GEN,lineage,RF,label,4,RBL-17-0320-1_S114,0,0.416
GEN,lineage,RF,label,4,RBL-17-0327-1_S116,0,0.046
GEN,lineage,RF,label,4,RBL-17-0332-1_S118,0,0.458
GEN,lineage,RF,label,4,RBL-17-0390-1_S121,0,0.060404511278195495
GEN,lineage,RF,label,4,RBL-17-075-1_S18,1,0.432
GEN,lineage,RF,label,4,RBL-18-0002-1_S158,0,0.306
GEN,lineage,RF,label,4,RBL-18-0021-1_S42,0,0.576
GEN,lineage,RF,label,4,RBL-18-0242-1_S51,0,0.166
GEN,lineage,RF,label,4,RBT-17-0022-1_S24,0,0.4017269841269841
GEN,lineage,RF,label,4,RBT-17-0027-1_S3,0,0.06524561403508773
GEN,lineage,RF,label,4,RBT-17-0099-1_S35,0,0.362
GEN,lineage,RF,label,4,RBT-17-0107-1_S39,0,0.194
GEN,lineage,RF,label,4,RBT-17-0118-1_S45,0,0.36
GEN,lineage,RF,label,4,RBT-17-0133-1_S6,0,0.898
GEN,lineage,RF,label,4,RBT-17-0138-1_S52,0,0.408
GEN,lineage,RF,label,4,RBT-17-0161-1_S57,0,0.058
GEN,lineage,RF,label,4,RBT-17-0168-1_S61,0,0.14
GEN,lineage,RF,label,4,RBT-17-0178-1_S66,0,0.068
GEN,lineage,RF,label,4,RBT-17-0256-1_S25,0,0.524
GEN,lineage,RF,label,4,RBT-17-0285-1_S66,0,0.62
GEN,lineage,RF,label,4,RBT-17-0291-1_S14,1,0.546
GEN,lineage,RF,label,4,RBT-18-0004-1_S51,1,0.904
GEN,lineage,RF,label,4,RBT-18-0017-1_S67,0,0.064
GEN,lineage,RF,label,4,RBT-18-0042-1_S60,0,0.0752
GEN,lineage,RF,label,4,RBT-18-0046-1_S2,0,0.09
GEN,lineage,RF,label,4,RBT-18-0056-1_S37,0,0.06289230769230769
GEN,lineage,RF,label,4,RBT-18-0102-1_S23,0,0.08311666666666667
GEN,lineage,RF,label,4,RBT-18-0110-1_S27,0,0.362
GEN,lineage,RF,label,4,RBT-18-0122-1_S63,0,0.118
GEN,lineage,RF,label,4,RBT-18-0141-1_S32,0,0.09995
GEN,lineage,RF,label,4,RBT-18-0247-1_S16,1,0.896
GEN,lineage,RF,label,4,RBT-18-0259-1_S55,0,0.482
GEN,lineage,RF,label,4,RBT-18-0263-1_S58,0,0.1056
GEN,lineage,RF,label,4,RBT-18-0275-1_S63,0,0.35971031746031745
GEN,lineage,RF,label,4,RBT-18-0283-1_S65,0,0.0851518315018315
GEN,lineage,RF,label,4,RBT-18-0316-1_S43,0,0.08203625730994152
GEN,lineage,RF,label,4,RBT-18-0331-1_S22,0,0.0772
GEN,lineage,RF,label,4,RBT-18-0334-1_S23,0,0.06837142857142857
GEN,lineage,RF,label,4,RBT-18-0340-1_S36,0,0.07595
GEN,lineage,RF,label,4,RBT-18-0357-1_S27,0,0.072
GEN,lineage,RF,label,4,RBT-18-0364-1_S29,0,0.59
GEN,lineage,RF,label,4,RBT-18-0377-1_S1,0,0.542
GEN,lineage,RF,label,4,RBT-18-0384-1_S40,0,0.366
GEN,lineage,RF,label,4,RBT-18-0385-1_S34,0,0.07
GEN,lineage,RF,label,4,ResetH115_S6_L001,0,0.45
GEN,lineage,RF,label,4,ResetH44_S3_L001,1,0.666
GEN,lineage,RF,label,4,ResetH8_S2_L001,0,0.332
GEN,lineage,RF,label,4,ResetH92_S4_L001,0,0.916
GEN,lineage,RF,label,4,ResetV143_S2_L001,1,0.558
GEN,lineage,RF,label,4,ResetV161_S3_L001,0,0.294
GEN,lineage,RF,label,4,ResetV210_S4_L001,1,0.132
GEN,lineage,RF,label,4,ResetV288_S6_L001,1,0.594
GEN,lineage,RF,label,4,RPG-18-0435-1_S32,0,0.0572
GEN,lineage,RF,label,4,Survcare052_S22,0,0.418
GEN,lineage,RF,label,4,Survcare058_S26,0,0.432
GEN,lineage,RF,label,4,Survcare125_S25,1,0.292
GEN,lineage,RF,label,4,Survcare244_S9_L001,0,0.314
GEN,lineage,RF,label,4,Survcare278_S62,1,0.774
GEN,lineage,RF,label,4,Survcare295_S8_L001,0,0.582
GEN,lineage,RF,label,4,Survcare310_S21_L001,1,0.262
GEN,lineage,RF,label,4,Survcare321_S18,0,0.43
GEN,lineage,RF,label,4,Survcare334_S10,0,0.294
GEN,lineage,RF,label,4,Survcare335_S11,1,0.256
GEN,lineage,RF,label,4,V130_S5_L001,1,0.12
GEN,lineage,RF,label,4,V139_S7_L001,0,0.116
GEN,lineage,RF,label,4,V153_S4_L001,1,0.288
GEN,lineage,RF,label,4,V155_S5_L001,1,0.288
GEN,lineage,RF,label,4,V158_S4_L001,0,0.528
GEN,lineage,RF,label,4,V182_S6_L001,1,0.914
GEN,lineage,RF,label,4,V183_S7_L001,1,0.3
GEN,lineage,RF,label,4,V215_S2_L001,1,0.204
GEN,lineage,RF,label,4,V268_S12_L001,1,0.128
GEN,lineage,RF,label,4,V271_S13_L001,0,0.118
GEN,lineage,RF,label,4,V289_S5_L001,1,0.592
GEN,lineage,RF,label,4,V71_S4_L001,1,0.564
GEN,lineage,RF,label,4,w2RBG-16-037-1_S34,0,0.348
GEN,lineage,RF,label,4,wdhRBF-17-0564-1_S230,0,0.48
GEN,lineage,RF,label,4,wdhRBF-18-0080-1_S17_L001,0,0.822
GEN,lineage,RF,label,4,wdhRBF-18-0098-1_S19_L001,0,0.24
GEN,lineage,RF,label,4,WDHRBG-16-050-1_S40,0,0.526
GEN,lineage,RF,label,4,WDHRBG-16-062-1_S49,0,0.06296842105263159
GEN,lineage,RF,label,4,WDHRBG-17-005-2_S61,0,0.202
GEN,lineage,RF,label,4,WDHRBG-17-0256-1_S17,0,0.16
GEN,lineage,RF,label,4,wdhRBL-17-0370-1_S232,0,0.404
GEN,lineage,RF,label,4,wRBG-16-024-1_S152,0,0.568
GEN,lineage,RF,label,4,wRBG-16-027-1_S174,0,0.398
GEN,lineage,RF,label,4,wRBG-17-028-1_S100,0,0.068
GEN,lineage,RF,label,4,wRBG-17-030-1_S165,0,0.202
GEN,lineage,RF,label,4,wRBG-17-031-1_S154,0,0.092
GEN,lineage,RF,label,4,wRBG-17-047-1_S153,0,0.06
GEN,lineage,RF,label,4,wRBG-17-049-1_S142,0,0.136
GEN,lineage,RF,label,4,wRBG-17-073-1_S118,0,0.3636666666666667
GEN,lineage,RF,label,4,wRBG-17-110-1_S168,0,0.164
GEN,lineage,RF,label,4,wwRBB-17-031-1_S25,0,0.404
GEN,lineage,RF,label,4,wwRBF-17-251-1_S33,0,0.426
GEN,lineage,RF,label,4,wwRBK-17-0298-1_S42,0,0.364
GEN,lineage,LR,onehot,0,H116_S8_L001,1,1.8139976631914578e-08
GEN,lineage,LR,onehot,0,H122_S4_L001,1,0.00831605400890112
GEN,lineage,LR,onehot,0,H141_S6_L001,0,2.931378446646704e-07
GEN,lineage,LR,onehot,0,H162_S4_L001,1,0.8222838044166565
GEN,lineage,LR,onehot,0,H28_S10_L001,0,1.6402614377852842e-08
GEN,lineage,LR,onehot,0,NNRBG-17-0196-1_S3,0,9.383399628859479e-06
GEN,lineage,LR,onehot,0,NNRBG-17-0199-1_S5,0,1.151425840362208e-05
GEN,lineage,LR,onehot,0,NNRBG-17-0205-1_S7,0,2.01537808663943e-09
GEN,lineage,LR,onehot,0,NNRBG-17-0319-1_S24,0,9.731360478326678e-05
GEN,lineage,LR,onehot,0,NNRBG-17-0328-1_S25,0,8.277154120150954e-05
GEN,lineage,LR,onehot,0,NNRBG-17-0329-1_S26,0,3.9719187043374404e-05
GEN,lineage,LR,onehot,0,NNRBG-17-0399-1_S40,0,0.001292459201067686
GEN,lineage,LR,onehot,0,NNSurvcare045_S41,0,0.9993638396263123
GEN,lineage,LR,onehot,0,RBB-18-0490-1_S20_L001,0,0.2129521518945694
GEN,lineage,LR,onehot,0,RBB-18-0765-1_S191,0,0.9533356428146362
GEN,lineage,LR,onehot,0,RBB-18-1488-1_S46,0,3.308675104563008e-06
GEN,lineage,LR,onehot,0,RBB-18-1502-1_S47,1,0.016953397542238235
GEN,lineage,LR,onehot,0,RBF-10-0240-1_S12_L001,1,4.090702532266732e-06
GEN,lineage,LR,onehot,0,RBF-16-0064-1_S136,0,1.0377020771557e-05
GEN,lineage,LR,onehot,0,RBF-17-0164-1_S137,0,9.344582849735161e-07
GEN,lineage,LR,onehot,0,RBF-17-0173-1_S138,0,0.0016191084869205952
GEN,lineage,LR,onehot,0,RBF-17-0194-1_S140,0,6.781214324291795e-05
GEN,lineage,LR,onehot,0,RBF-17-0509-1_S74,0,0.00018106399511452764
GEN,lineage,LR,onehot,0,RBF-17-0538-1_S82,0,0.00110038707498461
GEN,lineage,LR,onehot,0,RBF-17-0550-1_S84,0,0.0892426073551178
GEN,lineage,LR,onehot,0,RBF-17-0589-1_S92,0,4.854352482652757e-06
GEN,lineage,LR,onehot,0,RBF-17-0602-1_S93,0,8.402497542192577e-07
GEN,lineage,LR,onehot,0,RBF-17-0635-1_S98,1,0.00013436670997180045
GEN,lineage,LR,onehot,0,RBF-17-0647-1_S99,0,1.265938294636726e-06
GEN,lineage,LR,onehot,0,RBF-17-0651-1_S62,0,0.0523282028734684
GEN,lineage,LR,onehot,0,RBF-18-0066-1_S15,0,3.6506126122048954e-08
GEN,lineage,LR,onehot,0,RBF-18-0085-1_S21,0,0.0001347328652627766
GEN,lineage,LR,onehot,0,RBF-18-0086-1_S22,0,0.00045618979493156075
GEN,lineage,LR,onehot,0,RBF-18-0127-1_S32,0,0.00026360322954133153
GEN,lineage,LR,onehot,0,RBF-18-0160-1_S37,0,0.998264729976654
GEN,lineage,LR,onehot,0,RBF-18-0184-1_S30,0,0.9585831165313721
GEN,lineage,LR,onehot,0,RBF-18-0214-1_S51,0,4.0744362195255235e-05
GEN,lineage,LR,onehot,0,RBF-18-0217-1_S54,0,9.972293355531292e-07
GEN,lineage,LR,onehot,0,RBF-18-0405-1_S81_2,0,1.9327803801871823e-09
GEN,lineage,LR,onehot,0,RBG-18-0012-1_S3,1,0.0036939112469553947
GEN,lineage,LR,onehot,0,RBG-18-0017-1_S5,0,0.0014837203780189157
GEN,lineage,LR,onehot,0,RBG-18-0025-1_S9_L001,0,6.42202621747856e-06
GEN,lineage,LR,onehot,0,RBG-18-0029-1_S40,0,1.0583981975287315e-06
GEN,lineage,LR,onehot,0,RBG-18-0055-1_S43,0,4.102949979767345e-09
GEN,lineage,LR,onehot,0,RBG-18-0185-1_S40,0,9.080413292394951e-05
GEN,lineage,LR,onehot,0,RBG-18-0191-1_S11_L001,0,8.278676659756457e-07
GEN,lineage,LR,onehot,0,RBG-18-0221-1_S47,1,4.736934442917118e-06
GEN,lineage,LR,onehot,0,RBG-18-0256-1_S8_L001,0,4.6128608488515965e-08
GEN,lineage,LR,onehot,0,RBG-18-0265-1_S49,0,1.5723870205874846e-07
GEN,lineage,LR,onehot,0,RBG-18-0301-1_S53,0,8.529329534212593e-06
GEN,lineage,LR,onehot,0,RBG-18-0383-1_S37,1,3.556466676712944e-09
GEN,lineage,LR,onehot,0,RBG-18-0394-1_S23_L001,0,4.0235259803012013e-05
GEN,lineage,LR,onehot,0,RBK-16-007-1_S13,0,0.0052594649605453014
GEN,lineage,LR,onehot,0,RBK-18-0019-1_S195,0,5.866404535481706e-06
GEN,lineage,LR,onehot,0,RBK-18-0037-1_S199,0,1.2508357016827176e-08
GEN,lineage,LR,onehot,0,RBK-18-0038-1_S200,0,0.00011628447100520134
GEN,lineage,LR,onehot,0,RBk-18-0216-1_S231_2,0,3.974313221988268e-05
GEN,lineage,LR,onehot,0,RBK-18-0250-1_S235_2,0,1.9838351761336526e-07
GEN,lineage,LR,onehot,0,RBK-18-0414-1_S59,0,0.0006008850759826601
GEN,lineage,LR,onehot,0,RBL-17-0090-1_S145,0,8.704133506398648e-06
GEN,lineage,LR,onehot,0,RBL-17-0104-1_S149,0,0.0002481749397702515
GEN,lineage,LR,onehot,0,RBL-17-0117-1_S155,0,2.1196385205257684e-05
GEN,lineage,LR,onehot,0,RBL-17-0129-1_S158,0,3.0039398097869707e-06
GEN,lineage,LR,onehot,0,RBL-17-0133-1_S159,0,3.320912946946919e-05
GEN,lineage,LR,onehot,0,RBL-17-0135-1_S160,0,9.94820220512338e-05
GEN,lineage,LR,onehot,0,RBL-17-0138-1_S162,0,3.881541488226503e-06
GEN,lineage,LR,onehot,0,RBL-17-0197-1_S173,0,7.574586788905435e-07
GEN,lineage,LR,onehot,0,RBL-17-0235-1_S92,0,0.00010355911945225671
GEN,lineage,LR,onehot,0,RBL-17-0267-1_S104,0,6.300877430476248e-05
GEN,lineage,LR,onehot,0,RBL-17-0300-1_S112,0,1.2493594567786204e-06
GEN,lineage,LR,onehot,0,RBL-17-0366-1_S113,1,0.030491316691040993
GEN,lineage,LR,onehot,0,RBL-17-0393-1_S123,0,5.705067451344803e-06
GEN,lineage,LR,onehot,0,RBL-17-0409-1_S127,0,0.0010390446987003088
GEN,lineage,LR,onehot,0,RBL-17-0411-1_S128,0,0.0353587307035923
GEN,lineage,LR,onehot,0,RBL-17-0428-1_S70,0,1.1026069302033648e-07
GEN,lineage,LR,onehot,0,RBL-17-0429-1_S130,0,4.3767613533418626e-06
GEN,lineage,LR,onehot,0,RBL-18-0010-1_S159,0,4.235109827277483e-06
GEN,lineage,LR,onehot,0,RBL-18-0019-1_S41,0,5.430760552371794e-07
GEN,lineage,LR,onehot,0,RBL-18-0032-1_S167,0,0.0007942666998133063
GEN,lineage,LR,onehot,0,RBL-18-0055-1_S170,0,0.013129041530191898
GEN,lineage,LR,onehot,0,RBT-17-0011-1_S19,0,0.00019605101260822266
GEN,lineage,LR,onehot,0,RBT-17-0024-1_S23,0,1.046150009642588e-05
GEN,lineage,LR,onehot,0,RBT-17-0033-1_S12,1,0.008297273889183998
GEN,lineage,LR,onehot,0,RBT-17-0082-1_S30,0,2.556611434556544e-06
GEN,lineage,LR,onehot,0,RBT-17-0090-1_S32,0,1.961720954568591e-06
GEN,lineage,LR,onehot,0,RBT-17-0097-1_S34,1,0.3351672291755676
GEN,lineage,LR,onehot,0,RBT-17-0100-1_S36,0,0.005564320366829634
GEN,lineage,LR,onehot,0,RBT-17-0109-1_S40,0,4.4312793761491776e-05
GEN,lineage,LR,onehot,0,RBT-17-0142-1_S53,0,2.5314368031104095e-05
GEN,lineage,LR,onehot,0,RBT-17-0150-1_S54,0,9.114727617998142e-06
GEN,lineage,LR,onehot,0,RBT-17-0156-1_S56,0,0.10357504338026047
GEN,lineage,LR,onehot,0,RBT-17-0183-1_S67,0,1.2346038147370564e-06
GEN,lineage,LR,onehot,0,RBT-17-0228-1_S10,0,0.0008793816086836159
GEN,lineage,LR,onehot,0,RBT-17-0243-1_S11,0,7.918190385680646e-05
GEN,lineage,LR,onehot,0,RBT-17-0337-1_S19,0,6.192942691995995e-06
GEN,lineage,LR,onehot,0,RBT-18-0030-1_S69,0,7.442756214004476e-06
GEN,lineage,LR,onehot,0,RBT-18-0057-1_S38,1,5.694167981573628e-08
GEN,lineage,LR,onehot,0,RBT-18-0066-1_S40,0,1.6408237570431083e-05
GEN,lineage,LR,onehot,0,RBT-18-0091-1_S42,0,0.006655649282038212
GEN,lineage,LR,onehot,0,RBT-18-0101-1_S22,0,3.3846074387611225e-08
GEN,lineage,LR,onehot,0,RBT-18-0113-1_S44,0,1.159758357971441e-05
GEN,lineage,LR,onehot,0,RBT-18-0134-1_S29,0,1.1990582606813405e-05
GEN,lineage,LR,onehot,0,RBT-18-0164-1_S34,0,0.02882743999361992
GEN,lineage,LR,onehot,0,RBT-18-0184-1_S38,1,0.008084749802947044
GEN,lineage,LR,onehot,0,RBT-18-0230-1_S45,0,5.191631134948693e-05
GEN,lineage,LR,onehot,0,RBT-18-0236-1_S48,1,0.006883604917675257
GEN,lineage,LR,onehot,0,RBT-18-0252-1_S53,0,0.026038767769932747
GEN,lineage,LR,onehot,0,RBT-18-0303-1_S20,1,0.9152852892875671
GEN,lineage,LR,onehot,0,RBT-18-0317-1_S27,0,3.007804298249539e-05
GEN,lineage,LR,onehot,0,RBT-18-0360-1_S39,1,0.9434982538223267
GEN,lineage,LR,onehot,0,ResetH10_S1_L001,1,1.0491291391190316e-07
GEN,lineage,LR,onehot,0,ResetH16_S2_L001,0,0.9915649890899658
GEN,lineage,LR,onehot,0,ResetH24a_S3_2_L001,1,5.3122171550512576e-08
GEN,lineage,LR,onehot,0,ResetH68_S1_L001,0,4.689363049692474e-05
GEN,lineage,LR,onehot,0,ResetH89_S3_L001,0,2.843103752425691e-09
GEN,lineage,LR,onehot,0,ResetH98_S4_L001,0,0.00023663074534852058
GEN,lineage,LR,onehot,0,ResetH99_S5_L001,0,3.0080138458288275e-05
GEN,lineage,LR,onehot,0,ResetV63_S5_L001,0,1.3925490760513526e-09
GEN,lineage,LR,onehot,0,ResetV70_S6_L001,1,2.794564302188718e-10
GEN,lineage,LR,onehot,0,Survcare0111_S29,0,6.17319019511342e-05
GEN,lineage,LR,onehot,0,Survcare130_S2,0,7.508292037528008e-05
GEN,lineage,LR,onehot,0,Survcare230_S17_L001,1,1.3323265193321276e-06
GEN,lineage,LR,onehot,0,Survcare234_S3_L001,0,0.0016225097933784127
GEN,lineage,LR,onehot,0,Survcare317_S5_L001,0,0.010886235162615776
GEN,lineage,LR,onehot,0,Survcare337_S12,0,0.00010290548379998654
GEN,lineage,LR,onehot,0,V168_S9_L001,1,0.9996961355209351
GEN,lineage,LR,onehot,0,V173_S6_L001,1,1.47212089740556e-10
GEN,lineage,LR,onehot,0,V228_S8_L001,1,0.5643812417984009
GEN,lineage,LR,onehot,0,V229_S10_L001,1,0.492773175239563
GEN,lineage,LR,onehot,0,V41_S2_L001,1,0.69362872838974
GEN,lineage,LR,onehot,0,V64_S3_L001,0,4.5900816481037054e-10
GEN,lineage,LR,onehot,0,V80_S7_L001,0,4.717032061307691e-05
GEN,lineage,LR,onehot,0,V98_S3_L001,1,1.408323129226119e-07
GEN,lineage,LR,onehot,0,W2RBF-17-090-1_S26,0,1.526918858019144e-08
GEN,lineage,LR,onehot,0,W2RBF-17-133-1_S28,0,0.002125190570950508
GEN,lineage,LR,onehot,0,wdh-Survcare119_S44,0,0.0012825814774259925
GEN,lineage,LR,onehot,0,wdhRBF-17-0558-1_S121,0,2.7128510282636853e-06
GEN,lineage,LR,onehot,0,wdhRBF-18-0057_S14_L001,0,1.6714200683054514e-05
GEN,lineage,LR,onehot,0,wdhRBF-18-0059-1_S15_L001,0,0.00017584179295226932
GEN,lineage,LR,onehot,0,wdhRBF-18-0081-1_S18_L001,0,0.0051703620702028275
GEN,lineage,LR,onehot,0,WDHRBG-17-001-1_S82,0,0.004809453617781401
GEN,lineage,LR,onehot,0,wNRZ-33910_S81,1,0.005242155399173498
GEN,lineage,LR,onehot,0,wRBG-16-026-1_S163,0,9.255950885744824e-07
GEN,lineage,LR,onehot,0,wRBG-16-032-1_S142,0,9.28740973904496e-06
GEN,lineage,LR,onehot,0,wRBG-17-021-1_S166,0,0.00010451726848259568
GEN,lineage,LR,onehot,0,wRBG-17-022-1_S43,0,0.9999935626983643
GEN,lineage,LR,onehot,0,wRBG-17-025-1_S133,0,5.445476290333318e-06
GEN,lineage,LR,onehot,0,wRBG-17-058-1_S130,0,9.828198699324275e-07
GEN,lineage,LR,onehot,0,wRBG-17-072-1_S129,0,1.8189163597526203e-07
GEN,lineage,LR,onehot,0,wRBG-17-081-1_S117,0,3.0744035029783845e-05
GEN,lineage,LR,onehot,0,wRBG-17-100-1_S104,0,0.9503350853919983
GEN,lineage,LR,onehot,0,wRBG-17-102-1_S169,0,0.00731537165120244
GEN,lineage,LR,onehot,0,WWSurvcare043_S43,0,0.9994760155677795
GEN,lineage,LR,onehot,1,H100_S2_L001,0,3.4519069913585554e-07
GEN,lineage,LR,onehot,1,H113_S6_L001,0,1.6245039091700164e-08
GEN,lineage,LR,onehot,1,H136_S7_L001,0,0.00022260643891058862
GEN,lineage,LR,onehot,1,H153_S1_L001,1,1.994174226638279e-06
GEN,lineage,LR,onehot,1,H154_S2_L001,1,1.9199207599740475e-05
GEN,lineage,LR,onehot,1,H160_S3_L001,1,1.7280939346164814e-06
GEN,lineage,LR,onehot,1,H164_S3_L001,1,2.5425476906093536e-06
GEN,lineage,LR,onehot,1,H176_S5_L001,0,6.342623350974463e-07
GEN,lineage,LR,onehot,1,NNRBG-17-0294-1_S18,0,0.02237340621650219
GEN,lineage,LR,onehot,1,NNRBG-17-0308-1_S20,0,0.0006454723188653588
GEN,lineage,LR,onehot,1,NNRBG-17-0316-1_S23,0,1.079104947759868e-11
GEN,lineage,LR,onehot,1,NNRBG-17-0382-1_S38,0,2.298466642969288e-05
GEN,lineage,LR,onehot,1,RBB-18-0129-1_S179,0,4.4763557525584474e-05
GEN,lineage,LR,onehot,1,RBB-18-0519-1_S184,0,0.14830414950847626
GEN,lineage,LR,onehot,1,RBB-18-0772-1_S192,0,0.21341873705387115
GEN,lineage,LR,onehot,1,RBB-18-0826-1_S193,0,0.0013427454978227615
GEN,lineage,LR,onehot,1,RBB-18-1086-1_S189_2,0,0.0013744065072387457
GEN,lineage,LR,onehot,1,RBB-18-1312-1_S43,0,0.0009984143543988466
GEN,lineage,LR,onehot,1,RBF-17-0508-1_S73,0,0.0013489382108673453
GEN,lineage,LR,onehot,1,RBF-17-0520-2_S55,1,2.0314480764227483e-07
GEN,lineage,LR,onehot,1,RBF-17-0540-1_S83,0,3.120125620625913e-05
GEN,lineage,LR,onehot,1,RBF-17-0653-1_S101,0,9.333750313089695e-06
GEN,lineage,LR,onehot,1,RBF-17-277-1_S73,0,4.673404996324848e-10
GEN,lineage,LR,onehot,1,RBF-18-0036-1_S7,0,4.7995449392601586e-08
GEN,lineage,LR,onehot,1,RBF-18-0055-1_S11,0,0.9569743871688843
GEN,lineage,LR,onehot,1,RBF-18-0087-1_S23,0,0.9999145269393921
GEN,lineage,LR,onehot,1,RBF-18-0121-1_S28,1,8.165664621628821e-05
GEN,lineage,LR,onehot,1,RBF-18-0126-1_S31,0,0.0006514168926514685
GEN,lineage,LR,onehot,1,RBF-18-0151-1_S83,0,0.7820528149604797
GEN,lineage,LR,onehot,1,RBF-18-0172-1_S40,1,0.002836212981492281
GEN,lineage,LR,onehot,1,RBF-18-0251-1_S55,0,0.0030790443997830153
GEN,lineage,LR,onehot,1,RBF-18-0310-1_S36,0,0.9997484087944031
GEN,lineage,LR,onehot,1,RBF-18-0333-1_S70,0,0.00010273438965668902
GEN,lineage,LR,onehot,1,RBF-18-0338-1_S72,0,5.72166868550994e-07
GEN,lineage,LR,onehot,1,RBF-18-0664-1_S190,0,7.253159424180922e-07
GEN,lineage,LR,onehot,1,RBG-17-013-1_S16,1,0.051732856780290604
GEN,lineage,LR,onehot,1,RBG-17-0269-1_S41,0,0.052664849907159805
GEN,lineage,LR,onehot,1,RBG-17-0284-1_S59,0,0.00041104733827523887
GEN,lineage,LR,onehot,1,RBG-18-0023-1_S2,1,0.9083346724510193
GEN,lineage,LR,onehot,1,RBG-18-0041-1_S6,0,2.0403691181059003e-08
GEN,lineage,LR,onehot,1,RBG-18-0054-1_S42,0,1.4764990445559345e-14
GEN,lineage,LR,onehot,1,RBG-18-0071-1_S44,0,1.5764825889164058e-08
GEN,lineage,LR,onehot,1,RBG-18-0076-1_S10,0,0.007865357212722301
GEN,lineage,LR,onehot,1,RBG-18-0113-1_S13_L001,0,2.6052435941892327e-07
GEN,lineage,LR,onehot,1,RBG-18-0193-1_S8,0,4.657802962770852e-11
GEN,lineage,LR,onehot,1,RBG-18-0202-1_S13_L001,0,4.661092680180445e-05
GEN,lineage,LR,onehot,1,RBG-18-0206-2_S46,0,0.9759934544563293
GEN,lineage,LR,onehot,1,RBG-18-0209-2_S46,0,9.719621630210895e-06
GEN,lineage,LR,onehot,1,RBG-18-0211-1_S35,0,0.017612984403967857
GEN,lineage,LR,onehot,1,RBG-18-0347-1_S22_L001,0,1.2083482943126e-05
GEN,lineage,LR,onehot,1,RBG-18-0358-1_S39,0,4.336207837241091e-09
GEN,lineage,LR,onehot,1,RBG-18-0367-1_S57,0,1.3275908150589544e-10
GEN,lineage,LR,onehot,1,RBG-18-0402-1_S50,0,0.00028199804364703596
GEN,lineage,LR,onehot,1,RBK-16-073-1_S14,0,0.0004539012152235955
GEN,lineage,LR,onehot,1,RBK-16-079-1_S15,1,0.0023264484480023384
GEN,lineage,LR,onehot,1,RBK-17-0595-1_S187,0,0.0003209230490028858
GEN,lineage,LR,onehot,1,RBK-18-0020-1_S19,0,1.258617601251899e-07
GEN,lineage,LR,onehot,1,RBK-18-0644-1_S180,0,4.2187007665006604e-08
GEN,lineage,LR,onehot,1,RBL-17-0076-1_S32,0,2.6626647553484872e-09
GEN,lineage,LR,onehot,1,RBL-17-0095-1_S147,0,0.00024758552899584174
GEN,lineage,LR,onehot,1,RBL-17-0144-1_S163,0,2.958884179338206e-11
GEN,lineage,LR,onehot,1,RBL-17-0232-1_S91,0,0.18833719193935394
GEN,lineage,LR,onehot,1,RBL-17-0246-1_S94,1,1.1540740585402887e-09
GEN,lineage,LR,onehot,1,RBL-17-0263-1_S102,0,0.004210241138935089
GEN,lineage,LR,onehot,1,RBL-17-0283-1_S27,0,0.0010660929838195443
GEN,lineage,LR,onehot,1,RBL-17-0328-1_S117,0,4.550690491100795e-09
GEN,lineage,LR,onehot,1,RBL-17-0349-1_S105,0,0.9997898936271667
GEN,lineage,LR,onehot,1,RBL-17-0365-1_S112,0,1.9381033666832082e-07
GEN,lineage,LR,onehot,1,RBL-17-0374-1_S116,0,0.001192800933495164
GEN,lineage,LR,onehot,1,RBL-17-0383-1_S119,0,0.2946370244026184
GEN,lineage,LR,onehot,1,RBL-17-0397-1_S125,0,0.007210136391222477
GEN,lineage,LR,onehot,1,RBT-16-0045-1_S58,0,0.5772885084152222
GEN,lineage,LR,onehot,1,RBT-17-0008-1_S18,0,0.2442784160375595
GEN,lineage,LR,onehot,1,RBT-17-0079-1_S29,0,0.001702077453956008
GEN,lineage,LR,onehot,1,RBT-17-0084-1_S31,0,0.0012222990626469254
GEN,lineage,LR,onehot,1,RBT-17-0112-1_S41,0,0.0004739731375593692
GEN,lineage,LR,onehot,1,RBT-17-0113-1_S42,0,0.8984261155128479
GEN,lineage,LR,onehot,1,RBT-17-0130-1_S27,0,0.0008903301786631346
GEN,lineage,LR,onehot,1,RBT-17-0163-1_S59,0,0.0003342333366163075
GEN,lineage,LR,onehot,1,RBT-17-0167-1_S27,0,8.420134690823033e-05
GEN,lineage,LR,onehot,1,RBT-17-0173-1_S63,0,0.0001037219917634502
GEN,lineage,LR,onehot,1,RBT-17-0177-1_S65,0,6.047286206012359e-06
GEN,lineage,LR,onehot,1,RBT-17-0177-2_S7,0,3.6171225019643316e-06
GEN,lineage,LR,onehot,1,RBT-17-0217-1_S7,1,0.999775230884552
GEN,lineage,LR,onehot,1,RBT-17-0225-1_S9,0,0.00021431744971778244
GEN,lineage,LR,onehot,1,RBT-17-0279-1_S12,0,3.352738442777281e-12
GEN,lineage,LR,onehot,1,RBT-17-0287-1_S10,0,0.00016921428323257715
GEN,lineage,LR,onehot,1,RBT-18-0045-1_S70,0,0.0017567554023116827
GEN,lineage,LR,onehot,1,RBT-18-0050-1_S34,0,0.001358762034215033
GEN,lineage,LR,onehot,1,RBT-18-0052-1_S35,0,0.0014018614310771227
GEN,lineage,LR,onehot,1,RBT-18-0064-1_S15,0,1.916608653118601e-06
GEN,lineage,LR,onehot,1,RBT-18-0080-1_S49,1,0.9236917495727539
GEN,lineage,LR,onehot,1,RBT-18-0100-1_S21,0,3.305197606096044e-05
GEN,lineage,LR,onehot,1,RBT-18-0103-1_S24,0,0.13019436597824097
GEN,lineage,LR,onehot,1,RBT-18-0115-1_S45,0,9.025276085594669e-05
GEN,lineage,LR,onehot,1,RBT-18-0120-1_S48,0,8.385550609091297e-05
GEN,lineage,LR,onehot,1,RBT-18-0127-1_S51,0,0.0014242057222872972
GEN,lineage,LR,onehot,1,RBT-18-0129-1_S52,0,1.2623829661606578e-06
GEN,lineage,LR,onehot,1,RBT-18-0181-1_S61,0,0.07209044694900513
GEN,lineage,LR,onehot,1,RBT-18-0197-1_S40,0,3.0855264299134433e-07
GEN,lineage,LR,onehot,1,RBT-18-0224-1_S43,0,0.02638956904411316
GEN,lineage,LR,onehot,1,RBT-18-0231-1_S14,0,1.0873361239172041e-11
GEN,lineage,LR,onehot,1,RBT-18-0241-1_S50,0,8.833278570818948e-07
GEN,lineage,LR,onehot,1,RBT-18-0246-1_S52,0,0.0004270810750313103
GEN,lineage,LR,onehot,1,RBT-18-0269-1_S61,0,0.002125730738043785
GEN,lineage,LR,onehot,1,RBT-18-0271-1_S62,0,0.001663973438553512
GEN,lineage,LR,onehot,1,RBT-18-0293-1_S71,0,0.00026726460782811046
GEN,lineage,LR,onehot,1,RBT-18-0339-1_S47,0,5.353884262149222e-06
GEN,lineage,LR,onehot,1,RBT-18-0341-1_S24,0,2.725469357756083e-06
GEN,lineage,LR,onehot,1,RBT-18-0361-1_S38,0,0.002608188195154071
GEN,lineage,LR,onehot,1,RBT-18-0365-1_S30,0,2.4726318215151366e-11
GEN,lineage,LR,onehot,1,ResetH152_S4_L001,1,9.128003171099408e-07
GEN,lineage,LR,onehot,1,ResetH93_S5_L001,1,0.13687126338481903
GEN,lineage,LR,onehot,1,ResetV74_S7_L001,0,0.010915745981037617
GEN,lineage,LR,onehot,1,Survcare104_S16_L001,1,1.7915364196596784e-06
GEN,lineage,LR,onehot,1,Survcare133_S25,0,0.0007503396482206881
GEN,lineage,LR,onehot,1,Survcare134_S26,0,0.00034627027343958616
GEN,lineage,LR,onehot,1,Survcare140_S4_L001,0,0.0016598411602899432
GEN,lineage,LR,onehot,1,Survcare176_S17_L001,1,0.007913398556411266
GEN,lineage,LR,onehot,1,Survcare190_S35,1,6.611204916850966e-10
GEN,lineage,LR,onehot,1,Survcare221_S7_L001,0,4.980496441930882e-07
GEN,lineage,LR,onehot,1,Survcare292_S39,0,0.9836500287055969
GEN,lineage,LR,onehot,1,Survcare303_S15_L001,0,0.004650503862649202
GEN,lineage,LR,onehot,1,Survcare360_S84,0,0.938447117805481
GEN,lineage,LR,onehot,1,V114_S5_L001,0,0.9999943971633911
GEN,lineage,LR,onehot,1,V116_S6_L001,0,0.014003106392920017
GEN,lineage,LR,onehot,1,V120_S5_L001,1,0.0007279803394339979
GEN,lineage,LR,onehot,1,V123_S1_L001,0,1.913495403793597e-11
GEN,lineage,LR,onehot,1,V131_S7_L001,1,0.600264847278595
GEN,lineage,LR,onehot,1,V163_S6_L001,1,0.9999974966049194
GEN,lineage,LR,onehot,1,V195_S1_L001,1,0.7991124391555786
GEN,lineage,LR,onehot,1,V201_S4_L001,0,0.9999929666519165
GEN,lineage,LR,onehot,1,V205_S3_L001,0,1.812656773836352e-05
GEN,lineage,LR,onehot,1,V232_S3_L001,0,8.510455518262461e-05
GEN,lineage,LR,onehot,1,V238_S11_L001,1,0.7882488965988159
GEN,lineage,LR,onehot,1,V73_S5_L001,1,0.9934572577476501
GEN,lineage,LR,onehot,1,V8_S7_L001,0,7.040377170142165e-08
GEN,lineage,LR,onehot,1,V86_S1_L001,1,0.9998480081558228
GEN,lineage,LR,onehot,1,V96_S2_L001,1,0.9999305009841919
GEN,lineage,LR,onehot,1,wdh-RBL-17-0431-1_S46,0,1.0
GEN,lineage,LR,onehot,1,wdh2NRZ-29911a_S31,1,1.5519790314000304e-12
GEN,lineage,LR,onehot,1,wdhRBF-18-0025-1_S11_L001,0,4.708824781118892e-05
GEN,lineage,LR,onehot,1,wdhRBF-18-0048-1_S12_L001,0,0.999882698059082
GEN,lineage,LR,onehot,1,WDHRBG-16-060-1_S27,0,7.558261200073246e-13
GEN,lineage,LR,onehot,1,WDHRBG-17-121-1_S46,0,3.276027428000816e-06
GEN,lineage,LR,onehot,1,WDHRBG-17-122-1_S48,0,0.698684573173523
GEN,lineage,LR,onehot,1,wRBG-16-034-1_S164,0,8.470225293422118e-05
GEN,lineage,LR,onehot,1,wRBG-17-014-1_S167,0,2.516227226578849e-10
GEN,lineage,LR,onehot,1,wRBG-17-034-1_S121,0,1.1713790744674601e-12
GEN,lineage,LR,onehot,1,wRBG-17-052-1_S120,0,0.7791798114776611
GEN,lineage,LR,onehot,1,wRBG-17-082-1_S106,1,0.020518457517027855
GEN,lineage,LR,onehot,1,wRBG-17-112-1_S146,0,0.0009509374503977597
GEN,lineage,LR,onehot,1,wwRBF-16-094-1_S13,0,0.00039314417517744005
GEN,lineage,LR,onehot,2,H108_S5_L001,0,0.00014884586562402546
GEN,lineage,LR,onehot,2,H109_S2_L001,0,0.9753329157829285
GEN,lineage,LR,onehot,2,H123_S1_L001,1,0.9653801321983337
GEN,lineage,LR,onehot,2,H130_S2_L001,1,0.00019910869013983756
GEN,lineage,LR,onehot,2,H17_S2_L001,0,0.16174136102199554
GEN,lineage,LR,onehot,2,H37_S3_L001,0,0.16666141152381897
GEN,lineage,LR,onehot,2,H50_S7_L001,1,0.540000855922699
GEN,lineage,LR,onehot,2,NNRBG-17-0198-1_S4,0,1.0963200480773594e-07
GEN,lineage,LR,onehot,2,NNRBG-17-0201-1_S6,0,6.574257804814465e-11
GEN,lineage,LR,onehot,2,NNRBG-17-0227-1_S8,0,3.35723575517477e-06
GEN,lineage,LR,onehot,2,NNRBG-17-0239-1_S10,0,0.0004886506358161569
GEN,lineage,LR,onehot,2,NNRBG-17-0255-1_S14,0,1.0
GEN,lineage,LR,onehot,2,NNRBG-17-0278-1_S16,0,0.011965838260948658
GEN,lineage,LR,onehot,2,RBB-18-0674-1_S189,1,1.6166339264600538e-05
GEN,lineage,LR,onehot,2,RBB-18-0892-1_S80_2,1,0.8333544731140137
GEN,lineage,LR,onehot,2,RBB-18-1212-1_S67_2,0,0.8620429635047913
GEN,lineage,LR,onehot,2,RBB-18-1406-1_S49,0,0.871921718120575
GEN,lineage,LR,onehot,2,RBB-19-0014-1_S44,0,0.8961696624755859
GEN,lineage,LR,onehot,2,RBBK18-0189-1_S24_L001,1,0.0037646410055458546
GEN,lineage,LR,onehot,2,RBF-17-0195-1_S141,0,0.040150489658117294
GEN,lineage,LR,onehot,2,RBF-17-0587-1_S91,0,7.346281927311793e-05
GEN,lineage,LR,onehot,2,RBF-17-0605-1_S94,0,0.0019765293691307306
GEN,lineage,LR,onehot,2,RBF-17-0614-3_S95,0,5.699688699678518e-06
GEN,lineage,LR,onehot,2,RBF-17-0645-1_S61,0,2.8974091037525795e-07
GEN,lineage,LR,onehot,2,RBF-17-0648-1_S100,0,1.5682612986012145e-09
GEN,lineage,LR,onehot,2,RBF-17-0664-1_S63,0,2.091046371788252e-05
GEN,lineage,LR,onehot,2,RBF-18-0013-1_S25_L001,0,2.4473920348100364e-05
GEN,lineage,LR,onehot,2,RBF-18-0072-1_S16,0,5.261905243969522e-06
GEN,lineage,LR,onehot,2,RBF-18-0123-1_S25_L001,0,0.003099794266745448
GEN,lineage,LR,onehot,2,RBF-18-0192-1_S44,0,0.2067607194185257
GEN,lineage,LR,onehot,2,RBF-18-0201-1_S49,0,2.7712880182662047e-05
GEN,lineage,LR,onehot,2,RBF-18-0253-1_S13_L001,0,0.9999865293502808
GEN,lineage,LR,onehot,2,RBF-18-0280-1_S62,0,5.4932155762799084e-05
GEN,lineage,LR,onehot,2,RBF-18-0294-1_S64,0,5.421424793894403e-05
GEN,lineage,LR,onehot,2,RBF-18-0296-1_S17,0,8.772994078753982e-06
GEN,lineage,LR,onehot,2,RBG-18-0085-1_S11,1,0.01636507920920849
GEN,lineage,LR,onehot,2,RBG-18-0140-1_S14_L001,0,2.211588707723422e-06
GEN,lineage,LR,onehot,2,RBG-18-0144-1_S38,0,1.6252608633915422e-11
GEN,lineage,LR,onehot,2,RBG-18-0170-1_S41,0,1.0300819752728785e-07
GEN,lineage,LR,onehot,2,RBG-18-0204-1_S23_L001,0,2.3876717023085803e-05
GEN,lineage,LR,onehot,2,RBG-18-0223-1_S2,0,2.075483536145839e-07
GEN,lineage,LR,onehot,2,RBG-18-0276-1_S50,0,0.00943188276141882
GEN,lineage,LR,onehot,2,RBG-18-0280-1_S51,0,0.029404031112790108
GEN,lineage,LR,onehot,2,RBG-18-0300-1_S52,0,3.5983219277113676e-05
GEN,lineage,LR,onehot,2,RBG-18-0352-1_S21_L001,0,8.901763215440894e-10
GEN,lineage,LR,onehot,2,RBK-18-0002-1_S38,1,1.177567810373148e-05
GEN,lineage,LR,onehot,2,RBK-18-0005-1_S18,0,3.0435784448279435e-10
GEN,lineage,LR,onehot,2,RBK-18-0047-1_S20,0,5.1253642595838755e-05
GEN,lineage,LR,onehot,2,RBK-18-0062-2_S203,0,1.058653651853092e-06
GEN,lineage,LR,onehot,2,RBK-18-0080-1_S205,0,1.5894706661967462e-09
GEN,lineage,LR,onehot,2,RBL-17-0101-1_S148,0,8.410023292526603e-05
GEN,lineage,LR,onehot,2,RBL-17-0108-1_S151,0,0.0017895058263093233
GEN,lineage,LR,onehot,2,RBL-17-0116-1_S154,0,1.8048016499960795e-05
GEN,lineage,LR,onehot,2,RBL-17-0123-1_S157,0,1.80338521893475e-09
GEN,lineage,LR,onehot,2,RBL-17-0155-1_S165,0,0.0018384875729680061
GEN,lineage,LR,onehot,2,RBL-17-0159-1_S166,0,0.014710805378854275
GEN,lineage,LR,onehot,2,RBL-17-0165-1_S167,0,0.08339716494083405
GEN,lineage,LR,onehot,2,RBL-17-0205-1_S175,0,0.0005200030282139778
GEN,lineage,LR,onehot,2,RBL-17-0256-1_S98,0,0.20139570534229279
GEN,lineage,LR,onehot,2,RBL-17-0259-1_S99,0,2.3219783543027006e-05
GEN,lineage,LR,onehot,2,RBL-17-0274-2_S105,0,0.050000499933958054
GEN,lineage,LR,onehot,2,RBL-17-0324-1_S54,0,0.02081690914928913
GEN,lineage,LR,onehot,2,RBL-17-0340-1_S102,0,0.0007372254622168839
GEN,lineage,LR,onehot,2,RBL-17-0342-1_S103,0,1.5829047697479837e-05
GEN,lineage,LR,onehot,2,RBL-17-0347-1_S104,0,0.0013394603738561273
GEN,lineage,LR,onehot,2,RBL-17-0368-1_S114,0,4.5800101361237466e-05
GEN,lineage,LR,onehot,2,RBL-17-0375-1_S117,0,0.10325908660888672
GEN,lineage,LR,onehot,2,RBL-17-0395-1_S124,0,0.0002195500273955986
GEN,lineage,LR,onehot,2,RBL-17-0402-1_S126,0,0.00021309021394699812
GEN,lineage,LR,onehot,2,RBL-17-0434-1_S133,0,0.9999786615371704
GEN,lineage,LR,onehot,2,RBL-17-0435-1_S134,0,8.53704332257621e-05
GEN,lineage,LR,onehot,2,RBL-18-0016-1_S161,0,3.3243410143768415e-05
GEN,lineage,LR,onehot,2,RBL-18-0022-1_S43,0,2.7764992410084233e-05
GEN,lineage,LR,onehot,2,RBL-18-0066-1_S173,0,6.526971264975145e-05
GEN,lineage,LR,onehot,2,RBL-18-0085-1_S176,0,5.811604205518961e-05
GEN,lineage,LR,onehot,2,RBL-18-0131-1_S188_2,1,0.17339512705802917
GEN,lineage,LR,onehot,2,RBT-17-0003-1_S16,0,1.2538603186840191e-05
GEN,lineage,LR,onehot,2,RBT-17-0019-1_S62,0,0.9525848627090454
GEN,lineage,LR,onehot,2,RBT-17-0023-1_S25,0,0.0016648838063701987
GEN,lineage,LR,onehot,2,RBT-17-0124-1_S46,0,0.3142835199832916
GEN,lineage,LR,onehot,2,RBT-17-0165-1_S60,0,1.7189617551593983e-07
GEN,lineage,LR,onehot,2,RBT-17-0174-1_S64,0,9.17564818792016e-07
GEN,lineage,LR,onehot,2,RBT-17-0194-1_S30,0,7.627649551977811e-07
GEN,lineage,LR,onehot,2,RBT-17-0210-1_S55,0,0.0002460209361743182
GEN,lineage,LR,onehot,2,RBT-17-0219-1_S8,0,6.7439405029290356e-06
GEN,lineage,LR,onehot,2,RBT-17-0232-1_S58,1,0.9490290284156799
GEN,lineage,LR,onehot,2,RBT-17-0238-1_S59,0,3.0920571703063615e-07
GEN,lineage,LR,onehot,2,RBT-17-0239-1_S60,0,1.4703434317198116e-05
GEN,lineage,LR,onehot,2,RBT-17-0251-1_S62,1,2.7177295578439953e-06
GEN,lineage,LR,onehot,2,RBT-17-0270-1_S65,0,0.08210773766040802
GEN,lineage,LR,onehot,2,RBT-17-0295-1_S15,0,6.280380375756067e-07
GEN,lineage,LR,onehot,2,RBT-18-0023-1_S14,0,1.16492718249539e-11
GEN,lineage,LR,onehot,2,RBT-18-0027-1_S68,0,7.4503545874904376e-06
GEN,lineage,LR,onehot,2,RBT-18-0071-1_S41,0,1.0
GEN,lineage,LR,onehot,2,RBT-18-0079-1_S16,0,2.49923159572063e-05
GEN,lineage,LR,onehot,2,RBT-18-0095-1_S19,0,0.0043401229195296764
GEN,lineage,LR,onehot,2,RBT-18-0096-1_S20,0,0.00025794122484512627
GEN,lineage,LR,onehot,2,RBT-18-0116-1_S46,0,0.3398175835609436
GEN,lineage,LR,onehot,2,RBT-18-0121-1_S28,0,1.9930869257223094e-06
GEN,lineage,LR,onehot,2,RBT-18-0125-1_S50,0,2.51132787525421e-05
GEN,lineage,LR,onehot,2,RBT-18-0133-1_S30,0,2.259664597659139e-06
GEN,lineage,LR,onehot,2,RBT-18-0146-1_S55,0,1.8365843290624184e-09
GEN,lineage,LR,onehot,2,RBT-18-0173-1_S35,0,1.2073341215668165e-09
GEN,lineage,LR,onehot,2,RBT-18-0185-1_S39,0,3.289252248350749e-08
GEN,lineage,LR,onehot,2,RBT-18-0232-1_S47,0,0.9986761212348938
GEN,lineage,LR,onehot,2,RBT-18-0251-1_S7,0,1.6772629578554188e-06
GEN,lineage,LR,onehot,2,RBT-18-0253-1_S54,1,0.0004340901505202055
GEN,lineage,LR,onehot,2,RBT-18-0288-1_S68,0,0.3036416471004486
GEN,lineage,LR,onehot,2,RBT-18-0292-1_S70,0,4.756230191560462e-05
GEN,lineage,LR,onehot,2,RBT-18-0325-1_S44,0,0.0003155175072606653
GEN,lineage,LR,onehot,2,RBT-18-0338-1_S35,0,4.2275155465176795e-06
GEN,lineage,LR,onehot,2,RBT-18-0358-1_S28,0,5.096270342619391e-06
GEN,lineage,LR,onehot,2,RBT-18-0368-1_S32,0,2.1625923182000406e-05
GEN,lineage,LR,onehot,2,RBT-18-0370-1_S33,0,0.32472169399261475
GEN,lineage,LR,onehot,2,ResetH1_S1_L001,0,0.9889858961105347
GEN,lineage,LR,onehot,2,ResetH134_S8_L001,0,0.9795255661010742
GEN,lineage,LR,onehot,2,ResetH139_S3_L001,0,0.00012056671403115615
GEN,lineage,LR,onehot,2,ResetH30_S4_L001,0,0.9999978542327881
GEN,lineage,LR,onehot,2,ResetH45_S5_L001,0,0.4645500183105469
GEN,lineage,LR,onehot,2,ResetV105_S1_L001,0,7.960436050780118e-05
GEN,lineage,LR,onehot,2,ResetV76_S7_L001,0,0.00029341955087147653
GEN,lineage,LR,onehot,2,Survcare0114_S37,0,0.9929792284965515
GEN,lineage,LR,onehot,2,Survcare129_S1,0,1.2145542349628613e-09
GEN,lineage,LR,onehot,2,Survcare184_S19,1,3.295060741947964e-05
GEN,lineage,LR,onehot,2,Survcare254_S36,0,1.4862869647913612e-05
GEN,lineage,LR,onehot,2,Survcare262_S23_L001,1,0.9339050650596619
GEN,lineage,LR,onehot,2,Survcare275_S38,1,1.6526569197594654e-06
GEN,lineage,LR,onehot,2,Survcare289_S36,1,0.999916672706604
GEN,lineage,LR,onehot,2,Survcare291_S38,1,0.000351150578353554
GEN,lineage,LR,onehot,2,Survcare293_S40,1,0.9999783039093018
GEN,lineage,LR,onehot,2,Survcare309_S20_L001,1,0.9999836683273315
GEN,lineage,LR,onehot,2,Survcare313_S24_L001,1,0.2532253563404083
GEN,lineage,LR,onehot,2,Survcare318_S20_L001,0,9.93510038824752e-05
GEN,lineage,LR,onehot,2,Survcare319_S16,0,5.789963779534446e-07
GEN,lineage,LR,onehot,2,Survcare350_S44,0,0.9995050430297852
GEN,lineage,LR,onehot,2,V1_S6_L001,1,0.9981247782707214
GEN,lineage,LR,onehot,2,V152_S3_L001,1,3.470808587735519e-05
GEN,lineage,LR,onehot,2,V172_S5_L001,1,0.00494244834408164
GEN,lineage,LR,onehot,2,V177_S6_L001,0,0.0009693746687844396
GEN,lineage,LR,onehot,2,V279_S8_L001,1,0.0005502708372659981
GEN,lineage,LR,onehot,2,V283_S5_L001,1,4.5008782763034105e-06
GEN,lineage,LR,onehot,2,V292_S6_L001,1,0.9988256096839905
GEN,lineage,LR,onehot,2,V40_S2_L001,1,0.0052075195126235485
GEN,lineage,LR,onehot,2,V79_S6_L001,0,0.011693693697452545
GEN,lineage,LR,onehot,2,V9_S1_L001,1,0.009039254859089851
GEN,lineage,LR,onehot,2,wdh-RBB-16-025-1_S20,0,1.1715808057033428e-07
GEN,lineage,LR,onehot,2,wdh-RBL-17-0361-1_S44,0,0.00010890895646298304
GEN,lineage,LR,onehot,2,WDHRBG-17-0093-1_S1,0,0.0008351176511496305
GEN,lineage,LR,onehot,2,wNRZ-32446_S79,1,0.04329872876405716
GEN,lineage,LR,onehot,2,wRBG-17-023-1_S155,0,3.771802314922468e-11
GEN,lineage,LR,onehot,2,wRBG-17-075-1_S96,0,0.0004000052867922932
GEN,lineage,LR,onehot,2,wwRBF-17-148-1_S27,0,3.2951975299511105e-06
GEN,lineage,LR,onehot,2,wwRBK-17-0278-1_S41,0,1.3842733892488468e-07
GEN,lineage,LR,onehot,2,wwRBL-16-111-1_S16,0,0.9999819993972778
GEN,lineage,LR,onehot,3,H105_S3_L001,0,0.6044601798057556
GEN,lineage,LR,onehot,3,H148_S4_L001,1,0.6594614386558533
GEN,lineage,LR,onehot,3,H3_S1_L001,0,0.9915048480033875
GEN,lineage,LR,onehot,3,H51_S5_L001,0,0.6055705547332764
GEN,lineage,LR,onehot,3,H53_S4_L001,0,0.5394333004951477
GEN,lineage,LR,onehot,3,H71_S1_L001,1,0.838185727596283
GEN,lineage,LR,onehot,3,H86_S1_L001,1,0.014647375792264938
GEN,lineage,LR,onehot,3,NNRBG-17-0191-1_S1,1,0.07406206429004669
GEN,lineage,LR,onehot,3,NNRBG-17-0234-1_S9,0,5.19846253155265e-05
GEN,lineage,LR,onehot,3,NNRBG-17-0242-1_S11,0,0.14924834668636322
GEN,lineage,LR,onehot,3,NNRBG-17-0249-1_S13,0,0.17964139580726624
GEN,lineage,LR,onehot,3,NNRBG-17-0287-1_S17,0,0.029461832717061043
GEN,lineage,LR,onehot,3,NNRBG-17-0378-1_S37,1,0.3925831913948059
GEN,lineage,LR,onehot,3,RBB-17-011-1_S40,0,0.606687068939209
GEN,lineage,LR,onehot,3,RBB-17-171-1_S52,0,0.06724545359611511
GEN,lineage,LR,onehot,3,RBB-18-0537-1_S21_L001,0,0.8120448589324951
GEN,lineage,LR,onehot,3,RBB-18-0668-1_S188,1,0.5922168493270874
GEN,lineage,LR,onehot,3,RBB-18-1309-1_S42,1,0.2901168167591095
GEN,lineage,LR,onehot,3,RBB-18-1460-1_S45,1,0.1291305273771286
GEN,lineage,LR,onehot,3,RBF-16-004-1_S18,0,0.16495314240455627
GEN,lineage,LR,onehot,3,RBF-16-060-1_S22,0,0.5770041942596436
GEN,lineage,LR,onehot,3,RBF-17-0340-1_S81,0,0.13734860718250275
GEN,lineage,LR,onehot,3,RBF-17-0438-1_S9,1,0.606687068939209
GEN,lineage,LR,onehot,3,RBF-17-0467-1_S12,0,0.47514280676841736
GEN,lineage,LR,onehot,3,RBF-17-0489-1_S13,0,0.2564159333705902
GEN,lineage,LR,onehot,3,RBF-17-0513-1_S76,0,0.045496031641960144
GEN,lineage,LR,onehot,3,RBF-17-0521-1_S78,0,0.8213610649108887
GEN,lineage,LR,onehot,3,RBF-17-0537-1_S56,1,0.5328337550163269
GEN,lineage,LR,onehot,3,RBF-17-0553-1_S85,0,0.8845478892326355
GEN,lineage,LR,onehot,3,RBF-17-0572-2_S89,0,0.005691522266715765
GEN,lineage,LR,onehot,3,RBF-17-067-1_S54,1,0.6867378950119019
GEN,lineage,LR,onehot,3,RBF-17-094-1_S56,1,0.5200440883636475
GEN,lineage,LR,onehot,3,RBF-17-170-1_S66,1,0.09673932939767838
GEN,lineage,LR,onehot,3,RBF-17-186-1_S69,1,0.606687068939209
GEN,lineage,LR,onehot,3,RBF-17-318-1_S77,1,0.8656286597251892
GEN,lineage,LR,onehot,3,RBF-18-0019-1_S2,1,0.650097131729126
GEN,lineage,LR,onehot,3,RBF-18-0035-1_S6,0,0.8876052498817444
GEN,lineage,LR,onehot,3,RBF-18-0068-1_S77,0,0.014625927433371544
GEN,lineage,LR,onehot,3,RBF-18-0075-1_S79,1,0.600215494632721
GEN,lineage,LR,onehot,3,RBF-18-0125-1_S30,0,1.9321362287882948e-08
GEN,lineage,LR,onehot,3,RBF-18-0139-1_S35,0,1.5839868305889127e-09
GEN,lineage,LR,onehot,3,RBF-18-0173-1_S27,0,0.04980670288205147
GEN,lineage,LR,onehot,3,RBF-18-0174-1_S28,1,0.4000205099582672
GEN,lineage,LR,onehot,3,RBF-18-0179-1_S29,0,0.2163880467414856
GEN,lineage,LR,onehot,3,RBF-18-0187-1_S31,0,0.8661418557167053
GEN,lineage,LR,onehot,3,RBF-18-0194-1_S86,0,0.7921433448791504
GEN,lineage,LR,onehot,3,RBF-18-0196-1_S46,0,0.1442166566848755
GEN,lineage,LR,onehot,3,RBF-18-0199-1_S47,0,0.37267744541168213
GEN,lineage,LR,onehot,3,RBF-18-0227-1_S53,0,0.007655174005776644
GEN,lineage,LR,onehot,3,RBF-18-0277-1_S61,0,0.2651177942752838
GEN,lineage,LR,onehot,3,RBF-18-0585-1_S48,0,0.8570971488952637
GEN,lineage,LR,onehot,3,RBF-18-0714-2_S204_2,0,0.19592469930648804
GEN,lineage,LR,onehot,3,RBG-17-0351-1_S20_L001,0,0.3877790868282318
GEN,lineage,LR,onehot,3,RBG-17-0383-1_S44,0,0.10442375391721725
GEN,lineage,LR,onehot,3,RBg-17-123-2_S12,0,9.324573329649866e-05
GEN,lineage,LR,onehot,3,RBG-18-0004-1_S1,0,0.606687068939209
GEN,lineage,LR,onehot,3,RBG-18-0072-1_S8,0,0.051172539591789246
GEN,lineage,LR,onehot,3,RBG-18-0099-1_S14,0,0.606687068939209
GEN,lineage,LR,onehot,3,RBG-18-0129-1_S15_L001,0,0.05438869819045067
GEN,lineage,LR,onehot,3,RBG-18-0153-1_S14,0,0.6041574478149414
GEN,lineage,LR,onehot,3,RBG-18-0177-1_S17_L001,1,0.7073178291320801
GEN,lineage,LR,onehot,3,RBG-18-0200-1_S18_L001,1,0.15800955891609192
GEN,lineage,LR,onehot,3,RBG-18-0224-1_S24_L001,1,0.6155996918678284
GEN,lineage,LR,onehot,3,RBG-18-0279-1_S36,0,0.5022791624069214
GEN,lineage,LR,onehot,3,RBG-18-0289-1_S37,1,0.006571666803210974
GEN,lineage,LR,onehot,3,RBG-18-0380-1_S48,0,0.606687068939209
GEN,lineage,LR,onehot,3,RBG-18-0388-1_S21_L001,1,0.4310755729675293
GEN,lineage,LR,onehot,3,RBG-18-0391-1_S22_L001,1,0.6932927966117859
GEN,lineage,LR,onehot,3,RBG-18-0410-1_S12,0,0.32741838693618774
GEN,lineage,LR,onehot,3,RBG-18-0421-1_S53,1,0.47604674100875854
GEN,lineage,LR,onehot,3,RBG-18-0437-1_S54,0,0.1600993573665619
GEN,lineage,LR,onehot,3,RBK-16-124-1_S16,0,0.24761705100536346
GEN,lineage,LR,onehot,3,RBK-17-0457-1_S6,1,0.11046630889177322
GEN,lineage,LR,onehot,3,RBK-17-0492-1_S8,1,0.4786759316921234
GEN,lineage,LR,onehot,3,RBK-17-0588-1_S24,0,0.5296199321746826
GEN,lineage,LR,onehot,3,RBK-17-0601-1_S25,0,0.606687068939209
GEN,lineage,LR,onehot,3,RBK-17-0612-1_S27,1,0.5944399237632751
GEN,lineage,LR,onehot,3,RBK-17-0655-5_S182,0,0.7118604183197021
GEN,lineage,LR,onehot,3,RBK-18-0022-1_S197,0,2.2267471649684012e-05
GEN,lineage,LR,onehot,3,RBK-18-0077-1_S212,1,0.5944399237632751
GEN,lineage,LR,onehot,3,RBK-18-0236-2_S52_2,0,0.03774610906839371
GEN,lineage,LR,onehot,3,RBKk-18-0108-1_S201,0,0.4996541738510132
GEN,lineage,LR,onehot,3,RBL-17-0093-1_S146,0,0.018838118761777878
GEN,lineage,LR,onehot,3,RBL-17-0107-1_S150,0,0.017754243686795235
GEN,lineage,LR,onehot,3,RBL-17-0113-1_S153,1,0.3980236053466797
GEN,lineage,LR,onehot,3,RBL-17-0136-1_S161,0,2.0912657419103198e-05
GEN,lineage,LR,onehot,3,RBL-17-0199-1_S174,0,0.5107515454292297
GEN,lineage,LR,onehot,3,RBL-17-0217-1_S176,0,0.006087701302021742
GEN,lineage,LR,onehot,3,RBL-17-0226-1_S41,1,0.5210831761360168
GEN,lineage,LR,onehot,3,RBL-17-0242-1_S42,1,0.5049719214439392
GEN,lineage,LR,onehot,3,RBL-17-0244-1_S44,0,0.48409029841423035
GEN,lineage,LR,onehot,3,RBL-17-0261-1_S100,0,1.641118130280006e-09
GEN,lineage,LR,onehot,3,RBL-17-0264-1_S103,0,0.700402557849884
GEN,lineage,LR,onehot,3,RBL-17-0305-1_S49,1,0.49823102355003357
GEN,lineage,LR,onehot,3,RBL-17-0307-1_S51,1,0.606687068939209
GEN,lineage,LR,onehot,3,RBL-17-0323-1_S115,0,0.034156303852796555
GEN,lineage,LR,onehot,3,RBL-17-0350-1_S106,0,0.43092215061187744
GEN,lineage,LR,onehot,3,RBL-17-0359-1_S66,1,0.04003438353538513
GEN,lineage,LR,onehot,3,RBL-17-0360-1_S108,0,0.005945176351815462
GEN,lineage,LR,onehot,3,RBL-17-0391-1_S122,0,0.5007973313331604
GEN,lineage,LR,onehot,3,RBL-17-0392-1_S69,1,0.49823102355003357
GEN,lineage,LR,onehot,3,RBL-17-0432-1_S132,0,0.6492663025856018
GEN,lineage,LR,onehot,3,RBL-17-060-1_S17,0,0.4096893072128296
GEN,lineage,LR,onehot,3,RBL-18-0037-1_S168,0,7.935666508274153e-05
GEN,lineage,LR,onehot,3,RBL-18-0048-1_S44,0,0.8507291674613953
GEN,lineage,LR,onehot,3,RBL-18-0059-1_S171,0,0.018242154270410538
GEN,lineage,LR,onehot,3,RBL-18-0076-1_S47,0,0.9017586708068848
GEN,lineage,LR,onehot,3,RBL-18-0090-1_S48,0,0.4789973497390747
GEN,lineage,LR,onehot,3,RBL-18-0093-1_S49,0,0.3013648986816406
GEN,lineage,LR,onehot,3,RBL-18-0098-1_S178,0,0.6182675957679749
GEN,lineage,LR,onehot,3,RBL-18-0194-1_S195_2,1,0.03842104971408844
GEN,lineage,LR,onehot,3,RBL-18-0343-1_S6,0,0.04755029082298279
GEN,lineage,LR,onehot,3,RBL-18-0467-1_S228_2,1,0.07446825504302979
GEN,lineage,LR,onehot,3,RBL-18-0500-1_S230_2,0,0.8040103316307068
GEN,lineage,LR,onehot,3,RBT-16-0024-1_S10,1,0.8756773471832275
GEN,lineage,LR,onehot,3,RBT-16-0038-1_S11,0,0.3688459098339081
GEN,lineage,LR,onehot,3,RBT-17-0009-1_S21,0,0.008866894990205765
GEN,lineage,LR,onehot,3,RBT-17-0039-1_S28,1,0.030649757012724876
GEN,lineage,LR,onehot,3,RBT-17-0102-1_S37,0,0.5115603804588318
GEN,lineage,LR,onehot,3,RBT-17-0149-1_S13,0,0.007547387853264809
GEN,lineage,LR,onehot,3,RBT-17-0188-1_S68,0,0.8956477046012878
GEN,lineage,LR,onehot,3,RBT-17-0249-1_S61,1,0.637734591960907
GEN,lineage,LR,onehot,3,RBT-17-0328-1_S16,0,0.6166590452194214
GEN,lineage,LR,onehot,3,RBT-17-0339-1_S20,0,0.8803876042366028
GEN,lineage,LR,onehot,3,RBT-18-0021-1_S56,1,0.606687068939209
GEN,lineage,LR,onehot,3,RBT-18-0053-1_S36,1,0.730574369430542
GEN,lineage,LR,onehot,3,RBT-18-0179-1_S37,0,0.744349479675293
GEN,lineage,LR,onehot,3,RBT-18-0205-1_S6,1,0.8678067326545715
GEN,lineage,LR,onehot,3,RBT-18-0227-1_S46,1,0.7262377142906189
GEN,lineage,LR,onehot,3,RBT-18-0234-1_S15,1,0.9081223011016846
GEN,lineage,LR,onehot,3,RBT-18-0265-1_S59,0,5.304962655827694e-07
GEN,lineage,LR,onehot,3,RBT-18-0278-1_S64,0,0.639083743095398
GEN,lineage,LR,onehot,3,RBT-18-0284-1_S66,1,0.7926592230796814
GEN,lineage,LR,onehot,3,RBT-18-0296-1_S72,1,0.7911069989204407
GEN,lineage,LR,onehot,3,RBT-18-0308-1_S34,0,0.14390811324119568
GEN,lineage,LR,onehot,3,RBT-18-0324-1_S57,1,0.8633660674095154
GEN,lineage,LR,onehot,3,RBT-18-0335-1_S41,1,0.43045198917388916
GEN,lineage,LR,onehot,3,RBT-18-0337-1_S46,0,0.19846361875534058
GEN,lineage,LR,onehot,3,RBT-18-0351-1_S48,0,0.6563121676445007
GEN,lineage,LR,onehot,3,RBT-18-0363-1_S72,1,0.9049524664878845
GEN,lineage,LR,onehot,3,RBT-18-0372-1_S31,0,0.9584026336669922
GEN,lineage,LR,onehot,3,RBT-18-0391-1_S35,0,0.40474894642829895
GEN,lineage,LR,onehot,3,RBT-18-0392-1_S56,0,0.7390470504760742
GEN,lineage,LR,onehot,3,RBT-18-0401-1_S43,0,0.858339250087738
GEN,lineage,LR,onehot,3,ResetH127_S6_L001,1,0.3728853464126587
GEN,lineage,LR,onehot,3,ResetH129_S7_L001,1,0.5260534286499023
GEN,lineage,LR,onehot,3,ResetH131_S7_L001,0,0.5278928875923157
GEN,lineage,LR,onehot,3,ResetH132_S1_L001,0,0.0627751350402832
GEN,lineage,LR,onehot,3,ResetH49b_S6_L001,0,0.010621778666973114
GEN,lineage,LR,onehot,3,ResetH63_S7_L001,0,0.606687068939209
GEN,lineage,LR,onehot,3,ResetH75_S2_L001,1,0.5574029088020325
GEN,lineage,LR,onehot,3,ResetV260_S5_L001,0,0.6268448829650879
GEN,lineage,LR,onehot,3,Survcare187_S32,0,0.769294798374176
GEN,lineage,LR,onehot,3,Survcare236_S5_L001,1,0.6477845907211304
GEN,lineage,LR,onehot,3,Survcare253_S35,0,2.2864423954160884e-05
GEN,lineage,LR,onehot,3,Survcare265_S20,1,0.07035604119300842
GEN,lineage,LR,onehot,3,Survcare327_S1,0,0.4626600742340088
GEN,lineage,LR,onehot,3,Survcare329_S3,0,0.9997599720954895
GEN,lineage,LR,onehot,3,Survcare341_S25,0,0.007499773055315018
GEN,lineage,LR,onehot,3,V108_S2_L001,0,0.6196970343589783
GEN,lineage,LR,onehot,3,V111_S3_L001,0,0.8879823088645935
GEN,lineage,LR,onehot,3,V113_S3_L001,0,0.9998156428337097
GEN,lineage,LR,onehot,3,V282_S4_L001,0,0.025447746738791466
GEN,lineage,LR,onehot,3,V291_S5_L001,1,0.548733651638031
GEN,lineage,LR,onehot,3,V295_S7_L001,0,0.652032732963562
GEN,lineage,LR,onehot,3,V89_S1_L001,0,0.9839317798614502
GEN,lineage,LR,onehot,3,W2RBK-17-168-1_S33,0,0.5510267019271851
GEN,lineage,LR,onehot,3,W2RBK-17-169-1_S34,0,0.02069072425365448
GEN,lineage,LR,onehot,3,W2RBL-16-018-1_S15,1,0.2013605237007141
GEN,lineage,LR,onehot,3,wdh-RBB-17-170-1_S16,0,0.5583516955375671
GEN,lineage,LR,onehot,3,wdh-RBF-17-0572-1_S43,0,0.00664580799639225
GEN,lineage,LR,onehot,3,wdhRBF-10-0002-1_S10_L001,1,0.9098033308982849
GEN,lineage,LR,onehot,3,wdhRBF-17-0567-1_S122,0,0.18536822497844696
GEN,lineage,LR,onehot,3,wdhRBF-18-0049-1_S13_L001,0,1.8912997745701432e-07
GEN,lineage,LR,onehot,3,WDHRBG-16-049-1_S87,0,0.07033663243055344
GEN,lineage,LR,onehot,3,WDHRBG-17-008-1_S83,0,0.0030618500895798206
GEN,lineage,LR,onehot,3,wRBF-17-0146-1_S35,1,0.637734591960907
GEN,lineage,LR,onehot,3,wRBG-16-033-1_S153,0,0.01411412376910448
GEN,lineage,LR,onehot,3,wRBG-17-055-1_S163,0,0.1426524966955185
GEN,lineage,LR,onehot,3,wRBG-17-057-1_S141,0,0.03346620500087738
GEN,lineage,LR,onehot,3,wRBG-17-106-1_S125,1,0.00814308226108551
GEN,lineage,LR,onehot,3,wwRBB-16-112-1_S1,1,0.7963308691978455
GEN,lineage,LR,onehot,3,wwRBF-16-007-1_S10,1,0.48313769698143005
GEN,lineage,LR,onehot,3,wwRBF-17-167-1_S31,1,0.09154127538204193
GEN,lineage,LR,onehot,3,wwRBF-17-189-1_S32,1,0.2694880962371826
GEN,lineage,LR,onehot,3,wwRBF-17-209-1_S34,1,0.18075720965862274
GEN,lineage,LR,onehot,3,wwRBK-16-023-1_S5,0,0.024457493796944618
GEN,lineage,LR,onehot,3,wwRBK-17-0148-1_S37,1,0.5517414212226868
GEN,lineage,LR,onehot,3,wwRBK-17-0148-2_S38,1,0.4970150589942932
GEN,lineage,LR,onehot,3,wwRBK-17-0197-1_S39,1,0.35497066378593445
GEN,lineage,LR,onehot,3,wwRBK-17-075-1_S28,1,0.6230844855308533
GEN,lineage,LR,onehot,3,wwRBL-17-004-1_S44,1,0.7270610928535461
GEN,lineage,LR,onehot,4,H119_S7_L001,1,0.9998548030853271
GEN,lineage,LR,onehot,4,H157_S3_L001,0,0.8587737679481506
GEN,lineage,LR,onehot,4,H38_S4_L001,0,0.5914636850357056
GEN,lineage,LR,onehot,4,H66_S1_L001,1,0.5122179388999939
GEN,lineage,LR,onehot,4,H69_S6_L001,0,0.9974551796913147
GEN,lineage,LR,onehot,4,H83_S7_L001,0,0.2628588378429413
GEN,lineage,LR,onehot,4,NNRBG-17-0193-1_S2,0,3.6761762203241233e-06
GEN,lineage,LR,onehot,4,NNRBG-17-0243-1_S12,0,0.001850321190431714
GEN,lineage,LR,onehot,4,NNRBG-17-0298-1_S19,0,0.003042700234800577
GEN,lineage,LR,onehot,4,NNRBG-17-0346-1_S30,0,3.0974865694588516e-06
GEN,lineage,LR,onehot,4,RBB-18-0546-1_S22_L001,0,5.521534330910072e-05
GEN,lineage,LR,onehot,4,RBB-18-0665-1_S23_L001,0,0.9458522200584412
GEN,lineage,LR,onehot,4,RBB-18-0972-1_S203_2,1,0.05798324570059776
GEN,lineage,LR,onehot,4,RBB-18-1393-1_S48,0,0.009733764454722404
GEN,lineage,LR,onehot,4,RBF-16-073-1_S23,0,0.9549871683120728
GEN,lineage,LR,onehot,4,RBF-17-0178-1_S139,0,0.894928514957428
GEN,lineage,LR,onehot,4,RBF-17-0424-1_S15,0,0.0015266553964465857
GEN,lineage,LR,onehot,4,RBF-17-0450-1_S10,0,0.0021494310349226
GEN,lineage,LR,onehot,4,RBF-17-0523-1_S30,0,0.0005868534790351987
GEN,lineage,LR,onehot,4,RBF-17-0532-1_S80,0,0.03324776887893677
GEN,lineage,LR,onehot,4,RBF-17-0532-2_S31,0,0.016147121787071228
GEN,lineage,LR,onehot,4,RBF-17-0616-1_S96,0,0.00029540571267716587
GEN,lineage,LR,onehot,4,RBF-17-0630-1_S59,0,7.186583843576955e-06
GEN,lineage,LR,onehot,4,RBF-17-0632-1_S97,0,0.0019124773098155856
GEN,lineage,LR,onehot,4,RBF-17-266-1_S70,1,0.9041357040405273
GEN,lineage,LR,onehot,4,RBF-18-0027-1_S5,1,3.500434164749322e-09
GEN,lineage,LR,onehot,4,RBF-18-0064-2_S14,0,9.562422928865999e-05
GEN,lineage,LR,onehot,4,RBF-18-0069-1_S78,1,0.0007723044836893678
GEN,lineage,LR,onehot,4,RBF-18-0088-1_S24,1,2.4948237751232227e-06
GEN,lineage,LR,onehot,4,RBF-18-0093-1_S80,1,3.6276935588830383e-07
GEN,lineage,LR,onehot,4,RBF-18-0099-1_S26,0,0.0028732148930430412
GEN,lineage,LR,onehot,4,RBF-18-0132-1_S26,0,0.00012026852346025407
GEN,lineage,LR,onehot,4,RBF-18-0135-1_S34,1,0.021728860214352608
GEN,lineage,LR,onehot,4,RBF-18-0147-1_S36,0,0.6260136961936951
GEN,lineage,LR,onehot,4,RBF-18-0163-2_S39,0,8.276775042759255e-05
GEN,lineage,LR,onehot,4,RBF-18-0200-1_S48,0,0.018208563327789307
GEN,lineage,LR,onehot,4,RBF-18-0208-2_S11_L001,0,0.024763520807027817
GEN,lineage,LR,onehot,4,RBF-18-0252-1_S56,0,4.7496562238791284e-09
GEN,lineage,LR,onehot,4,RBF-18-0259-1_S33,0,0.0324082151055336
GEN,lineage,LR,onehot,4,RBF-18-0282-1_S63,0,0.9960286617279053
GEN,lineage,LR,onehot,4,RBF-18-0321-1_S69,0,6.841464141871256e-07
GEN,lineage,LR,onehot,4,RBF-18-0339-1_S37,0,0.979178786277771
GEN,lineage,LR,onehot,4,RBF-18-0634-1_S183,0,7.514624655868829e-08
GEN,lineage,LR,onehot,4,RBG-18-0077-1_S9,1,0.000149771265569143
GEN,lineage,LR,onehot,4,RBG-18-0083-1_S12,0,2.1449423002195545e-06
GEN,lineage,LR,onehot,4,RBG-18-0108-1_S16,0,0.0002674404822755605
GEN,lineage,LR,onehot,4,RBG-18-0166-1_S10_L001,0,0.0004684830200858414
GEN,lineage,LR,onehot,4,RBG-18-0194-1_S45,0,0.0001841450430219993
GEN,lineage,LR,onehot,4,RBG-18-0239-1_S4,0,2.442432742100209e-05
GEN,lineage,LR,onehot,4,RBG-18-0308-1_S54,0,0.00030063357553444803
GEN,lineage,LR,onehot,4,RBG-18-0312-1_S55,0,4.097976670891512e-06
GEN,lineage,LR,onehot,4,RBG-18-0355-1_S19_L001,0,0.0003872772504109889
GEN,lineage,LR,onehot,4,RBG-18-0381-1_S49,0,0.006856582127511501
GEN,lineage,LR,onehot,4,RBG-18-0417-1_S52,0,0.9914175271987915
GEN,lineage,LR,onehot,4,RBK-17-049-1_S62,0,0.0032949093729257584
GEN,lineage,LR,onehot,4,RBK-18-0060-1_S22,0,0.9935427904129028
GEN,lineage,LR,onehot,4,RBK-18-0104-1_S206,0,1.6036748320402694e-06
GEN,lineage,LR,onehot,4,RBL-17-0118-1_S156,0,1.5534857084276155e-05
GEN,lineage,LR,onehot,4,RBL-17-0172-1_S170,0,0.000486314034787938
GEN,lineage,LR,onehot,4,RBL-17-0189-1_S172,0,5.160713385521376e-07
GEN,lineage,LR,onehot,4,RBL-17-0306-1_S50,1,3.0434122891165316e-05
GEN,lineage,LR,onehot,4,RBL-17-0320-1_S114,0,1.2224141698879976e-07
GEN,lineage,LR,onehot,4,RBL-17-0327-1_S116,0,1.1972026186413132e-05
GEN,lineage,LR,onehot,4,RBL-17-0332-1_S118,0,0.7605188488960266
GEN,lineage,LR,onehot,4,RBL-17-0390-1_S121,0,0.0004210511688143015
GEN,lineage,LR,onehot,4,RBL-17-075-1_S18,1,4.452951543498784e-05
GEN,lineage,LR,onehot,4,RBL-18-0002-1_S158,0,1.6487685570609756e-05
GEN,lineage,LR,onehot,4,RBL-18-0021-1_S42,0,0.7289146184921265
GEN,lineage,LR,onehot,4,RBL-18-0242-1_S51,0,7.635779297743284e-07
GEN,lineage,LR,onehot,4,RBT-17-0022-1_S24,0,0.0004980340600013733
GEN,lineage,LR,onehot,4,RBT-17-0027-1_S3,0,0.0009665627148933709
GEN,lineage,LR,onehot,4,RBT-17-0099-1_S35,0,6.358582993470918e-08
GEN,lineage,LR,onehot,4,RBT-17-0107-1_S39,0,4.041614374727942e-06
GEN,lineage,LR,onehot,4,RBT-17-0118-1_S45,0,0.8319617509841919
GEN,lineage,LR,onehot,4,RBT-17-0133-1_S6,0,0.924089789390564
GEN,lineage,LR,onehot,4,RBT-17-0138-1_S52,0,0.00012551249528769404
GEN,lineage,LR,onehot,4,RBT-17-0161-1_S57,0,1.580587741045747e-05
GEN,lineage,LR,onehot,4,RBT-17-0168-1_S61,0,0.0014951968332752585
GEN,lineage,LR,onehot,4,RBT-17-0178-1_S66,0,1.1049286513298284e-05
GEN,lineage,LR,onehot,4,RBT-17-0256-1_S25,0,0.31960779428482056
GEN,lineage,LR,onehot,4,RBT-17-0285-1_S66,0,0.9877520799636841
GEN,lineage,LR,onehot,4,RBT-17-0291-1_S14,1,0.18633374571800232
GEN,lineage,LR,onehot,4,RBT-18-0004-1_S51,1,0.9851410388946533
GEN,lineage,LR,onehot,4,RBT-18-0017-1_S67,0,0.004063152242451906
GEN,lineage,LR,onehot,4,RBT-18-0042-1_S60,0,0.037222251296043396
GEN,lineage,LR,onehot,4,RBT-18-0046-1_S2,0,0.004270453937351704
GEN,lineage,LR,onehot,4,RBT-18-0056-1_S37,0,0.000623682455625385
GEN,lineage,LR,onehot,4,RBT-18-0102-1_S23,0,0.0004272626538295299
GEN,lineage,LR,onehot,4,RBT-18-0110-1_S27,0,1.1240044273108651e-07
GEN,lineage,LR,onehot,4,RBT-18-0122-1_S63,0,2.535704197725863e-07
GEN,lineage,LR,onehot,4,RBT-18-0141-1_S32,0,0.025377336889505386
GEN,lineage,LR,onehot,4,RBT-18-0247-1_S16,1,0.9524552822113037
GEN,lineage,LR,onehot,4,RBT-18-0259-1_S55,0,0.009076396003365517
GEN,lineage,LR,onehot,4,RBT-18-0263-1_S58,0,3.245156040065922e-05
GEN,lineage,LR,onehot,4,RBT-18-0275-1_S63,0,0.000402625126298517
GEN,lineage,LR,onehot,4,RBT-18-0283-1_S65,0,0.015487933531403542
GEN,lineage,LR,onehot,4,RBT-18-0316-1_S43,0,0.007845455780625343
GEN,lineage,LR,onehot,4,RBT-18-0331-1_S22,0,0.010098343715071678
GEN,lineage,LR,onehot,4,RBT-18-0334-1_S23,0,0.0006089029484428465
GEN,lineage,LR,onehot,4,RBT-18-0340-1_S36,0,0.00046451648813672364
GEN,lineage,LR,onehot,4,RBT-18-0357-1_S27,0,7.273813389474526e-05
GEN,lineage,LR,onehot,4,RBT-18-0364-1_S29,0,0.2278381735086441
GEN,lineage,LR,onehot,4,RBT-18-0377-1_S1,0,0.0026621948927640915
GEN,lineage,LR,onehot,4,RBT-18-0384-1_S40,0,0.003002589801326394
GEN,lineage,LR,onehot,4,RBT-18-0385-1_S34,0,0.000685058010276407
GEN,lineage,LR,onehot,4,ResetH115_S6_L001,0,8.969952614279464e-05
GEN,lineage,LR,onehot,4,ResetH44_S3_L001,1,0.8987875580787659
GEN,lineage,LR,onehot,4,ResetH8_S2_L001,0,0.0031540978234261274
GEN,lineage,LR,onehot,4,ResetH92_S4_L001,0,0.9974604845046997
GEN,lineage,LR,onehot,4,ResetV143_S2_L001,1,0.011524379253387451
GEN,lineage,LR,onehot,4,ResetV161_S3_L001,0,1.481638082623249e-05
GEN,lineage,LR,onehot,4,ResetV210_S4_L001,1,0.05159462243318558
GEN,lineage,LR,onehot,4,ResetV288_S6_L001,1,0.9952795505523682
GEN,lineage,LR,onehot,4,RPG-18-0435-1_S32,0,9.845186286838725e-05
GEN,lineage,LR,onehot,4,Survcare052_S22,0,0.12181027978658676
GEN,lineage,LR,onehot,4,Survcare058_S26,0,0.002589066280052066
GEN,lineage,LR,onehot,4,Survcare125_S25,1,0.379210501909256
GEN,lineage,LR,onehot,4,Survcare244_S9_L001,0,0.2593236267566681
GEN,lineage,LR,onehot,4,Survcare278_S62,1,0.997187077999115
GEN,lineage,LR,onehot,4,Survcare295_S8_L001,0,0.0004189360188320279
GEN,lineage,LR,onehot,4,Survcare310_S21_L001,1,0.0010617412626743317
GEN,lineage,LR,onehot,4,Survcare321_S18,0,0.004849759861826897
GEN,lineage,LR,onehot,4,Survcare334_S10,0,0.2619723081588745
GEN,lineage,LR,onehot,4,Survcare335_S11,1,0.005463631357997656
GEN,lineage,LR,onehot,4,V130_S5_L001,1,0.005748284049332142
GEN,lineage,LR,onehot,4,V139_S7_L001,0,0.0017003169050440192
GEN,lineage,LR,onehot,4,V153_S4_L001,1,0.00017953517090063542
GEN,lineage,LR,onehot,4,V155_S5_L001,1,0.000147304599522613
GEN,lineage,LR,onehot,4,V158_S4_L001,0,0.976504385471344
GEN,lineage,LR,onehot,4,V182_S6_L001,1,0.9943125247955322
GEN,lineage,LR,onehot,4,V183_S7_L001,1,5.5291197895712685e-06
GEN,lineage,LR,onehot,4,V215_S2_L001,1,3.819192784249026e-07
GEN,lineage,LR,onehot,4,V268_S12_L001,1,0.06666824966669083
GEN,lineage,LR,onehot,4,V271_S13_L001,0,0.0005709550459869206
GEN,lineage,LR,onehot,4,V289_S5_L001,1,0.9970782995223999
GEN,lineage,LR,onehot,4,V71_S4_L001,1,0.9998311996459961
GEN,lineage,LR,onehot,4,w2RBG-16-037-1_S34,0,1.3944527381681837e-05
GEN,lineage,LR,onehot,4,wdhRBF-17-0564-1_S230,0,0.0009275957709178329
GEN,lineage,LR,onehot,4,wdhRBF-18-0080-1_S17_L001,0,0.19803059101104736
GEN,lineage,LR,onehot,4,wdhRBF-18-0098-1_S19_L001,0,2.68425173999276e-06
GEN,lineage,LR,onehot,4,WDHRBG-16-050-1_S40,0,0.9004155397415161
GEN,lineage,LR,onehot,4,WDHRBG-16-062-1_S49,0,0.002545938128605485
GEN,lineage,LR,onehot,4,WDHRBG-17-005-2_S61,0,0.006603479851037264
GEN,lineage,LR,onehot,4,WDHRBG-17-0256-1_S17,0,8.961827116450889e-15
GEN,lineage,LR,onehot,4,wdhRBL-17-0370-1_S232,0,1.1057343840548128e-07
GEN,lineage,LR,onehot,4,wRBG-16-024-1_S152,0,0.07977493852376938
GEN,lineage,LR,onehot,4,wRBG-16-027-1_S174,0,0.0008563851588405669
GEN,lineage,LR,onehot,4,wRBG-17-028-1_S100,0,1.803207361206205e-08
GEN,lineage,LR,onehot,4,wRBG-17-030-1_S165,0,9.287843568017706e-06
GEN,lineage,LR,onehot,4,wRBG-17-031-1_S154,0,6.931344955773966e-07
GEN,lineage,LR,onehot,4,wRBG-17-047-1_S153,0,0.0006066359928809106
GEN,lineage,LR,onehot,4,wRBG-17-049-1_S142,0,0.0018751374445855618
GEN,lineage,LR,onehot,4,wRBG-17-073-1_S118,0,0.013860220089554787
GEN,lineage,LR,onehot,4,wRBG-17-110-1_S168,0,0.0014297902816906571
GEN,lineage,LR,onehot,4,wwRBB-17-031-1_S25,0,1.0680328159651253e-06
GEN,lineage,LR,onehot,4,wwRBF-17-251-1_S33,0,0.06451023370027542
GEN,lineage,LR,onehot,4,wwRBK-17-0298-1_S42,0,0.0029243463650345802
GEN,lineage,SVM,onehot,0,H116_S8_L001,1,0.013646717523565768
GEN,lineage,SVM,onehot,0,H122_S4_L001,1,0.3198789322331326
GEN,lineage,SVM,onehot,0,H141_S6_L001,0,0.005056987332881278
GEN,lineage,SVM,onehot,0,H162_S4_L001,1,0.4721679403590895
GEN,lineage,SVM,onehot,0,H28_S10_L001,0,0.027104886390496494
GEN,lineage,SVM,onehot,0,NNRBG-17-0196-1_S3,0,0.006368753604723141
GEN,lineage,SVM,onehot,0,NNRBG-17-0199-1_S5,0,0.006749411463446749
GEN,lineage,SVM,onehot,0,NNRBG-17-0205-1_S7,0,0.001122002018287129
GEN,lineage,SVM,onehot,0,NNRBG-17-0319-1_S24,0,0.020032269761149822
GEN,lineage,SVM,onehot,0,NNRBG-17-0328-1_S25,0,0.026772802478781273
GEN,lineage,SVM,onehot,0,NNRBG-17-0329-1_S26,0,0.04589831014733387
GEN,lineage,SVM,onehot,0,NNRBG-17-0399-1_S40,0,0.16093277395587077
GEN,lineage,SVM,onehot,0,NNSurvcare045_S41,0,0.9259078512435024
GEN,lineage,SVM,onehot,0,RBB-18-0490-1_S20_L001,0,0.6803133240905695
GEN,lineage,SVM,onehot,0,RBB-18-0765-1_S191,0,0.8203463541140543
GEN,lineage,SVM,onehot,0,RBB-18-1488-1_S46,0,0.00739424687721422
GEN,lineage,SVM,onehot,0,RBB-18-1502-1_S47,1,0.024839518145914875
GEN,lineage,SVM,onehot,0,RBF-10-0240-1_S12_L001,1,0.0066757855416980545
GEN,lineage,SVM,onehot,0,RBF-16-0064-1_S136,0,0.004273768930981613
GEN,lineage,SVM,onehot,0,RBF-17-0164-1_S137,0,0.002298302563585225
GEN,lineage,SVM,onehot,0,RBF-17-0173-1_S138,0,0.08008621312938057
GEN,lineage,SVM,onehot,0,RBF-17-0194-1_S140,0,0.015399096984743649
GEN,lineage,SVM,onehot,0,RBF-17-0509-1_S74,0,0.17175960394375675
GEN,lineage,SVM,onehot,0,RBF-17-0538-1_S82,0,0.14212158248270007
GEN,lineage,SVM,onehot,0,RBF-17-0550-1_S84,0,0.9479264553570229
GEN,lineage,SVM,onehot,0,RBF-17-0589-1_S92,0,0.011827859621180208
GEN,lineage,SVM,onehot,0,RBF-17-0602-1_S93,0,0.003572851599122248
GEN,lineage,SVM,onehot,0,RBF-17-0635-1_S98,1,0.086873770967835
GEN,lineage,SVM,onehot,0,RBF-17-0647-1_S99,0,0.008027195623738066
GEN,lineage,SVM,onehot,0,RBF-17-0651-1_S62,0,0.17086454453372646
GEN,lineage,SVM,onehot,0,RBF-18-0066-1_S15,0,0.00809814404884216
GEN,lineage,SVM,onehot,0,RBF-18-0085-1_S21,0,0.019235672582590128
GEN,lineage,SVM,onehot,0,RBF-18-0086-1_S22,0,0.27601283081529493
GEN,lineage,SVM,onehot,0,RBF-18-0127-1_S32,0,0.10451256150843345
GEN,lineage,SVM,onehot,0,RBF-18-0160-1_S37,0,0.9881042845125939
GEN,lineage,SVM,onehot,0,RBF-18-0184-1_S30,0,0.7926911496378061
GEN,lineage,SVM,onehot,0,RBF-18-0214-1_S51,0,0.008290695548276623
GEN,lineage,SVM,onehot,0,RBF-18-0217-1_S54,0,0.008609397765528572
GEN,lineage,SVM,onehot,0,RBF-18-0405-1_S81_2,0,0.004352354201830111
GEN,lineage,SVM,onehot,0,RBG-18-0012-1_S3,1,0.02737171756164567
GEN,lineage,SVM,onehot,0,RBG-18-0017-1_S5,0,0.047542684616343145
GEN,lineage,SVM,onehot,0,RBG-18-0025-1_S9_L001,0,0.001278748175337953
GEN,lineage,SVM,onehot,0,RBG-18-0029-1_S40,0,0.003938001747119603
GEN,lineage,SVM,onehot,0,RBG-18-0055-1_S43,0,0.002996528528035535
GEN,lineage,SVM,onehot,0,RBG-18-0185-1_S40,0,0.026746338949075944
GEN,lineage,SVM,onehot,0,RBG-18-0191-1_S11_L001,0,0.005527273475095764
GEN,lineage,SVM,onehot,0,RBG-18-0221-1_S47,1,0.01090978003989353
GEN,lineage,SVM,onehot,0,RBG-18-0256-1_S8_L001,0,0.003836778824292255
GEN,lineage,SVM,onehot,0,RBG-18-0265-1_S49,0,0.006236370691300967
GEN,lineage,SVM,onehot,0,RBG-18-0301-1_S53,0,0.012493048489505772
GEN,lineage,SVM,onehot,0,RBG-18-0383-1_S37,1,0.006560352218034756
GEN,lineage,SVM,onehot,0,RBG-18-0394-1_S23_L001,0,0.016241983549269846
GEN,lineage,SVM,onehot,0,RBK-16-007-1_S13,0,0.12273537513050482
GEN,lineage,SVM,onehot,0,RBK-18-0019-1_S195,0,0.014332001288697193
GEN,lineage,SVM,onehot,0,RBK-18-0037-1_S199,0,0.008179276739805603
GEN,lineage,SVM,onehot,0,RBK-18-0038-1_S200,0,0.06059864361499289
GEN,lineage,SVM,onehot,0,RBk-18-0216-1_S231_2,0,0.0024175720782251393
GEN,lineage,SVM,onehot,0,RBK-18-0250-1_S235_2,0,0.019675348462020948
GEN,lineage,SVM,onehot,0,RBK-18-0414-1_S59,0,0.11589920320354893
GEN,lineage,SVM,onehot,0,RBL-17-0090-1_S145,0,0.020457999268593725
GEN,lineage,SVM,onehot,0,RBL-17-0104-1_S149,0,0.04326058596706782
GEN,lineage,SVM,onehot,0,RBL-17-0117-1_S155,0,0.021688448421531413
GEN,lineage,SVM,onehot,0,RBL-17-0129-1_S158,0,0.002240101447511485
GEN,lineage,SVM,onehot,0,RBL-17-0133-1_S159,0,0.021185690588133403
GEN,lineage,SVM,onehot,0,RBL-17-0135-1_S160,0,0.023926654676666537
GEN,lineage,SVM,onehot,0,RBL-17-0138-1_S162,0,0.011326714338219789
GEN,lineage,SVM,onehot,0,RBL-17-0197-1_S173,0,0.005509838268798729
GEN,lineage,SVM,onehot,0,RBL-17-0235-1_S92,0,0.2803263718977978
GEN,lineage,SVM,onehot,0,RBL-17-0267-1_S104,0,0.029181889015252115
GEN,lineage,SVM,onehot,0,RBL-17-0300-1_S112,0,0.003307478683377822
GEN,lineage,SVM,onehot,0,RBL-17-0366-1_S113,1,0.5022941210455772
GEN,lineage,SVM,onehot,0,RBL-17-0393-1_S123,0,0.010303795223868642
GEN,lineage,SVM,onehot,0,RBL-17-0409-1_S127,0,0.057567320203699916
GEN,lineage,SVM,onehot,0,RBL-17-0411-1_S128,0,0.017418491512311073
GEN,lineage,SVM,onehot,0,RBL-17-0428-1_S70,0,0.02579366347013512
GEN,lineage,SVM,onehot,0,RBL-17-0429-1_S130,0,0.004783306851178934
GEN,lineage,SVM,onehot,0,RBL-18-0010-1_S159,0,0.1446585249059412
GEN,lineage,SVM,onehot,0,RBL-18-0019-1_S41,0,0.0017116384742711206
GEN,lineage,SVM,onehot,0,RBL-18-0032-1_S167,0,0.5919100060160921
GEN,lineage,SVM,onehot,0,RBL-18-0055-1_S170,0,0.17015594848970395
GEN,lineage,SVM,onehot,0,RBT-17-0011-1_S19,0,0.03722072419882764
GEN,lineage,SVM,onehot,0,RBT-17-0024-1_S23,0,0.004975392513277738
GEN,lineage,SVM,onehot,0,RBT-17-0033-1_S12,1,0.6142282321400326
GEN,lineage,SVM,onehot,0,RBT-17-0082-1_S30,0,0.0031362202402904892
GEN,lineage,SVM,onehot,0,RBT-17-0090-1_S32,0,0.0022807801114606793
GEN,lineage,SVM,onehot,0,RBT-17-0097-1_S34,1,0.5098589517760918
GEN,lineage,SVM,onehot,0,RBT-17-0100-1_S36,0,0.18095976233105418
GEN,lineage,SVM,onehot,0,RBT-17-0109-1_S40,0,0.008160118426744285
GEN,lineage,SVM,onehot,0,RBT-17-0142-1_S53,0,0.014199352406251423
GEN,lineage,SVM,onehot,0,RBT-17-0150-1_S54,0,0.008878737155800799
GEN,lineage,SVM,onehot,0,RBT-17-0156-1_S56,0,0.17574126696614703
GEN,lineage,SVM,onehot,0,RBT-17-0183-1_S67,0,0.021922478407128118
GEN,lineage,SVM,onehot,0,RBT-17-0228-1_S10,0,0.047119658486651596
GEN,lineage,SVM,onehot,0,RBT-17-0243-1_S11,0,0.02646515683305764
GEN,lineage,SVM,onehot,0,RBT-17-0337-1_S19,0,0.007085444415421073
GEN,lineage,SVM,onehot,0,RBT-18-0030-1_S69,0,0.004847995989253004
GEN,lineage,SVM,onehot,0,RBT-18-0057-1_S38,1,0.0008751047071838977
GEN,lineage,SVM,onehot,0,RBT-18-0066-1_S40,0,0.0226809981762735
GEN,lineage,SVM,onehot,0,RBT-18-0091-1_S42,0,0.3973151756297518
GEN,lineage,SVM,onehot,0,RBT-18-0101-1_S22,0,0.013884706009427575
GEN,lineage,SVM,onehot,0,RBT-18-0113-1_S44,0,0.015703695474206383
GEN,lineage,SVM,onehot,0,RBT-18-0134-1_S29,0,0.018338500730535136
GEN,lineage,SVM,onehot,0,RBT-18-0164-1_S34,0,0.2498954075781679
GEN,lineage,SVM,onehot,0,RBT-18-0184-1_S38,1,0.2545200554938074
GEN,lineage,SVM,onehot,0,RBT-18-0230-1_S45,0,0.015992651013991714
GEN,lineage,SVM,onehot,0,RBT-18-0236-1_S48,1,0.2474646065628641
GEN,lineage,SVM,onehot,0,RBT-18-0252-1_S53,0,0.6797394445004412
GEN,lineage,SVM,onehot,0,RBT-18-0303-1_S20,1,0.5819599147294109
GEN,lineage,SVM,onehot,0,RBT-18-0317-1_S27,0,0.01550320494204574
GEN,lineage,SVM,onehot,0,RBT-18-0360-1_S39,1,0.7916890731582753
GEN,lineage,SVM,onehot,0,ResetH10_S1_L001,1,0.019170263851677728
GEN,lineage,SVM,onehot,0,ResetH16_S2_L001,0,0.7432556251017243
GEN,lineage,SVM,onehot,0,ResetH24a_S3_2_L001,1,0.030224959024105394
GEN,lineage,SVM,onehot,0,ResetH68_S1_L001,0,0.02042351364115718
GEN,lineage,SVM,onehot,0,ResetH89_S3_L001,0,0.0005861826388619129
GEN,lineage,SVM,onehot,0,ResetH98_S4_L001,0,0.08360822342950434
GEN,lineage,SVM,onehot,0,ResetH99_S5_L001,0,0.07835508386798454
GEN,lineage,SVM,onehot,0,ResetV63_S5_L001,0,0.004895356653539055
GEN,lineage,SVM,onehot,0,ResetV70_S6_L001,1,0.0019110781130183595
GEN,lineage,SVM,onehot,0,Survcare0111_S29,0,0.000896703569334761
GEN,lineage,SVM,onehot,0,Survcare130_S2,0,0.016284795146114774
GEN,lineage,SVM,onehot,0,Survcare230_S17_L001,1,0.0001254203163307586
GEN,lineage,SVM,onehot,0,Survcare234_S3_L001,0,0.10423227043520923
GEN,lineage,SVM,onehot,0,Survcare317_S5_L001,0,0.1289409215729256
GEN,lineage,SVM,onehot,0,Survcare337_S12,0,0.16283462958074882
GEN,lineage,SVM,onehot,0,V168_S9_L001,1,0.9956656719335175
GEN,lineage,SVM,onehot,0,V173_S6_L001,1,0.011659351424135416
GEN,lineage,SVM,onehot,0,V228_S8_L001,1,0.28614440094479177
GEN,lineage,SVM,onehot,0,V229_S10_L001,1,0.21703521888627955
GEN,lineage,SVM,onehot,0,V41_S2_L001,1,0.3239780801562716
GEN,lineage,SVM,onehot,0,V64_S3_L001,0,0.003216206626181684
GEN,lineage,SVM,onehot,0,V80_S7_L001,0,0.9930718704192193
GEN,lineage,SVM,onehot,0,V98_S3_L001,1,0.04305182526713565
GEN,lineage,SVM,onehot,0,W2RBF-17-090-1_S26,0,0.008477910163202103
GEN,lineage,SVM,onehot,0,W2RBF-17-133-1_S28,0,0.4397410307241917
GEN,lineage,SVM,onehot,0,wdh-Survcare119_S44,0,0.17752294002141186
GEN,lineage,SVM,onehot,0,wdhRBF-17-0558-1_S121,0,0.02809902116950376
GEN,lineage,SVM,onehot,0,wdhRBF-18-0057_S14_L001,0,0.04554115897971584
GEN,lineage,SVM,onehot,0,wdhRBF-18-0059-1_S15_L001,0,0.24952193212435134
GEN,lineage,SVM,onehot,0,wdhRBF-18-0081-1_S18_L001,0,0.3715014962320223
GEN,lineage,SVM,onehot,0,WDHRBG-17-001-1_S82,0,0.08311697841448172
GEN,lineage,SVM,onehot,0,wNRZ-33910_S81,1,0.4511699560288537
GEN,lineage,SVM,onehot,0,wRBG-16-026-1_S163,0,0.0037519147886999576
GEN,lineage,SVM,onehot,0,wRBG-16-032-1_S142,0,0.012438466055969037
GEN,lineage,SVM,onehot,0,wRBG-17-021-1_S166,0,0.18952675519775758
GEN,lineage,SVM,onehot,0,wRBG-17-022-1_S43,0,0.9994864491153957
GEN,lineage,SVM,onehot,0,wRBG-17-025-1_S133,0,0.0028736779619508643
GEN,lineage,SVM,onehot,0,wRBG-17-058-1_S130,0,0.0035829308225607493
GEN,lineage,SVM,onehot,0,wRBG-17-072-1_S129,0,0.003949765984729377
GEN,lineage,SVM,onehot,0,wRBG-17-081-1_S117,0,0.012380072476557806
GEN,lineage,SVM,onehot,0,wRBG-17-100-1_S104,0,0.800297832895704
GEN,lineage,SVM,onehot,0,wRBG-17-102-1_S169,0,0.028208341884799808
GEN,lineage,SVM,onehot,0,WWSurvcare043_S43,0,0.8571258400379502
GEN,lineage,SVM,onehot,1,H100_S2_L001,0,0.0032901299711236985
GEN,lineage,SVM,onehot,1,H113_S6_L001,0,0.005245177022513317
GEN,lineage,SVM,onehot,1,H136_S7_L001,0,0.05387955641168616
GEN,lineage,SVM,onehot,1,H153_S1_L001,1,0.021648777962194554
GEN,lineage,SVM,onehot,1,H154_S2_L001,1,0.05232799597220757
GEN,lineage,SVM,onehot,1,H160_S3_L001,1,0.02026129052148267
GEN,lineage,SVM,onehot,1,H164_S3_L001,1,0.01902344222289342
GEN,lineage,SVM,onehot,1,H176_S5_L001,0,0.017468515472685856
GEN,lineage,SVM,onehot,1,NNRBG-17-0294-1_S18,0,0.5524009669288187
GEN,lineage,SVM,onehot,1,NNRBG-17-0308-1_S20,0,0.01678484809227029
GEN,lineage,SVM,onehot,1,NNRBG-17-0316-1_S23,0,0.0011409109088324422
GEN,lineage,SVM,onehot,1,NNRBG-17-0382-1_S38,0,0.0007904256482311001
GEN,lineage,SVM,onehot,1,RBB-18-0129-1_S179,0,0.01302678579336091
GEN,lineage,SVM,onehot,1,RBB-18-0519-1_S184,0,0.21518765960993325
GEN,lineage,SVM,onehot,1,RBB-18-0772-1_S192,0,0.3353317726879241
GEN,lineage,SVM,onehot,1,RBB-18-0826-1_S193,0,0.2619778642100011
GEN,lineage,SVM,onehot,1,RBB-18-1086-1_S189_2,0,0.03622062715259215
GEN,lineage,SVM,onehot,1,RBB-18-1312-1_S43,0,0.022017446059572728
GEN,lineage,SVM,onehot,1,RBF-17-0508-1_S73,0,0.05325914008211464
GEN,lineage,SVM,onehot,1,RBF-17-0520-2_S55,1,0.0012278254178562334
GEN,lineage,SVM,onehot,1,RBF-17-0540-1_S83,0,0.007326435692667691
GEN,lineage,SVM,onehot,1,RBF-17-0653-1_S101,0,0.009470751318253331
GEN,lineage,SVM,onehot,1,RBF-17-277-1_S73,0,0.0003260684600225213
GEN,lineage,SVM,onehot,1,RBF-18-0036-1_S7,0,0.002347021517252202
GEN,lineage,SVM,onehot,1,RBF-18-0055-1_S11,0,0.9629585869724022
GEN,lineage,SVM,onehot,1,RBF-18-0087-1_S23,0,0.9878696650558851
GEN,lineage,SVM,onehot,1,RBF-18-0121-1_S28,1,0.057329672407193444
GEN,lineage,SVM,onehot,1,RBF-18-0126-1_S31,0,0.04902010802075392
GEN,lineage,SVM,onehot,1,RBF-18-0151-1_S83,0,0.814380483530341
GEN,lineage,SVM,onehot,1,RBF-18-0172-1_S40,1,0.25212084521170924
GEN,lineage,SVM,onehot,1,RBF-18-0251-1_S55,0,0.10758953869996231
GEN,lineage,SVM,onehot,1,RBF-18-0310-1_S36,0,0.9336616051516055
GEN,lineage,SVM,onehot,1,RBF-18-0333-1_S70,0,0.007282271901127404
GEN,lineage,SVM,onehot,1,RBF-18-0338-1_S72,0,0.04781545285637799
GEN,lineage,SVM,onehot,1,RBF-18-0664-1_S190,0,0.001612518541547585
GEN,lineage,SVM,onehot,1,RBG-17-013-1_S16,1,0.10194904920234833
GEN,lineage,SVM,onehot,1,RBG-17-0269-1_S41,0,0.8132409638045703
GEN,lineage,SVM,onehot,1,RBG-17-0284-1_S59,0,0.04010706372146015
GEN,lineage,SVM,onehot,1,RBG-18-0023-1_S2,1,0.9213793300467892
GEN,lineage,SVM,onehot,1,RBG-18-0041-1_S6,0,0.00030697074211140997
GEN,lineage,SVM,onehot,1,RBG-18-0054-1_S42,0,8.033168191768864e-05
GEN,lineage,SVM,onehot,1,RBG-18-0071-1_S44,0,0.0003734297375408633
GEN,lineage,SVM,onehot,1,RBG-18-0076-1_S10,0,0.8030798662645648
GEN,lineage,SVM,onehot,1,RBG-18-0113-1_S13_L001,0,0.002598621182576027
GEN,lineage,SVM,onehot,1,RBG-18-0193-1_S8,0,0.0005227699391792754
GEN,lineage,SVM,onehot,1,RBG-18-0202-1_S13_L001,0,0.003541069535346087
GEN,lineage,SVM,onehot,1,RBG-18-0206-2_S46,0,0.9451273408342169
GEN,lineage,SVM,onehot,1,RBG-18-0209-2_S46,0,0.031020549093750134
GEN,lineage,SVM,onehot,1,RBG-18-0211-1_S35,0,0.009339875203299748
GEN,lineage,SVM,onehot,1,RBG-18-0347-1_S22_L001,0,0.009463309375332135
GEN,lineage,SVM,onehot,1,RBG-18-0358-1_S39,0,0.03300558252437746
GEN,lineage,SVM,onehot,1,RBG-18-0367-1_S57,0,0.0004232241663382878
GEN,lineage,SVM,onehot,1,RBG-18-0402-1_S50,0,0.03896455184385279
GEN,lineage,SVM,onehot,1,RBK-16-073-1_S14,0,0.027359578702341025
GEN,lineage,SVM,onehot,1,RBK-16-079-1_S15,1,0.08203085605396834
GEN,lineage,SVM,onehot,1,RBK-17-0595-1_S187,0,0.04523505655000228
GEN,lineage,SVM,onehot,1,RBK-18-0020-1_S19,0,0.013899039512581882
GEN,lineage,SVM,onehot,1,RBK-18-0644-1_S180,0,0.022497221641716074
GEN,lineage,SVM,onehot,1,RBL-17-0076-1_S32,0,0.0005921140054989751
GEN,lineage,SVM,onehot,1,RBL-17-0095-1_S147,0,0.007493297250622837
GEN,lineage,SVM,onehot,1,RBL-17-0144-1_S163,0,0.0007557442289627193
GEN,lineage,SVM,onehot,1,RBL-17-0232-1_S91,0,0.055386539886391764
GEN,lineage,SVM,onehot,1,RBL-17-0246-1_S94,1,0.0025030026137675783
GEN,lineage,SVM,onehot,1,RBL-17-0263-1_S102,0,0.04301128974701096
GEN,lineage,SVM,onehot,1,RBL-17-0283-1_S27,0,0.03432539497696921
GEN,lineage,SVM,onehot,1,RBL-17-0328-1_S117,0,0.004657718278879915
GEN,lineage,SVM,onehot,1,RBL-17-0349-1_S105,0,0.9931234171105088
GEN,lineage,SVM,onehot,1,RBL-17-0365-1_S112,0,7.69331894705057e-05
GEN,lineage,SVM,onehot,1,RBL-17-0374-1_S116,0,0.07000087771981094
GEN,lineage,SVM,onehot,1,RBL-17-0383-1_S119,0,0.5292049075009374
GEN,lineage,SVM,onehot,1,RBL-17-0397-1_S125,0,0.13450946135209021
GEN,lineage,SVM,onehot,1,RBT-16-0045-1_S58,0,0.603396656527172
GEN,lineage,SVM,onehot,1,RBT-17-0008-1_S18,0,0.6860326822246898
GEN,lineage,SVM,onehot,1,RBT-17-0079-1_S29,0,0.09133896476995677
GEN,lineage,SVM,onehot,1,RBT-17-0084-1_S31,0,0.051543806069093256
GEN,lineage,SVM,onehot,1,RBT-17-0112-1_S41,0,0.06437664633361498
GEN,lineage,SVM,onehot,1,RBT-17-0113-1_S42,0,0.8413532642635767
GEN,lineage,SVM,onehot,1,RBT-17-0130-1_S27,0,0.03535539886921342
GEN,lineage,SVM,onehot,1,RBT-17-0163-1_S59,0,0.03373553858099627
GEN,lineage,SVM,onehot,1,RBT-17-0167-1_S27,0,0.044221581657661206
GEN,lineage,SVM,onehot,1,RBT-17-0173-1_S63,0,0.024559184084513304
GEN,lineage,SVM,onehot,1,RBT-17-0177-1_S65,0,0.0018197953669505866
GEN,lineage,SVM,onehot,1,RBT-17-0177-2_S7,0,0.0011425230709026953
GEN,lineage,SVM,onehot,1,RBT-17-0217-1_S7,1,0.9730528301830618
GEN,lineage,SVM,onehot,1,RBT-17-0225-1_S9,0,0.020601780852268412
GEN,lineage,SVM,onehot,1,RBT-17-0279-1_S12,0,0.0001409857536028896
GEN,lineage,SVM,onehot,1,RBT-17-0287-1_S10,0,0.009088349406141316
GEN,lineage,SVM,onehot,1,RBT-18-0045-1_S70,0,0.061626089744175744
GEN,lineage,SVM,onehot,1,RBT-18-0050-1_S34,0,0.6748910796950972
GEN,lineage,SVM,onehot,1,RBT-18-0052-1_S35,0,0.21874217341683463
GEN,lineage,SVM,onehot,1,RBT-18-0064-1_S15,0,0.028744395591718225
GEN,lineage,SVM,onehot,1,RBT-18-0080-1_S49,1,0.8431341636731896
GEN,lineage,SVM,onehot,1,RBT-18-0100-1_S21,0,0.048372352910966254
GEN,lineage,SVM,onehot,1,RBT-18-0103-1_S24,0,0.7347259638729043
GEN,lineage,SVM,onehot,1,RBT-18-0115-1_S45,0,0.12018831639613586
GEN,lineage,SVM,onehot,1,RBT-18-0120-1_S48,0,0.043951845239332564
GEN,lineage,SVM,onehot,1,RBT-18-0127-1_S51,0,0.08557398734271132
GEN,lineage,SVM,onehot,1,RBT-18-0129-1_S52,0,0.024426578498501002
GEN,lineage,SVM,onehot,1,RBT-18-0181-1_S61,0,0.35016175096565527
GEN,lineage,SVM,onehot,1,RBT-18-0197-1_S40,0,0.017390615616131453
GEN,lineage,SVM,onehot,1,RBT-18-0224-1_S43,0,0.2237435108223893
GEN,lineage,SVM,onehot,1,RBT-18-0231-1_S14,0,0.00010648803846744776
GEN,lineage,SVM,onehot,1,RBT-18-0241-1_S50,0,0.0014814962703209613
GEN,lineage,SVM,onehot,1,RBT-18-0246-1_S52,0,0.19085324899412198
GEN,lineage,SVM,onehot,1,RBT-18-0269-1_S61,0,0.11836754628807611
GEN,lineage,SVM,onehot,1,RBT-18-0271-1_S62,0,0.05757314273610688
GEN,lineage,SVM,onehot,1,RBT-18-0293-1_S71,0,0.021606757809440897
GEN,lineage,SVM,onehot,1,RBT-18-0339-1_S47,0,0.002693015708560074
GEN,lineage,SVM,onehot,1,RBT-18-0341-1_S24,0,0.001083857075319125
GEN,lineage,SVM,onehot,1,RBT-18-0361-1_S38,0,0.1317535052473749
GEN,lineage,SVM,onehot,1,RBT-18-0365-1_S30,0,0.00046671972251567076
GEN,lineage,SVM,onehot,1,ResetH152_S4_L001,1,0.010563972616698825
GEN,lineage,SVM,onehot,1,ResetH93_S5_L001,1,0.7917411177945891
GEN,lineage,SVM,onehot,1,ResetV74_S7_L001,0,0.5968086392515439
GEN,lineage,SVM,onehot,1,Survcare104_S16_L001,1,0.0021840201763854796
GEN,lineage,SVM,onehot,1,Survcare133_S25,0,0.12568960527827025
GEN,lineage,SVM,onehot,1,Survcare134_S26,0,0.05465044700431572
GEN,lineage,SVM,onehot,1,Survcare140_S4_L001,0,0.1694869501090939
GEN,lineage,SVM,onehot,1,Survcare176_S17_L001,1,0.00745454974212832
GEN,lineage,SVM,onehot,1,Survcare190_S35,1,0.0016975140350028155
GEN,lineage,SVM,onehot,1,Survcare221_S7_L001,0,0.003930281440429094
GEN,lineage,SVM,onehot,1,Survcare292_S39,0,0.7085046093485733
GEN,lineage,SVM,onehot,1,Survcare303_S15_L001,0,0.3717008606842951
GEN,lineage,SVM,onehot,1,Survcare360_S84,0,0.5206865114348862
GEN,lineage,SVM,onehot,1,V114_S5_L001,0,0.9994020598957346
GEN,lineage,SVM,onehot,1,V116_S6_L001,0,0.789009583230805
GEN,lineage,SVM,onehot,1,V120_S5_L001,1,0.50042193950245
GEN,lineage,SVM,onehot,1,V123_S1_L001,0,0.0020196154028088264
GEN,lineage,SVM,onehot,1,V131_S7_L001,1,0.988438126385205
GEN,lineage,SVM,onehot,1,V163_S6_L001,1,0.9845745693090645
GEN,lineage,SVM,onehot,1,V195_S1_L001,1,0.8984949112917321
GEN,lineage,SVM,onehot,1,V201_S4_L001,0,0.9995495461383677
GEN,lineage,SVM,onehot,1,V205_S3_L001,0,0.04544464257912176
GEN,lineage,SVM,onehot,1,V232_S3_L001,0,0.016817162289648666
GEN,lineage,SVM,onehot,1,V238_S11_L001,1,0.9469990371182848
GEN,lineage,SVM,onehot,1,V73_S5_L001,1,0.19031063712493584
GEN,lineage,SVM,onehot,1,V8_S7_L001,0,0.001160757119118088
GEN,lineage,SVM,onehot,1,V86_S1_L001,1,0.5428456631207411
GEN,lineage,SVM,onehot,1,V96_S2_L001,1,0.8592159675930999
GEN,lineage,SVM,onehot,1,wdh-RBL-17-0431-1_S46,0,0.9989290613930826
GEN,lineage,SVM,onehot,1,wdh2NRZ-29911a_S31,1,0.0005932705440391359
GEN,lineage,SVM,onehot,1,wdhRBF-18-0025-1_S11_L001,0,0.11566637577230704
GEN,lineage,SVM,onehot,1,wdhRBF-18-0048-1_S12_L001,0,0.9936241288245852
GEN,lineage,SVM,onehot,1,WDHRBG-16-060-1_S27,0,0.0005287031470904455
GEN,lineage,SVM,onehot,1,WDHRBG-17-121-1_S46,0,0.00011098350532111228
GEN,lineage,SVM,onehot,1,WDHRBG-17-122-1_S48,0,0.024267124338895007
GEN,lineage,SVM,onehot,1,wRBG-16-034-1_S164,0,0.12299688177989315
GEN,lineage,SVM,onehot,1,wRBG-17-014-1_S167,0,0.0012007826795383794
GEN,lineage,SVM,onehot,1,wRBG-17-034-1_S121,0,0.00018926322666472717
GEN,lineage,SVM,onehot,1,wRBG-17-052-1_S120,0,0.5831303145239313
GEN,lineage,SVM,onehot,1,wRBG-17-082-1_S106,1,0.29492537989975764
GEN,lineage,SVM,onehot,1,wRBG-17-112-1_S146,0,0.0246696237632968
GEN,lineage,SVM,onehot,1,wwRBF-16-094-1_S13,0,0.0022191239744045496
GEN,lineage,SVM,onehot,2,H108_S5_L001,0,0.0211933096593891
GEN,lineage,SVM,onehot,2,H109_S2_L001,0,0.5695322307403329
GEN,lineage,SVM,onehot,2,H123_S1_L001,1,0.8982691519499412
GEN,lineage,SVM,onehot,2,H130_S2_L001,1,0.01523006363243878
GEN,lineage,SVM,onehot,2,H17_S2_L001,0,0.14055056794054607
GEN,lineage,SVM,onehot,2,H37_S3_L001,0,0.11828794723008415
GEN,lineage,SVM,onehot,2,H50_S7_L001,1,0.3211043705054781
GEN,lineage,SVM,onehot,2,NNRBG-17-0198-1_S4,0,0.017266696896992152
GEN,lineage,SVM,onehot,2,NNRBG-17-0201-1_S6,0,0.00011319432606712408
GEN,lineage,SVM,onehot,2,NNRBG-17-0227-1_S8,0,0.017335793774213203
GEN,lineage,SVM,onehot,2,NNRBG-17-0239-1_S10,0,0.2233341605023708
GEN,lineage,SVM,onehot,2,NNRBG-17-0255-1_S14,0,0.9897707703815787
GEN,lineage,SVM,onehot,2,NNRBG-17-0278-1_S16,0,0.07894320618892198
GEN,lineage,SVM,onehot,2,RBB-18-0674-1_S189,1,0.01621279405183547
GEN,lineage,SVM,onehot,2,RBB-18-0892-1_S80_2,1,0.8802081999438226
GEN,lineage,SVM,onehot,2,RBB-18-1212-1_S67_2,0,0.6890584772176791
GEN,lineage,SVM,onehot,2,RBB-18-1406-1_S49,0,0.13745928677488592
GEN,lineage,SVM,onehot,2,RBB-19-0014-1_S44,0,0.8677571134778166
GEN,lineage,SVM,onehot,2,RBBK18-0189-1_S24_L001,1,0.021720814850459787
GEN,lineage,SVM,onehot,2,RBF-17-0195-1_S141,0,0.2482825794455481
GEN,lineage,SVM,onehot,2,RBF-17-0587-1_S91,0,0.0590434859698917
GEN,lineage,SVM,onehot,2,RBF-17-0605-1_S94,0,0.03815749931968802
GEN,lineage,SVM,onehot,2,RBF-17-0614-3_S95,0,0.01882425644824145
GEN,lineage,SVM,onehot,2,RBF-17-0645-1_S61,0,0.0014913882972665648
GEN,lineage,SVM,onehot,2,RBF-17-0648-1_S100,0,0.0005972303820030015
GEN,lineage,SVM,onehot,2,RBF-17-0664-1_S63,0,0.004499987841554582
GEN,lineage,SVM,onehot,2,RBF-18-0013-1_S25_L001,0,0.017870361258933282
GEN,lineage,SVM,onehot,2,RBF-18-0072-1_S16,0,0.2647026433623581
GEN,lineage,SVM,onehot,2,RBF-18-0123-1_S25_L001,0,0.04253420114669693
GEN,lineage,SVM,onehot,2,RBF-18-0192-1_S44,0,0.04266471553746671
GEN,lineage,SVM,onehot,2,RBF-18-0201-1_S49,0,0.004601759585819011
GEN,lineage,SVM,onehot,2,RBF-18-0253-1_S13_L001,0,0.9954485004945804
GEN,lineage,SVM,onehot,2,RBF-18-0280-1_S62,0,0.004114829465728112
GEN,lineage,SVM,onehot,2,RBF-18-0294-1_S64,0,0.1787007130464767
GEN,lineage,SVM,onehot,2,RBF-18-0296-1_S17,0,0.1015541743009694
GEN,lineage,SVM,onehot,2,RBG-18-0085-1_S11,1,0.030846850610570218
GEN,lineage,SVM,onehot,2,RBG-18-0140-1_S14_L001,0,0.002170934722330301
GEN,lineage,SVM,onehot,2,RBG-18-0144-1_S38,0,0.00023270102486113806
GEN,lineage,SVM,onehot,2,RBG-18-0170-1_S41,0,0.0010652009553414293
GEN,lineage,SVM,onehot,2,RBG-18-0204-1_S23_L001,0,0.004237600656130091
GEN,lineage,SVM,onehot,2,RBG-18-0223-1_S2,0,0.005829482400364923
GEN,lineage,SVM,onehot,2,RBG-18-0276-1_S50,0,0.036672091241080895
GEN,lineage,SVM,onehot,2,RBG-18-0280-1_S51,0,0.019051804028880855
GEN,lineage,SVM,onehot,2,RBG-18-0300-1_S52,0,0.024862646290596774
GEN,lineage,SVM,onehot,2,RBG-18-0352-1_S21_L001,0,0.008934747672926001
GEN,lineage,SVM,onehot,2,RBK-18-0002-1_S38,1,0.08434801192484677
GEN,lineage,SVM,onehot,2,RBK-18-0005-1_S18,0,0.002193389723708974
GEN,lineage,SVM,onehot,2,RBK-18-0047-1_S20,0,0.005559224304934882
GEN,lineage,SVM,onehot,2,RBK-18-0062-2_S203,0,0.002830061437203544
GEN,lineage,SVM,onehot,2,RBK-18-0080-1_S205,0,0.0054103074524884
GEN,lineage,SVM,onehot,2,RBL-17-0101-1_S148,0,0.155909942027922
GEN,lineage,SVM,onehot,2,RBL-17-0108-1_S151,0,0.2863250023335387
GEN,lineage,SVM,onehot,2,RBL-17-0116-1_S154,0,0.10163768579687972
GEN,lineage,SVM,onehot,2,RBL-17-0123-1_S157,0,0.009184233156092418
GEN,lineage,SVM,onehot,2,RBL-17-0155-1_S165,0,0.0027700637918875066
GEN,lineage,SVM,onehot,2,RBL-17-0159-1_S166,0,0.05418528873400449
GEN,lineage,SVM,onehot,2,RBL-17-0165-1_S167,0,0.4054490044369451
GEN,lineage,SVM,onehot,2,RBL-17-0205-1_S175,0,0.21812505395824344
GEN,lineage,SVM,onehot,2,RBL-17-0256-1_S98,0,0.22126405209782873
GEN,lineage,SVM,onehot,2,RBL-17-0259-1_S99,0,0.12280819263053118
GEN,lineage,SVM,onehot,2,RBL-17-0274-2_S105,0,0.6884204097488201
GEN,lineage,SVM,onehot,2,RBL-17-0324-1_S54,0,0.3808620146210649
GEN,lineage,SVM,onehot,2,RBL-17-0340-1_S102,0,0.19910352047046864
GEN,lineage,SVM,onehot,2,RBL-17-0342-1_S103,0,0.03086559252678691
GEN,lineage,SVM,onehot,2,RBL-17-0347-1_S104,0,0.25664264256259595
GEN,lineage,SVM,onehot,2,RBL-17-0368-1_S114,0,0.16239939650446003
GEN,lineage,SVM,onehot,2,RBL-17-0375-1_S117,0,0.633634968939852
GEN,lineage,SVM,onehot,2,RBL-17-0395-1_S124,0,0.25504815911842543
GEN,lineage,SVM,onehot,2,RBL-17-0402-1_S126,0,0.2162443665521117
GEN,lineage,SVM,onehot,2,RBL-17-0434-1_S133,0,0.950973431235878
GEN,lineage,SVM,onehot,2,RBL-17-0435-1_S134,0,0.051428580089879744
GEN,lineage,SVM,onehot,2,RBL-18-0016-1_S161,0,0.03867778569064246
GEN,lineage,SVM,onehot,2,RBL-18-0022-1_S43,0,0.07973999217234433
GEN,lineage,SVM,onehot,2,RBL-18-0066-1_S173,0,0.06726423035878973
GEN,lineage,SVM,onehot,2,RBL-18-0085-1_S176,0,0.17089488679903014
GEN,lineage,SVM,onehot,2,RBL-18-0131-1_S188_2,1,0.08936195825073101
GEN,lineage,SVM,onehot,2,RBT-17-0003-1_S16,0,0.036703279370437394
GEN,lineage,SVM,onehot,2,RBT-17-0019-1_S62,0,0.9694060080974292
GEN,lineage,SVM,onehot,2,RBT-17-0023-1_S25,0,0.03410485557384809
GEN,lineage,SVM,onehot,2,RBT-17-0124-1_S46,0,0.29071970596193675
GEN,lineage,SVM,onehot,2,RBT-17-0165-1_S60,0,0.0688440120765879
GEN,lineage,SVM,onehot,2,RBT-17-0174-1_S64,0,0.004984778705682354
GEN,lineage,SVM,onehot,2,RBT-17-0194-1_S30,0,0.000979745878474335
GEN,lineage,SVM,onehot,2,RBT-17-0210-1_S55,0,0.08084107735749979
GEN,lineage,SVM,onehot,2,RBT-17-0219-1_S8,0,0.04470312137038252
GEN,lineage,SVM,onehot,2,RBT-17-0232-1_S58,1,0.5951251337718225
GEN,lineage,SVM,onehot,2,RBT-17-0238-1_S59,0,0.000942396690331949
GEN,lineage,SVM,onehot,2,RBT-17-0239-1_S60,0,0.05701551275558454
GEN,lineage,SVM,onehot,2,RBT-17-0251-1_S62,1,0.003520462536439853
GEN,lineage,SVM,onehot,2,RBT-17-0270-1_S65,0,0.04574343206963158
GEN,lineage,SVM,onehot,2,RBT-17-0295-1_S15,0,0.009066499632288427
GEN,lineage,SVM,onehot,2,RBT-18-0023-1_S14,0,0.0007358548773437787
GEN,lineage,SVM,onehot,2,RBT-18-0027-1_S68,0,0.024818890866778142
GEN,lineage,SVM,onehot,2,RBT-18-0071-1_S41,0,0.9863587942309349
GEN,lineage,SVM,onehot,2,RBT-18-0079-1_S16,0,0.12260228450757331
GEN,lineage,SVM,onehot,2,RBT-18-0095-1_S19,0,0.29324476701730623
GEN,lineage,SVM,onehot,2,RBT-18-0096-1_S20,0,0.20071367067378168
GEN,lineage,SVM,onehot,2,RBT-18-0116-1_S46,0,0.09700475555379434
GEN,lineage,SVM,onehot,2,RBT-18-0121-1_S28,0,0.011635778908402726
GEN,lineage,SVM,onehot,2,RBT-18-0125-1_S50,0,0.1312243273498507
GEN,lineage,SVM,onehot,2,RBT-18-0133-1_S30,0,0.00410698724969307
GEN,lineage,SVM,onehot,2,RBT-18-0146-1_S55,0,0.007394384857265991
GEN,lineage,SVM,onehot,2,RBT-18-0173-1_S35,0,0.00399567771988281
GEN,lineage,SVM,onehot,2,RBT-18-0185-1_S39,0,0.002443731764716035
GEN,lineage,SVM,onehot,2,RBT-18-0232-1_S47,0,0.9941668940943185
GEN,lineage,SVM,onehot,2,RBT-18-0251-1_S7,0,0.009715086695969787
GEN,lineage,SVM,onehot,2,RBT-18-0253-1_S54,1,0.6705544561148897
GEN,lineage,SVM,onehot,2,RBT-18-0288-1_S68,0,0.16751061070049042
GEN,lineage,SVM,onehot,2,RBT-18-0292-1_S70,0,0.03293042838983414
GEN,lineage,SVM,onehot,2,RBT-18-0325-1_S44,0,0.08709708819139733
GEN,lineage,SVM,onehot,2,RBT-18-0338-1_S35,0,0.02284409862135955
GEN,lineage,SVM,onehot,2,RBT-18-0358-1_S28,0,0.049547305508988865
GEN,lineage,SVM,onehot,2,RBT-18-0368-1_S32,0,0.14821340361661275
GEN,lineage,SVM,onehot,2,RBT-18-0370-1_S33,0,0.459152433861254
GEN,lineage,SVM,onehot,2,ResetH1_S1_L001,0,0.9248678446837189
GEN,lineage,SVM,onehot,2,ResetH134_S8_L001,0,0.6724274850472538
GEN,lineage,SVM,onehot,2,ResetH139_S3_L001,0,0.020111799601682915
GEN,lineage,SVM,onehot,2,ResetH30_S4_L001,0,0.8513499474985443
GEN,lineage,SVM,onehot,2,ResetH45_S5_L001,0,0.38403271285077617
GEN,lineage,SVM,onehot,2,ResetV105_S1_L001,0,0.13388396651345263
GEN,lineage,SVM,onehot,2,ResetV76_S7_L001,0,0.016624731683637328
GEN,lineage,SVM,onehot,2,Survcare0114_S37,0,0.6924845776259724
GEN,lineage,SVM,onehot,2,Survcare129_S1,0,0.001176369081143436
GEN,lineage,SVM,onehot,2,Survcare184_S19,1,0.00473223778976397
GEN,lineage,SVM,onehot,2,Survcare254_S36,0,0.003409710115115962
GEN,lineage,SVM,onehot,2,Survcare262_S23_L001,1,0.17753713467884985
GEN,lineage,SVM,onehot,2,Survcare275_S38,1,0.000942697504490812
GEN,lineage,SVM,onehot,2,Survcare289_S36,1,0.6942200290585355
GEN,lineage,SVM,onehot,2,Survcare291_S38,1,0.005880866825097507
GEN,lineage,SVM,onehot,2,Survcare293_S40,1,0.750656887269092
GEN,lineage,SVM,onehot,2,Survcare309_S20_L001,1,0.781304466357808
GEN,lineage,SVM,onehot,2,Survcare313_S24_L001,1,0.6129628360843675
GEN,lineage,SVM,onehot,2,Survcare318_S20_L001,0,0.06808777782394655
GEN,lineage,SVM,onehot,2,Survcare319_S16,0,0.0008142693505959084
GEN,lineage,SVM,onehot,2,Survcare350_S44,0,0.5993490402240088
GEN,lineage,SVM,onehot,2,V1_S6_L001,1,0.9067183272445937
GEN,lineage,SVM,onehot,2,V152_S3_L001,1,0.06881671254954408
GEN,lineage,SVM,onehot,2,V172_S5_L001,1,0.032946602222188114
GEN,lineage,SVM,onehot,2,V177_S6_L001,0,0.004879514797471067
GEN,lineage,SVM,onehot,2,V279_S8_L001,1,0.2575191732548807
GEN,lineage,SVM,onehot,2,V283_S5_L001,1,0.018199751467047706
GEN,lineage,SVM,onehot,2,V292_S6_L001,1,0.9845200324644436
GEN,lineage,SVM,onehot,2,V40_S2_L001,1,0.06268259144029135
GEN,lineage,SVM,onehot,2,V79_S6_L001,0,0.6535397496579793
GEN,lineage,SVM,onehot,2,V9_S1_L001,1,0.08505773702101053
GEN,lineage,SVM,onehot,2,wdh-RBB-16-025-1_S20,0,0.07303958143666693
GEN,lineage,SVM,onehot,2,wdh-RBL-17-0361-1_S44,0,0.17481152083678542
GEN,lineage,SVM,onehot,2,WDHRBG-17-0093-1_S1,0,0.023986992755899213
GEN,lineage,SVM,onehot,2,wNRZ-32446_S79,1,0.5054963637629364
GEN,lineage,SVM,onehot,2,wRBG-17-023-1_S155,0,0.002574881036062746
GEN,lineage,SVM,onehot,2,wRBG-17-075-1_S96,0,0.7645509356516683
GEN,lineage,SVM,onehot,2,wwRBF-17-148-1_S27,0,0.0379392798909323
GEN,lineage,SVM,onehot,2,wwRBK-17-0278-1_S41,0,0.00941707887126983
GEN,lineage,SVM,onehot,2,wwRBL-16-111-1_S16,0,0.9913498495564493
GEN,lineage,SVM,onehot,3,H105_S3_L001,0,0.6503455500556985
GEN,lineage,SVM,onehot,3,H148_S4_L001,1,0.6601928715268577
GEN,lineage,SVM,onehot,3,H3_S1_L001,0,0.8920584550713635
GEN,lineage,SVM,onehot,3,H51_S5_L001,0,0.6534388532153614
GEN,lineage,SVM,onehot,3,H53_S4_L001,0,0.6128482261360093
GEN,lineage,SVM,onehot,3,H71_S1_L001,1,0.7262849520494624
GEN,lineage,SVM,onehot,3,H86_S1_L001,1,0.26514023576071155
GEN,lineage,SVM,onehot,3,NNRBG-17-0191-1_S1,1,0.3452947715186542
GEN,lineage,SVM,onehot,3,NNRBG-17-0234-1_S9,0,0.022896198266925596
GEN,lineage,SVM,onehot,3,NNRBG-17-0242-1_S11,0,0.4595762962307365
GEN,lineage,SVM,onehot,3,NNRBG-17-0249-1_S13,0,0.5302044267668136
GEN,lineage,SVM,onehot,3,NNRBG-17-0287-1_S17,0,0.2075962702956039
GEN,lineage,SVM,onehot,3,NNRBG-17-0378-1_S37,1,0.5463330390586911
GEN,lineage,SVM,onehot,3,RBB-17-011-1_S40,0,0.6571009104714665
GEN,lineage,SVM,onehot,3,RBB-17-171-1_S52,0,0.4285435559616448
GEN,lineage,SVM,onehot,3,RBB-18-0537-1_S21_L001,0,0.7633486472262434
GEN,lineage,SVM,onehot,3,RBB-18-0668-1_S188,1,0.6213093383169106
GEN,lineage,SVM,onehot,3,RBB-18-1309-1_S42,1,0.45523307427617377
GEN,lineage,SVM,onehot,3,RBB-18-1460-1_S45,1,0.3636485365493274
GEN,lineage,SVM,onehot,3,RBF-16-004-1_S18,0,0.26377002486306383
GEN,lineage,SVM,onehot,3,RBF-16-060-1_S22,0,0.6625658452955672
GEN,lineage,SVM,onehot,3,RBF-17-0340-1_S81,0,0.452602961841159
GEN,lineage,SVM,onehot,3,RBF-17-0438-1_S9,1,0.6571009104714665
GEN,lineage,SVM,onehot,3,RBF-17-0467-1_S12,0,0.6248925898714076
GEN,lineage,SVM,onehot,3,RBF-17-0489-1_S13,0,0.5359744917557001
GEN,lineage,SVM,onehot,3,RBF-17-0513-1_S76,0,0.2197658405117442
GEN,lineage,SVM,onehot,3,RBF-17-0521-1_S78,0,0.7736568059620328
GEN,lineage,SVM,onehot,3,RBF-17-0537-1_S56,1,0.5957947499869031
GEN,lineage,SVM,onehot,3,RBF-17-0553-1_S85,0,0.7024452469725947
GEN,lineage,SVM,onehot,3,RBF-17-0572-2_S89,0,0.18295265002733954
GEN,lineage,SVM,onehot,3,RBF-17-067-1_S54,1,0.6009445471294919
GEN,lineage,SVM,onehot,3,RBF-17-094-1_S56,1,0.5861472180620086
GEN,lineage,SVM,onehot,3,RBF-17-170-1_S66,1,0.4421147384477421
GEN,lineage,SVM,onehot,3,RBF-17-186-1_S69,1,0.6571009104714665
GEN,lineage,SVM,onehot,3,RBF-17-318-1_S77,1,0.7175734375575294
GEN,lineage,SVM,onehot,3,RBF-18-0019-1_S2,1,0.6666242078615249
GEN,lineage,SVM,onehot,3,RBF-18-0035-1_S6,0,0.847414205964487
GEN,lineage,SVM,onehot,3,RBF-18-0068-1_S77,0,0.08166925295717158
GEN,lineage,SVM,onehot,3,RBF-18-0075-1_S79,1,0.6164640150690612
GEN,lineage,SVM,onehot,3,RBF-18-0125-1_S30,0,0.0019422139828037179
GEN,lineage,SVM,onehot,3,RBF-18-0139-1_S35,0,0.00104292267507091
GEN,lineage,SVM,onehot,3,RBF-18-0173-1_S27,0,0.4345443512840561
GEN,lineage,SVM,onehot,3,RBF-18-0174-1_S28,1,0.573555767421189
GEN,lineage,SVM,onehot,3,RBF-18-0179-1_S29,0,0.1341753066183608
GEN,lineage,SVM,onehot,3,RBF-18-0187-1_S31,0,0.7260930357943504
GEN,lineage,SVM,onehot,3,RBF-18-0194-1_S86,0,0.5928067733793175
GEN,lineage,SVM,onehot,3,RBF-18-0196-1_S46,0,0.31496944984517394
GEN,lineage,SVM,onehot,3,RBF-18-0199-1_S47,0,0.6039458044605646
GEN,lineage,SVM,onehot,3,RBF-18-0227-1_S53,0,0.1391950981937884
GEN,lineage,SVM,onehot,3,RBF-18-0277-1_S61,0,0.5447773595760781
GEN,lineage,SVM,onehot,3,RBF-18-0585-1_S48,0,0.6807233034841204
GEN,lineage,SVM,onehot,3,RBF-18-0714-2_S204_2,0,0.3684862190931199
GEN,lineage,SVM,onehot,3,RBG-17-0351-1_S20_L001,0,0.5867743809361181
GEN,lineage,SVM,onehot,3,RBG-17-0383-1_S44,0,0.4525472451334979
GEN,lineage,SVM,onehot,3,RBg-17-123-2_S12,0,0.03470654557326183
GEN,lineage,SVM,onehot,3,RBG-18-0004-1_S1,0,0.6571009104714665
GEN,lineage,SVM,onehot,3,RBG-18-0072-1_S8,0,0.47950895383882053
GEN,lineage,SVM,onehot,3,RBG-18-0099-1_S14,0,0.6571009104714665
GEN,lineage,SVM,onehot,3,RBG-18-0129-1_S15_L001,0,0.27029723947487655
GEN,lineage,SVM,onehot,3,RBG-18-0153-1_S14,0,0.6695053923037599
GEN,lineage,SVM,onehot,3,RBG-18-0177-1_S17_L001,1,0.7049251185336863
GEN,lineage,SVM,onehot,3,RBG-18-0200-1_S18_L001,1,0.41221737679641085
GEN,lineage,SVM,onehot,3,RBG-18-0224-1_S24_L001,1,0.659284972624591
GEN,lineage,SVM,onehot,3,RBG-18-0279-1_S36,0,0.5798705947085859
GEN,lineage,SVM,onehot,3,RBG-18-0289-1_S37,1,0.22601991749515707
GEN,lineage,SVM,onehot,3,RBG-18-0380-1_S48,0,0.6571009104714665
GEN,lineage,SVM,onehot,3,RBG-18-0388-1_S21_L001,1,0.5489955746794801
GEN,lineage,SVM,onehot,3,RBG-18-0391-1_S22_L001,1,0.6439232713151141
GEN,lineage,SVM,onehot,3,RBG-18-0410-1_S12,0,0.5498092499494658
GEN,lineage,SVM,onehot,3,RBG-18-0421-1_S53,1,0.5849284338741069
GEN,lineage,SVM,onehot,3,RBG-18-0437-1_S54,0,0.452773978249046
GEN,lineage,SVM,onehot,3,RBK-16-124-1_S16,0,0.43056092549925107
GEN,lineage,SVM,onehot,3,RBK-17-0457-1_S6,1,0.45135487588359496
GEN,lineage,SVM,onehot,3,RBK-17-0492-1_S8,1,0.42947614990518346
GEN,lineage,SVM,onehot,3,RBK-17-0588-1_S24,0,0.6019712479735291
GEN,lineage,SVM,onehot,3,RBK-17-0601-1_S25,0,0.6571009104714665
GEN,lineage,SVM,onehot,3,RBK-17-0612-1_S27,1,0.6538156579149217
GEN,lineage,SVM,onehot,3,RBK-17-0655-5_S182,0,0.7180937868199456
GEN,lineage,SVM,onehot,3,RBK-18-0022-1_S197,0,0.08475380583150412
GEN,lineage,SVM,onehot,3,RBK-18-0077-1_S212,1,0.6538156579149217
GEN,lineage,SVM,onehot,3,RBK-18-0236-2_S52_2,0,0.3348107818542056
GEN,lineage,SVM,onehot,3,RBKk-18-0108-1_S201,0,0.5866490324497551
GEN,lineage,SVM,onehot,3,RBL-17-0093-1_S146,0,0.2960450249878491
GEN,lineage,SVM,onehot,3,RBL-17-0107-1_S150,0,0.33127800222283105
GEN,lineage,SVM,onehot,3,RBL-17-0113-1_S153,1,0.5388175709009297
GEN,lineage,SVM,onehot,3,RBL-17-0136-1_S161,0,0.03600634610729003
GEN,lineage,SVM,onehot,3,RBL-17-0199-1_S174,0,0.5772762591315368
GEN,lineage,SVM,onehot,3,RBL-17-0217-1_S176,0,0.390099570173723
GEN,lineage,SVM,onehot,3,RBL-17-0226-1_S41,1,0.5925399228173801
GEN,lineage,SVM,onehot,3,RBL-17-0242-1_S42,1,0.6473913297147328
GEN,lineage,SVM,onehot,3,RBL-17-0244-1_S44,0,0.586178355514831
GEN,lineage,SVM,onehot,3,RBL-17-0261-1_S100,0,0.00213103343379358
GEN,lineage,SVM,onehot,3,RBL-17-0264-1_S103,0,0.5275289546422928
GEN,lineage,SVM,onehot,3,RBL-17-0305-1_S49,1,0.6199159150568974
GEN,lineage,SVM,onehot,3,RBL-17-0307-1_S51,1,0.6571009104714665
GEN,lineage,SVM,onehot,3,RBL-17-0323-1_S115,0,0.2715112112187745
GEN,lineage,SVM,onehot,3,RBL-17-0350-1_S106,0,0.5590274198460676
GEN,lineage,SVM,onehot,3,RBL-17-0359-1_S66,1,0.445750915752553
GEN,lineage,SVM,onehot,3,RBL-17-0360-1_S108,0,0.04022371965980101
GEN,lineage,SVM,onehot,3,RBL-17-0391-1_S122,0,0.4430208701615537
GEN,lineage,SVM,onehot,3,RBL-17-0392-1_S69,1,0.6199159150568974
GEN,lineage,SVM,onehot,3,RBL-17-0432-1_S132,0,0.6556922917597872
GEN,lineage,SVM,onehot,3,RBL-17-060-1_S17,0,0.46323441662761583
GEN,lineage,SVM,onehot,3,RBL-18-0037-1_S168,0,0.04309587008563826
GEN,lineage,SVM,onehot,3,RBL-18-0048-1_S44,0,0.7165010546739201
GEN,lineage,SVM,onehot,3,RBL-18-0059-1_S171,0,0.2219276193018032
GEN,lineage,SVM,onehot,3,RBL-18-0076-1_S47,0,0.7163690782540382
GEN,lineage,SVM,onehot,3,RBL-18-0090-1_S48,0,0.5631968955067711
GEN,lineage,SVM,onehot,3,RBL-18-0093-1_S49,0,0.5117945047908378
GEN,lineage,SVM,onehot,3,RBL-18-0098-1_S178,0,0.6560968056818506
GEN,lineage,SVM,onehot,3,RBL-18-0194-1_S195_2,1,0.28292405583998104
GEN,lineage,SVM,onehot,3,RBL-18-0343-1_S6,0,0.33628869024991953
GEN,lineage,SVM,onehot,3,RBL-18-0467-1_S228_2,1,0.27879460492490227
GEN,lineage,SVM,onehot,3,RBL-18-0500-1_S230_2,0,0.7028487311601512
GEN,lineage,SVM,onehot,3,RBT-16-0024-1_S10,1,0.757971767999499
GEN,lineage,SVM,onehot,3,RBT-16-0038-1_S11,0,0.48144526300835877
GEN,lineage,SVM,onehot,3,RBT-17-0009-1_S21,0,0.2504556124218778
GEN,lineage,SVM,onehot,3,RBT-17-0039-1_S28,1,0.2192174047282173
GEN,lineage,SVM,onehot,3,RBT-17-0102-1_S37,0,0.4705852329946342
GEN,lineage,SVM,onehot,3,RBT-17-0149-1_S13,0,0.11129224541695434
GEN,lineage,SVM,onehot,3,RBT-17-0188-1_S68,0,0.8486125699418549
GEN,lineage,SVM,onehot,3,RBT-17-0249-1_S61,1,0.6718759165378343
GEN,lineage,SVM,onehot,3,RBT-17-0328-1_S16,0,0.5922005001016385
GEN,lineage,SVM,onehot,3,RBT-17-0339-1_S20,0,0.7611362879383232
GEN,lineage,SVM,onehot,3,RBT-18-0021-1_S56,1,0.6571009104714665
GEN,lineage,SVM,onehot,3,RBT-18-0053-1_S36,1,0.6783336439580162
GEN,lineage,SVM,onehot,3,RBT-18-0179-1_S37,0,0.46460946931443453
GEN,lineage,SVM,onehot,3,RBT-18-0205-1_S6,1,0.7563315675135096
GEN,lineage,SVM,onehot,3,RBT-18-0227-1_S46,1,0.6730129428137965
GEN,lineage,SVM,onehot,3,RBT-18-0234-1_S15,1,0.8003496631712347
GEN,lineage,SVM,onehot,3,RBT-18-0265-1_S59,0,0.24061769386043333
GEN,lineage,SVM,onehot,3,RBT-18-0278-1_S64,0,0.6460700764817766
GEN,lineage,SVM,onehot,3,RBT-18-0284-1_S66,1,0.7576297924860025
GEN,lineage,SVM,onehot,3,RBT-18-0296-1_S72,1,0.6998379248856362
GEN,lineage,SVM,onehot,3,RBT-18-0308-1_S34,0,0.5368540079526466
GEN,lineage,SVM,onehot,3,RBT-18-0324-1_S57,1,0.7830197933607903
GEN,lineage,SVM,onehot,3,RBT-18-0335-1_S41,1,0.6138049242984717
GEN,lineage,SVM,onehot,3,RBT-18-0337-1_S46,0,0.4856346275262722
GEN,lineage,SVM,onehot,3,RBT-18-0351-1_S48,0,0.4156830118068251
GEN,lineage,SVM,onehot,3,RBT-18-0363-1_S72,1,0.7754327056306815
GEN,lineage,SVM,onehot,3,RBT-18-0372-1_S31,0,0.8343905950220808
GEN,lineage,SVM,onehot,3,RBT-18-0391-1_S35,0,0.5363241589123424
GEN,lineage,SVM,onehot,3,RBT-18-0392-1_S56,0,0.676371910074111
GEN,lineage,SVM,onehot,3,RBT-18-0401-1_S43,0,0.7683265503467069
GEN,lineage,SVM,onehot,3,ResetH127_S6_L001,1,0.5227098765158137
GEN,lineage,SVM,onehot,3,ResetH129_S7_L001,1,0.5869788307000607
GEN,lineage,SVM,onehot,3,ResetH131_S7_L001,0,0.6101839045149083
GEN,lineage,SVM,onehot,3,ResetH132_S1_L001,0,0.46402097752027316
GEN,lineage,SVM,onehot,3,ResetH49b_S6_L001,0,0.2107645582570072
GEN,lineage,SVM,onehot,3,ResetH63_S7_L001,0,0.6571009104714665
GEN,lineage,SVM,onehot,3,ResetH75_S2_L001,1,0.6351269917745485
GEN,lineage,SVM,onehot,3,ResetV260_S5_L001,0,0.6572970069839645
GEN,lineage,SVM,onehot,3,Survcare187_S32,0,0.7533986318206833
GEN,lineage,SVM,onehot,3,Survcare236_S5_L001,1,0.6157958482163597
GEN,lineage,SVM,onehot,3,Survcare253_S35,0,0.03790226726143481
GEN,lineage,SVM,onehot,3,Survcare265_S20,1,0.4442049637962676
GEN,lineage,SVM,onehot,3,Survcare327_S1,0,0.5669906976340672
GEN,lineage,SVM,onehot,3,Survcare329_S3,0,0.9133596700816138
GEN,lineage,SVM,onehot,3,Survcare341_S25,0,0.2000974484165672
GEN,lineage,SVM,onehot,3,V108_S2_L001,0,0.4233865275942532
GEN,lineage,SVM,onehot,3,V111_S3_L001,0,0.5819235458480835
GEN,lineage,SVM,onehot,3,V113_S3_L001,0,0.8633535483324097
GEN,lineage,SVM,onehot,3,V282_S4_L001,0,0.3283749775937788
GEN,lineage,SVM,onehot,3,V291_S5_L001,1,0.6151490697675933
GEN,lineage,SVM,onehot,3,V295_S7_L001,0,0.6689936116327759
GEN,lineage,SVM,onehot,3,V89_S1_L001,0,0.822209187838754
GEN,lineage,SVM,onehot,3,W2RBK-17-168-1_S33,0,0.6182093911058777
GEN,lineage,SVM,onehot,3,W2RBK-17-169-1_S34,0,0.14394890974957356
GEN,lineage,SVM,onehot,3,W2RBL-16-018-1_S15,1,0.4050754904973
GEN,lineage,SVM,onehot,3,wdh-RBB-17-170-1_S16,0,0.6581344594363143
GEN,lineage,SVM,onehot,3,wdh-RBF-17-0572-1_S43,0,0.20927911162292398
GEN,lineage,SVM,onehot,3,wdhRBF-10-0002-1_S10_L001,1,0.7947951993645571
GEN,lineage,SVM,onehot,3,wdhRBF-17-0567-1_S122,0,0.4073925561694135
GEN,lineage,SVM,onehot,3,wdhRBF-18-0049-1_S13_L001,0,0.08312302949349974
GEN,lineage,SVM,onehot,3,WDHRBG-16-049-1_S87,0,0.6594586543416218
GEN,lineage,SVM,onehot,3,WDHRBG-17-008-1_S83,0,0.0906101117741283
GEN,lineage,SVM,onehot,3,wRBF-17-0146-1_S35,1,0.6718759165378343
GEN,lineage,SVM,onehot,3,wRBG-16-033-1_S153,0,0.2477928796331438
GEN,lineage,SVM,onehot,3,wRBG-17-055-1_S163,0,0.4702942481600037
GEN,lineage,SVM,onehot,3,wRBG-17-057-1_S141,0,0.4465007490080565
GEN,lineage,SVM,onehot,3,wRBG-17-106-1_S125,1,0.22768844396086993
GEN,lineage,SVM,onehot,3,wwRBB-16-112-1_S1,1,0.6394282901024437
GEN,lineage,SVM,onehot,3,wwRBF-16-007-1_S10,1,0.5255421194874669
GEN,lineage,SVM,onehot,3,wwRBF-17-167-1_S31,1,0.38986823511371527
GEN,lineage,SVM,onehot,3,wwRBF-17-189-1_S32,1,0.42726421375276785
GEN,lineage,SVM,onehot,3,wwRBF-17-209-1_S34,1,0.4300577286629748
GEN,lineage,SVM,onehot,3,wwRBK-16-023-1_S5,0,0.22821631347603408
GEN,lineage,SVM,onehot,3,wwRBK-17-0148-1_S37,1,0.5776681687464722
GEN,lineage,SVM,onehot,3,wwRBK-17-0148-2_S38,1,0.6189204825457106
GEN,lineage,SVM,onehot,3,wwRBK-17-0197-1_S39,1,0.6586901375859348
GEN,lineage,SVM,onehot,3,wwRBK-17-075-1_S28,1,0.6571829449484243
GEN,lineage,SVM,onehot,3,wwRBL-17-004-1_S44,1,0.7349252630273144
GEN,lineage,SVM,onehot,4,H119_S7_L001,1,0.9312417448149442
GEN,lineage,SVM,onehot,4,H157_S3_L001,0,0.7513161906448679
GEN,lineage,SVM,onehot,4,H38_S4_L001,0,0.7151232210952091
GEN,lineage,SVM,onehot,4,H66_S1_L001,1,0.10985096851931805
GEN,lineage,SVM,onehot,4,H69_S6_L001,0,0.9652278241793428
GEN,lineage,SVM,onehot,4,H83_S7_L001,0,0.23042018878155351
GEN,lineage,SVM,onehot,4,NNRBG-17-0193-1_S2,0,0.007330912738767939
GEN,lineage,SVM,onehot,4,NNRBG-17-0243-1_S12,0,0.10450947774647246
GEN,lineage,SVM,onehot,4,NNRBG-17-0298-1_S19,0,0.057175306826718286
GEN,lineage,SVM,onehot,4,NNRBG-17-0346-1_S30,0,0.015446488064246616
GEN,lineage,SVM,onehot,4,RBB-18-0546-1_S22_L001,0,0.003122234672239265
GEN,lineage,SVM,onehot,4,RBB-18-0665-1_S23_L001,0,0.7819043379745734
GEN,lineage,SVM,onehot,4,RBB-18-0972-1_S203_2,1,0.30479398338364394
GEN,lineage,SVM,onehot,4,RBB-18-1393-1_S48,0,0.06499151489960402
GEN,lineage,SVM,onehot,4,RBF-16-073-1_S23,0,0.9030632759357293
GEN,lineage,SVM,onehot,4,RBF-17-0178-1_S139,0,0.7986468904117933
GEN,lineage,SVM,onehot,4,RBF-17-0424-1_S15,0,0.034506720529072166
GEN,lineage,SVM,onehot,4,RBF-17-0450-1_S10,0,0.05106994267717864
GEN,lineage,SVM,onehot,4,RBF-17-0523-1_S30,0,0.03979657287500186
GEN,lineage,SVM,onehot,4,RBF-17-0532-1_S80,0,0.5433119009327267
GEN,lineage,SVM,onehot,4,RBF-17-0532-2_S31,0,0.6527009448524174
GEN,lineage,SVM,onehot,4,RBF-17-0616-1_S96,0,0.6894117165577827
GEN,lineage,SVM,onehot,4,RBF-17-0630-1_S59,0,0.003556848291953253
GEN,lineage,SVM,onehot,4,RBF-17-0632-1_S97,0,0.08940829140121219
GEN,lineage,SVM,onehot,4,RBF-17-266-1_S70,1,0.17039238431344111
GEN,lineage,SVM,onehot,4,RBF-18-0027-1_S5,1,0.0005415042745814584
GEN,lineage,SVM,onehot,4,RBF-18-0064-2_S14,0,0.014795112044274153
GEN,lineage,SVM,onehot,4,RBF-18-0069-1_S78,1,0.9529095972120805
GEN,lineage,SVM,onehot,4,RBF-18-0088-1_S24,1,0.03093354798366162
GEN,lineage,SVM,onehot,4,RBF-18-0093-1_S80,1,0.0014554587576736649
GEN,lineage,SVM,onehot,4,RBF-18-0099-1_S26,0,0.16706705602070074
GEN,lineage,SVM,onehot,4,RBF-18-0132-1_S26,0,0.05405177707614262
GEN,lineage,SVM,onehot,4,RBF-18-0135-1_S34,1,0.2238575589612163
GEN,lineage,SVM,onehot,4,RBF-18-0147-1_S36,0,0.41685888710326496
GEN,lineage,SVM,onehot,4,RBF-18-0163-2_S39,0,0.2505154607164734
GEN,lineage,SVM,onehot,4,RBF-18-0200-1_S48,0,0.5256157447464426
GEN,lineage,SVM,onehot,4,RBF-18-0208-2_S11_L001,0,0.15471244245257665
GEN,lineage,SVM,onehot,4,RBF-18-0252-1_S56,0,0.0001145507738843872
GEN,lineage,SVM,onehot,4,RBF-18-0259-1_S33,0,0.6635055038839397
GEN,lineage,SVM,onehot,4,RBF-18-0282-1_S63,0,0.7522468767042486
GEN,lineage,SVM,onehot,4,RBF-18-0321-1_S69,0,0.2624040562817679
GEN,lineage,SVM,onehot,4,RBF-18-0339-1_S37,0,0.9554274680927819
GEN,lineage,SVM,onehot,4,RBF-18-0634-1_S183,0,0.026035531901071697
GEN,lineage,SVM,onehot,4,RBG-18-0077-1_S9,1,0.092483222672849
GEN,lineage,SVM,onehot,4,RBG-18-0083-1_S12,0,0.005659184982410309
GEN,lineage,SVM,onehot,4,RBG-18-0108-1_S16,0,0.05029673888289293
GEN,lineage,SVM,onehot,4,RBG-18-0166-1_S10_L001,0,0.04314536310669707
GEN,lineage,SVM,onehot,4,RBG-18-0194-1_S45,0,0.04271288922722083
GEN,lineage,SVM,onehot,4,RBG-18-0239-1_S4,0,0.002982057800804281
GEN,lineage,SVM,onehot,4,RBG-18-0308-1_S54,0,0.0066855651927485195
GEN,lineage,SVM,onehot,4,RBG-18-0312-1_S55,0,0.020223146299609442
GEN,lineage,SVM,onehot,4,RBG-18-0355-1_S19_L001,0,0.059484062978563866
GEN,lineage,SVM,onehot,4,RBG-18-0381-1_S49,0,0.20141348421874816
GEN,lineage,SVM,onehot,4,RBG-18-0417-1_S52,0,0.9900598980868678
GEN,lineage,SVM,onehot,4,RBK-17-049-1_S62,0,0.057877060206440706
GEN,lineage,SVM,onehot,4,RBK-18-0060-1_S22,0,0.42669963425813623
GEN,lineage,SVM,onehot,4,RBK-18-0104-1_S206,0,0.004870575341341168
GEN,lineage,SVM,onehot,4,RBL-17-0118-1_S156,0,0.004322386294928133
GEN,lineage,SVM,onehot,4,RBL-17-0172-1_S170,0,0.0256070131740222
GEN,lineage,SVM,onehot,4,RBL-17-0189-1_S172,0,0.0007363871074842782
GEN,lineage,SVM,onehot,4,RBL-17-0306-1_S50,1,0.0021264986656971117
GEN,lineage,SVM,onehot,4,RBL-17-0320-1_S114,0,0.0009233009003614964
GEN,lineage,SVM,onehot,4,RBL-17-0327-1_S116,0,0.03313461816332009
GEN,lineage,SVM,onehot,4,RBL-17-0332-1_S118,0,0.9870191502182024
GEN,lineage,SVM,onehot,4,RBL-17-0390-1_S121,0,0.06763564929791828
GEN,lineage,SVM,onehot,4,RBL-17-075-1_S18,1,0.005973112491645175
GEN,lineage,SVM,onehot,4,RBL-18-0002-1_S158,0,0.02190041364423436
GEN,lineage,SVM,onehot,4,RBL-18-0021-1_S42,0,0.39350754321649417
GEN,lineage,SVM,onehot,4,RBL-18-0242-1_S51,0,0.00627486528032294
GEN,lineage,SVM,onehot,4,RBT-17-0022-1_S24,0,0.045634768504989834
GEN,lineage,SVM,onehot,4,RBT-17-0027-1_S3,0,0.09581718346151841
GEN,lineage,SVM,onehot,4,RBT-17-0099-1_S35,0,0.0011133173028858281
GEN,lineage,SVM,onehot,4,RBT-17-0107-1_S39,0,0.0017712313731199777
GEN,lineage,SVM,onehot,4,RBT-17-0118-1_S45,0,0.953778064420978
GEN,lineage,SVM,onehot,4,RBT-17-0133-1_S6,0,0.8606305248341917
GEN,lineage,SVM,onehot,4,RBT-17-0138-1_S52,0,0.04563566159670107
GEN,lineage,SVM,onehot,4,RBT-17-0161-1_S57,0,0.04293813202123497
GEN,lineage,SVM,onehot,4,RBT-17-0168-1_S61,0,0.14860966151590885
GEN,lineage,SVM,onehot,4,RBT-17-0178-1_S66,0,0.0058469928763962295
GEN,lineage,SVM,onehot,4,RBT-17-0256-1_S25,0,0.3202454335120233
GEN,lineage,SVM,onehot,4,RBT-17-0285-1_S66,0,0.8949494848556304
GEN,lineage,SVM,onehot,4,RBT-17-0291-1_S14,1,0.31953574145049396
GEN,lineage,SVM,onehot,4,RBT-18-0004-1_S51,1,0.922463957330503
GEN,lineage,SVM,onehot,4,RBT-18-0017-1_S67,0,0.09069967468649312
GEN,lineage,SVM,onehot,4,RBT-18-0042-1_S60,0,0.4101541057919028
GEN,lineage,SVM,onehot,4,RBT-18-0046-1_S2,0,0.39913270918360133
GEN,lineage,SVM,onehot,4,RBT-18-0056-1_S37,0,0.028175262419950456
GEN,lineage,SVM,onehot,4,RBT-18-0102-1_S23,0,0.07493663598146366
GEN,lineage,SVM,onehot,4,RBT-18-0110-1_S27,0,0.001475711173994782
GEN,lineage,SVM,onehot,4,RBT-18-0122-1_S63,0,0.039243762474324914
GEN,lineage,SVM,onehot,4,RBT-18-0141-1_S32,0,0.34787633602795115
GEN,lineage,SVM,onehot,4,RBT-18-0247-1_S16,1,0.8613212669105632
GEN,lineage,SVM,onehot,4,RBT-18-0259-1_S55,0,0.03165461781057802
GEN,lineage,SVM,onehot,4,RBT-18-0263-1_S58,0,0.0022961420099008455
GEN,lineage,SVM,onehot,4,RBT-18-0275-1_S63,0,0.08720600565822427
GEN,lineage,SVM,onehot,4,RBT-18-0283-1_S65,0,0.2533035536564663
GEN,lineage,SVM,onehot,4,RBT-18-0316-1_S43,0,0.18931959323815425
GEN,lineage,SVM,onehot,4,RBT-18-0331-1_S22,0,0.4731395284750292
GEN,lineage,SVM,onehot,4,RBT-18-0334-1_S23,0,0.02721677211543802
GEN,lineage,SVM,onehot,4,RBT-18-0340-1_S36,0,0.0640905194978977
GEN,lineage,SVM,onehot,4,RBT-18-0357-1_S27,0,0.0014018016072053136
GEN,lineage,SVM,onehot,4,RBT-18-0364-1_S29,0,0.20248517098880267
GEN,lineage,SVM,onehot,4,RBT-18-0377-1_S1,0,0.09134040211965594
GEN,lineage,SVM,onehot,4,RBT-18-0384-1_S40,0,0.1313982700928609
GEN,lineage,SVM,onehot,4,RBT-18-0385-1_S34,0,0.011424743884176443
GEN,lineage,SVM,onehot,4,ResetH115_S6_L001,0,0.05779914487716459
GEN,lineage,SVM,onehot,4,ResetH44_S3_L001,1,0.24571224038224238
GEN,lineage,SVM,onehot,4,ResetH8_S2_L001,0,0.11907082197932715
GEN,lineage,SVM,onehot,4,ResetH92_S4_L001,0,0.9686967318903066
GEN,lineage,SVM,onehot,4,ResetV143_S2_L001,1,0.06689334559274096
GEN,lineage,SVM,onehot,4,ResetV161_S3_L001,0,0.2987116336390544
GEN,lineage,SVM,onehot,4,ResetV210_S4_L001,1,0.8781658669037392
GEN,lineage,SVM,onehot,4,ResetV288_S6_L001,1,0.9728332787189806
GEN,lineage,SVM,onehot,4,RPG-18-0435-1_S32,0,0.04020364086685762
GEN,lineage,SVM,onehot,4,Survcare052_S22,0,0.6036153227942237
GEN,lineage,SVM,onehot,4,Survcare058_S26,0,0.01348764996715257
GEN,lineage,SVM,onehot,4,Survcare125_S25,1,0.818395152563652
GEN,lineage,SVM,onehot,4,Survcare244_S9_L001,0,0.4147371845255266
GEN,lineage,SVM,onehot,4,Survcare278_S62,1,0.5385283643926575
GEN,lineage,SVM,onehot,4,Survcare295_S8_L001,0,0.06839081391140599
GEN,lineage,SVM,onehot,4,Survcare310_S21_L001,1,0.26706657586460086
GEN,lineage,SVM,onehot,4,Survcare321_S18,0,0.007058877749790503
GEN,lineage,SVM,onehot,4,Survcare334_S10,0,0.7178822866602869
GEN,lineage,SVM,onehot,4,Survcare335_S11,1,0.05709063519776252
GEN,lineage,SVM,onehot,4,V130_S5_L001,1,0.968508082895357
GEN,lineage,SVM,onehot,4,V139_S7_L001,0,0.9041114235100627
GEN,lineage,SVM,onehot,4,V153_S4_L001,1,0.38668041134796427
GEN,lineage,SVM,onehot,4,V155_S5_L001,1,0.35344885776808893
GEN,lineage,SVM,onehot,4,V158_S4_L001,0,0.7099547615933035
GEN,lineage,SVM,onehot,4,V182_S6_L001,1,0.9523905125702633
GEN,lineage,SVM,onehot,4,V183_S7_L001,1,0.00014189322885994744
GEN,lineage,SVM,onehot,4,V215_S2_L001,1,0.022033231808146224
GEN,lineage,SVM,onehot,4,V268_S12_L001,1,0.9947953932256892
GEN,lineage,SVM,onehot,4,V271_S13_L001,0,0.8919116891999154
GEN,lineage,SVM,onehot,4,V289_S5_L001,1,0.9685618079061974
GEN,lineage,SVM,onehot,4,V71_S4_L001,1,0.9380476662023964
GEN,lineage,SVM,onehot,4,w2RBG-16-037-1_S34,0,0.09371872015846847
GEN,lineage,SVM,onehot,4,wdhRBF-17-0564-1_S230,0,0.0044137577523874144
GEN,lineage,SVM,onehot,4,wdhRBF-18-0080-1_S17_L001,0,0.6473309924485877
GEN,lineage,SVM,onehot,4,wdhRBF-18-0098-1_S19_L001,0,0.0022529776357956897
GEN,lineage,SVM,onehot,4,WDHRBG-16-050-1_S40,0,0.6339313314252195
GEN,lineage,SVM,onehot,4,WDHRBG-16-062-1_S49,0,0.3390971712120763
GEN,lineage,SVM,onehot,4,WDHRBG-17-005-2_S61,0,0.14925626590078128
GEN,lineage,SVM,onehot,4,WDHRBG-17-0256-1_S17,0,1.9799566085112343e-05
GEN,lineage,SVM,onehot,4,wdhRBL-17-0370-1_S232,0,0.001077407067174146
GEN,lineage,SVM,onehot,4,wRBG-16-024-1_S152,0,0.1920714051420322
GEN,lineage,SVM,onehot,4,wRBG-16-027-1_S174,0,0.05828530925173133
GEN,lineage,SVM,onehot,4,wRBG-17-028-1_S100,0,5.710170090003132e-05
GEN,lineage,SVM,onehot,4,wRBG-17-030-1_S165,0,0.5042004364813145
GEN,lineage,SVM,onehot,4,wRBG-17-031-1_S154,0,0.00030227282412565007
GEN,lineage,SVM,onehot,4,wRBG-17-047-1_S153,0,0.13931920655710614
GEN,lineage,SVM,onehot,4,wRBG-17-049-1_S142,0,0.13702027708601142
GEN,lineage,SVM,onehot,4,wRBG-17-073-1_S118,0,0.434669139707107
GEN,lineage,SVM,onehot,4,wRBG-17-110-1_S168,0,0.10202789498388137
GEN,lineage,SVM,onehot,4,wwRBB-17-031-1_S25,0,0.006335979934028725
GEN,lineage,SVM,onehot,4,wwRBF-17-251-1_S33,0,0.14002505725632924
GEN,lineage,SVM,onehot,4,wwRBK-17-0298-1_S42,0,0.07293998033953128
GEN,lineage,RF,onehot,0,H116_S8_L001,1,0.296
GEN,lineage,RF,onehot,0,H122_S4_L001,1,0.574
GEN,lineage,RF,onehot,0,H141_S6_L001,0,0.294
GEN,lineage,RF,onehot,0,H162_S4_L001,1,0.74
GEN,lineage,RF,onehot,0,H28_S10_L001,0,0.084
GEN,lineage,RF,onehot,0,NNRBG-17-0196-1_S3,0,0.030015631427396133
GEN,lineage,RF,onehot,0,NNRBG-17-0199-1_S5,0,0.030015631427396133
GEN,lineage,RF,onehot,0,NNRBG-17-0205-1_S7,0,0.29
GEN,lineage,RF,onehot,0,NNRBG-17-0319-1_S24,0,0.05145614385614387
GEN,lineage,RF,onehot,0,NNRBG-17-0328-1_S25,0,0.050840759240759245
GEN,lineage,RF,onehot,0,NNRBG-17-0329-1_S26,0,0.034631016042780745
GEN,lineage,RF,onehot,0,NNRBG-17-0399-1_S40,0,0.05246153846153847
GEN,lineage,RF,onehot,0,NNSurvcare045_S41,0,0.634
GEN,lineage,RF,onehot,0,RBB-18-0490-1_S20_L001,0,0.5
GEN,lineage,RF,onehot,0,RBB-18-0765-1_S191,0,0.68
GEN,lineage,RF,onehot,0,RBB-18-1488-1_S46,0,0.04913651054827525
GEN,lineage,RF,onehot,0,RBB-18-1502-1_S47,1,0.29
GEN,lineage,RF,onehot,0,RBF-10-0240-1_S12_L001,1,0.031196403596403598
GEN,lineage,RF,onehot,0,RBF-16-0064-1_S136,0,0.04
GEN,lineage,RF,onehot,0,RBF-17-0164-1_S137,0,0.09598461538461538
GEN,lineage,RF,onehot,0,RBF-17-0173-1_S138,0,0.07393006993006994
GEN,lineage,RF,onehot,0,RBF-17-0194-1_S140,0,0.05145614385614387
GEN,lineage,RF,onehot,0,RBF-17-0509-1_S74,0,0.19338461538461538
GEN,lineage,RF,onehot,0,RBF-17-0538-1_S82,0,0.208
GEN,lineage,RF,onehot,0,RBF-17-0550-1_S84,0,0.332
GEN,lineage,RF,onehot,0,RBF-17-0589-1_S92,0,0.096
GEN,lineage,RF,onehot,0,RBF-17-0602-1_S93,0,0.027841405653170358
GEN,lineage,RF,onehot,0,RBF-17-0635-1_S98,1,0.274
GEN,lineage,RF,onehot,0,RBF-17-0647-1_S99,0,0.03805958747135217
GEN,lineage,RF,onehot,0,RBF-17-0651-1_S62,0,0.668
GEN,lineage,RF,onehot,0,RBF-18-0066-1_S15,0,0.15
GEN,lineage,RF,onehot,0,RBF-18-0085-1_S21,0,0.028
GEN,lineage,RF,onehot,0,RBF-18-0086-1_S22,0,0.018
GEN,lineage,RF,onehot,0,RBF-18-0127-1_S32,0,0.04
GEN,lineage,RF,onehot,0,RBF-18-0160-1_S37,0,0.594
GEN,lineage,RF,onehot,0,RBF-18-0184-1_S30,0,0.43
GEN,lineage,RF,onehot,0,RBF-18-0214-1_S51,0,0.04924075924075925
GEN,lineage,RF,onehot,0,RBF-18-0217-1_S54,0,0.07
GEN,lineage,RF,onehot,0,RBF-18-0405-1_S81_2,0,0.298
GEN,lineage,RF,onehot,0,RBG-18-0012-1_S3,1,0.384
GEN,lineage,RF,onehot,0,RBG-18-0017-1_S5,0,0.072
GEN,lineage,RF,onehot,0,RBG-18-0025-1_S9_L001,0,0.029454545454545452
GEN,lineage,RF,onehot,0,RBG-18-0029-1_S40,0,0.029152447552447554
GEN,lineage,RF,onehot,0,RBG-18-0055-1_S43,0,0.07
GEN,lineage,RF,onehot,0,RBG-18-0185-1_S40,0,0.050840759240759245
GEN,lineage,RF,onehot,0,RBG-18-0191-1_S11_L001,0,0.029295951107715816
GEN,lineage,RF,onehot,0,RBG-18-0221-1_S47,1,0.284
GEN,lineage,RF,onehot,0,RBG-18-0256-1_S8_L001,0,0.03756709956709956
GEN,lineage,RF,onehot,0,RBG-18-0265-1_S49,0,0.04202863802863803
GEN,lineage,RF,onehot,0,RBG-18-0301-1_S53,0,0.04921203502379973
GEN,lineage,RF,onehot,0,RBG-18-0383-1_S37,1,0.294
GEN,lineage,RF,onehot,0,RBG-18-0394-1_S23_L001,0,0.036728918140682854
GEN,lineage,RF,onehot,0,RBK-16-007-1_S13,0,0.058
GEN,lineage,RF,onehot,0,RBK-18-0019-1_S195,0,0.03129595110771582
GEN,lineage,RF,onehot,0,RBK-18-0037-1_S199,0,0.196
GEN,lineage,RF,onehot,0,RBK-18-0038-1_S200,0,0.058
GEN,lineage,RF,onehot,0,RBk-18-0216-1_S231_2,0,0.088
GEN,lineage,RF,onehot,0,RBK-18-0250-1_S235_2,0,0.152
GEN,lineage,RF,onehot,0,RBK-18-0414-1_S59,0,0.348
GEN,lineage,RF,onehot,0,RBL-17-0090-1_S145,0,0.022
GEN,lineage,RF,onehot,0,RBL-17-0104-1_S149,0,0.05342857142857143
GEN,lineage,RF,onehot,0,RBL-17-0117-1_S155,0,0.03309255450431921
GEN,lineage,RF,onehot,0,RBL-17-0129-1_S158,0,0.041322810522810526
GEN,lineage,RF,onehot,0,RBL-17-0133-1_S159,0,0.04477922077922078
GEN,lineage,RF,onehot,0,RBL-17-0135-1_S160,0,0.048
GEN,lineage,RF,onehot,0,RBL-17-0138-1_S162,0,0.05483916083916084
GEN,lineage,RF,onehot,0,RBL-17-0197-1_S173,0,0.048461538461538466
GEN,lineage,RF,onehot,0,RBL-17-0235-1_S92,0,0.04
GEN,lineage,RF,onehot,0,RBL-17-0267-1_S104,0,0.136
GEN,lineage,RF,onehot,0,RBL-17-0300-1_S112,0,0.026
GEN,lineage,RF,onehot,0,RBL-17-0366-1_S113,1,0.064
GEN,lineage,RF,onehot,0,RBL-17-0393-1_S123,0,0.03375748956925428
GEN,lineage,RF,onehot,0,RBL-17-0409-1_S127,0,0.0380979020979021
GEN,lineage,RF,onehot,0,RBL-17-0411-1_S128,0,0.044
GEN,lineage,RF,onehot,0,RBL-17-0428-1_S70,0,0.298
GEN,lineage,RF,onehot,0,RBL-17-0429-1_S130,0,0.04237287418463889
GEN,lineage,RF,onehot,0,RBL-18-0010-1_S159,0,0.154
GEN,lineage,RF,onehot,0,RBL-18-0019-1_S41,0,0.025454545454545452
GEN,lineage,RF,onehot,0,RBL-18-0032-1_S167,0,0.05
GEN,lineage,RF,onehot,0,RBL-18-0055-1_S170,0,0.21
GEN,lineage,RF,onehot,0,RBT-17-0011-1_S19,0,0.052
GEN,lineage,RF,onehot,0,RBT-17-0024-1_S23,0,0.048
GEN,lineage,RF,onehot,0,RBT-17-0033-1_S12,1,0.128
GEN,lineage,RF,onehot,0,RBT-17-0082-1_S30,0,0.04493651054827525
GEN,lineage,RF,onehot,0,RBT-17-0090-1_S32,0,0.023454545454545454
GEN,lineage,RF,onehot,0,RBT-17-0097-1_S34,1,0.356
GEN,lineage,RF,onehot,0,RBT-17-0100-1_S36,0,0.062
GEN,lineage,RF,onehot,0,RBT-17-0109-1_S40,0,0.042984615384615385
GEN,lineage,RF,onehot,0,RBT-17-0142-1_S53,0,0.05117647058823529
GEN,lineage,RF,onehot,0,RBT-17-0150-1_S54,0,0.030267732267732265
GEN,lineage,RF,onehot,0,RBT-17-0156-1_S56,0,0.722
GEN,lineage,RF,onehot,0,RBT-17-0183-1_S67,0,0.106
GEN,lineage,RF,onehot,0,RBT-17-0228-1_S10,0,0.162
GEN,lineage,RF,onehot,0,RBT-17-0243-1_S11,0,0.050840759240759245
GEN,lineage,RF,onehot,0,RBT-17-0337-1_S19,0,0.03
GEN,lineage,RF,onehot,0,RBT-18-0030-1_S69,0,0.04145454545454545
GEN,lineage,RF,onehot,0,RBT-18-0057-1_S38,1,0.126
GEN,lineage,RF,onehot,0,RBT-18-0066-1_S40,0,0.03375748956925428
GEN,lineage,RF,onehot,0,RBT-18-0091-1_S42,0,0.086
GEN,lineage,RF,onehot,0,RBT-18-0101-1_S22,0,0.268
GEN,lineage,RF,onehot,0,RBT-18-0113-1_S44,0,0.03575748956925427
GEN,lineage,RF,onehot,0,RBT-18-0134-1_S29,0,0.03375748956925428
GEN,lineage,RF,onehot,0,RBT-18-0164-1_S34,0,0.058
GEN,lineage,RF,onehot,0,RBT-18-0184-1_S38,1,0.06
GEN,lineage,RF,onehot,0,RBT-18-0230-1_S45,0,0.03502097902097902
GEN,lineage,RF,onehot,0,RBT-18-0236-1_S48,1,0.06
GEN,lineage,RF,onehot,0,RBT-18-0252-1_S53,0,0.392
GEN,lineage,RF,onehot,0,RBT-18-0303-1_S20,1,0.674
GEN,lineage,RF,onehot,0,RBT-18-0317-1_S27,0,0.04483916083916084
GEN,lineage,RF,onehot,0,RBT-18-0360-1_S39,1,0.672
GEN,lineage,RF,onehot,0,ResetH10_S1_L001,1,0.286
GEN,lineage,RF,onehot,0,ResetH16_S2_L001,0,0.374
GEN,lineage,RF,onehot,0,ResetH24a_S3_2_L001,1,0.302
GEN,lineage,RF,onehot,0,ResetH68_S1_L001,0,0.038328918140682844
GEN,lineage,RF,onehot,0,ResetH89_S3_L001,0,0.186
GEN,lineage,RF,onehot,0,ResetH98_S4_L001,0,0.084
GEN,lineage,RF,onehot,0,ResetH99_S5_L001,0,0.11
GEN,lineage,RF,onehot,0,ResetV63_S5_L001,0,0.07
GEN,lineage,RF,onehot,0,ResetV70_S6_L001,1,0.292
GEN,lineage,RF,onehot,0,Survcare0111_S29,0,0.154
GEN,lineage,RF,onehot,0,Survcare130_S2,0,0.04898461538461539
GEN,lineage,RF,onehot,0,Survcare230_S17_L001,1,0.346
GEN,lineage,RF,onehot,0,Survcare234_S3_L001,0,0.036
GEN,lineage,RF,onehot,0,Survcare317_S5_L001,0,0.7
GEN,lineage,RF,onehot,0,Survcare337_S12,0,0.164
GEN,lineage,RF,onehot,0,V168_S9_L001,1,0.542
GEN,lineage,RF,onehot,0,V173_S6_L001,1,0.074
GEN,lineage,RF,onehot,0,V228_S8_L001,1,0.238
GEN,lineage,RF,onehot,0,V229_S10_L001,1,0.24
GEN,lineage,RF,onehot,0,V41_S2_L001,1,0.696
GEN,lineage,RF,onehot,0,V64_S3_L001,0,0.072
GEN,lineage,RF,onehot,0,V80_S7_L001,0,0.238
GEN,lineage,RF,onehot,0,V98_S3_L001,1,0.3
GEN,lineage,RF,onehot,0,W2RBF-17-090-1_S26,0,0.266
GEN,lineage,RF,onehot,0,W2RBF-17-133-1_S28,0,0.276
GEN,lineage,RF,onehot,0,wdh-Survcare119_S44,0,0.12905128205128205
GEN,lineage,RF,onehot,0,wdhRBF-17-0558-1_S121,0,0.216
GEN,lineage,RF,onehot,0,wdhRBF-18-0057_S14_L001,0,0.044
GEN,lineage,RF,onehot,0,wdhRBF-18-0059-1_S15_L001,0,0.028
GEN,lineage,RF,onehot,0,wdhRBF-18-0081-1_S18_L001,0,0.262
GEN,lineage,RF,onehot,0,WDHRBG-17-001-1_S82,0,0.058
GEN,lineage,RF,onehot,0,wNRZ-33910_S81,1,0.314
GEN,lineage,RF,onehot,0,wRBG-16-026-1_S163,0,0.02663101604278075
GEN,lineage,RF,onehot,0,wRBG-16-032-1_S142,0,0.03575748956925427
GEN,lineage,RF,onehot,0,wRBG-17-021-1_S166,0,0.0347764705882353
GEN,lineage,RF,onehot,0,wRBG-17-022-1_S43,0,0.556
GEN,lineage,RF,onehot,0,wRBG-17-025-1_S133,0,0.042
GEN,lineage,RF,onehot,0,wRBG-17-058-1_S130,0,0.024413186813186816
GEN,lineage,RF,onehot,0,wRBG-17-072-1_S129,0,0.024
GEN,lineage,RF,onehot,0,wRBG-17-081-1_S117,0,0.052
GEN,lineage,RF,onehot,0,wRBG-17-100-1_S104,0,0.648
GEN,lineage,RF,onehot,0,wRBG-17-102-1_S169,0,0.362
GEN,lineage,RF,onehot,0,WWSurvcare043_S43,0,0.614
GEN,lineage,RF,onehot,1,H100_S2_L001,0,0.028
GEN,lineage,RF,onehot,1,H113_S6_L001,0,0.104
GEN,lineage,RF,onehot,1,H136_S7_L001,0,0.262
GEN,lineage,RF,onehot,1,H153_S1_L001,1,0.234
GEN,lineage,RF,onehot,1,H154_S2_L001,1,0.234
GEN,lineage,RF,onehot,1,H160_S3_L001,1,0.236
GEN,lineage,RF,onehot,1,H164_S3_L001,1,0.234
GEN,lineage,RF,onehot,1,H176_S5_L001,0,0.148
GEN,lineage,RF,onehot,1,NNRBG-17-0294-1_S18,0,0.32
GEN,lineage,RF,onehot,1,NNRBG-17-0308-1_S20,0,0.226
GEN,lineage,RF,onehot,1,NNRBG-17-0316-1_S23,0,0.1
GEN,lineage,RF,onehot,1,NNRBG-17-0382-1_S38,0,0.346
GEN,lineage,RF,onehot,1,RBB-18-0129-1_S179,0,0.248
GEN,lineage,RF,onehot,1,RBB-18-0519-1_S184,0,0.414
GEN,lineage,RF,onehot,1,RBB-18-0772-1_S192,0,0.568
GEN,lineage,RF,onehot,1,RBB-18-0826-1_S193,0,0.294
GEN,lineage,RF,onehot,1,RBB-18-1086-1_S189_2,0,0.366
GEN,lineage,RF,onehot,1,RBB-18-1312-1_S43,0,0.238
GEN,lineage,RF,onehot,1,RBF-17-0508-1_S73,0,0.194
GEN,lineage,RF,onehot,1,RBF-17-0520-2_S55,1,0.266
GEN,lineage,RF,onehot,1,RBF-17-0540-1_S83,0,0.162
GEN,lineage,RF,onehot,1,RBF-17-0653-1_S101,0,0.05682417582417582
GEN,lineage,RF,onehot,1,RBF-17-277-1_S73,0,0.108
GEN,lineage,RF,onehot,1,RBF-18-0036-1_S7,0,0.052
GEN,lineage,RF,onehot,1,RBF-18-0055-1_S11,0,0.274
GEN,lineage,RF,onehot,1,RBF-18-0087-1_S23,0,0.328
GEN,lineage,RF,onehot,1,RBF-18-0121-1_S28,1,0.266
GEN,lineage,RF,onehot,1,RBF-18-0126-1_S31,0,0.152
GEN,lineage,RF,onehot,1,RBF-18-0151-1_S83,0,0.278
GEN,lineage,RF,onehot,1,RBF-18-0172-1_S40,1,0.27
GEN,lineage,RF,onehot,1,RBF-18-0251-1_S55,0,0.618
GEN,lineage,RF,onehot,1,RBF-18-0310-1_S36,0,0.44
GEN,lineage,RF,onehot,1,RBF-18-0333-1_S70,0,0.2
GEN,lineage,RF,onehot,1,RBF-18-0338-1_S72,0,0.05
GEN,lineage,RF,onehot,1,RBF-18-0664-1_S190,0,0.482
GEN,lineage,RF,onehot,1,RBG-17-013-1_S16,1,0.706
GEN,lineage,RF,onehot,1,RBG-17-0269-1_S41,0,0.2
GEN,lineage,RF,onehot,1,RBG-17-0284-1_S59,0,0.392
GEN,lineage,RF,onehot,1,RBG-18-0023-1_S2,1,0.342
GEN,lineage,RF,onehot,1,RBG-18-0041-1_S6,0,0.346
GEN,lineage,RF,onehot,1,RBG-18-0054-1_S42,0,0.078
GEN,lineage,RF,onehot,1,RBG-18-0071-1_S44,0,0.342
GEN,lineage,RF,onehot,1,RBG-18-0076-1_S10,0,0.256
GEN,lineage,RF,onehot,1,RBG-18-0113-1_S13_L001,0,0.03
GEN,lineage,RF,onehot,1,RBG-18-0193-1_S8,0,0.094
GEN,lineage,RF,onehot,1,RBG-18-0202-1_S13_L001,0,0.358
GEN,lineage,RF,onehot,1,RBG-18-0206-2_S46,0,0.38
GEN,lineage,RF,onehot,1,RBG-18-0209-2_S46,0,0.022
GEN,lineage,RF,onehot,1,RBG-18-0211-1_S35,0,0.344
GEN,lineage,RF,onehot,1,RBG-18-0347-1_S22_L001,0,0.362
GEN,lineage,RF,onehot,1,RBG-18-0358-1_S39,0,0.11
GEN,lineage,RF,onehot,1,RBG-18-0367-1_S57,0,0.096
GEN,lineage,RF,onehot,1,RBG-18-0402-1_S50,0,0.138
GEN,lineage,RF,onehot,1,RBK-16-073-1_S14,0,0.614
GEN,lineage,RF,onehot,1,RBK-16-079-1_S15,1,0.194
GEN,lineage,RF,onehot,1,RBK-17-0595-1_S187,0,0.548
GEN,lineage,RF,onehot,1,RBK-18-0020-1_S19,0,0.07
GEN,lineage,RF,onehot,1,RBK-18-0644-1_S180,0,0.106
GEN,lineage,RF,onehot,1,RBL-17-0076-1_S32,0,0.102
GEN,lineage,RF,onehot,1,RBL-17-0095-1_S147,0,0.2133846153846154
GEN,lineage,RF,onehot,1,RBL-17-0144-1_S163,0,0.29
GEN,lineage,RF,onehot,1,RBL-17-0232-1_S91,0,0.408
GEN,lineage,RF,onehot,1,RBL-17-0246-1_S94,1,0.104
GEN,lineage,RF,onehot,1,RBL-17-0263-1_S102,0,0.258
GEN,lineage,RF,onehot,1,RBL-17-0283-1_S27,0,0.194
GEN,lineage,RF,onehot,1,RBL-17-0328-1_S117,0,0.12
GEN,lineage,RF,onehot,1,RBL-17-0349-1_S105,0,0.324
GEN,lineage,RF,onehot,1,RBL-17-0365-1_S112,0,0.048
GEN,lineage,RF,onehot,1,RBL-17-0374-1_S116,0,0.178
GEN,lineage,RF,onehot,1,RBL-17-0383-1_S119,0,0.214
GEN,lineage,RF,onehot,1,RBL-17-0397-1_S125,0,0.246
GEN,lineage,RF,onehot,1,RBT-16-0045-1_S58,0,0.538
GEN,lineage,RF,onehot,1,RBT-17-0008-1_S18,0,0.336
GEN,lineage,RF,onehot,1,RBT-17-0079-1_S29,0,0.168
GEN,lineage,RF,onehot,1,RBT-17-0084-1_S31,0,0.2173846153846154
GEN,lineage,RF,onehot,1,RBT-17-0112-1_S41,0,0.068
GEN,lineage,RF,onehot,1,RBT-17-0113-1_S42,0,0.35
GEN,lineage,RF,onehot,1,RBT-17-0130-1_S27,0,0.336
GEN,lineage,RF,onehot,1,RBT-17-0163-1_S59,0,0.182
GEN,lineage,RF,onehot,1,RBT-17-0167-1_S27,0,0.1413846153846154
GEN,lineage,RF,onehot,1,RBT-17-0173-1_S63,0,0.12938461538461538
GEN,lineage,RF,onehot,1,RBT-17-0177-1_S65,0,0.28
GEN,lineage,RF,onehot,1,RBT-17-0177-2_S7,0,0.28
GEN,lineage,RF,onehot,1,RBT-17-0217-1_S7,1,0.934
GEN,lineage,RF,onehot,1,RBT-17-0225-1_S9,0,0.22538461538461538
GEN,lineage,RF,onehot,1,RBT-17-0279-1_S12,0,0.088
GEN,lineage,RF,onehot,1,RBT-17-0287-1_S10,0,0.444
GEN,lineage,RF,onehot,1,RBT-18-0045-1_S70,0,0.284
GEN,lineage,RF,onehot,1,RBT-18-0050-1_S34,0,0.202
GEN,lineage,RF,onehot,1,RBT-18-0052-1_S35,0,0.1833846153846154
GEN,lineage,RF,onehot,1,RBT-18-0064-1_S15,0,0.34
GEN,lineage,RF,onehot,1,RBT-18-0080-1_S49,1,0.48
GEN,lineage,RF,onehot,1,RBT-18-0100-1_S21,0,0.254
GEN,lineage,RF,onehot,1,RBT-18-0103-1_S24,0,0.236
GEN,lineage,RF,onehot,1,RBT-18-0115-1_S45,0,0.04953846153846154
GEN,lineage,RF,onehot,1,RBT-18-0120-1_S48,0,0.258
GEN,lineage,RF,onehot,1,RBT-18-0127-1_S51,0,0.2173846153846154
GEN,lineage,RF,onehot,1,RBT-18-0129-1_S52,0,0.314
GEN,lineage,RF,onehot,1,RBT-18-0181-1_S61,0,0.428
GEN,lineage,RF,onehot,1,RBT-18-0197-1_S40,0,0.122
GEN,lineage,RF,onehot,1,RBT-18-0224-1_S43,0,0.22
GEN,lineage,RF,onehot,1,RBT-18-0231-1_S14,0,0.066
GEN,lineage,RF,onehot,1,RBT-18-0241-1_S50,0,0.03
GEN,lineage,RF,onehot,1,RBT-18-0246-1_S52,0,0.158
GEN,lineage,RF,onehot,1,RBT-18-0269-1_S61,0,0.168
GEN,lineage,RF,onehot,1,RBT-18-0271-1_S62,0,0.22338461538461538
GEN,lineage,RF,onehot,1,RBT-18-0293-1_S71,0,0.2093846153846154
GEN,lineage,RF,onehot,1,RBT-18-0339-1_S47,0,0.16
GEN,lineage,RF,onehot,1,RBT-18-0341-1_S24,0,0.246
GEN,lineage,RF,onehot,1,RBT-18-0361-1_S38,0,0.222
GEN,lineage,RF,onehot,1,RBT-18-0365-1_S30,0,0.098
GEN,lineage,RF,onehot,1,ResetH152_S4_L001,1,0.232
GEN,lineage,RF,onehot,1,ResetH93_S5_L001,1,0.358
GEN,lineage,RF,onehot,1,ResetV74_S7_L001,0,0.33
GEN,lineage,RF,onehot,1,Survcare104_S16_L001,1,0.248
GEN,lineage,RF,onehot,1,Survcare133_S25,0,0.55
GEN,lineage,RF,onehot,1,Survcare134_S26,0,0.564
GEN,lineage,RF,onehot,1,Survcare140_S4_L001,0,0.542
GEN,lineage,RF,onehot,1,Survcare176_S17_L001,1,0.454
GEN,lineage,RF,onehot,1,Survcare190_S35,1,0.098
GEN,lineage,RF,onehot,1,Survcare221_S7_L001,0,0.13538461538461538
GEN,lineage,RF,onehot,1,Survcare292_S39,0,0.656
GEN,lineage,RF,onehot,1,Survcare303_S15_L001,0,0.532
GEN,lineage,RF,onehot,1,Survcare360_S84,0,0.48
GEN,lineage,RF,onehot,1,V114_S5_L001,0,0.712
GEN,lineage,RF,onehot,1,V116_S6_L001,0,0.246
GEN,lineage,RF,onehot,1,V120_S5_L001,1,0.25
GEN,lineage,RF,onehot,1,V123_S1_L001,0,0.104
GEN,lineage,RF,onehot,1,V131_S7_L001,1,0.274
GEN,lineage,RF,onehot,1,V163_S6_L001,1,0.652
GEN,lineage,RF,onehot,1,V195_S1_L001,1,0.438
GEN,lineage,RF,onehot,1,V201_S4_L001,0,0.712
GEN,lineage,RF,onehot,1,V205_S3_L001,0,0.248
GEN,lineage,RF,onehot,1,V232_S3_L001,0,0.08
GEN,lineage,RF,onehot,1,V238_S11_L001,1,0.532
GEN,lineage,RF,onehot,1,V73_S5_L001,1,0.562
GEN,lineage,RF,onehot,1,V8_S7_L001,0,0.39
GEN,lineage,RF,onehot,1,V86_S1_L001,1,0.566
GEN,lineage,RF,onehot,1,V96_S2_L001,1,0.566
GEN,lineage,RF,onehot,1,wdh-RBL-17-0431-1_S46,0,0.706
GEN,lineage,RF,onehot,1,wdh2NRZ-29911a_S31,1,0.096
GEN,lineage,RF,onehot,1,wdhRBF-18-0025-1_S11_L001,0,0.222
GEN,lineage,RF,onehot,1,wdhRBF-18-0048-1_S12_L001,0,0.342
GEN,lineage,RF,onehot,1,WDHRBG-16-060-1_S27,0,0.096
GEN,lineage,RF,onehot,1,WDHRBG-17-121-1_S46,0,0.062
GEN,lineage,RF,onehot,1,WDHRBG-17-122-1_S48,0,0.438
GEN,lineage,RF,onehot,1,wRBG-16-034-1_S164,0,0.236
GEN,lineage,RF,onehot,1,wRBG-17-014-1_S167,0,0.102
GEN,lineage,RF,onehot,1,wRBG-17-034-1_S121,0,0.078
GEN,lineage,RF,onehot,1,wRBG-17-052-1_S120,0,0.316
GEN,lineage,RF,onehot,1,wRBG-17-082-1_S106,1,0.34
GEN,lineage,RF,onehot,1,wRBG-17-112-1_S146,0,0.226
GEN,lineage,RF,onehot,1,wwRBF-16-094-1_S13,0,0.206
GEN,lineage,RF,onehot,2,H108_S5_L001,0,0.394
GEN,lineage,RF,onehot,2,H109_S2_L001,0,0.398
GEN,lineage,RF,onehot,2,H123_S1_L001,1,0.374
GEN,lineage,RF,onehot,2,H130_S2_L001,1,0.398
GEN,lineage,RF,onehot,2,H17_S2_L001,0,0.41
GEN,lineage,RF,onehot,2,H37_S3_L001,0,0.416
GEN,lineage,RF,onehot,2,H50_S7_L001,1,0.236
GEN,lineage,RF,onehot,2,NNRBG-17-0198-1_S4,0,0.11
GEN,lineage,RF,onehot,2,NNRBG-17-0201-1_S6,0,0.022
GEN,lineage,RF,onehot,2,NNRBG-17-0227-1_S8,0,0.0254
GEN,lineage,RF,onehot,2,NNRBG-17-0239-1_S10,0,0.07341465201465203
GEN,lineage,RF,onehot,2,NNRBG-17-0255-1_S14,0,0.656
GEN,lineage,RF,onehot,2,NNRBG-17-0278-1_S16,0,0.19
GEN,lineage,RF,onehot,2,RBB-18-0674-1_S189,1,0.22
GEN,lineage,RF,onehot,2,RBB-18-0892-1_S80_2,1,0.546
GEN,lineage,RF,onehot,2,RBB-18-1212-1_S67_2,0,0.558
GEN,lineage,RF,onehot,2,RBB-18-1406-1_S49,0,0.386
GEN,lineage,RF,onehot,2,RBB-19-0014-1_S44,0,0.378
GEN,lineage,RF,onehot,2,RBBK18-0189-1_S24_L001,1,0.798
GEN,lineage,RF,onehot,2,RBF-17-0195-1_S141,0,0.454
GEN,lineage,RF,onehot,2,RBF-17-0587-1_S91,0,0.0335
GEN,lineage,RF,onehot,2,RBF-17-0605-1_S94,0,0.408
GEN,lineage,RF,onehot,2,RBF-17-0614-3_S95,0,0.046
GEN,lineage,RF,onehot,2,RBF-17-0645-1_S61,0,0.374
GEN,lineage,RF,onehot,2,RBF-17-0648-1_S100,0,0.192
GEN,lineage,RF,onehot,2,RBF-17-0664-1_S63,0,0.162
GEN,lineage,RF,onehot,2,RBF-18-0013-1_S25_L001,0,0.0335
GEN,lineage,RF,onehot,2,RBF-18-0072-1_S16,0,0.02
GEN,lineage,RF,onehot,2,RBF-18-0123-1_S25_L001,0,0.538
GEN,lineage,RF,onehot,2,RBF-18-0192-1_S44,0,0.194
GEN,lineage,RF,onehot,2,RBF-18-0201-1_S49,0,0.166
GEN,lineage,RF,onehot,2,RBF-18-0253-1_S13_L001,0,0.488
GEN,lineage,RF,onehot,2,RBF-18-0280-1_S62,0,0.4
GEN,lineage,RF,onehot,2,RBF-18-0294-1_S64,0,0.038
GEN,lineage,RF,onehot,2,RBF-18-0296-1_S17,0,0.05519367299367299
GEN,lineage,RF,onehot,2,RBG-18-0085-1_S11,1,0.298
GEN,lineage,RF,onehot,2,RBG-18-0140-1_S14_L001,0,0.4
GEN,lineage,RF,onehot,2,RBG-18-0144-1_S38,0,0.108
GEN,lineage,RF,onehot,2,RBG-18-0170-1_S41,0,0.028
GEN,lineage,RF,onehot,2,RBG-18-0204-1_S23_L001,0,0.368
GEN,lineage,RF,onehot,2,RBG-18-0223-1_S2,0,0.038
GEN,lineage,RF,onehot,2,RBG-18-0276-1_S50,0,0.218
GEN,lineage,RF,onehot,2,RBG-18-0280-1_S51,0,0.422
GEN,lineage,RF,onehot,2,RBG-18-0300-1_S52,0,0.0355
GEN,lineage,RF,onehot,2,RBG-18-0352-1_S21_L001,0,0.14
GEN,lineage,RF,onehot,2,RBK-18-0002-1_S38,1,0.06027059607059607
GEN,lineage,RF,onehot,2,RBK-18-0005-1_S18,0,0.118
GEN,lineage,RF,onehot,2,RBK-18-0047-1_S20,0,0.408
GEN,lineage,RF,onehot,2,RBK-18-0062-2_S203,0,0.388
GEN,lineage,RF,onehot,2,RBK-18-0080-1_S205,0,0.14
GEN,lineage,RF,onehot,2,RBL-17-0101-1_S148,0,0.038
GEN,lineage,RF,onehot,2,RBL-17-0108-1_S151,0,0.038
GEN,lineage,RF,onehot,2,RBL-17-0116-1_S154,0,0.05336849816849816
GEN,lineage,RF,onehot,2,RBL-17-0123-1_S157,0,0.102
GEN,lineage,RF,onehot,2,RBL-17-0155-1_S165,0,0.23
GEN,lineage,RF,onehot,2,RBL-17-0159-1_S166,0,0.294
GEN,lineage,RF,onehot,2,RBL-17-0165-1_S167,0,0.36
GEN,lineage,RF,onehot,2,RBL-17-0205-1_S175,0,0.04
GEN,lineage,RF,onehot,2,RBL-17-0256-1_S98,0,0.382
GEN,lineage,RF,onehot,2,RBL-17-0259-1_S99,0,0.04733333333333333
GEN,lineage,RF,onehot,2,RBL-17-0274-2_S105,0,0.364
GEN,lineage,RF,onehot,2,RBL-17-0324-1_S54,0,0.334
GEN,lineage,RF,onehot,2,RBL-17-0340-1_S102,0,0.0414
GEN,lineage,RF,onehot,2,RBL-17-0342-1_S103,0,0.05952234432234432
GEN,lineage,RF,onehot,2,RBL-17-0347-1_S104,0,0.0314
GEN,lineage,RF,onehot,2,RBL-17-0368-1_S114,0,0.028
GEN,lineage,RF,onehot,2,RBL-17-0375-1_S117,0,0.2
GEN,lineage,RF,onehot,2,RBL-17-0395-1_S124,0,0.026
GEN,lineage,RF,onehot,2,RBL-17-0402-1_S126,0,0.03
GEN,lineage,RF,onehot,2,RBL-17-0434-1_S133,0,0.382
GEN,lineage,RF,onehot,2,RBL-17-0435-1_S134,0,0.036
GEN,lineage,RF,onehot,2,RBL-18-0016-1_S161,0,0.03
GEN,lineage,RF,onehot,2,RBL-18-0022-1_S43,0,0.053184523809523813
GEN,lineage,RF,onehot,2,RBL-18-0066-1_S173,0,0.06
GEN,lineage,RF,onehot,2,RBL-18-0085-1_S176,0,0.054
GEN,lineage,RF,onehot,2,RBL-18-0131-1_S188_2,1,0.726
GEN,lineage,RF,onehot,2,RBT-17-0003-1_S16,0,0.044
GEN,lineage,RF,onehot,2,RBT-17-0019-1_S62,0,0.546
GEN,lineage,RF,onehot,2,RBT-17-0023-1_S25,0,0.616
GEN,lineage,RF,onehot,2,RBT-17-0124-1_S46,0,0.272
GEN,lineage,RF,onehot,2,RBT-17-0165-1_S60,0,0.146
GEN,lineage,RF,onehot,2,RBT-17-0174-1_S64,0,0.032
GEN,lineage,RF,onehot,2,RBT-17-0194-1_S30,0,0.234
GEN,lineage,RF,onehot,2,RBT-17-0210-1_S55,0,0.04
GEN,lineage,RF,onehot,2,RBT-17-0219-1_S8,0,0.232
GEN,lineage,RF,onehot,2,RBT-17-0232-1_S58,1,0.31
GEN,lineage,RF,onehot,2,RBT-17-0238-1_S59,0,0.284
GEN,lineage,RF,onehot,2,RBT-17-0239-1_S60,0,0.028
GEN,lineage,RF,onehot,2,RBT-17-0251-1_S62,1,0.212
GEN,lineage,RF,onehot,2,RBT-17-0270-1_S65,0,0.424
GEN,lineage,RF,onehot,2,RBT-17-0295-1_S15,0,0.0316
GEN,lineage,RF,onehot,2,RBT-18-0023-1_S14,0,0.108
GEN,lineage,RF,onehot,2,RBT-18-0027-1_S68,0,0.03
GEN,lineage,RF,onehot,2,RBT-18-0071-1_S41,0,0.718
GEN,lineage,RF,onehot,2,RBT-18-0079-1_S16,0,0.0952
GEN,lineage,RF,onehot,2,RBT-18-0095-1_S19,0,0.042
GEN,lineage,RF,onehot,2,RBT-18-0096-1_S20,0,0.0354
GEN,lineage,RF,onehot,2,RBT-18-0116-1_S46,0,0.404
GEN,lineage,RF,onehot,2,RBT-18-0121-1_S28,0,0.038
GEN,lineage,RF,onehot,2,RBT-18-0125-1_S50,0,0.024
GEN,lineage,RF,onehot,2,RBT-18-0133-1_S30,0,0.04841025641025641
GEN,lineage,RF,onehot,2,RBT-18-0146-1_S55,0,0.12
GEN,lineage,RF,onehot,2,RBT-18-0173-1_S35,0,0.146
GEN,lineage,RF,onehot,2,RBT-18-0185-1_S39,0,0.038
GEN,lineage,RF,onehot,2,RBT-18-0232-1_S47,0,0.5
GEN,lineage,RF,onehot,2,RBT-18-0251-1_S7,0,0.086
GEN,lineage,RF,onehot,2,RBT-18-0253-1_S54,1,0.318
GEN,lineage,RF,onehot,2,RBT-18-0288-1_S68,0,0.408
GEN,lineage,RF,onehot,2,RBT-18-0292-1_S70,0,0.05733333333333333
GEN,lineage,RF,onehot,2,RBT-18-0325-1_S44,0,0.092
GEN,lineage,RF,onehot,2,RBT-18-0338-1_S35,0,0.0316
GEN,lineage,RF,onehot,2,RBT-18-0358-1_S28,0,0.033600000000000005
GEN,lineage,RF,onehot,2,RBT-18-0368-1_S32,0,0.038
GEN,lineage,RF,onehot,2,RBT-18-0370-1_S33,0,0.364
GEN,lineage,RF,onehot,2,ResetH1_S1_L001,0,0.404
GEN,lineage,RF,onehot,2,ResetH134_S8_L001,0,0.426
GEN,lineage,RF,onehot,2,ResetH139_S3_L001,0,0.394
GEN,lineage,RF,onehot,2,ResetH30_S4_L001,0,0.704
GEN,lineage,RF,onehot,2,ResetH45_S5_L001,0,0.242
GEN,lineage,RF,onehot,2,ResetV105_S1_L001,0,0.192
GEN,lineage,RF,onehot,2,ResetV76_S7_L001,0,0.276
GEN,lineage,RF,onehot,2,Survcare0114_S37,0,0.404
GEN,lineage,RF,onehot,2,Survcare129_S1,0,0.01
GEN,lineage,RF,onehot,2,Survcare184_S19,1,0.36
GEN,lineage,RF,onehot,2,Survcare254_S36,0,0.224
GEN,lineage,RF,onehot,2,Survcare262_S23_L001,1,0.434
GEN,lineage,RF,onehot,2,Survcare275_S38,1,0.264
GEN,lineage,RF,onehot,2,Survcare289_S36,1,0.68
GEN,lineage,RF,onehot,2,Survcare291_S38,1,0.356
GEN,lineage,RF,onehot,2,Survcare293_S40,1,0.678
GEN,lineage,RF,onehot,2,Survcare309_S20_L001,1,0.674
GEN,lineage,RF,onehot,2,Survcare313_S24_L001,1,0.422
GEN,lineage,RF,onehot,2,Survcare318_S20_L001,0,0.32
GEN,lineage,RF,onehot,2,Survcare319_S16,0,0.448
GEN,lineage,RF,onehot,2,Survcare350_S44,0,0.28
GEN,lineage,RF,onehot,2,V1_S6_L001,1,0.776
GEN,lineage,RF,onehot,2,V152_S3_L001,1,0.05241025641025641
GEN,lineage,RF,onehot,2,V172_S5_L001,1,0.378
GEN,lineage,RF,onehot,2,V177_S6_L001,0,0.178
GEN,lineage,RF,onehot,2,V279_S8_L001,1,0.382
GEN,lineage,RF,onehot,2,V283_S5_L001,1,0.382
GEN,lineage,RF,onehot,2,V292_S6_L001,1,0.566
GEN,lineage,RF,onehot,2,V40_S2_L001,1,0.802
GEN,lineage,RF,onehot,2,V79_S6_L001,0,0.458
GEN,lineage,RF,onehot,2,V9_S1_L001,1,0.8
GEN,lineage,RF,onehot,2,wdh-RBB-16-025-1_S20,0,0.156
GEN,lineage,RF,onehot,2,wdh-RBL-17-0361-1_S44,0,0.028
GEN,lineage,RF,onehot,2,WDHRBG-17-0093-1_S1,0,0.284
GEN,lineage,RF,onehot,2,wNRZ-32446_S79,1,0.578
GEN,lineage,RF,onehot,2,wRBG-17-023-1_S155,0,0.114
GEN,lineage,RF,onehot,2,wRBG-17-075-1_S96,0,0.05536363636363636
GEN,lineage,RF,onehot,2,wwRBF-17-148-1_S27,0,0.0356
GEN,lineage,RF,onehot,2,wwRBK-17-0278-1_S41,0,0.218
GEN,lineage,RF,onehot,2,wwRBL-16-111-1_S16,0,0.692
GEN,lineage,RF,onehot,3,H105_S3_L001,0,0.136
GEN,lineage,RF,onehot,3,H148_S4_L001,1,0.14
GEN,lineage,RF,onehot,3,H3_S1_L001,0,0.15
GEN,lineage,RF,onehot,3,H51_S5_L001,0,0.138
GEN,lineage,RF,onehot,3,H53_S4_L001,0,0.136
GEN,lineage,RF,onehot,3,H71_S1_L001,1,0.194
GEN,lineage,RF,onehot,3,H86_S1_L001,1,0.082
GEN,lineage,RF,onehot,3,NNRBG-17-0191-1_S1,1,0.072
GEN,lineage,RF,onehot,3,NNRBG-17-0234-1_S9,0,0.082
GEN,lineage,RF,onehot,3,NNRBG-17-0242-1_S11,0,0.072
GEN,lineage,RF,onehot,3,NNRBG-17-0249-1_S13,0,0.07
GEN,lineage,RF,onehot,3,NNRBG-17-0287-1_S17,0,0.326
GEN,lineage,RF,onehot,3,NNRBG-17-0378-1_S37,1,0.136
GEN,lineage,RF,onehot,3,RBB-17-011-1_S40,0,0.136
GEN,lineage,RF,onehot,3,RBB-17-171-1_S52,0,0.152
GEN,lineage,RF,onehot,3,RBB-18-0537-1_S21_L001,0,0.154
GEN,lineage,RF,onehot,3,RBB-18-0668-1_S188,1,0.136
GEN,lineage,RF,onehot,3,RBB-18-1309-1_S42,1,0.128
GEN,lineage,RF,onehot,3,RBB-18-1460-1_S45,1,0.13
GEN,lineage,RF,onehot,3,RBF-16-004-1_S18,0,0.128
GEN,lineage,RF,onehot,3,RBF-16-060-1_S22,0,0.138
GEN,lineage,RF,onehot,3,RBF-17-0340-1_S81,0,0.304
GEN,lineage,RF,onehot,3,RBF-17-0438-1_S9,1,0.136
GEN,lineage,RF,onehot,3,RBF-17-0467-1_S12,0,0.138
GEN,lineage,RF,onehot,3,RBF-17-0489-1_S13,0,0.136
GEN,lineage,RF,onehot,3,RBF-17-0513-1_S76,0,0.74
GEN,lineage,RF,onehot,3,RBF-17-0521-1_S78,0,0.136
GEN,lineage,RF,onehot,3,RBF-17-0537-1_S56,1,0.136
GEN,lineage,RF,onehot,3,RBF-17-0553-1_S85,0,0.136
GEN,lineage,RF,onehot,3,RBF-17-0572-2_S89,0,0.29
GEN,lineage,RF,onehot,3,RBF-17-067-1_S54,1,0.138
GEN,lineage,RF,onehot,3,RBF-17-094-1_S56,1,0.148
GEN,lineage,RF,onehot,3,RBF-17-170-1_S66,1,0.122
GEN,lineage,RF,onehot,3,RBF-17-186-1_S69,1,0.136
GEN,lineage,RF,onehot,3,RBF-17-318-1_S77,1,0.158
GEN,lineage,RF,onehot,3,RBF-18-0019-1_S2,1,0.136
GEN,lineage,RF,onehot,3,RBF-18-0035-1_S6,0,0.368
GEN,lineage,RF,onehot,3,RBF-18-0068-1_S77,0,0.272
GEN,lineage,RF,onehot,3,RBF-18-0075-1_S79,1,0.126
GEN,lineage,RF,onehot,3,RBF-18-0125-1_S30,0,0.188
GEN,lineage,RF,onehot,3,RBF-18-0139-1_S35,0,0.182
GEN,lineage,RF,onehot,3,RBF-18-0173-1_S27,0,0.07
GEN,lineage,RF,onehot,3,RBF-18-0174-1_S28,1,0.122
GEN,lineage,RF,onehot,3,RBF-18-0179-1_S29,0,0.432
GEN,lineage,RF,onehot,3,RBF-18-0187-1_S31,0,0.136
GEN,lineage,RF,onehot,3,RBF-18-0194-1_S86,0,0.128
GEN,lineage,RF,onehot,3,RBF-18-0196-1_S46,0,0.13
GEN,lineage,RF,onehot,3,RBF-18-0199-1_S47,0,0.13
GEN,lineage,RF,onehot,3,RBF-18-0227-1_S53,0,0.084
GEN,lineage,RF,onehot,3,RBF-18-0277-1_S61,0,0.132
GEN,lineage,RF,onehot,3,RBF-18-0585-1_S48,0,0.134
GEN,lineage,RF,onehot,3,RBF-18-0714-2_S204_2,0,0.134
GEN,lineage,RF,onehot,3,RBG-17-0351-1_S20_L001,0,0.142
GEN,lineage,RF,onehot,3,RBG-17-0383-1_S44,0,0.086
GEN,lineage,RF,onehot,3,RBg-17-123-2_S12,0,0.368
GEN,lineage,RF,onehot,3,RBG-18-0004-1_S1,0,0.136
GEN,lineage,RF,onehot,3,RBG-18-0072-1_S8,0,0.07
GEN,lineage,RF,onehot,3,RBG-18-0099-1_S14,0,0.136
GEN,lineage,RF,onehot,3,RBG-18-0129-1_S15_L001,0,0.134
GEN,lineage,RF,onehot,3,RBG-18-0153-1_S14,0,0.154
GEN,lineage,RF,onehot,3,RBG-18-0177-1_S17_L001,1,0.136
GEN,lineage,RF,onehot,3,RBG-18-0200-1_S18_L001,1,0.136
GEN,lineage,RF,onehot,3,RBG-18-0224-1_S24_L001,1,0.138
GEN,lineage,RF,onehot,3,RBG-18-0279-1_S36,0,0.138
GEN,lineage,RF,onehot,3,RBG-18-0289-1_S37,1,0.084
GEN,lineage,RF,onehot,3,RBG-18-0380-1_S48,0,0.136
GEN,lineage,RF,onehot,3,RBG-18-0388-1_S21_L001,1,0.146
GEN,lineage,RF,onehot,3,RBG-18-0391-1_S22_L001,1,0.212
GEN,lineage,RF,onehot,3,RBG-18-0410-1_S12,0,0.122
GEN,lineage,RF,onehot,3,RBG-18-0421-1_S53,1,0.148
GEN,lineage,RF,onehot,3,RBG-18-0437-1_S54,0,0.126
GEN,lineage,RF,onehot,3,RBK-16-124-1_S16,0,0.534
GEN,lineage,RF,onehot,3,RBK-17-0457-1_S6,1,0.134
GEN,lineage,RF,onehot,3,RBK-17-0492-1_S8,1,0.13
GEN,lineage,RF,onehot,3,RBK-17-0588-1_S24,0,0.154
GEN,lineage,RF,onehot,3,RBK-17-0601-1_S25,0,0.136
GEN,lineage,RF,onehot,3,RBK-17-0612-1_S27,1,0.136
GEN,lineage,RF,onehot,3,RBK-17-0655-5_S182,0,0.116
GEN,lineage,RF,onehot,3,RBK-18-0022-1_S197,0,0.222
GEN,lineage,RF,onehot,3,RBK-18-0077-1_S212,1,0.136
GEN,lineage,RF,onehot,3,RBK-18-0236-2_S52_2,0,0.1
GEN,lineage,RF,onehot,3,RBKk-18-0108-1_S201,0,0.138
GEN,lineage,RF,onehot,3,RBL-17-0093-1_S146,0,0.08
GEN,lineage,RF,onehot,3,RBL-17-0107-1_S150,0,0.084
GEN,lineage,RF,onehot,3,RBL-17-0113-1_S153,1,0.144
GEN,lineage,RF,onehot,3,RBL-17-0136-1_S161,0,0.03
GEN,lineage,RF,onehot,3,RBL-17-0199-1_S174,0,0.14
GEN,lineage,RF,onehot,3,RBL-17-0217-1_S176,0,0.138
GEN,lineage,RF,onehot,3,RBL-17-0226-1_S41,1,0.136
GEN,lineage,RF,onehot,3,RBL-17-0242-1_S42,1,0.136
GEN,lineage,RF,onehot,3,RBL-17-0244-1_S44,0,0.136
GEN,lineage,RF,onehot,3,RBL-17-0261-1_S100,0,0.216
GEN,lineage,RF,onehot,3,RBL-17-0264-1_S103,0,0.144
GEN,lineage,RF,onehot,3,RBL-17-0305-1_S49,1,0.168
GEN,lineage,RF,onehot,3,RBL-17-0307-1_S51,1,0.136
GEN,lineage,RF,onehot,3,RBL-17-0323-1_S115,0,0.076
GEN,lineage,RF,onehot,3,RBL-17-0350-1_S106,0,0.26
GEN,lineage,RF,onehot,3,RBL-17-0359-1_S66,1,0.13
GEN,lineage,RF,onehot,3,RBL-17-0360-1_S108,0,0.532
GEN,lineage,RF,onehot,3,RBL-17-0391-1_S122,0,0.71
GEN,lineage,RF,onehot,3,RBL-17-0392-1_S69,1,0.168
GEN,lineage,RF,onehot,3,RBL-17-0432-1_S132,0,0.382
GEN,lineage,RF,onehot,3,RBL-17-060-1_S17,0,0.134
GEN,lineage,RF,onehot,3,RBL-18-0037-1_S168,0,0.18
GEN,lineage,RF,onehot,3,RBL-18-0048-1_S44,0,0.158
GEN,lineage,RF,onehot,3,RBL-18-0059-1_S171,0,0.146
GEN,lineage,RF,onehot,3,RBL-18-0076-1_S47,0,0.144
GEN,lineage,RF,onehot,3,RBL-18-0090-1_S48,0,0.14
GEN,lineage,RF,onehot,3,RBL-18-0093-1_S49,0,0.146
GEN,lineage,RF,onehot,3,RBL-18-0098-1_S178,0,0.136
GEN,lineage,RF,onehot,3,RBL-18-0194-1_S195_2,1,0.122
GEN,lineage,RF,onehot,3,RBL-18-0343-1_S6,0,0.094
GEN,lineage,RF,onehot,3,RBL-18-0467-1_S228_2,1,0.11
GEN,lineage,RF,onehot,3,RBL-18-0500-1_S230_2,0,0.154
GEN,lineage,RF,onehot,3,RBT-16-0024-1_S10,1,0.146
GEN,lineage,RF,onehot,3,RBT-16-0038-1_S11,0,0.144
GEN,lineage,RF,onehot,3,RBT-17-0009-1_S21,0,0.074
GEN,lineage,RF,onehot,3,RBT-17-0039-1_S28,1,0.084
GEN,lineage,RF,onehot,3,RBT-17-0102-1_S37,0,0.136
GEN,lineage,RF,onehot,3,RBT-17-0149-1_S13,0,0.352
GEN,lineage,RF,onehot,3,RBT-17-0188-1_S68,0,0.416
GEN,lineage,RF,onehot,3,RBT-17-0249-1_S61,1,0.136
GEN,lineage,RF,onehot,3,RBT-17-0328-1_S16,0,0.142
GEN,lineage,RF,onehot,3,RBT-17-0339-1_S20,0,0.146
GEN,lineage,RF,onehot,3,RBT-18-0021-1_S56,1,0.136
GEN,lineage,RF,onehot,3,RBT-18-0053-1_S36,1,0.136
GEN,lineage,RF,onehot,3,RBT-18-0179-1_S37,0,0.43
GEN,lineage,RF,onehot,3,RBT-18-0205-1_S6,1,0.142
GEN,lineage,RF,onehot,3,RBT-18-0227-1_S46,1,0.136
GEN,lineage,RF,onehot,3,RBT-18-0234-1_S15,1,0.14
GEN,lineage,RF,onehot,3,RBT-18-0265-1_S59,0,0.086
GEN,lineage,RF,onehot,3,RBT-18-0278-1_S64,0,0.426
GEN,lineage,RF,onehot,3,RBT-18-0284-1_S66,1,0.146
GEN,lineage,RF,onehot,3,RBT-18-0296-1_S72,1,0.138
GEN,lineage,RF,onehot,3,RBT-18-0308-1_S34,0,0.072
GEN,lineage,RF,onehot,3,RBT-18-0324-1_S57,1,0.148
GEN,lineage,RF,onehot,3,RBT-18-0335-1_S41,1,0.15
GEN,lineage,RF,onehot,3,RBT-18-0337-1_S46,0,0.142
GEN,lineage,RF,onehot,3,RBT-18-0351-1_S48,0,0.432
GEN,lineage,RF,onehot,3,RBT-18-0363-1_S72,1,0.15
GEN,lineage,RF,onehot,3,RBT-18-0372-1_S31,0,0.14
GEN,lineage,RF,onehot,3,RBT-18-0391-1_S35,0,0.138
GEN,lineage,RF,onehot,3,RBT-18-0392-1_S56,0,0.14
GEN,lineage,RF,onehot,3,RBT-18-0401-1_S43,0,0.142
GEN,lineage,RF,onehot,3,ResetH127_S6_L001,1,0.142
GEN,lineage,RF,onehot,3,ResetH129_S7_L001,1,0.142
GEN,lineage,RF,onehot,3,ResetH131_S7_L001,0,0.136
GEN,lineage,RF,onehot,3,ResetH132_S1_L001,0,0.08
GEN,lineage,RF,onehot,3,ResetH49b_S6_L001,0,0.088
GEN,lineage,RF,onehot,3,ResetH63_S7_L001,0,0.136
GEN,lineage,RF,onehot,3,ResetH75_S2_L001,1,0.14
GEN,lineage,RF,onehot,3,ResetV260_S5_L001,0,0.132
GEN,lineage,RF,onehot,3,Survcare187_S32,0,0.14
GEN,lineage,RF,onehot,3,Survcare236_S5_L001,1,0.108
GEN,lineage,RF,onehot,3,Survcare253_S35,0,0.208
GEN,lineage,RF,onehot,3,Survcare265_S20,1,0.072
GEN,lineage,RF,onehot,3,Survcare327_S1,0,0.142
GEN,lineage,RF,onehot,3,Survcare329_S3,0,0.416
GEN,lineage,RF,onehot,3,Survcare341_S25,0,0.134
GEN,lineage,RF,onehot,3,V108_S2_L001,0,0.568
GEN,lineage,RF,onehot,3,V111_S3_L001,0,0.338
GEN,lineage,RF,onehot,3,V113_S3_L001,0,0.548
GEN,lineage,RF,onehot,3,V282_S4_L001,0,0.166
GEN,lineage,RF,onehot,3,V291_S5_L001,1,0.138
GEN,lineage,RF,onehot,3,V295_S7_L001,0,0.138
GEN,lineage,RF,onehot,3,V89_S1_L001,0,0.442
GEN,lineage,RF,onehot,3,W2RBK-17-168-1_S33,0,0.138
GEN,lineage,RF,onehot,3,W2RBK-17-169-1_S34,0,0.142
GEN,lineage,RF,onehot,3,W2RBL-16-018-1_S15,1,0.132
GEN,lineage,RF,onehot,3,wdh-RBB-17-170-1_S16,0,0.136
GEN,lineage,RF,onehot,3,wdh-RBF-17-0572-1_S43,0,0.294
GEN,lineage,RF,onehot,3,wdhRBF-10-0002-1_S10_L001,1,0.134
GEN,lineage,RF,onehot,3,wdhRBF-17-0567-1_S122,0,0.076
GEN,lineage,RF,onehot,3,wdhRBF-18-0049-1_S13_L001,0,0.242
GEN,lineage,RF,onehot,3,WDHRBG-16-049-1_S87,0,0.542
GEN,lineage,RF,onehot,3,WDHRBG-17-008-1_S83,0,0.402
GEN,lineage,RF,onehot,3,wRBF-17-0146-1_S35,1,0.136
GEN,lineage,RF,onehot,3,wRBG-16-033-1_S153,0,0.082
GEN,lineage,RF,onehot,3,wRBG-17-055-1_S163,0,0.12
GEN,lineage,RF,onehot,3,wRBG-17-057-1_S141,0,0.078
GEN,lineage,RF,onehot,3,wRBG-17-106-1_S125,1,0.076
GEN,lineage,RF,onehot,3,wwRBB-16-112-1_S1,1,0.15
GEN,lineage,RF,onehot,3,wwRBF-16-007-1_S10,1,0.134
GEN,lineage,RF,onehot,3,wwRBF-17-167-1_S31,1,0.138
GEN,lineage,RF,onehot,3,wwRBF-17-189-1_S32,1,0.136
GEN,lineage,RF,onehot,3,wwRBF-17-209-1_S34,1,0.252
GEN,lineage,RF,onehot,3,wwRBK-16-023-1_S5,0,0.188
GEN,lineage,RF,onehot,3,wwRBK-17-0148-1_S37,1,0.132
GEN,lineage,RF,onehot,3,wwRBK-17-0148-2_S38,1,0.136
GEN,lineage,RF,onehot,3,wwRBK-17-0197-1_S39,1,0.15
GEN,lineage,RF,onehot,3,wwRBK-17-075-1_S28,1,0.134
GEN,lineage,RF,onehot,3,wwRBL-17-004-1_S44,1,0.15
GEN,lineage,RF,onehot,4,H119_S7_L001,1,0.538
GEN,lineage,RF,onehot,4,H157_S3_L001,0,0.538
GEN,lineage,RF,onehot,4,H38_S4_L001,0,0.64
GEN,lineage,RF,onehot,4,H66_S1_L001,1,0.418
GEN,lineage,RF,onehot,4,H69_S6_L001,0,0.918
GEN,lineage,RF,onehot,4,H83_S7_L001,0,0.356
GEN,lineage,RF,onehot,4,NNRBG-17-0193-1_S2,0,0.064
GEN,lineage,RF,onehot,4,NNRBG-17-0243-1_S12,0,0.18
GEN,lineage,RF,onehot,4,NNRBG-17-0298-1_S19,0,0.184
GEN,lineage,RF,onehot,4,NNRBG-17-0346-1_S30,0,0.38
GEN,lineage,RF,onehot,4,RBB-18-0546-1_S22_L001,0,0.348
GEN,lineage,RF,onehot,4,RBB-18-0665-1_S23_L001,0,0.636
GEN,lineage,RF,onehot,4,RBB-18-0972-1_S203_2,1,0.634
GEN,lineage,RF,onehot,4,RBB-18-1393-1_S48,0,0.428
GEN,lineage,RF,onehot,4,RBF-16-073-1_S23,0,0.51
GEN,lineage,RF,onehot,4,RBF-17-0178-1_S139,0,0.912
GEN,lineage,RF,onehot,4,RBF-17-0424-1_S15,0,0.324
GEN,lineage,RF,onehot,4,RBF-17-0450-1_S10,0,0.324
GEN,lineage,RF,onehot,4,RBF-17-0523-1_S30,0,0.30692307692307697
GEN,lineage,RF,onehot,4,RBF-17-0532-1_S80,0,0.626
GEN,lineage,RF,onehot,4,RBF-17-0532-2_S31,0,0.624
GEN,lineage,RF,onehot,4,RBF-17-0616-1_S96,0,0.166
GEN,lineage,RF,onehot,4,RBF-17-0630-1_S59,0,0.184
GEN,lineage,RF,onehot,4,RBF-17-0632-1_S97,0,0.076
GEN,lineage,RF,onehot,4,RBF-17-266-1_S70,1,0.54
GEN,lineage,RF,onehot,4,RBF-18-0027-1_S5,1,0.326
GEN,lineage,RF,onehot,4,RBF-18-0064-2_S14,0,0.09
GEN,lineage,RF,onehot,4,RBF-18-0069-1_S78,1,0.116
GEN,lineage,RF,onehot,4,RBF-18-0088-1_S24,1,0.604
GEN,lineage,RF,onehot,4,RBF-18-0093-1_S80,1,0.444
GEN,lineage,RF,onehot,4,RBF-18-0099-1_S26,0,0.08
GEN,lineage,RF,onehot,4,RBF-18-0132-1_S26,0,0.09380952380952381
GEN,lineage,RF,onehot,4,RBF-18-0135-1_S34,1,0.618
GEN,lineage,RF,onehot,4,RBF-18-0147-1_S36,0,0.598
GEN,lineage,RF,onehot,4,RBF-18-0163-2_S39,0,0.094
GEN,lineage,RF,onehot,4,RBF-18-0200-1_S48,0,0.312
GEN,lineage,RF,onehot,4,RBF-18-0208-2_S11_L001,0,0.128
GEN,lineage,RF,onehot,4,RBF-18-0252-1_S56,0,0.274
GEN,lineage,RF,onehot,4,RBF-18-0259-1_S33,0,0.3320543666859456
GEN,lineage,RF,onehot,4,RBF-18-0282-1_S63,0,0.386
GEN,lineage,RF,onehot,4,RBF-18-0321-1_S69,0,0.216
GEN,lineage,RF,onehot,4,RBF-18-0339-1_S37,0,0.332
GEN,lineage,RF,onehot,4,RBF-18-0634-1_S183,0,0.124
GEN,lineage,RF,onehot,4,RBG-18-0077-1_S9,1,0.126
GEN,lineage,RF,onehot,4,RBG-18-0083-1_S12,0,0.118
GEN,lineage,RF,onehot,4,RBG-18-0108-1_S16,0,0.074
GEN,lineage,RF,onehot,4,RBG-18-0166-1_S10_L001,0,0.078
GEN,lineage,RF,onehot,4,RBG-18-0194-1_S45,0,0.224
GEN,lineage,RF,onehot,4,RBG-18-0239-1_S4,0,0.294
GEN,lineage,RF,onehot,4,RBG-18-0308-1_S54,0,0.292
GEN,lineage,RF,onehot,4,RBG-18-0312-1_S55,0,0.416
GEN,lineage,RF,onehot,4,RBG-18-0355-1_S19_L001,0,0.338
GEN,lineage,RF,onehot,4,RBG-18-0381-1_S49,0,0.08357142857142857
GEN,lineage,RF,onehot,4,RBG-18-0417-1_S52,0,0.336
GEN,lineage,RF,onehot,4,RBK-17-049-1_S62,0,0.31
GEN,lineage,RF,onehot,4,RBK-18-0060-1_S22,0,0.394
GEN,lineage,RF,onehot,4,RBK-18-0104-1_S206,0,0.058
GEN,lineage,RF,onehot,4,RBL-17-0118-1_S156,0,0.066
GEN,lineage,RF,onehot,4,RBL-17-0172-1_S170,0,0.064
GEN,lineage,RF,onehot,4,RBL-17-0189-1_S172,0,0.10296703296703297
GEN,lineage,RF,onehot,4,RBL-17-0306-1_S50,1,0.098
GEN,lineage,RF,onehot,4,RBL-17-0320-1_S114,0,0.45
GEN,lineage,RF,onehot,4,RBL-17-0327-1_S116,0,0.076
GEN,lineage,RF,onehot,4,RBL-17-0332-1_S118,0,0.414
GEN,lineage,RF,onehot,4,RBL-17-0390-1_S121,0,0.06757142857142857
GEN,lineage,RF,onehot,4,RBL-17-075-1_S18,1,0.368
GEN,lineage,RF,onehot,4,RBL-18-0002-1_S158,0,0.282
GEN,lineage,RF,onehot,4,RBL-18-0021-1_S42,0,0.57
GEN,lineage,RF,onehot,4,RBL-18-0242-1_S51,0,0.172
GEN,lineage,RF,onehot,4,RBT-17-0022-1_S24,0,0.3630769230769231
GEN,lineage,RF,onehot,4,RBT-17-0027-1_S3,0,0.076
GEN,lineage,RF,onehot,4,RBT-17-0099-1_S35,0,0.394
GEN,lineage,RF,onehot,4,RBT-17-0107-1_S39,0,0.202
GEN,lineage,RF,onehot,4,RBT-17-0118-1_S45,0,0.344
GEN,lineage,RF,onehot,4,RBT-17-0133-1_S6,0,0.898
GEN,lineage,RF,onehot,4,RBT-17-0138-1_S52,0,0.42
GEN,lineage,RF,onehot,4,RBT-17-0161-1_S57,0,0.052
GEN,lineage,RF,onehot,4,RBT-17-0168-1_S61,0,0.13
GEN,lineage,RF,onehot,4,RBT-17-0178-1_S66,0,0.07733333333333334
GEN,lineage,RF,onehot,4,RBT-17-0256-1_S25,0,0.542
GEN,lineage,RF,onehot,4,RBT-17-0285-1_S66,0,0.642
GEN,lineage,RF,onehot,4,RBT-17-0291-1_S14,1,0.53
GEN,lineage,RF,onehot,4,RBT-18-0004-1_S51,1,0.9
GEN,lineage,RF,onehot,4,RBT-18-0017-1_S67,0,0.062
GEN,lineage,RF,onehot,4,RBT-18-0042-1_S60,0,0.062
GEN,lineage,RF,onehot,4,RBT-18-0046-1_S2,0,0.09
GEN,lineage,RF,onehot,4,RBT-18-0056-1_S37,0,0.056
GEN,lineage,RF,onehot,4,RBT-18-0102-1_S23,0,0.06
GEN,lineage,RF,onehot,4,RBT-18-0110-1_S27,0,0.394
GEN,lineage,RF,onehot,4,RBT-18-0122-1_S63,0,0.116
GEN,lineage,RF,onehot,4,RBT-18-0141-1_S32,0,0.072
GEN,lineage,RF,onehot,4,RBT-18-0247-1_S16,1,0.902
GEN,lineage,RF,onehot,4,RBT-18-0259-1_S55,0,0.524
GEN,lineage,RF,onehot,4,RBT-18-0263-1_S58,0,0.104
GEN,lineage,RF,onehot,4,RBT-18-0275-1_S63,0,0.32771428571428574
GEN,lineage,RF,onehot,4,RBT-18-0283-1_S65,0,0.07283333333333333
GEN,lineage,RF,onehot,4,RBT-18-0316-1_S43,0,0.0851098901098901
GEN,lineage,RF,onehot,4,RBT-18-0331-1_S22,0,0.058
GEN,lineage,RF,onehot,4,RBT-18-0334-1_S23,0,0.07483333333333334
GEN,lineage,RF,onehot,4,RBT-18-0340-1_S36,0,0.062
GEN,lineage,RF,onehot,4,RBT-18-0357-1_S27,0,0.062
GEN,lineage,RF,onehot,4,RBT-18-0364-1_S29,0,0.678
GEN,lineage,RF,onehot,4,RBT-18-0377-1_S1,0,0.56
GEN,lineage,RF,onehot,4,RBT-18-0384-1_S40,0,0.34
GEN,lineage,RF,onehot,4,RBT-18-0385-1_S34,0,0.056
GEN,lineage,RF,onehot,4,ResetH115_S6_L001,0,0.424
GEN,lineage,RF,onehot,4,ResetH44_S3_L001,1,0.658
GEN,lineage,RF,onehot,4,ResetH8_S2_L001,0,0.348
GEN,lineage,RF,onehot,4,ResetH92_S4_L001,0,0.914
GEN,lineage,RF,onehot,4,ResetV143_S2_L001,1,0.598
GEN,lineage,RF,onehot,4,ResetV161_S3_L001,0,0.28
GEN,lineage,RF,onehot,4,ResetV210_S4_L001,1,0.096
GEN,lineage,RF,onehot,4,ResetV288_S6_L001,1,0.626
GEN,lineage,RF,onehot,4,RPG-18-0435-1_S32,0,0.056
GEN,lineage,RF,onehot,4,Survcare052_S22,0,0.45
GEN,lineage,RF,onehot,4,Survcare058_S26,0,0.388
GEN,lineage,RF,onehot,4,Survcare125_S25,1,0.218
GEN,lineage,RF,onehot,4,Survcare244_S9_L001,0,0.262
GEN,lineage,RF,onehot,4,Survcare278_S62,1,0.706
GEN,lineage,RF,onehot,4,Survcare295_S8_L001,0,0.588
GEN,lineage,RF,onehot,4,Survcare310_S21_L001,1,0.256
GEN,lineage,RF,onehot,4,Survcare321_S18,0,0.366
GEN,lineage,RF,onehot,4,Survcare334_S10,0,0.222
GEN,lineage,RF,onehot,4,Survcare335_S11,1,0.25
GEN,lineage,RF,onehot,4,V130_S5_L001,1,0.092
GEN,lineage,RF,onehot,4,V139_S7_L001,0,0.092
GEN,lineage,RF,onehot,4,V153_S4_L001,1,0.256
GEN,lineage,RF,onehot,4,V155_S5_L001,1,0.256
GEN,lineage,RF,onehot,4,V158_S4_L001,0,0.562
GEN,lineage,RF,onehot,4,V182_S6_L001,1,0.918
GEN,lineage,RF,onehot,4,V183_S7_L001,1,0.324
GEN,lineage,RF,onehot,4,V215_S2_L001,1,0.24
GEN,lineage,RF,onehot,4,V268_S12_L001,1,0.096
GEN,lineage,RF,onehot,4,V271_S13_L001,0,0.096
GEN,lineage,RF,onehot,4,V289_S5_L001,1,0.626
GEN,lineage,RF,onehot,4,V71_S4_L001,1,0.54
GEN,lineage,RF,onehot,4,w2RBG-16-037-1_S34,0,0.402
GEN,lineage,RF,onehot,4,wdhRBF-17-0564-1_S230,0,0.404
GEN,lineage,RF,onehot,4,wdhRBF-18-0080-1_S17_L001,0,0.784
GEN,lineage,RF,onehot,4,wdhRBF-18-0098-1_S19_L001,0,0.224
GEN,lineage,RF,onehot,4,WDHRBG-16-050-1_S40,0,0.6
GEN,lineage,RF,onehot,4,WDHRBG-16-062-1_S49,0,0.074
GEN,lineage,RF,onehot,4,WDHRBG-17-005-2_S61,0,0.168
GEN,lineage,RF,onehot,4,WDHRBG-17-0256-1_S17,0,0.124
GEN,lineage,RF,onehot,4,wdhRBL-17-0370-1_S232,0,0.432
GEN,lineage,RF,onehot,4,wRBG-16-024-1_S152,0,0.618
GEN,lineage,RF,onehot,4,wRBG-16-027-1_S174,0,0.366
GEN,lineage,RF,onehot,4,wRBG-17-028-1_S100,0,0.06
GEN,lineage,RF,onehot,4,wRBG-17-030-1_S165,0,0.224
GEN,lineage,RF,onehot,4,wRBG-17-031-1_S154,0,0.082
GEN,lineage,RF,onehot,4,wRBG-17-047-1_S153,0,0.052
GEN,lineage,RF,onehot,4,wRBG-17-049-1_S142,0,0.134
GEN,lineage,RF,onehot,4,wRBG-17-073-1_S118,0,0.314
GEN,lineage,RF,onehot,4,wRBG-17-110-1_S168,0,0.188
GEN,lineage,RF,onehot,4,wwRBB-17-031-1_S25,0,0.444
GEN,lineage,RF,onehot,4,wwRBF-17-251-1_S33,0,0.366
GEN,lineage,RF,onehot,4,wwRBK-17-0298-1_S42,0,0.31
