antibiotic,split,model,encoding,fold,isolate,y_true,prob
GEN,random,LR,label,0,H100_S2_L001,0,4.205739969620481e-05
GEN,random,LR,label,0,H108_S5_L001,0,0.08544446527957916
GEN,random,LR,label,0,H113_S6_L001,0,4.534594779670442e-07
GEN,random,LR,label,0,H116_S8_L001,1,0.9812476634979248
GEN,random,LR,label,0,H160_S3_L001,1,0.9664503335952759
GEN,random,LR,label,0,H50_S7_L001,1,0.005159368738532066
GEN,random,LR,label,0,H51_S5_L001,0,0.7408490180969238
GEN,random,LR,label,0,H71_S1_L001,1,0.9841217994689941
GEN,random,LR,label,0,H86_S1_L001,1,0.5411929488182068
GEN,random,LR,label,0,NNRBG-17-0191-1_S1,1,0.4725070595741272
GEN,random,LR,label,0,NNRBG-17-0199-1_S5,0,5.496392986970022e-06
GEN,random,LR,label,0,NNRBG-17-0205-1_S7,0,0.9311835765838623
GEN,random,LR,label,0,NNRBG-17-0255-1_S14,0,0.00010262178693665192
GEN,random,LR,label,0,NNRBG-17-0294-1_S18,0,0.9857584238052368
GEN,random,LR,label,0,NNRBG-17-0298-1_S19,0,0.00019372269161976874
GEN,random,LR,label,0,NNRBG-17-0399-1_S40,0,0.09339606016874313
GEN,random,LR,label,0,RBB-17-171-1_S52,0,0.0282985121011734
GEN,random,LR,label,0,RBB-18-0537-1_S21_L001,0,0.951269805431366
GEN,random,LR,label,0,RBB-18-0668-1_S188,1,0.0027750940062105656
GEN,random,LR,label,0,RBB-18-1086-1_S189_2,0,1.416374395546427e-08
GEN,random,LR,label,0,RBB-18-1309-1_S42,1,0.17091305553913116
GEN,random,LR,label,0,RBF-16-0064-1_S136,0,3.139625187031925e-05
GEN,random,LR,label,0,RBF-17-0178-1_S139,0,0.0053129056468605995
GEN,random,LR,label,0,RBF-17-0467-1_S12,0,0.5562011003494263
GEN,random,LR,label,0,RBF-17-0513-1_S76,0,0.24308887124061584
GEN,random,LR,label,0,RBF-17-0523-1_S30,0,7.433850868210357e-08
GEN,random,LR,label,0,RBF-17-0538-1_S82,0,0.025015871971845627
GEN,random,LR,label,0,RBF-17-0572-2_S89,0,2.1194485100295424e-07
GEN,random,LR,label,0,RBF-17-0587-1_S91,0,0.00039135548286139965
GEN,random,LR,label,0,RBF-17-0648-1_S100,0,0.7790281176567078
GEN,random,LR,label,0,RBF-17-318-1_S77,1,0.012830293737351894
GEN,random,LR,label,0,RBF-18-0013-1_S25_L001,0,0.00027214139117859304
GEN,random,LR,label,0,RBF-18-0036-1_S7,0,3.5320292226970196e-05
GEN,random,LR,label,0,RBF-18-0088-1_S24,1,0.00016937893815338612
GEN,random,LR,label,0,RBF-18-0132-1_S26,0,4.211510145069042e-07
GEN,random,LR,label,0,RBF-18-0139-1_S35,0,3.515811997090168e-08
GEN,random,LR,label,0,RBF-18-0147-1_S36,0,0.9946147799491882
GEN,random,LR,label,0,RBF-18-0217-1_S54,0,0.00011666764476103708
GEN,random,LR,label,0,RBF-18-0227-1_S53,0,0.0017005434492602944
GEN,random,LR,label,0,RBF-18-0252-1_S56,0,3.6852176865664887e-10
GEN,random,LR,label,0,RBF-18-0253-1_S13_L001,0,0.9999998807907104
GEN,random,LR,label,0,RBF-18-0294-1_S64,0,2.792133102502703e-07
GEN,random,LR,label,0,RBF-18-0321-1_S69,0,2.6609848646330647e-05
GEN,random,LR,label,0,RBF-18-0333-1_S70,0,1.6830682625368354e-07
GEN,random,LR,label,0,RBG-17-0383-1_S44,0,0.018662013113498688
GEN,random,LR,label,0,RBG-18-0041-1_S6,0,0.00015848987095523626
GEN,random,LR,label,0,RBG-18-0113-1_S13_L001,0,3.667285272968002e-05
GEN,random,LR,label,0,RBG-18-0129-1_S15_L001,0,0.980930745601654
GEN,random,LR,label,0,RBG-18-0144-1_S38,0,2.1554043272420387e-12
GEN,random,LR,label,0,RBG-18-0153-1_S14,0,0.969889223575592
GEN,random,LR,label,0,RBG-18-0185-1_S40,0,0.000315604149363935
GEN,random,LR,label,0,RBG-18-0193-1_S8,0,6.465385922638234e-06
GEN,random,LR,label,0,RBG-18-0204-1_S23_L001,0,0.027216091752052307
GEN,random,LR,label,0,RBG-18-0206-2_S46,0,0.9940549731254578
GEN,random,LR,label,0,RBG-18-0276-1_S50,0,0.0013852305710315704
GEN,random,LR,label,0,RBG-18-0280-1_S51,0,1.0306210745936184e-10
GEN,random,LR,label,0,RBG-18-0289-1_S37,1,0.002594560384750366
GEN,random,LR,label,0,RBG-18-0300-1_S52,0,0.0002558395208325237
GEN,random,LR,label,0,RBG-18-0347-1_S22_L001,0,0.24823889136314392
GEN,random,LR,label,0,RBG-18-0421-1_S53,1,0.9776564240455627
GEN,random,LR,label,0,RBK-16-073-1_S14,0,3.621504220063798e-05
GEN,random,LR,label,0,RBK-17-049-1_S62,0,0.005460100714117289
GEN,random,LR,label,0,RBK-17-0588-1_S24,0,0.9630725979804993
GEN,random,LR,label,0,RBK-17-0601-1_S25,0,0.7299190759658813
GEN,random,LR,label,0,RBK-18-0047-1_S20,0,0.0011519656982272863
GEN,random,LR,label,0,RBK-18-0236-2_S52_2,0,0.973767101764679
GEN,random,LR,label,0,RBL-17-0095-1_S147,0,3.8757783094034437e-10
GEN,random,LR,label,0,RBL-17-0129-1_S158,0,9.265206699637929e-07
GEN,random,LR,label,0,RBL-17-0155-1_S165,0,0.00010002298222389072
GEN,random,LR,label,0,RBL-17-0189-1_S172,0,4.859447244598414e-08
GEN,random,LR,label,0,RBL-17-0261-1_S100,0,2.935912280483359e-16
GEN,random,LR,label,0,RBL-17-0264-1_S103,0,0.997759222984314
GEN,random,LR,label,0,RBL-17-0283-1_S27,0,0.13296835124492645
GEN,random,LR,label,0,RBL-17-0342-1_S103,0,0.5118168592453003
GEN,random,LR,label,0,RBL-17-0368-1_S114,0,0.0008357716724276543
GEN,random,LR,label,0,RBL-17-0374-1_S116,0,0.8465372920036316
GEN,random,LR,label,0,RBL-17-0391-1_S122,0,0.1478402018547058
GEN,random,LR,label,0,RBL-17-0393-1_S123,0,0.0021036211401224136
GEN,random,LR,label,0,RBL-17-0402-1_S126,0,0.004380152560770512
GEN,random,LR,label,0,RBL-17-060-1_S17,0,0.8764402866363525
GEN,random,LR,label,0,RBL-17-075-1_S18,1,0.0004259958222974092
GEN,random,LR,label,0,RBL-18-0016-1_S161,0,1.2791804692824371e-05
GEN,random,LR,label,0,RBL-18-0021-1_S42,0,0.6377964615821838
GEN,random,LR,label,0,RBL-18-0098-1_S178,0,0.7369568943977356
GEN,random,LR,label,0,RBL-18-0131-1_S188_2,1,1.0536844456510153e-05
GEN,random,LR,label,0,RBT-16-0024-1_S10,1,0.070066899061203
GEN,random,LR,label,0,RBT-17-0023-1_S25,0,0.9999798536300659
GEN,random,LR,label,0,RBT-17-0027-1_S3,0,3.478532448752958e-07
GEN,random,LR,label,0,RBT-17-0084-1_S31,0,8.184694877400034e-08
GEN,random,LR,label,0,RBT-17-0118-1_S45,0,0.113910973072052
GEN,random,LR,label,0,RBT-17-0130-1_S27,0,0.9685143828392029
GEN,random,LR,label,0,RBT-17-0150-1_S54,0,0.001187821733765304
GEN,random,LR,label,0,RBT-17-0156-1_S56,0,0.9991133809089661
GEN,random,LR,label,0,RBT-17-0188-1_S68,0,8.931267529987963e-07
GEN,random,LR,label,0,RBT-17-0291-1_S14,1,0.7443347573280334
GEN,random,LR,label,0,RBT-17-0295-1_S15,0,5.1502706099881834e-08
GEN,random,LR,label,0,RBT-17-0337-1_S19,0,0.00040400115540251136
GEN,random,LR,label,0,RBT-18-0027-1_S68,0,2.116336145263631e-05
GEN,random,LR,label,0,RBT-18-0052-1_S35,0,1.166027595900232e-05
GEN,random,LR,label,0,RBT-18-0057-1_S38,1,1.837142917793244e-05
GEN,random,LR,label,0,RBT-18-0120-1_S48,0,0.09167975932359695
GEN,random,LR,label,0,RBT-18-0141-1_S32,0,2.8324204322416335e-05
GEN,random,LR,label,0,RBT-18-0184-1_S38,1,0.29035085439682007
GEN,random,LR,label,0,RBT-18-0224-1_S43,0,1.3950655102235032e-06
GEN,random,LR,label,0,RBT-18-0296-1_S72,1,0.759218692779541
GEN,random,LR,label,0,RBT-18-0316-1_S43,0,0.0002967289765365422
GEN,random,LR,label,0,RBT-18-0317-1_S27,0,0.0001095254992833361
GEN,random,LR,label,0,RBT-18-0324-1_S57,1,0.9998464584350586
GEN,random,LR,label,0,RBT-18-0365-1_S30,0,0.017828354611992836
GEN,random,LR,label,0,RBT-18-0368-1_S32,0,4.619156754870346e-07
GEN,random,LR,label,0,RBT-18-0385-1_S34,0,5.347592377802357e-06
GEN,random,LR,label,0,RBT-18-0391-1_S35,0,0.7528098225593567
GEN,random,LR,label,0,RBT-18-0401-1_S43,0,0.15964451432228088
GEN,random,LR,label,0,ResetH115_S6_L001,0,0.9999810457229614
GEN,random,LR,label,0,ResetH16_S2_L001,0,0.9994937181472778
GEN,random,LR,label,0,ResetH24a_S3_2_L001,1,0.9906779527664185
GEN,random,LR,label,0,ResetH30_S4_L001,0,0.727785587310791
GEN,random,LR,label,0,ResetH45_S5_L001,0,0.009476345032453537
GEN,random,LR,label,0,ResetV105_S1_L001,0,0.00019061642524320632
GEN,random,LR,label,0,ResetV161_S3_L001,0,2.227874119853368e-06
GEN,random,LR,label,0,ResetV210_S4_L001,1,0.4396366775035858
GEN,random,LR,label,0,ResetV70_S6_L001,1,0.020701471716165543
GEN,random,LR,label,0,Survcare052_S22,0,0.0005531728966161609
GEN,random,LR,label,0,Survcare184_S19,1,0.0055908262729644775
GEN,random,LR,label,0,Survcare236_S5_L001,1,0.979272186756134
GEN,random,LR,label,0,Survcare253_S35,0,2.851426870620344e-05
GEN,random,LR,label,0,Survcare275_S38,1,0.020178142935037613
GEN,random,LR,label,0,Survcare289_S36,1,0.9999997615814209
GEN,random,LR,label,0,Survcare292_S39,0,1.8699676047617686e-06
GEN,random,LR,label,0,Survcare293_S40,1,0.9999998807907104
GEN,random,LR,label,0,Survcare317_S5_L001,0,2.948894461951568e-07
GEN,random,LR,label,0,Survcare318_S20_L001,0,9.756531653692946e-05
GEN,random,LR,label,0,Survcare327_S1,0,0.7137801051139832
GEN,random,LR,label,0,V1_S6_L001,1,0.9999765157699585
GEN,random,LR,label,0,V114_S5_L001,0,0.998471200466156
GEN,random,LR,label,0,V153_S4_L001,1,0.999974250793457
GEN,random,LR,label,0,V177_S6_L001,0,2.9432740120682865e-05
GEN,random,LR,label,0,V182_S6_L001,1,0.16764876246452332
GEN,random,LR,label,0,V201_S4_L001,0,0.9985929131507874
GEN,random,LR,label,0,V228_S8_L001,1,0.9993867874145508
GEN,random,LR,label,0,V232_S3_L001,0,3.796484452323057e-05
GEN,random,LR,label,0,V238_S11_L001,1,8.868130680639297e-05
GEN,random,LR,label,0,V279_S8_L001,1,0.9983360171318054
GEN,random,LR,label,0,V292_S6_L001,1,0.9997389912605286
GEN,random,LR,label,0,V71_S4_L001,1,0.9997077584266663
GEN,random,LR,label,0,V79_S6_L001,0,0.002199158538132906
GEN,random,LR,label,0,V96_S2_L001,1,1.0
GEN,random,LR,label,0,wdh-RBL-17-0431-1_S46,0,0.9817755222320557
GEN,random,LR,label,0,wdhRBF-17-0558-1_S121,0,2.057537074051652e-08
GEN,random,LR,label,0,wdhRBF-18-0025-1_S11_L001,0,2.989360291394405e-05
GEN,random,LR,label,0,wdhRBF-18-0049-1_S13_L001,0,2.4946710137776472e-17
GEN,random,LR,label,0,wdhRBF-18-0098-1_S19_L001,0,2.0531169819815176e-10
GEN,random,LR,label,0,WDHRBG-17-001-1_S82,0,0.19738808274269104
GEN,random,LR,label,0,wRBG-17-021-1_S166,0,0.008423401974141598
GEN,random,LR,label,0,wRBG-17-028-1_S100,0,8.435112608395912e-10
GEN,random,LR,label,0,wRBG-17-075-1_S96,0,0.4227035343647003
GEN,random,LR,label,0,wRBG-17-100-1_S104,0,0.9915452599525452
GEN,random,LR,label,0,wwRBF-16-094-1_S13,0,0.009656603448092937
GEN,random,LR,label,0,wwRBF-17-251-1_S33,0,0.18521785736083984
GEN,random,LR,label,0,wwRBK-16-023-1_S5,0,0.9978854060173035
GEN,random,LR,label,0,wwRBK-17-0278-1_S41,0,7.40446523650462e-07
GEN,random,LR,label,0,WWSurvcare043_S43,0,4.950529728375841e-06
GEN,random,LR,label,1,H122_S4_L001,1,0.1396961212158203
GEN,random,LR,label,1,H148_S4_L001,1,0.15740877389907837
GEN,random,LR,label,1,H37_S3_L001,0,1.0060279237222858e-05
GEN,random,LR,label,1,H38_S4_L001,0,0.9999823570251465
GEN,random,LR,label,1,H53_S4_L001,0,0.7834517955780029
GEN,random,LR,label,1,NNRBG-17-0193-1_S2,0,1.5213343473874374e-08
GEN,random,LR,label,1,NNRBG-17-0201-1_S6,0,3.2162647545241896e-11
GEN,random,LR,label,1,NNRBG-17-0227-1_S8,0,7.926917646727816e-07
GEN,random,LR,label,1,NNRBG-17-0239-1_S10,0,2.1249645669740858e-06
GEN,random,LR,label,1,NNRBG-17-0278-1_S16,0,1.0323307151338668e-06
GEN,random,LR,label,1,NNRBG-17-0316-1_S23,0,0.012525590136647224
GEN,random,LR,label,1,NNRBG-17-0328-1_S25,0,5.951598359388299e-05
GEN,random,LR,label,1,NNRBG-17-0329-1_S26,0,0.0004504695243667811
GEN,random,LR,label,1,NNRBG-17-0378-1_S37,1,0.8802659511566162
GEN,random,LR,label,1,RBB-18-0129-1_S179,0,0.00046356106759049
GEN,random,LR,label,1,RBB-18-0546-1_S22_L001,0,0.5248612761497498
GEN,random,LR,label,1,RBB-18-1312-1_S43,0,0.023430699482560158
GEN,random,LR,label,1,RBB-18-1488-1_S46,0,1.025931578624295e-05
GEN,random,LR,label,1,RBF-17-0164-1_S137,0,2.379179022682365e-07
GEN,random,LR,label,1,RBF-17-0173-1_S138,0,0.0029837707988917828
GEN,random,LR,label,1,RBF-17-0508-1_S73,0,0.22519534826278687
GEN,random,LR,label,1,RBF-17-0532-1_S80,0,0.9992972612380981
GEN,random,LR,label,1,RBF-17-0602-1_S93,0,2.0249954104656354e-05
GEN,random,LR,label,1,RBF-17-0647-1_S99,0,0.0033148841466754675
GEN,random,LR,label,1,RBF-17-0664-1_S63,0,0.0012212494621053338
GEN,random,LR,label,1,RBF-17-067-1_S54,1,0.8403370976448059
GEN,random,LR,label,1,RBF-17-170-1_S66,1,0.9045240879058838
GEN,random,LR,label,1,RBF-18-0019-1_S2,1,0.7730618119239807
GEN,random,LR,label,1,RBF-18-0027-1_S5,1,1.4061838499168644e-11
GEN,random,LR,label,1,RBF-18-0086-1_S22,0,1.2597528211699682e-06
GEN,random,LR,label,1,RBF-18-0121-1_S28,1,0.03053133189678192
GEN,random,LR,label,1,RBF-18-0123-1_S25_L001,0,3.4674966668643673e-19
GEN,random,LR,label,1,RBF-18-0151-1_S83,0,0.006763142999261618
GEN,random,LR,label,1,RBF-18-0160-1_S37,0,0.9997051358222961
GEN,random,LR,label,1,RBF-18-0179-1_S29,0,0.9799725413322449
GEN,random,LR,label,1,RBF-18-0187-1_S31,0,0.9747841358184814
GEN,random,LR,label,1,RBF-18-0259-1_S33,0,3.8252779631875455e-05
GEN,random,LR,label,1,RBF-18-0280-1_S62,0,0.0034386692568659782
GEN,random,LR,label,1,RBF-18-0585-1_S48,0,0.11457332968711853
GEN,random,LR,label,1,RBF-18-0714-2_S204_2,0,0.08006635308265686
GEN,random,LR,label,1,RBG-17-0269-1_S41,0,0.3030414879322052
GEN,random,LR,label,1,RBG-17-0284-1_S59,0,0.9908058047294617
GEN,random,LR,label,1,RBg-17-123-2_S12,0,0.0676521360874176
GEN,random,LR,label,1,RBG-18-0004-1_S1,0,0.8150001764297485
GEN,random,LR,label,1,RBG-18-0023-1_S2,1,4.472219643503195e-06
GEN,random,LR,label,1,RBG-18-0054-1_S42,0,5.702139242202975e-05
GEN,random,LR,label,1,RBG-18-0071-1_S44,0,3.972758122472442e-09
GEN,random,LR,label,1,RBG-18-0077-1_S9,1,0.9205938577651978
GEN,random,LR,label,1,RBG-18-0099-1_S14,0,0.8150001764297485
GEN,random,LR,label,1,RBG-18-0108-1_S16,0,8.427846296399366e-06
GEN,random,LR,label,1,RBG-18-0166-1_S10_L001,0,2.5843490220722742e-05
GEN,random,LR,label,1,RBG-18-0177-1_S17_L001,1,0.9300186038017273
GEN,random,LR,label,1,RBG-18-0200-1_S18_L001,1,0.827829122543335
GEN,random,LR,label,1,RBG-18-0301-1_S53,0,0.0011250327806919813
GEN,random,LR,label,1,RBG-18-0358-1_S39,0,1.1864853100007622e-08
GEN,random,LR,label,1,RBK-16-007-1_S13,0,0.44915708899497986
GEN,random,LR,label,1,RBK-17-0492-1_S8,1,0.041185442358255386
GEN,random,LR,label,1,RBK-18-0002-1_S38,1,6.484921755145479e-08
GEN,random,LR,label,1,RBK-18-0005-1_S18,0,3.868176276928788e-15
GEN,random,LR,label,1,RBL-17-0093-1_S146,0,0.9958592057228088
GEN,random,LR,label,1,RBL-17-0107-1_S150,0,0.8828128576278687
GEN,random,LR,label,1,RBL-17-0144-1_S163,0,6.921330146350318e-16
GEN,random,LR,label,1,RBL-17-0159-1_S166,0,0.7095282077789307
GEN,random,LR,label,1,RBL-17-0232-1_S91,0,1.9583621906349435e-05
GEN,random,LR,label,1,RBL-17-0244-1_S44,0,0.983075737953186
GEN,random,LR,label,1,RBL-17-0246-1_S94,1,0.019499555230140686
GEN,random,LR,label,1,RBL-17-0256-1_S98,0,0.04858379438519478
GEN,random,LR,label,1,RBL-17-0263-1_S102,0,4.7358589654322714e-05
GEN,random,LR,label,1,RBL-17-0274-2_S105,0,0.012623416259884834
GEN,random,LR,label,1,RBL-17-0327-1_S116,0,0.00013816921273246408
GEN,random,LR,label,1,RBL-17-0347-1_S104,0,0.00018340347742196172
GEN,random,LR,label,1,RBL-17-0366-1_S113,1,0.9044687151908875
GEN,random,LR,label,1,RBL-17-0392-1_S69,1,0.995790421962738
GEN,random,LR,label,1,RBL-17-0435-1_S134,0,1.3684818895853823e-06
GEN,random,LR,label,1,RBL-18-0019-1_S41,0,0.00014755003212485462
GEN,random,LR,label,1,RBL-18-0022-1_S43,0,0.013375268317759037
GEN,random,LR,label,1,RBL-18-0032-1_S167,0,0.0013381062308326364
GEN,random,LR,label,1,RBL-18-0048-1_S44,0,0.022556813433766365
GEN,random,LR,label,1,RBL-18-0066-1_S173,0,3.196558395757165e-08
GEN,random,LR,label,1,RBL-18-0343-1_S6,0,0.9999963045120239
GEN,random,LR,label,1,RBL-18-0467-1_S228_2,1,0.0004818494780920446
GEN,random,LR,label,1,RBT-16-0038-1_S11,0,0.17596589028835297
GEN,random,LR,label,1,RBT-17-0003-1_S16,0,2.529790799599141e-05
GEN,random,LR,label,1,RBT-17-0008-1_S18,0,5.4410127631854266e-05
GEN,random,LR,label,1,RBT-17-0019-1_S62,0,0.9955506324768066
GEN,random,LR,label,1,RBT-17-0039-1_S28,1,0.9885270595550537
GEN,random,LR,label,1,RBT-17-0097-1_S34,1,0.39641043543815613
GEN,random,LR,label,1,RBT-17-0102-1_S37,0,0.912339448928833
GEN,random,LR,label,1,RBT-17-0133-1_S6,0,0.3305453658103943
GEN,random,LR,label,1,RBT-17-0174-1_S64,0,4.9676023081701715e-06
GEN,random,LR,label,1,RBT-17-0219-1_S8,0,0.04909875616431236
GEN,random,LR,label,1,RBT-17-0232-1_S58,1,3.968738582216247e-08
GEN,random,LR,label,1,RBT-17-0238-1_S59,0,0.8488010168075562
GEN,random,LR,label,1,RBT-17-0256-1_S25,0,0.00012575495929922909
GEN,random,LR,label,1,RBT-17-0339-1_S20,0,0.9998884201049805
GEN,random,LR,label,1,RBT-18-0017-1_S67,0,5.039160168962553e-05
GEN,random,LR,label,1,RBT-18-0056-1_S37,0,9.926136357307769e-08
GEN,random,LR,label,1,RBT-18-0064-1_S15,0,0.9982512593269348
GEN,random,LR,label,1,RBT-18-0071-1_S41,0,0.008011072874069214
GEN,random,LR,label,1,RBT-18-0102-1_S23,0,1.7862967993664824e-08
GEN,random,LR,label,1,RBT-18-0115-1_S45,0,3.9183700550893263e-07
GEN,random,LR,label,1,RBT-18-0121-1_S28,0,8.618576430308167e-06
GEN,random,LR,label,1,RBT-18-0122-1_S63,0,8.68766903749929e-07
GEN,random,LR,label,1,RBT-18-0205-1_S6,1,0.6955370306968689
GEN,random,LR,label,1,RBT-18-0230-1_S45,0,0.009762546978890896
GEN,random,LR,label,1,RBT-18-0247-1_S16,1,0.9985578656196594
GEN,random,LR,label,1,RBT-18-0252-1_S53,0,0.000435591529821977
GEN,random,LR,label,1,RBT-18-0259-1_S55,0,3.6191988073142056e-08
GEN,random,LR,label,1,RBT-18-0263-1_S58,0,0.0008647635113447905
GEN,random,LR,label,1,RBT-18-0271-1_S62,0,3.9546801417600363e-05
GEN,random,LR,label,1,RBT-18-0278-1_S64,0,0.0025738643016666174
GEN,random,LR,label,1,RBT-18-0288-1_S68,0,3.374495918251341e-06
GEN,random,LR,label,1,RBT-18-0303-1_S20,1,0.9990565180778503
GEN,random,LR,label,1,RBT-18-0308-1_S34,0,0.9822719097137451
GEN,random,LR,label,1,RBT-18-0338-1_S35,0,1.1080087460868526e-05
GEN,random,LR,label,1,RBT-18-0351-1_S48,0,2.2750812433969259e-07
GEN,random,LR,label,1,RBT-18-0377-1_S1,0,0.2845604717731476
GEN,random,LR,label,1,RBT-18-0392-1_S56,0,0.9938719272613525
GEN,random,LR,label,1,ResetH131_S7_L001,0,0.7863123416900635
GEN,random,LR,label,1,ResetH132_S1_L001,0,0.9951772689819336
GEN,random,LR,label,1,ResetH139_S3_L001,0,0.42430755496025085
GEN,random,LR,label,1,ResetH44_S3_L001,1,0.9422435760498047
GEN,random,LR,label,1,ResetH49b_S6_L001,0,0.9930626749992371
GEN,random,LR,label,1,ResetH63_S7_L001,0,0.8150001764297485
GEN,random,LR,label,1,ResetH68_S1_L001,0,0.0037886868230998516
GEN,random,LR,label,1,ResetH98_S4_L001,0,3.0400038667721674e-05
GEN,random,LR,label,1,ResetV143_S2_L001,1,0.0372738242149353
GEN,random,LR,label,1,ResetV260_S5_L001,0,0.9455212950706482
GEN,random,LR,label,1,RPG-18-0435-1_S32,0,1.918351841823096e-07
GEN,random,LR,label,1,Survcare130_S2,0,0.00017566431779414415
GEN,random,LR,label,1,Survcare190_S35,1,1.6847994857016602e-06
GEN,random,LR,label,1,Survcare244_S9_L001,0,0.999985933303833
GEN,random,LR,label,1,Survcare319_S16,0,1.634774343983736e-05
GEN,random,LR,label,1,Survcare321_S18,0,0.25353920459747314
GEN,random,LR,label,1,Survcare334_S10,0,0.9999297857284546
GEN,random,LR,label,1,V113_S3_L001,0,2.112714537361171e-05
GEN,random,LR,label,1,V120_S5_L001,1,0.057210419327020645
GEN,random,LR,label,1,V123_S1_L001,0,0.13330844044685364
GEN,random,LR,label,1,V131_S7_L001,1,0.0680651143193245
GEN,random,LR,label,1,V155_S5_L001,1,0.9999250173568726
GEN,random,LR,label,1,V205_S3_L001,0,0.9298934936523438
GEN,random,LR,label,1,V229_S10_L001,1,0.9997588992118835
GEN,random,LR,label,1,V289_S5_L001,1,0.9985032081604004
GEN,random,LR,label,1,V295_S7_L001,0,0.9577932357788086
GEN,random,LR,label,1,V64_S3_L001,0,2.2433093160856288e-09
GEN,random,LR,label,1,V73_S5_L001,1,0.9999998807907104
GEN,random,LR,label,1,W2RBK-17-169-1_S34,0,0.00010998106881743297
GEN,random,LR,label,1,wdh-RBB-16-025-1_S20,0,4.072628012607993e-09
GEN,random,LR,label,1,wdhRBF-18-0048-1_S12_L001,0,0.6187580227851868
GEN,random,LR,label,1,WDHRBG-16-062-1_S49,0,2.5719475161167793e-05
GEN,random,LR,label,1,WDHRBG-17-0256-1_S17,0,9.584243019719347e-15
GEN,random,LR,label,1,wNRZ-33910_S81,1,0.9674591422080994
GEN,random,LR,label,1,wRBF-17-0146-1_S35,1,0.8490824699401855
GEN,random,LR,label,1,wRBG-16-026-1_S163,0,0.00023103017883840948
GEN,random,LR,label,1,wRBG-16-033-1_S153,0,0.943152666091919
GEN,random,LR,label,1,wRBG-17-034-1_S121,0,1.860919473983813e-05
GEN,random,LR,label,1,wRBG-17-049-1_S142,0,0.008106779307126999
GEN,random,LR,label,1,wRBG-17-073-1_S118,0,1.1009947229467798e-05
GEN,random,LR,label,1,wRBG-17-112-1_S146,0,0.0006369265029206872
GEN,random,LR,label,1,wwRBF-16-007-1_S10,1,0.005749265197664499
GEN,random,LR,label,1,wwRBF-17-167-1_S31,1,0.0011671048123389482
GEN,random,LR,label,1,wwRBK-17-0197-1_S39,1,0.9993151426315308
GEN,random,LR,label,2,H109_S2_L001,0,0.9533464312553406
GEN,random,LR,label,2,H130_S2_L001,1,9.256440058891258e-10
GEN,random,LR,label,2,H141_S6_L001,0,1.1827227552885233e-07
GEN,random,LR,label,2,H153_S1_L001,1,0.9903188943862915
GEN,random,LR,label,2,H154_S2_L001,1,0.9897491335868835
GEN,random,LR,label,2,H157_S3_L001,0,0.001483985222876072
GEN,random,LR,label,2,H17_S2_L001,0,2.68556505034212e-07
GEN,random,LR,label,2,H28_S10_L001,0,0.34742486476898193
GEN,random,LR,label,2,NNRBG-17-0319-1_S24,0,8.58884523040615e-05
GEN,random,LR,label,2,NNSurvcare045_S41,0,0.02908165380358696
GEN,random,LR,label,2,RBB-17-011-1_S40,0,0.7060070633888245
GEN,random,LR,label,2,RBB-18-0519-1_S184,0,0.0024108514189720154
GEN,random,LR,label,2,RBB-18-0772-1_S192,0,0.9998171925544739
GEN,random,LR,label,2,RBB-18-0892-1_S80_2,1,0.006661297753453255
GEN,random,LR,label,2,RBB-18-0972-1_S203_2,1,7.585095218587412e-09
GEN,random,LR,label,2,RBB-18-1393-1_S48,0,0.4824185371398926
GEN,random,LR,label,2,RBB-18-1460-1_S45,1,0.026313256472349167
GEN,random,LR,label,2,RBBK18-0189-1_S24_L001,1,0.9310258626937866
GEN,random,LR,label,2,RBF-17-0195-1_S141,0,0.007397662382572889
GEN,random,LR,label,2,RBF-17-0340-1_S81,0,0.9999799728393555
GEN,random,LR,label,2,RBF-17-0424-1_S15,0,2.3548786032279168e-07
GEN,random,LR,label,2,RBF-17-0489-1_S13,0,0.10936307162046432
GEN,random,LR,label,2,RBF-17-0614-3_S95,0,2.4021053945944004e-07
GEN,random,LR,label,2,RBF-17-0616-1_S96,0,1.53599503391888e-05
GEN,random,LR,label,2,RBF-17-0651-1_S62,0,0.42701634764671326
GEN,random,LR,label,2,RBF-18-0035-1_S6,0,0.9996870756149292
GEN,random,LR,label,2,RBF-18-0055-1_S11,0,0.03568514809012413
GEN,random,LR,label,2,RBF-18-0066-1_S15,0,1.3531285425472106e-08
GEN,random,LR,label,2,RBF-18-0085-1_S21,0,1.3132465710441465e-06
GEN,random,LR,label,2,RBF-18-0087-1_S23,0,0.07796885818243027
GEN,random,LR,label,2,RBF-18-0093-1_S80,1,7.065153477014974e-05
GEN,random,LR,label,2,RBF-18-0126-1_S31,0,3.585435948139093e-08
GEN,random,LR,label,2,RBF-18-0135-1_S34,1,0.0334780290722847
GEN,random,LR,label,2,RBF-18-0173-1_S27,0,0.9745020270347595
GEN,random,LR,label,2,RBF-18-0194-1_S86,0,0.9627435803413391
GEN,random,LR,label,2,RBF-18-0200-1_S48,0,0.0008150847861543298
GEN,random,LR,label,2,RBF-18-0201-1_S49,0,1.339197660854552e-05
GEN,random,LR,label,2,RBF-18-0208-2_S11_L001,0,0.15320636332035065
GEN,random,LR,label,2,RBF-18-0282-1_S63,0,1.1337285741319647e-06
GEN,random,LR,label,2,RBF-18-0296-1_S17,0,0.9260400533676147
GEN,random,LR,label,2,RBF-18-0338-1_S72,0,0.016384340822696686
GEN,random,LR,label,2,RBF-18-0339-1_S37,0,0.05369289219379425
GEN,random,LR,label,2,RBF-18-0405-1_S81_2,0,0.7452558875083923
GEN,random,LR,label,2,RBF-18-0634-1_S183,0,0.00017371798458043486
GEN,random,LR,label,2,RBF-18-0664-1_S190,0,1.931057522597257e-05
GEN,random,LR,label,2,RBG-17-0351-1_S20_L001,0,0.9997090697288513
GEN,random,LR,label,2,RBG-18-0017-1_S5,0,0.026756631210446358
GEN,random,LR,label,2,RBG-18-0029-1_S40,0,0.00018982093024533242
GEN,random,LR,label,2,RBG-18-0072-1_S8,0,0.20569118857383728
GEN,random,LR,label,2,RBG-18-0221-1_S47,1,8.324422395844522e-08
GEN,random,LR,label,2,RBG-18-0223-1_S2,0,6.892976855965571e-09
GEN,random,LR,label,2,RBG-18-0239-1_S4,0,5.127980173824653e-08
GEN,random,LR,label,2,RBG-18-0367-1_S57,0,1.4865785672216712e-14
GEN,random,LR,label,2,RBG-18-0388-1_S21_L001,1,0.9934108853340149
GEN,random,LR,label,2,RBG-18-0391-1_S22_L001,1,0.009695112705230713
GEN,random,LR,label,2,RBG-18-0402-1_S50,0,1.5887279687376576e-06
GEN,random,LR,label,2,RBG-18-0410-1_S12,0,0.8114262223243713
GEN,random,LR,label,2,RBG-18-0417-1_S52,0,3.562817437341437e-05
GEN,random,LR,label,2,RBK-16-079-1_S15,1,8.577222843086929e-07
GEN,random,LR,label,2,RBK-17-0595-1_S187,0,0.18985161185264587
GEN,random,LR,label,2,RBK-17-0655-5_S182,0,0.9841289520263672
GEN,random,LR,label,2,RBK-18-0037-1_S199,0,0.015993762761354446
GEN,random,LR,label,2,RBK-18-0080-1_S205,0,1.5833545585763886e-10
GEN,random,LR,label,2,RBK-18-0104-1_S206,0,9.294659264469374e-09
GEN,random,LR,label,2,RBK-18-0250-1_S235_2,0,4.690823684344592e-12
GEN,random,LR,label,2,RBK-18-0644-1_S180,0,0.0001371002581436187
GEN,random,LR,label,2,RBKk-18-0108-1_S201,0,0.7092126607894897
GEN,random,LR,label,2,RBL-17-0090-1_S145,0,5.190703973312338e-07
GEN,random,LR,label,2,RBL-17-0108-1_S151,0,0.009367188438773155
GEN,random,LR,label,2,RBL-17-0113-1_S153,1,0.8435819745063782
GEN,random,LR,label,2,RBL-17-0116-1_S154,0,0.08894351869821548
GEN,random,LR,label,2,RBL-17-0118-1_S156,0,1.1825135537435472e-08
GEN,random,LR,label,2,RBL-17-0217-1_S176,0,0.009259900078177452
GEN,random,LR,label,2,RBL-17-0226-1_S41,1,0.5073191523551941
GEN,random,LR,label,2,RBL-17-0235-1_S92,0,0.0027165261562913656
GEN,random,LR,label,2,RBL-17-0259-1_S99,0,0.011931122280657291
GEN,random,LR,label,2,RBL-17-0267-1_S104,0,0.002766141900792718
GEN,random,LR,label,2,RBL-17-0300-1_S112,0,0.025033416226506233
GEN,random,LR,label,2,RBL-17-0305-1_S49,1,0.9946901798248291
GEN,random,LR,label,2,RBL-17-0320-1_S114,0,2.1454045509017305e-06
GEN,random,LR,label,2,RBL-17-0323-1_S115,0,0.00019896293815691024
GEN,random,LR,label,2,RBL-17-0328-1_S117,0,0.9999886751174927
GEN,random,LR,label,2,RBL-17-0340-1_S102,0,0.011540735140442848
GEN,random,LR,label,2,RBL-17-0350-1_S106,0,0.9898480772972107
GEN,random,LR,label,2,RBL-17-0365-1_S112,0,4.727664418169297e-05
GEN,random,LR,label,2,RBL-17-0409-1_S127,0,0.16366349160671234
GEN,random,LR,label,2,RBL-18-0010-1_S159,0,3.800300962808478e-09
GEN,random,LR,label,2,RBT-16-0045-1_S58,0,0.9190323948860168
GEN,random,LR,label,2,RBT-17-0009-1_S21,0,0.9993163347244263
GEN,random,LR,label,2,RBT-17-0011-1_S19,0,0.00027016422245651484
GEN,random,LR,label,2,RBT-17-0022-1_S24,0,1.8974687918671407e-06
GEN,random,LR,label,2,RBT-17-0107-1_S39,0,1.135887046643802e-07
GEN,random,LR,label,2,RBT-17-0112-1_S41,0,0.0005506667075678706
GEN,random,LR,label,2,RBT-17-0138-1_S52,0,6.969590685912408e-06
GEN,random,LR,label,2,RBT-17-0142-1_S53,0,2.2874196474731434e-06
GEN,random,LR,label,2,RBT-17-0167-1_S27,0,5.769205912997677e-08
GEN,random,LR,label,2,RBT-17-0173-1_S63,0,9.816933044248799e-08
GEN,random,LR,label,2,RBT-17-0177-1_S65,0,2.328307800780749e-06
GEN,random,LR,label,2,RBT-17-0178-1_S66,0,1.6908052735686852e-09
GEN,random,LR,label,2,RBT-17-0210-1_S55,0,0.0002930566552095115
GEN,random,LR,label,2,RBT-17-0217-1_S7,1,0.7789570689201355
GEN,random,LR,label,2,RBT-17-0249-1_S61,1,0.8624284863471985
GEN,random,LR,label,2,RBT-17-0279-1_S12,0,0.5485464930534363
GEN,random,LR,label,2,RBT-17-0285-1_S66,0,0.5055619478225708
GEN,random,LR,label,2,RBT-18-0004-1_S51,1,0.9789121150970459
GEN,random,LR,label,2,RBT-18-0030-1_S69,0,6.191449210746214e-05
GEN,random,LR,label,2,RBT-18-0042-1_S60,0,0.003617487847805023
GEN,random,LR,label,2,RBT-18-0045-1_S70,0,5.1026562397074246e-14
GEN,random,LR,label,2,RBT-18-0046-1_S2,0,0.9999995231628418
GEN,random,LR,label,2,RBT-18-0066-1_S40,0,0.061397891491651535
GEN,random,LR,label,2,RBT-18-0116-1_S46,0,2.029101437983627e-07
GEN,random,LR,label,2,RBT-18-0179-1_S37,0,7.700037713220809e-06
GEN,random,LR,label,2,RBT-18-0181-1_S61,0,0.001543658901937306
GEN,random,LR,label,2,RBT-18-0236-1_S48,1,0.46786874532699585
GEN,random,LR,label,2,RBT-18-0251-1_S7,0,0.00021122595353517681
GEN,random,LR,label,2,RBT-18-0253-1_S54,1,0.021142182871699333
GEN,random,LR,label,2,RBT-18-0265-1_S59,0,9.620897015259061e-14
GEN,random,LR,label,2,RBT-18-0275-1_S63,0,6.915952894814836e-07
GEN,random,LR,label,2,RBT-18-0293-1_S71,0,6.105351246787905e-08
GEN,random,LR,label,2,RBT-18-0341-1_S24,0,0.037013281136751175
GEN,random,LR,label,2,RBT-18-0360-1_S39,1,0.9408710598945618
GEN,random,LR,label,2,RBT-18-0361-1_S38,0,0.002765548648312688
GEN,random,LR,label,2,RBT-18-0363-1_S72,1,0.9995899796485901
GEN,random,LR,label,2,ResetH1_S1_L001,0,0.0015254383906722069
GEN,random,LR,label,2,ResetH10_S1_L001,1,2.458225765167299e-07
GEN,random,LR,label,2,ResetH129_S7_L001,1,0.4588833451271057
GEN,random,LR,label,2,ResetH134_S8_L001,0,0.9998906850814819
GEN,random,LR,label,2,ResetH75_S2_L001,1,0.9250572919845581
GEN,random,LR,label,2,ResetH93_S5_L001,1,2.985065975735779e-06
GEN,random,LR,label,2,ResetV288_S6_L001,1,0.996890127658844
GEN,random,LR,label,2,ResetV74_S7_L001,0,0.999996542930603
GEN,random,LR,label,2,Survcare125_S25,1,0.027731716632843018
GEN,random,LR,label,2,Survcare134_S26,0,1.2274165783310309e-05
GEN,random,LR,label,2,Survcare140_S4_L001,0,0.0004342517931945622
GEN,random,LR,label,2,Survcare176_S17_L001,1,1.1521511522616379e-10
GEN,random,LR,label,2,Survcare221_S7_L001,0,3.258230924646499e-12
GEN,random,LR,label,2,Survcare278_S62,1,0.9994578957557678
GEN,random,LR,label,2,Survcare313_S24_L001,1,0.019727798178792
GEN,random,LR,label,2,Survcare350_S44,0,0.9344354271888733
GEN,random,LR,label,2,V152_S3_L001,1,5.120884907228174e-07
GEN,random,LR,label,2,V168_S9_L001,1,0.00014298038149718195
GEN,random,LR,label,2,V172_S5_L001,1,4.7445883666341615e-08
GEN,random,LR,label,2,V215_S2_L001,1,4.584819936898077e-15
GEN,random,LR,label,2,V8_S7_L001,0,6.6933926063939e-06
GEN,random,LR,label,2,V80_S7_L001,0,0.006872618105262518
GEN,random,LR,label,2,V89_S1_L001,0,0.5413786768913269
GEN,random,LR,label,2,W2RBK-17-168-1_S33,0,0.0017130343476310372
GEN,random,LR,label,2,wdhRBF-10-0002-1_S10_L001,1,0.84031742811203
GEN,random,LR,label,2,wdhRBF-18-0081-1_S18_L001,0,0.0028393028769642115
GEN,random,LR,label,2,WDHRBG-16-049-1_S87,0,1.0
GEN,random,LR,label,2,WDHRBG-16-060-1_S27,0,0.8028077483177185
GEN,random,LR,label,2,WDHRBG-17-005-2_S61,0,5.975961812509922e-06
GEN,random,LR,label,2,WDHRBG-17-0093-1_S1,0,0.0011652851244434714
GEN,random,LR,label,2,wRBG-17-025-1_S133,0,3.370104968780652e-05
GEN,random,LR,label,2,wRBG-17-030-1_S165,0,7.683846092731983e-07
GEN,random,LR,label,2,wRBG-17-047-1_S153,0,0.00045905509614385664
GEN,random,LR,label,2,wRBG-17-058-1_S130,0,1.6496666432885831e-07
GEN,random,LR,label,2,wRBG-17-072-1_S129,0,3.151820237690117e-06
GEN,random,LR,label,2,wRBG-17-081-1_S117,0,0.002292411867529154
GEN,random,LR,label,2,wRBG-17-110-1_S168,0,4.175643334747292e-05
GEN,random,LR,label,2,wwRBK-17-0298-1_S42,0,0.0036902031861245632
GEN,random,LR,label,2,wwRBL-17-004-1_S44,1,0.4300902783870697
GEN,random,LR,label,3,H162_S4_L001,1,0.9998469352722168
GEN,random,LR,label,3,H164_S3_L001,1,0.9863663911819458
GEN,random,LR,label,3,H3_S1_L001,0,0.999914288520813
GEN,random,LR,label,3,H66_S1_L001,1,0.0010475002927705646
GEN,random,LR,label,3,H83_S7_L001,0,1.5782558230150248e-14
GEN,random,LR,label,3,NNRBG-17-0196-1_S3,0,2.3815960759066e-08
GEN,random,LR,label,3,NNRBG-17-0198-1_S4,0,8.509088988972735e-10
GEN,random,LR,label,3,NNRBG-17-0242-1_S11,0,0.025512738153338432
GEN,random,LR,label,3,NNRBG-17-0287-1_S17,0,0.4034002721309662
GEN,random,LR,label,3,NNRBG-17-0308-1_S20,0,1.3690857485926244e-05
GEN,random,LR,label,3,NNRBG-17-0382-1_S38,0,0.0010750823421403766
GEN,random,LR,label,3,RBB-18-0490-1_S20_L001,0,0.0908258929848671
GEN,random,LR,label,3,RBB-18-0665-1_S23_L001,0,0.0003164224326610565
GEN,random,LR,label,3,RBB-18-0765-1_S191,0,0.9973790645599365
GEN,random,LR,label,3,RBB-19-0014-1_S44,0,1.0
GEN,random,LR,label,3,RBF-10-0240-1_S12_L001,1,1.5032468354547746e-06
GEN,random,LR,label,3,RBF-17-0194-1_S140,0,4.252758571965387e-07
GEN,random,LR,label,3,RBF-17-0438-1_S9,1,0.44534409046173096
GEN,random,LR,label,3,RBF-17-0450-1_S10,0,8.93246809852144e-09
GEN,random,LR,label,3,RBF-17-0520-2_S55,1,5.936722224930691e-10
GEN,random,LR,label,3,RBF-17-0550-1_S84,0,0.9998927116394043
GEN,random,LR,label,3,RBF-17-0632-1_S97,0,2.3086815303940966e-07
GEN,random,LR,label,3,RBF-17-0645-1_S61,0,3.3305420189333815e-14
GEN,random,LR,label,3,RBF-17-186-1_S69,1,0.44534409046173096
GEN,random,LR,label,3,RBF-17-277-1_S73,0,2.162519052717471e-09
GEN,random,LR,label,3,RBF-18-0072-1_S16,0,6.11917769788306e-08
GEN,random,LR,label,3,RBF-18-0075-1_S79,1,0.0013896769378334284
GEN,random,LR,label,3,RBF-18-0127-1_S32,0,1.7815915498431423e-07
GEN,random,LR,label,3,RBF-18-0174-1_S28,1,0.008151007816195488
GEN,random,LR,label,3,RBF-18-0192-1_S44,0,0.012425178661942482
GEN,random,LR,label,3,RBF-18-0196-1_S46,0,0.00029349789838306606
GEN,random,LR,label,3,RBF-18-0199-1_S47,0,0.9906626343727112
GEN,random,LR,label,3,RBF-18-0277-1_S61,0,0.4109242558479309
GEN,random,LR,label,3,RBF-18-0310-1_S36,0,0.9985815286636353
GEN,random,LR,label,3,RBG-17-013-1_S16,1,0.7353500723838806
GEN,random,LR,label,3,RBG-18-0012-1_S3,1,0.005399263929575682
GEN,random,LR,label,3,RBG-18-0076-1_S10,0,0.9949132204055786
GEN,random,LR,label,3,RBG-18-0083-1_S12,0,4.261777576175518e-06
GEN,random,LR,label,3,RBG-18-0140-1_S14_L001,0,0.00018325296696275473
GEN,random,LR,label,3,RBG-18-0170-1_S41,0,5.8833979466044184e-08
GEN,random,LR,label,3,RBG-18-0194-1_S45,0,0.03861843794584274
GEN,random,LR,label,3,RBG-18-0202-1_S13_L001,0,1.0238390579786483e-08
GEN,random,LR,label,3,RBG-18-0224-1_S24_L001,1,0.8922878503799438
GEN,random,LR,label,3,RBG-18-0256-1_S8_L001,0,2.018940792325452e-09
GEN,random,LR,label,3,RBG-18-0279-1_S36,0,0.5661575198173523
GEN,random,LR,label,3,RBG-18-0308-1_S54,0,0.0002839502412825823
GEN,random,LR,label,3,RBG-18-0312-1_S55,0,0.36393049359321594
GEN,random,LR,label,3,RBG-18-0352-1_S21_L001,0,2.7177503625352983e-07
GEN,random,LR,label,3,RBG-18-0394-1_S23_L001,0,1.3547159483096038e-07
GEN,random,LR,label,3,RBG-18-0437-1_S54,0,2.6511466785450466e-05
GEN,random,LR,label,3,RBK-16-124-1_S16,0,0.005526339169591665
GEN,random,LR,label,3,RBK-17-0457-1_S6,1,0.2618790864944458
GEN,random,LR,label,3,RBK-17-0612-1_S27,1,0.5188454985618591
GEN,random,LR,label,3,RBK-18-0022-1_S197,0,2.2359447626740803e-09
GEN,random,LR,label,3,RBK-18-0038-1_S200,0,2.8766955892933765e-06
GEN,random,LR,label,3,RBK-18-0060-1_S22,0,2.290632801305037e-05
GEN,random,LR,label,3,RBK-18-0062-2_S203,0,1.0632152935841077e-09
GEN,random,LR,label,3,RBK-18-0077-1_S212,1,0.5188454985618591
GEN,random,LR,label,3,RBK-18-0414-1_S59,0,0.16430528461933136
GEN,random,LR,label,3,RBL-17-0117-1_S155,0,9.876164313027402e-07
GEN,random,LR,label,3,RBL-17-0138-1_S162,0,7.171082477830382e-11
GEN,random,LR,label,3,RBL-17-0165-1_S167,0,0.09551281481981277
GEN,random,LR,label,3,RBL-17-0172-1_S170,0,6.553297282607673e-08
GEN,random,LR,label,3,RBL-17-0197-1_S173,0,3.854822594462348e-08
GEN,random,LR,label,3,RBL-17-0307-1_S51,1,0.44534409046173096
GEN,random,LR,label,3,RBL-17-0349-1_S105,0,0.9895050525665283
GEN,random,LR,label,3,RBL-17-0359-1_S66,1,0.0046266820281744
GEN,random,LR,label,3,RBL-17-0383-1_S119,0,0.9717654585838318
GEN,random,LR,label,3,RBL-17-0428-1_S70,0,0.9856916069984436
GEN,random,LR,label,3,RBL-17-0429-1_S130,0,8.40777847344043e-09
GEN,random,LR,label,3,RBL-17-0432-1_S132,0,0.6242020726203918
GEN,random,LR,label,3,RBL-17-0434-1_S133,0,1.0
GEN,random,LR,label,3,RBL-18-0059-1_S171,0,0.8797324895858765
GEN,random,LR,label,3,RBL-18-0085-1_S176,0,2.0357340702048532e-07
GEN,random,LR,label,3,RBL-18-0194-1_S195_2,1,0.9162617325782776
GEN,random,LR,label,3,RBL-18-0242-1_S51,0,2.8069513727246864e-11
GEN,random,LR,label,3,RBT-17-0024-1_S23,0,3.465946862846181e-09
GEN,random,LR,label,3,RBT-17-0079-1_S29,0,2.7481519282446243e-05
GEN,random,LR,label,3,RBT-17-0090-1_S32,0,8.497367254278743e-09
GEN,random,LR,label,3,RBT-17-0099-1_S35,0,1.8510960444473312e-06
GEN,random,LR,label,3,RBT-17-0113-1_S42,0,0.999998927116394
GEN,random,LR,label,3,RBT-17-0124-1_S46,0,0.9182343482971191
GEN,random,LR,label,3,RBT-17-0165-1_S60,0,9.402464229424368e-07
GEN,random,LR,label,3,RBT-17-0228-1_S10,0,0.00564828934147954
GEN,random,LR,label,3,RBT-17-0251-1_S62,1,0.0033337383065372705
GEN,random,LR,label,3,RBT-17-0270-1_S65,0,5.982125819009587e-12
GEN,random,LR,label,3,RBT-17-0287-1_S10,0,0.9936531782150269
GEN,random,LR,label,3,RBT-18-0023-1_S14,0,2.8174907746496627e-15
GEN,random,LR,label,3,RBT-18-0079-1_S16,0,4.925626853946596e-06
GEN,random,LR,label,3,RBT-18-0080-1_S49,1,0.9999889135360718
GEN,random,LR,label,3,RBT-18-0096-1_S20,0,0.003752075368538499
GEN,random,LR,label,3,RBT-18-0101-1_S22,0,1.8020413335761987e-05
GEN,random,LR,label,3,RBT-18-0103-1_S24,0,6.483439847215777e-06
GEN,random,LR,label,3,RBT-18-0110-1_S27,0,2.4617915528324374e-07
GEN,random,LR,label,3,RBT-18-0113-1_S44,0,1.761908492881048e-06
GEN,random,LR,label,3,RBT-18-0127-1_S51,0,5.158076632483244e-08
GEN,random,LR,label,3,RBT-18-0129-1_S52,0,3.3774307439671247e-07
GEN,random,LR,label,3,RBT-18-0134-1_S29,0,7.70150563766947e-06
GEN,random,LR,label,3,RBT-18-0146-1_S55,0,3.592331781435837e-14
GEN,random,LR,label,3,RBT-18-0164-1_S34,0,0.08909435570240021
GEN,random,LR,label,3,RBT-18-0185-1_S39,0,8.328903641086072e-05
GEN,random,LR,label,3,RBT-18-0197-1_S40,0,3.1572242042976484e-10
GEN,random,LR,label,3,RBT-18-0231-1_S14,0,8.201758419090766e-07
GEN,random,LR,label,3,RBT-18-0232-1_S47,0,6.0866015701321885e-05
GEN,random,LR,label,3,RBT-18-0234-1_S15,1,0.9564370512962341
GEN,random,LR,label,3,RBT-18-0241-1_S50,0,2.0871964068192028e-07
GEN,random,LR,label,3,RBT-18-0246-1_S52,0,7.888924301369116e-06
GEN,random,LR,label,3,RBT-18-0269-1_S61,0,5.739414064009907e-06
GEN,random,LR,label,3,RBT-18-0283-1_S65,0,2.353678792132996e-05
GEN,random,LR,label,3,RBT-18-0284-1_S66,1,0.996204674243927
GEN,random,LR,label,3,RBT-18-0325-1_S44,0,0.0021827747114002705
GEN,random,LR,label,3,RBT-18-0334-1_S23,0,1.4865370303596137e-06
GEN,random,LR,label,3,RBT-18-0337-1_S46,0,0.007866726256906986
GEN,random,LR,label,3,RBT-18-0340-1_S36,0,5.192697699385462e-06
GEN,random,LR,label,3,RBT-18-0358-1_S28,0,4.266425548848929e-06
GEN,random,LR,label,3,RBT-18-0384-1_S40,0,0.00018280863878317177
GEN,random,LR,label,3,ResetH127_S6_L001,1,0.9466480612754822
GEN,random,LR,label,3,ResetH152_S4_L001,1,0.9597857594490051
GEN,random,LR,label,3,ResetH8_S2_L001,0,2.0458110157051124e-06
GEN,random,LR,label,3,Survcare0111_S29,0,2.7133548741176128e-08
GEN,random,LR,label,3,Survcare133_S25,0,6.000078087708971e-07
GEN,random,LR,label,3,Survcare187_S32,0,0.9210091829299927
GEN,random,LR,label,3,Survcare262_S23_L001,1,0.9790154695510864
GEN,random,LR,label,3,Survcare265_S20,1,0.014724199660122395
GEN,random,LR,label,3,Survcare295_S8_L001,0,0.9982845187187195
GEN,random,LR,label,3,Survcare310_S21_L001,1,0.5755808353424072
GEN,random,LR,label,3,Survcare337_S12,0,2.9533773613366066e-06
GEN,random,LR,label,3,Survcare341_S25,0,0.00017551197379361838
GEN,random,LR,label,3,Survcare360_S84,0,0.9829996228218079
GEN,random,LR,label,3,V108_S2_L001,0,0.9481815695762634
GEN,random,LR,label,3,V116_S6_L001,0,0.9960861206054688
GEN,random,LR,label,3,V130_S5_L001,1,0.27419009804725647
GEN,random,LR,label,3,V163_S6_L001,1,0.9999223947525024
GEN,random,LR,label,3,V173_S6_L001,1,1.1345206729369145e-13
GEN,random,LR,label,3,V268_S12_L001,1,0.9409180283546448
GEN,random,LR,label,3,V271_S13_L001,0,0.009063499979674816
GEN,random,LR,label,3,V282_S4_L001,0,0.002930116606876254
GEN,random,LR,label,3,V41_S2_L001,1,0.9996485710144043
GEN,random,LR,label,3,V9_S1_L001,1,0.9996285438537598
GEN,random,LR,label,3,V98_S3_L001,1,0.9998538494110107
GEN,random,LR,label,3,W2RBF-17-090-1_S26,0,6.786859103158349e-06
GEN,random,LR,label,3,W2RBF-17-133-1_S28,0,0.725010335445404
GEN,random,LR,label,3,wdh-RBF-17-0572-1_S43,0,0.006381855811923742
GEN,random,LR,label,3,wdh-RBL-17-0361-1_S44,0,0.00025364369503222406
GEN,random,LR,label,3,wdh-Survcare119_S44,0,0.00026561267441138625
GEN,random,LR,label,3,wdh2NRZ-29911a_S31,1,1.0050545142803458e-06
GEN,random,LR,label,3,wdhRBF-18-0059-1_S15_L001,0,0.002202399540692568
GEN,random,LR,label,3,wdhRBF-18-0080-1_S17_L001,0,0.005497936625033617
GEN,random,LR,label,3,WDHRBG-17-008-1_S83,0,0.9918546676635742
GEN,random,LR,label,3,WDHRBG-17-122-1_S48,0,0.9984342455863953
GEN,random,LR,label,3,wNRZ-32446_S79,1,0.0013414295390248299
GEN,random,LR,label,3,wRBG-16-034-1_S164,0,8.035475184442475e-05
GEN,random,LR,label,3,wRBG-17-022-1_S43,0,0.9999988079071045
GEN,random,LR,label,3,wRBG-17-031-1_S154,0,4.763725525158691e-10
GEN,random,LR,label,3,wRBG-17-052-1_S120,0,0.7587191462516785
GEN,random,LR,label,3,wRBG-17-055-1_S163,0,0.9608179926872253
GEN,random,LR,label,3,wRBG-17-057-1_S141,0,2.9953642410873726e-07
GEN,random,LR,label,3,wRBG-17-102-1_S169,0,0.9999866485595703
GEN,random,LR,label,3,wwRBB-17-031-1_S25,0,0.667730987071991
GEN,random,LR,label,3,wwRBF-17-189-1_S32,1,0.579575777053833
GEN,random,LR,label,3,wwRBF-17-209-1_S34,1,0.0030915080569684505
GEN,random,LR,label,3,wwRBL-16-111-1_S16,0,1.0
GEN,random,LR,label,4,H105_S3_L001,0,0.2479875087738037
GEN,random,LR,label,4,H119_S7_L001,1,0.9993910789489746
GEN,random,LR,label,4,H123_S1_L001,1,0.9990941286087036
GEN,random,LR,label,4,H136_S7_L001,0,0.9972424507141113
GEN,random,LR,label,4,H176_S5_L001,0,1.9472718122415245e-06
GEN,random,LR,label,4,H69_S6_L001,0,0.9592812061309814
GEN,random,LR,label,4,NNRBG-17-0234-1_S9,0,1.0482782272447366e-05
GEN,random,LR,label,4,NNRBG-17-0243-1_S12,0,0.0039004008285701275
GEN,random,LR,label,4,NNRBG-17-0249-1_S13,0,0.005931940861046314
GEN,random,LR,label,4,NNRBG-17-0346-1_S30,0,0.9931814074516296
GEN,random,LR,label,4,RBB-18-0674-1_S189,1,0.9998010993003845
GEN,random,LR,label,4,RBB-18-0826-1_S193,0,0.007353771943598986
GEN,random,LR,label,4,RBB-18-1212-1_S67_2,0,0.8092329502105713
GEN,random,LR,label,4,RBB-18-1406-1_S49,0,0.0017374486196786165
GEN,random,LR,label,4,RBB-18-1502-1_S47,1,0.9999953508377075
GEN,random,LR,label,4,RBF-16-004-1_S18,0,0.00014385230315383524
GEN,random,LR,label,4,RBF-16-060-1_S22,0,0.7447239756584167
GEN,random,LR,label,4,RBF-16-073-1_S23,0,0.0022229235619306564
GEN,random,LR,label,4,RBF-17-0509-1_S74,0,1.4986654605309013e-05
GEN,random,LR,label,4,RBF-17-0521-1_S78,0,0.692355215549469
GEN,random,LR,label,4,RBF-17-0532-2_S31,0,0.08511890470981598
GEN,random,LR,label,4,RBF-17-0537-1_S56,1,0.5120695233345032
GEN,random,LR,label,4,RBF-17-0540-1_S83,0,0.0005041249096393585
GEN,random,LR,label,4,RBF-17-0553-1_S85,0,0.9919988512992859
GEN,random,LR,label,4,RBF-17-0589-1_S92,0,2.7066644179285504e-05
GEN,random,LR,label,4,RBF-17-0605-1_S94,0,0.011652467772364616
GEN,random,LR,label,4,RBF-17-0630-1_S59,0,4.808952098755981e-07
GEN,random,LR,label,4,RBF-17-0635-1_S98,1,2.7716511752373663e-08
GEN,random,LR,label,4,RBF-17-0653-1_S101,0,7.270349300370071e-08
GEN,random,LR,label,4,RBF-17-094-1_S56,1,0.3582862615585327
GEN,random,LR,label,4,RBF-17-266-1_S70,1,0.9904549717903137
GEN,random,LR,label,4,RBF-18-0064-2_S14,0,4.688299526378614e-09
GEN,random,LR,label,4,RBF-18-0068-1_S77,0,0.012811175547540188
GEN,random,LR,label,4,RBF-18-0069-1_S78,1,0.9226906895637512
GEN,random,LR,label,4,RBF-18-0099-1_S26,0,3.45916441801819e-06
GEN,random,LR,label,4,RBF-18-0125-1_S30,0,2.718162477322039e-06
GEN,random,LR,label,4,RBF-18-0163-2_S39,0,3.815817763097584e-06
GEN,random,LR,label,4,RBF-18-0172-1_S40,1,0.9999998807907104
GEN,random,LR,label,4,RBF-18-0184-1_S30,0,0.13564233481884003
GEN,random,LR,label,4,RBF-18-0214-1_S51,0,3.0188707569323014e-06
GEN,random,LR,label,4,RBF-18-0251-1_S55,0,0.081703782081604
GEN,random,LR,label,4,RBG-18-0025-1_S9_L001,0,0.0003232660237699747
GEN,random,LR,label,4,RBG-18-0055-1_S43,0,6.129048223807443e-12
GEN,random,LR,label,4,RBG-18-0085-1_S11,1,2.7956504709436558e-05
GEN,random,LR,label,4,RBG-18-0191-1_S11_L001,0,0.0003262497193645686
GEN,random,LR,label,4,RBG-18-0209-2_S46,0,0.0009638195624575019
GEN,random,LR,label,4,RBG-18-0211-1_S35,0,0.9531978368759155
GEN,random,LR,label,4,RBG-18-0265-1_S49,0,3.3025594348146114e-06
GEN,random,LR,label,4,RBG-18-0355-1_S19_L001,0,1.3361692253965884e-05
GEN,random,LR,label,4,RBG-18-0380-1_S48,0,0.6458654999732971
GEN,random,LR,label,4,RBG-18-0381-1_S49,0,4.11576074839104e-05
GEN,random,LR,label,4,RBG-18-0383-1_S37,1,0.9314560890197754
GEN,random,LR,label,4,RBK-18-0019-1_S195,0,0.0005943932919763029
GEN,random,LR,label,4,RBK-18-0020-1_S19,0,0.9960015416145325
GEN,random,LR,label,4,RBk-18-0216-1_S231_2,0,1.2255168257979676e-07
GEN,random,LR,label,4,RBL-17-0076-1_S32,0,1.8268847545854783e-10
GEN,random,LR,label,4,RBL-17-0101-1_S148,0,2.868454066629056e-05
GEN,random,LR,label,4,RBL-17-0104-1_S149,0,0.10050087422132492
GEN,random,LR,label,4,RBL-17-0123-1_S157,0,2.0730821573278213e-11
GEN,random,LR,label,4,RBL-17-0133-1_S159,0,0.00023070856695994735
GEN,random,LR,label,4,RBL-17-0135-1_S160,0,7.493285374948755e-05
GEN,random,LR,label,4,RBL-17-0136-1_S161,0,0.00011460090172477067
GEN,random,LR,label,4,RBL-17-0199-1_S174,0,0.4839765727519989
GEN,random,LR,label,4,RBL-17-0205-1_S175,0,4.27930717705749e-05
GEN,random,LR,label,4,RBL-17-0242-1_S42,1,0.7810274362564087
GEN,random,LR,label,4,RBL-17-0306-1_S50,1,0.021856853738427162
GEN,random,LR,label,4,RBL-17-0324-1_S54,0,3.472868881360114e-09
GEN,random,LR,label,4,RBL-17-0332-1_S118,0,2.9127961624908494e-06
GEN,random,LR,label,4,RBL-17-0360-1_S108,0,7.897829390262831e-14
GEN,random,LR,label,4,RBL-17-0375-1_S117,0,0.8875192403793335
GEN,random,LR,label,4,RBL-17-0390-1_S121,0,1.9825964159281284e-07
GEN,random,LR,label,4,RBL-17-0395-1_S124,0,0.009759938344359398
GEN,random,LR,label,4,RBL-17-0397-1_S125,0,0.004358322359621525
GEN,random,LR,label,4,RBL-17-0411-1_S128,0,4.6165274625309394e-07
GEN,random,LR,label,4,RBL-18-0002-1_S158,0,6.853699829889592e-09
GEN,random,LR,label,4,RBL-18-0037-1_S168,0,3.4901470371551113e-06
GEN,random,LR,label,4,RBL-18-0055-1_S170,0,0.0003416464605834335
GEN,random,LR,label,4,RBL-18-0076-1_S47,0,0.3452691435813904
GEN,random,LR,label,4,RBL-18-0090-1_S48,0,0.7759532332420349
GEN,random,LR,label,4,RBL-18-0093-1_S49,0,0.17926529049873352
GEN,random,LR,label,4,RBL-18-0500-1_S230_2,0,0.5362754464149475
GEN,random,LR,label,4,RBT-17-0033-1_S12,1,0.011690502986311913
GEN,random,LR,label,4,RBT-17-0082-1_S30,0,0.005116626620292664
GEN,random,LR,label,4,RBT-17-0100-1_S36,0,0.9374448657035828
GEN,random,LR,label,4,RBT-17-0109-1_S40,0,1.2335643987171352e-05
GEN,random,LR,label,4,RBT-17-0149-1_S13,0,0.9236566424369812
GEN,random,LR,label,4,RBT-17-0161-1_S57,0,1.5978675094174832e-07
GEN,random,LR,label,4,RBT-17-0163-1_S59,0,0.003040828974917531
GEN,random,LR,label,4,RBT-17-0168-1_S61,0,5.068526661489159e-06
GEN,random,LR,label,4,RBT-17-0177-2_S7,0,2.0389762767081265e-08
GEN,random,LR,label,4,RBT-17-0183-1_S67,0,5.283688597756964e-09
GEN,random,LR,label,4,RBT-17-0194-1_S30,0,9.622770358319599e-10
GEN,random,LR,label,4,RBT-17-0225-1_S9,0,2.433479195929067e-08
GEN,random,LR,label,4,RBT-17-0239-1_S60,0,9.964223863789812e-06
GEN,random,LR,label,4,RBT-17-0243-1_S11,0,6.87733045197092e-05
GEN,random,LR,label,4,RBT-17-0328-1_S16,0,0.7692121863365173
GEN,random,LR,label,4,RBT-18-0021-1_S56,1,0.6458654999732971
GEN,random,LR,label,4,RBT-18-0050-1_S34,0,0.0015045739710330963
GEN,random,LR,label,4,RBT-18-0053-1_S36,1,0.3104437291622162
GEN,random,LR,label,4,RBT-18-0091-1_S42,0,0.0031998588237911463
GEN,random,LR,label,4,RBT-18-0095-1_S19,0,0.5603715181350708
GEN,random,LR,label,4,RBT-18-0100-1_S21,0,0.06634468585252762
GEN,random,LR,label,4,RBT-18-0125-1_S50,0,2.9953462217235938e-06
GEN,random,LR,label,4,RBT-18-0133-1_S30,0,0.437832236289978
GEN,random,LR,label,4,RBT-18-0173-1_S35,0,2.587670702713929e-11
GEN,random,LR,label,4,RBT-18-0227-1_S46,1,0.8757547736167908
GEN,random,LR,label,4,RBT-18-0292-1_S70,0,0.2724277675151825
GEN,random,LR,label,4,RBT-18-0331-1_S22,0,0.00017624179599806666
GEN,random,LR,label,4,RBT-18-0335-1_S41,1,0.0030685137026011944
GEN,random,LR,label,4,RBT-18-0339-1_S47,0,2.8628882597914185e-10
GEN,random,LR,label,4,RBT-18-0357-1_S27,0,2.714106130952132e-07
GEN,random,LR,label,4,RBT-18-0364-1_S29,0,0.9760230779647827
GEN,random,LR,label,4,RBT-18-0370-1_S33,0,0.7906240820884705
GEN,random,LR,label,4,RBT-18-0372-1_S31,0,0.9991958737373352
GEN,random,LR,label,4,ResetH89_S3_L001,0,1.236680191141204e-06
GEN,random,LR,label,4,ResetH92_S4_L001,0,0.8724278807640076
GEN,random,LR,label,4,ResetH99_S5_L001,0,0.0055305021815001965
GEN,random,LR,label,4,ResetV63_S5_L001,0,1.385480730142774e-09
GEN,random,LR,label,4,ResetV76_S7_L001,0,1.856838571256958e-05
GEN,random,LR,label,4,Survcare0114_S37,0,0.9122931957244873
GEN,random,LR,label,4,Survcare058_S26,0,3.1605606636730954e-05
GEN,random,LR,label,4,Survcare104_S16_L001,1,7.658943479427194e-10
GEN,random,LR,label,4,Survcare129_S1,0,4.62144732205072e-12
GEN,random,LR,label,4,Survcare230_S17_L001,1,0.0003283174883108586
GEN,random,LR,label,4,Survcare234_S3_L001,0,0.6046807169914246
GEN,random,LR,label,4,Survcare254_S36,0,0.9999562501907349
GEN,random,LR,label,4,Survcare291_S38,1,0.9997318387031555
GEN,random,LR,label,4,Survcare303_S15_L001,0,7.568431465188041e-05
GEN,random,LR,label,4,Survcare309_S20_L001,1,0.9999998807907104
GEN,random,LR,label,4,Survcare329_S3,0,0.8511489033699036
GEN,random,LR,label,4,Survcare335_S11,1,0.00152934854850173
GEN,random,LR,label,4,V111_S3_L001,0,0.6308936476707458
GEN,random,LR,label,4,V139_S7_L001,0,0.9505191445350647
GEN,random,LR,label,4,V158_S4_L001,0,0.9963636994361877
GEN,random,LR,label,4,V183_S7_L001,1,7.660604023840278e-05
GEN,random,LR,label,4,V195_S1_L001,1,3.4026740536319267e-07
GEN,random,LR,label,4,V283_S5_L001,1,0.06059733405709267
GEN,random,LR,label,4,V291_S5_L001,1,0.8440155982971191
GEN,random,LR,label,4,V40_S2_L001,1,0.9999300241470337
GEN,random,LR,label,4,V86_S1_L001,1,0.9999949932098389
GEN,random,LR,label,4,w2RBG-16-037-1_S34,0,0.00324887759052217
GEN,random,LR,label,4,W2RBL-16-018-1_S15,1,0.9940860271453857
GEN,random,LR,label,4,wdh-RBB-17-170-1_S16,0,0.9866622090339661
GEN,random,LR,label,4,wdhRBF-17-0564-1_S230,0,0.030961446464061737
GEN,random,LR,label,4,wdhRBF-17-0567-1_S122,0,0.7160645723342896
GEN,random,LR,label,4,wdhRBF-18-0057_S14_L001,0,0.004454224836081266
GEN,random,LR,label,4,WDHRBG-16-050-1_S40,0,0.9999994039535522
GEN,random,LR,label,4,WDHRBG-17-121-1_S46,0,1.2183964770429156e-07
GEN,random,LR,label,4,wdhRBL-17-0370-1_S232,0,0.7228087186813354
GEN,random,LR,label,4,wRBG-16-024-1_S152,0,0.8786979913711548
GEN,random,LR,label,4,wRBG-16-027-1_S174,0,2.7870196390722413e-06
GEN,random,LR,label,4,wRBG-16-032-1_S142,0,0.0017095893854275346
GEN,random,LR,label,4,wRBG-17-014-1_S167,0,0.9957037568092346
GEN,random,LR,label,4,wRBG-17-023-1_S155,0,4.855705732111212e-15
GEN,random,LR,label,4,wRBG-17-082-1_S106,1,0.05017631873488426
GEN,random,LR,label,4,wRBG-17-106-1_S125,1,0.005205267574638128
GEN,random,LR,label,4,wwRBB-16-112-1_S1,1,0.708152174949646
GEN,random,LR,label,4,wwRBF-17-148-1_S27,0,9.231268336407084e-07
GEN,random,LR,label,4,wwRBK-17-0148-1_S37,1,0.9909517765045166
GEN,random,LR,label,4,wwRBK-17-0148-2_S38,1,0.6395994424819946
GEN,random,LR,label,4,wwRBK-17-075-1_S28,1,0.9874624609947205
GEN,random,SVM,label,0,H100_S2_L001,0,0.1139374392270507
GEN,random,SVM,label,0,H108_S5_L001,0,0.2661714428955308
GEN,random,SVM,label,0,H113_S6_L001,0,0.08374629141930087
GEN,random,SVM,label,0,H116_S8_L001,1,0.674627744302082
GEN,random,SVM,label,0,H160_S3_L001,1,0.7293381995761415
GEN,random,SVM,label,0,H50_S7_L001,1,0.2174428346223254
GEN,random,SVM,label,0,H51_S5_L001,0,0.7295394854596641
GEN,random,SVM,label,0,H71_S1_L001,1,0.9163781875060288
GEN,random,SVM,label,0,H86_S1_L001,1,0.7525593561750095
GEN,random,SVM,label,0,NNRBG-17-0191-1_S1,1,0.39408299155304727
GEN,random,SVM,label,0,NNRBG-17-0199-1_S5,0,0.027218623328294892
GEN,random,SVM,label,0,NNRBG-17-0205-1_S7,0,0.12043952125574531
GEN,random,SVM,label,0,NNRBG-17-0255-1_S14,0,0.11248698615110223
GEN,random,SVM,label,0,NNRBG-17-0294-1_S18,0,0.7889585747615443
GEN,random,SVM,label,0,NNRBG-17-0298-1_S19,0,0.16181204345977812
GEN,random,SVM,label,0,NNRBG-17-0399-1_S40,0,0.5989910711011966
GEN,random,SVM,label,0,RBB-17-171-1_S52,0,0.017660760815568135
GEN,random,SVM,label,0,RBB-18-0537-1_S21_L001,0,0.8579741807642345
GEN,random,SVM,label,0,RBB-18-0668-1_S188,1,0.12346136902935914
GEN,random,SVM,label,0,RBB-18-1086-1_S189_2,0,0.11248713920016576
GEN,random,SVM,label,0,RBB-18-1309-1_S42,1,0.3626797029392943
GEN,random,SVM,label,0,RBF-16-0064-1_S136,0,0.06417690651390832
GEN,random,SVM,label,0,RBF-17-0178-1_S139,0,0.1353047385878302
GEN,random,SVM,label,0,RBF-17-0467-1_S12,0,0.679935244724743
GEN,random,SVM,label,0,RBF-17-0513-1_S76,0,0.1520336094971116
GEN,random,SVM,label,0,RBF-17-0523-1_S30,0,0.011063050775371253
GEN,random,SVM,label,0,RBF-17-0538-1_S82,0,0.6962449646872986
GEN,random,SVM,label,0,RBF-17-0572-2_S89,0,0.007398522854912309
GEN,random,SVM,label,0,RBF-17-0587-1_S91,0,0.1691201176220155
GEN,random,SVM,label,0,RBF-17-0648-1_S100,0,0.7124586176445723
GEN,random,SVM,label,0,RBF-17-318-1_S77,1,0.07489802589402307
GEN,random,SVM,label,0,RBF-18-0013-1_S25_L001,0,0.0895537223498974
GEN,random,SVM,label,0,RBF-18-0036-1_S7,0,0.015292381772982349
GEN,random,SVM,label,0,RBF-18-0088-1_S24,1,0.08911512945796932
GEN,random,SVM,label,0,RBF-18-0132-1_S26,0,0.00918952932451704
GEN,random,SVM,label,0,RBF-18-0139-1_S35,0,0.20562399190444683
GEN,random,SVM,label,0,RBF-18-0147-1_S36,0,0.878637467168105
GEN,random,SVM,label,0,RBF-18-0217-1_S54,0,0.07874071489723397
GEN,random,SVM,label,0,RBF-18-0227-1_S53,0,0.10595453342367744
GEN,random,SVM,label,0,RBF-18-0252-1_S56,0,0.005213792788439568
GEN,random,SVM,label,0,RBF-18-0253-1_S13_L001,0,0.98613244803038
GEN,random,SVM,label,0,RBF-18-0294-1_S64,0,0.014061491102686894
GEN,random,SVM,label,0,RBF-18-0321-1_S69,0,0.07248280512035117
GEN,random,SVM,label,0,RBF-18-0333-1_S70,0,0.001462382130882374
GEN,random,SVM,label,0,RBG-17-0383-1_S44,0,0.016395652317980736
GEN,random,SVM,label,0,RBG-18-0041-1_S6,0,0.109627169029644
GEN,random,SVM,label,0,RBG-18-0113-1_S13_L001,0,0.10399661653179085
GEN,random,SVM,label,0,RBG-18-0129-1_S15_L001,0,0.8826111938823057
GEN,random,SVM,label,0,RBG-18-0144-1_S38,0,0.0004970921437958236
GEN,random,SVM,label,0,RBG-18-0153-1_S14,0,0.8825340498293387
GEN,random,SVM,label,0,RBG-18-0185-1_S40,0,0.15320562701157625
GEN,random,SVM,label,0,RBG-18-0193-1_S8,0,0.031750835556930486
GEN,random,SVM,label,0,RBG-18-0204-1_S23_L001,0,0.26316533411747745
GEN,random,SVM,label,0,RBG-18-0206-2_S46,0,0.731423338643623
GEN,random,SVM,label,0,RBG-18-0276-1_S50,0,0.1928930721270065
GEN,random,SVM,label,0,RBG-18-0280-1_S51,0,0.0008455144501087461
GEN,random,SVM,label,0,RBG-18-0289-1_S37,1,0.013292351190646914
GEN,random,SVM,label,0,RBG-18-0300-1_S52,0,0.10379735743453161
GEN,random,SVM,label,0,RBG-18-0347-1_S22_L001,0,0.9198481709688894
GEN,random,SVM,label,0,RBG-18-0421-1_S53,1,0.79492808718581
GEN,random,SVM,label,0,RBK-16-073-1_S14,0,0.09657617098033966
GEN,random,SVM,label,0,RBK-17-049-1_S62,0,0.20417769355067145
GEN,random,SVM,label,0,RBK-17-0588-1_S24,0,0.7581493782503395
GEN,random,SVM,label,0,RBK-17-0601-1_S25,0,0.7310972518490524
GEN,random,SVM,label,0,RBK-18-0047-1_S20,0,0.1195127101310952
GEN,random,SVM,label,0,RBK-18-0236-2_S52_2,0,0.421894130950657
GEN,random,SVM,label,0,RBL-17-0095-1_S147,0,0.0005222136877985504
GEN,random,SVM,label,0,RBL-17-0129-1_S158,0,0.025891464812011253
GEN,random,SVM,label,0,RBL-17-0155-1_S165,0,0.009784900965248327
GEN,random,SVM,label,0,RBL-17-0189-1_S172,0,0.003333769249540072
GEN,random,SVM,label,0,RBL-17-0261-1_S100,0,0.00011986080604984145
GEN,random,SVM,label,0,RBL-17-0264-1_S103,0,0.7833621184017167
GEN,random,SVM,label,0,RBL-17-0283-1_S27,0,0.2846598509769672
GEN,random,SVM,label,0,RBL-17-0342-1_S103,0,0.2889470763128201
GEN,random,SVM,label,0,RBL-17-0368-1_S114,0,0.14584550977729313
GEN,random,SVM,label,0,RBL-17-0374-1_S116,0,0.6120316243180367
GEN,random,SVM,label,0,RBL-17-0391-1_S122,0,0.03501139248760252
GEN,random,SVM,label,0,RBL-17-0393-1_S123,0,0.19157250002653356
GEN,random,SVM,label,0,RBL-17-0402-1_S126,0,0.175394812820076
GEN,random,SVM,label,0,RBL-17-060-1_S17,0,0.8313532051649252
GEN,random,SVM,label,0,RBL-17-075-1_S18,1,0.09316199063762005
GEN,random,SVM,label,0,RBL-18-0016-1_S161,0,0.04539685415992616
GEN,random,SVM,label,0,RBL-18-0021-1_S42,0,0.7933817788579015
GEN,random,SVM,label,0,RBL-18-0098-1_S178,0,0.7340625070870836
GEN,random,SVM,label,0,RBL-18-0131-1_S188_2,1,0.008629485306768755
GEN,random,SVM,label,0,RBT-16-0024-1_S10,1,0.13309402207555446
GEN,random,SVM,label,0,RBT-17-0023-1_S25,0,0.914407453385455
GEN,random,SVM,label,0,RBT-17-0027-1_S3,0,0.018984008601220098
GEN,random,SVM,label,0,RBT-17-0084-1_S31,0,0.005495013921403579
GEN,random,SVM,label,0,RBT-17-0118-1_S45,0,0.6959838444557663
GEN,random,SVM,label,0,RBT-17-0130-1_S27,0,0.5291917749407022
GEN,random,SVM,label,0,RBT-17-0150-1_S54,0,0.09951069497060952
GEN,random,SVM,label,0,RBT-17-0156-1_S56,0,0.816820974774069
GEN,random,SVM,label,0,RBT-17-0188-1_S68,0,0.010834314510830258
GEN,random,SVM,label,0,RBT-17-0291-1_S14,1,0.616469202966675
GEN,random,SVM,label,0,RBT-17-0295-1_S15,0,0.05233610118388211
GEN,random,SVM,label,0,RBT-17-0337-1_S19,0,0.0525681427397565
GEN,random,SVM,label,0,RBT-18-0027-1_S68,0,0.10872850731172712
GEN,random,SVM,label,0,RBT-18-0052-1_S35,0,0.06705490133770624
GEN,random,SVM,label,0,RBT-18-0057-1_S38,1,0.03353264032380474
GEN,random,SVM,label,0,RBT-18-0120-1_S48,0,0.03887550746993253
GEN,random,SVM,label,0,RBT-18-0141-1_S32,0,0.1096771396483405
GEN,random,SVM,label,0,RBT-18-0184-1_S38,1,0.588975163759208
GEN,random,SVM,label,0,RBT-18-0224-1_S43,0,0.019299438385757862
GEN,random,SVM,label,0,RBT-18-0296-1_S72,1,0.45962782690676995
GEN,random,SVM,label,0,RBT-18-0316-1_S43,0,0.19477101151335355
GEN,random,SVM,label,0,RBT-18-0317-1_S27,0,0.11045295945767175
GEN,random,SVM,label,0,RBT-18-0324-1_S57,1,0.9920916553199476
GEN,random,SVM,label,0,RBT-18-0365-1_S30,0,0.456745206881166
GEN,random,SVM,label,0,RBT-18-0368-1_S32,0,0.04730786652620417
GEN,random,SVM,label,0,RBT-18-0385-1_S34,0,0.03011517700318559
GEN,random,SVM,label,0,RBT-18-0391-1_S35,0,0.471214558096508
GEN,random,SVM,label,0,RBT-18-0401-1_S43,0,0.28058527330011246
GEN,random,SVM,label,0,ResetH115_S6_L001,0,0.9765100578639925
GEN,random,SVM,label,0,ResetH16_S2_L001,0,0.874086205312314
GEN,random,SVM,label,0,ResetH24a_S3_2_L001,1,0.8263077776730915
GEN,random,SVM,label,0,ResetH30_S4_L001,0,0.556360516663509
GEN,random,SVM,label,0,ResetH45_S5_L001,0,0.389275365425274
GEN,random,SVM,label,0,ResetV105_S1_L001,0,0.3469301966068161
GEN,random,SVM,label,0,ResetV161_S3_L001,0,0.023331144057525233
GEN,random,SVM,label,0,ResetV210_S4_L001,1,0.08161849491689653
GEN,random,SVM,label,0,ResetV70_S6_L001,1,0.258462280663493
GEN,random,SVM,label,0,Survcare052_S22,0,0.2049747102081366
GEN,random,SVM,label,0,Survcare184_S19,1,0.20217983894523353
GEN,random,SVM,label,0,Survcare236_S5_L001,1,0.628513234469737
GEN,random,SVM,label,0,Survcare253_S35,0,0.09571170782029714
GEN,random,SVM,label,0,Survcare275_S38,1,0.24230911509354927
GEN,random,SVM,label,0,Survcare289_S36,1,0.7742603647694483
GEN,random,SVM,label,0,Survcare292_S39,0,0.013897481506221505
GEN,random,SVM,label,0,Survcare293_S40,1,0.7090592260964163
GEN,random,SVM,label,0,Survcare317_S5_L001,0,0.011523613327365354
GEN,random,SVM,label,0,Survcare318_S20_L001,0,0.05978209654995821
GEN,random,SVM,label,0,Survcare327_S1,0,0.6590947538032425
GEN,random,SVM,label,0,V1_S6_L001,1,0.8615956818732496
GEN,random,SVM,label,0,V114_S5_L001,0,0.9286100126357376
GEN,random,SVM,label,0,V153_S4_L001,1,0.8313640003728483
GEN,random,SVM,label,0,V177_S6_L001,0,0.036974731843969856
GEN,random,SVM,label,0,V182_S6_L001,1,0.40791760955459483
GEN,random,SVM,label,0,V201_S4_L001,0,0.9435079591670884
GEN,random,SVM,label,0,V228_S8_L001,1,0.7435054259302925
GEN,random,SVM,label,0,V232_S3_L001,0,0.0747826917434052
GEN,random,SVM,label,0,V238_S11_L001,1,0.15516144170163193
GEN,random,SVM,label,0,V279_S8_L001,1,0.807338556963213
GEN,random,SVM,label,0,V292_S6_L001,1,0.948888437915457
GEN,random,SVM,label,0,V71_S4_L001,1,0.7330797893150096
GEN,random,SVM,label,0,V79_S6_L001,0,0.6907431586624971
GEN,random,SVM,label,0,V96_S2_L001,1,0.9367146849322341
GEN,random,SVM,label,0,wdh-RBL-17-0431-1_S46,0,0.5480692694522274
GEN,random,SVM,label,0,wdhRBF-17-0558-1_S121,0,0.007632170741859452
GEN,random,SVM,label,0,wdhRBF-18-0025-1_S11_L001,0,0.20982453463238715
GEN,random,SVM,label,0,wdhRBF-18-0049-1_S13_L001,0,1.4240787813849405e-05
GEN,random,SVM,label,0,wdhRBF-18-0098-1_S19_L001,0,0.00025119418035641594
GEN,random,SVM,label,0,WDHRBG-17-001-1_S82,0,0.33330590226303475
GEN,random,SVM,label,0,wRBG-17-021-1_S166,0,0.4688469592097737
GEN,random,SVM,label,0,wRBG-17-028-1_S100,0,0.00028137604505918534
GEN,random,SVM,label,0,wRBG-17-075-1_S96,0,0.7635093491952136
GEN,random,SVM,label,0,wRBG-17-100-1_S104,0,0.8775798010915429
GEN,random,SVM,label,0,wwRBF-16-094-1_S13,0,0.03632967173636031
GEN,random,SVM,label,0,wwRBF-17-251-1_S33,0,0.3131446511114742
GEN,random,SVM,label,0,wwRBK-16-023-1_S5,0,0.8541116560129342
GEN,random,SVM,label,0,wwRBK-17-0278-1_S41,0,0.059780945920171295
GEN,random,SVM,label,0,WWSurvcare043_S43,0,0.016125611992971155
GEN,random,SVM,label,1,H122_S4_L001,1,0.6985222043296216
GEN,random,SVM,label,1,H148_S4_L001,1,0.28507524433763315
GEN,random,SVM,label,1,H37_S3_L001,0,0.11632764940710366
GEN,random,SVM,label,1,H38_S4_L001,0,0.8776690961994444
GEN,random,SVM,label,1,H53_S4_L001,0,0.7091650285651812
GEN,random,SVM,label,1,NNRBG-17-0193-1_S2,0,0.005220084373115636
GEN,random,SVM,label,1,NNRBG-17-0201-1_S6,0,0.0030957594322756714
GEN,random,SVM,label,1,NNRBG-17-0227-1_S8,0,0.025278764874661606
GEN,random,SVM,label,1,NNRBG-17-0239-1_S10,0,0.06280255838824467
GEN,random,SVM,label,1,NNRBG-17-0278-1_S16,0,0.22966785469569972
GEN,random,SVM,label,1,NNRBG-17-0316-1_S23,0,0.2791939408406608
GEN,random,SVM,label,1,NNRBG-17-0328-1_S25,0,0.1556865015947636
GEN,random,SVM,label,1,NNRBG-17-0329-1_S26,0,0.1512002370540717
GEN,random,SVM,label,1,NNRBG-17-0378-1_S37,1,0.6694882069152107
GEN,random,SVM,label,1,RBB-18-0129-1_S179,0,0.10683830042094973
GEN,random,SVM,label,1,RBB-18-0546-1_S22_L001,0,0.4622287089599312
GEN,random,SVM,label,1,RBB-18-1312-1_S43,0,0.3267559744124542
GEN,random,SVM,label,1,RBB-18-1488-1_S46,0,0.01905244045670247
GEN,random,SVM,label,1,RBF-17-0164-1_S137,0,0.020962156581237984
GEN,random,SVM,label,1,RBF-17-0173-1_S138,0,0.1506509565491557
GEN,random,SVM,label,1,RBF-17-0508-1_S73,0,0.35936175151860217
GEN,random,SVM,label,1,RBF-17-0532-1_S80,0,0.9047800145189864
GEN,random,SVM,label,1,RBF-17-0602-1_S93,0,0.08730754507500073
GEN,random,SVM,label,1,RBF-17-0647-1_S99,0,0.3529808978839149
GEN,random,SVM,label,1,RBF-17-0664-1_S63,0,0.2625134599307869
GEN,random,SVM,label,1,RBF-17-067-1_S54,1,0.5740115602504804
GEN,random,SVM,label,1,RBF-17-170-1_S66,1,0.5877960531609931
GEN,random,SVM,label,1,RBF-18-0019-1_S2,1,0.6653692168107505
GEN,random,SVM,label,1,RBF-18-0027-1_S5,1,0.001795429470666427
GEN,random,SVM,label,1,RBF-18-0086-1_S22,0,0.013857038103298363
GEN,random,SVM,label,1,RBF-18-0121-1_S28,1,0.2951539650388845
GEN,random,SVM,label,1,RBF-18-0123-1_S25_L001,0,0.00019285362744697677
GEN,random,SVM,label,1,RBF-18-0151-1_S83,0,0.5043274714775655
GEN,random,SVM,label,1,RBF-18-0160-1_S37,0,0.6856863472725967
GEN,random,SVM,label,1,RBF-18-0179-1_S29,0,0.27290763254839506
GEN,random,SVM,label,1,RBF-18-0187-1_S31,0,0.8373795994841716
GEN,random,SVM,label,1,RBF-18-0259-1_S33,0,0.21333076829609424
GEN,random,SVM,label,1,RBF-18-0280-1_S62,0,0.4262968459942899
GEN,random,SVM,label,1,RBF-18-0585-1_S48,0,0.2922117916909698
GEN,random,SVM,label,1,RBF-18-0714-2_S204_2,0,0.2617410338050102
GEN,random,SVM,label,1,RBG-17-0269-1_S41,0,0.8808695194844424
GEN,random,SVM,label,1,RBG-17-0284-1_S59,0,0.7462125144693599
GEN,random,SVM,label,1,RBg-17-123-2_S12,0,0.22077068268458852
GEN,random,SVM,label,1,RBG-18-0004-1_S1,0,0.7310890726189682
GEN,random,SVM,label,1,RBG-18-0023-1_S2,1,0.08983376574314852
GEN,random,SVM,label,1,RBG-18-0054-1_S42,0,0.15759057414418426
GEN,random,SVM,label,1,RBG-18-0071-1_S44,0,0.004663206106461265
GEN,random,SVM,label,1,RBG-18-0077-1_S9,1,0.9136871161837015
GEN,random,SVM,label,1,RBG-18-0099-1_S14,0,0.7310890726189682
GEN,random,SVM,label,1,RBG-18-0108-1_S16,0,0.06491444526089267
GEN,random,SVM,label,1,RBG-18-0166-1_S10_L001,0,0.08066420025462714
GEN,random,SVM,label,1,RBG-18-0177-1_S17_L001,1,0.5698863316466525
GEN,random,SVM,label,1,RBG-18-0200-1_S18_L001,1,0.7342037919621417
GEN,random,SVM,label,1,RBG-18-0301-1_S53,0,0.18179988115871046
GEN,random,SVM,label,1,RBG-18-0358-1_S39,0,0.0760663021787234
GEN,random,SVM,label,1,RBK-16-007-1_S13,0,0.5415559983484415
GEN,random,SVM,label,1,RBK-17-0492-1_S8,1,0.07229331923441476
GEN,random,SVM,label,1,RBK-18-0002-1_S38,1,0.030217551862014733
GEN,random,SVM,label,1,RBK-18-0005-1_S18,0,0.003509644479178378
GEN,random,SVM,label,1,RBL-17-0093-1_S146,0,0.9245853187833273
GEN,random,SVM,label,1,RBL-17-0107-1_S150,0,0.8643670858436217
GEN,random,SVM,label,1,RBL-17-0144-1_S163,0,0.0015512847858255821
GEN,random,SVM,label,1,RBL-17-0159-1_S166,0,0.6485645461895455
GEN,random,SVM,label,1,RBL-17-0232-1_S91,0,0.04988343638158913
GEN,random,SVM,label,1,RBL-17-0244-1_S44,0,0.8042977950973044
GEN,random,SVM,label,1,RBL-17-0246-1_S94,1,0.09946979106683347
GEN,random,SVM,label,1,RBL-17-0256-1_S98,0,0.223452333023881
GEN,random,SVM,label,1,RBL-17-0263-1_S102,0,0.011691143533262385
GEN,random,SVM,label,1,RBL-17-0274-2_S105,0,0.27466880681492073
GEN,random,SVM,label,1,RBL-17-0327-1_S116,0,0.13204465541852514
GEN,random,SVM,label,1,RBL-17-0347-1_S104,0,0.20769537909625022
GEN,random,SVM,label,1,RBL-17-0366-1_S113,1,0.7162772966614757
GEN,random,SVM,label,1,RBL-17-0392-1_S69,1,0.731035373856007
GEN,random,SVM,label,1,RBL-17-0435-1_S134,0,0.02709039159786282
GEN,random,SVM,label,1,RBL-18-0019-1_S41,0,0.09078471614345048
GEN,random,SVM,label,1,RBL-18-0022-1_S43,0,0.3339397895053852
GEN,random,SVM,label,1,RBL-18-0032-1_S167,0,0.19316505154137772
GEN,random,SVM,label,1,RBL-18-0048-1_S44,0,0.12827257329270564
GEN,random,SVM,label,1,RBL-18-0066-1_S173,0,0.019091582002141817
GEN,random,SVM,label,1,RBL-18-0343-1_S6,0,0.9743259188736076
GEN,random,SVM,label,1,RBL-18-0467-1_S228_2,1,0.0430822204612882
GEN,random,SVM,label,1,RBT-16-0038-1_S11,0,0.6515471401013038
GEN,random,SVM,label,1,RBT-17-0003-1_S16,0,0.06775876042532698
GEN,random,SVM,label,1,RBT-17-0008-1_S18,0,0.17279282478466088
GEN,random,SVM,label,1,RBT-17-0019-1_S62,0,0.7992156325891714
GEN,random,SVM,label,1,RBT-17-0039-1_S28,1,0.8289063937786181
GEN,random,SVM,label,1,RBT-17-0097-1_S34,1,0.21152896059916534
GEN,random,SVM,label,1,RBT-17-0102-1_S37,0,0.6671767447029168
GEN,random,SVM,label,1,RBT-17-0133-1_S6,0,0.3003003321711003
GEN,random,SVM,label,1,RBT-17-0174-1_S64,0,0.019399299120498818
GEN,random,SVM,label,1,RBT-17-0219-1_S8,0,0.2885771156533965
GEN,random,SVM,label,1,RBT-17-0232-1_S58,1,0.007723644585595704
GEN,random,SVM,label,1,RBT-17-0238-1_S59,0,0.6886720281490798
GEN,random,SVM,label,1,RBT-17-0256-1_S25,0,0.07335965145369859
GEN,random,SVM,label,1,RBT-17-0339-1_S20,0,0.8872271952230261
GEN,random,SVM,label,1,RBT-18-0017-1_S67,0,0.036328543765957316
GEN,random,SVM,label,1,RBT-18-0056-1_S37,0,0.005684423583205784
GEN,random,SVM,label,1,RBT-18-0064-1_S15,0,0.9163875569948418
GEN,random,SVM,label,1,RBT-18-0071-1_S41,0,0.2854345674251333
GEN,random,SVM,label,1,RBT-18-0102-1_S23,0,0.012806277032780474
GEN,random,SVM,label,1,RBT-18-0115-1_S45,0,0.07202815717465542
GEN,random,SVM,label,1,RBT-18-0121-1_S28,0,0.032026554005497525
GEN,random,SVM,label,1,RBT-18-0122-1_S63,0,0.21962533033492465
GEN,random,SVM,label,1,RBT-18-0205-1_S6,1,0.35596455698262897
GEN,random,SVM,label,1,RBT-18-0230-1_S45,0,0.24257643537598197
GEN,random,SVM,label,1,RBT-18-0247-1_S16,1,0.701312733941552
GEN,random,SVM,label,1,RBT-18-0252-1_S53,0,0.3062826510114306
GEN,random,SVM,label,1,RBT-18-0259-1_S55,0,0.019762323574191443
GEN,random,SVM,label,1,RBT-18-0263-1_S58,0,0.03443762186764713
GEN,random,SVM,label,1,RBT-18-0271-1_S62,0,0.05068399356517801
GEN,random,SVM,label,1,RBT-18-0278-1_S64,0,0.46360450355192234
GEN,random,SVM,label,1,RBT-18-0288-1_S68,0,0.08368348128593252
GEN,random,SVM,label,1,RBT-18-0303-1_S20,1,0.7729225485776953
GEN,random,SVM,label,1,RBT-18-0308-1_S34,0,0.825502808183952
GEN,random,SVM,label,1,RBT-18-0338-1_S35,0,0.020127232313024625
GEN,random,SVM,label,1,RBT-18-0351-1_S48,0,0.195338197846905
GEN,random,SVM,label,1,RBT-18-0377-1_S1,0,0.2759028910207179
GEN,random,SVM,label,1,RBT-18-0392-1_S56,0,0.7490624422632599
GEN,random,SVM,label,1,ResetH131_S7_L001,0,0.7388508903236534
GEN,random,SVM,label,1,ResetH132_S1_L001,0,0.9360573404935127
GEN,random,SVM,label,1,ResetH139_S3_L001,0,0.44970499128252833
GEN,random,SVM,label,1,ResetH44_S3_L001,1,0.5062852248722238
GEN,random,SVM,label,1,ResetH49b_S6_L001,0,0.9558707333955748
GEN,random,SVM,label,1,ResetH63_S7_L001,0,0.7310890726189682
GEN,random,SVM,label,1,ResetH68_S1_L001,0,0.22809194626379675
GEN,random,SVM,label,1,ResetH98_S4_L001,0,0.1260848506773633
GEN,random,SVM,label,1,ResetV143_S2_L001,1,0.19437678622129873
GEN,random,SVM,label,1,ResetV260_S5_L001,0,0.7531581841892812
GEN,random,SVM,label,1,RPG-18-0435-1_S32,0,0.020721504906711416
GEN,random,SVM,label,1,Survcare130_S2,0,0.1379898219029158
GEN,random,SVM,label,1,Survcare190_S35,1,0.04971286561980723
GEN,random,SVM,label,1,Survcare244_S9_L001,0,0.9009400728488968
GEN,random,SVM,label,1,Survcare319_S16,0,0.038493162909735514
GEN,random,SVM,label,1,Survcare321_S18,0,0.4884571370480966
GEN,random,SVM,label,1,Survcare334_S10,0,0.8599621683585956
GEN,random,SVM,label,1,V113_S3_L001,0,0.1178158916240826
GEN,random,SVM,label,1,V120_S5_L001,1,0.34268767736137884
GEN,random,SVM,label,1,V123_S1_L001,0,0.342813863651167
GEN,random,SVM,label,1,V131_S7_L001,1,0.4515666936070559
GEN,random,SVM,label,1,V155_S5_L001,1,0.8008219782406404
GEN,random,SVM,label,1,V205_S3_L001,0,0.6216682728160335
GEN,random,SVM,label,1,V229_S10_L001,1,0.7188197977404573
GEN,random,SVM,label,1,V289_S5_L001,1,0.7851897297115601
GEN,random,SVM,label,1,V295_S7_L001,0,0.7526458625219999
GEN,random,SVM,label,1,V64_S3_L001,0,0.06803163839581508
GEN,random,SVM,label,1,V73_S5_L001,1,0.7188380292712168
GEN,random,SVM,label,1,W2RBK-17-169-1_S34,0,0.08117613565329661
GEN,random,SVM,label,1,wdh-RBB-16-025-1_S20,0,0.03866871419784483
GEN,random,SVM,label,1,wdhRBF-18-0048-1_S12_L001,0,0.24451698327251023
GEN,random,SVM,label,1,WDHRBG-16-062-1_S49,0,0.10808553229607683
GEN,random,SVM,label,1,WDHRBG-17-0256-1_S17,0,0.000664191653010064
GEN,random,SVM,label,1,wNRZ-33910_S81,1,0.3727790595623588
GEN,random,SVM,label,1,wRBF-17-0146-1_S35,1,0.7311035348899605
GEN,random,SVM,label,1,wRBG-16-026-1_S163,0,0.12332128975046407
GEN,random,SVM,label,1,wRBG-16-033-1_S153,0,0.7076447579676858
GEN,random,SVM,label,1,wRBG-17-034-1_S121,0,0.06282310434142999
GEN,random,SVM,label,1,wRBG-17-049-1_S142,0,0.24900221001132197
GEN,random,SVM,label,1,wRBG-17-073-1_S118,0,0.05903927050719288
GEN,random,SVM,label,1,wRBG-17-112-1_S146,0,0.20128005754936232
GEN,random,SVM,label,1,wwRBF-16-007-1_S10,1,0.15550342829366862
GEN,random,SVM,label,1,wwRBF-17-167-1_S31,1,0.12088618257519575
GEN,random,SVM,label,1,wwRBK-17-0197-1_S39,1,0.9228697398388492
GEN,random,SVM,label,2,H109_S2_L001,0,0.9175321297043136
GEN,random,SVM,label,2,H130_S2_L001,1,0.01983002602107942
GEN,random,SVM,label,2,H141_S6_L001,0,0.0011228997129367805
GEN,random,SVM,label,2,H153_S1_L001,1,0.7513813135859878
GEN,random,SVM,label,2,H154_S2_L001,1,0.7130437215243568
GEN,random,SVM,label,2,H157_S3_L001,0,0.3279258104953189
GEN,random,SVM,label,2,H17_S2_L001,0,0.0846780884109832
GEN,random,SVM,label,2,H28_S10_L001,0,0.7576753790611367
GEN,random,SVM,label,2,NNRBG-17-0319-1_S24,0,0.12303433161350284
GEN,random,SVM,label,2,NNSurvcare045_S41,0,0.6474559995652969
GEN,random,SVM,label,2,RBB-17-011-1_S40,0,0.7310968892703263
GEN,random,SVM,label,2,RBB-18-0519-1_S184,0,0.0011176212697668016
GEN,random,SVM,label,2,RBB-18-0772-1_S192,0,0.9155663690451488
GEN,random,SVM,label,2,RBB-18-0892-1_S80_2,1,0.1928871688018484
GEN,random,SVM,label,2,RBB-18-0972-1_S203_2,1,0.012191234082254561
GEN,random,SVM,label,2,RBB-18-1393-1_S48,0,0.7480647167982202
GEN,random,SVM,label,2,RBB-18-1460-1_S45,1,0.0883235553197184
GEN,random,SVM,label,2,RBBK18-0189-1_S24_L001,1,0.3663250337041429
GEN,random,SVM,label,2,RBF-17-0195-1_S141,0,0.06101143010793092
GEN,random,SVM,label,2,RBF-17-0340-1_S81,0,0.9369385867668941
GEN,random,SVM,label,2,RBF-17-0424-1_S15,0,0.024322456748987344
GEN,random,SVM,label,2,RBF-17-0489-1_S13,0,0.5898451764369337
GEN,random,SVM,label,2,RBF-17-0614-3_S95,0,0.003156623807883406
GEN,random,SVM,label,2,RBF-17-0616-1_S96,0,0.23814357565958558
GEN,random,SVM,label,2,RBF-17-0651-1_S62,0,0.5374019387961377
GEN,random,SVM,label,2,RBF-18-0035-1_S6,0,0.991012388816858
GEN,random,SVM,label,2,RBF-18-0055-1_S11,0,0.43830291955262274
GEN,random,SVM,label,2,RBF-18-0066-1_S15,0,0.10721983937615265
GEN,random,SVM,label,2,RBF-18-0085-1_S21,0,0.005877669923828848
GEN,random,SVM,label,2,RBF-18-0087-1_S23,0,0.10078261452951309
GEN,random,SVM,label,2,RBF-18-0093-1_S80,1,0.02861668758426506
GEN,random,SVM,label,2,RBF-18-0126-1_S31,0,0.0029703927546689685
GEN,random,SVM,label,2,RBF-18-0135-1_S34,1,0.14736252164580077
GEN,random,SVM,label,2,RBF-18-0173-1_S27,0,0.7324007051403802
GEN,random,SVM,label,2,RBF-18-0194-1_S86,0,0.514550130035651
GEN,random,SVM,label,2,RBF-18-0200-1_S48,0,0.24833460611105948
GEN,random,SVM,label,2,RBF-18-0201-1_S49,0,0.0464878532882597
GEN,random,SVM,label,2,RBF-18-0208-2_S11_L001,0,0.2483094260916955
GEN,random,SVM,label,2,RBF-18-0282-1_S63,0,0.02568199559316074
GEN,random,SVM,label,2,RBF-18-0296-1_S17,0,0.7856790095537136
GEN,random,SVM,label,2,RBF-18-0338-1_S72,0,0.7262122946816119
GEN,random,SVM,label,2,RBF-18-0339-1_S37,0,0.47518228503324045
GEN,random,SVM,label,2,RBF-18-0405-1_S81_2,0,0.40488072045169465
GEN,random,SVM,label,2,RBF-18-0634-1_S183,0,0.4033870718278755
GEN,random,SVM,label,2,RBF-18-0664-1_S190,0,0.009506998430906773
GEN,random,SVM,label,2,RBG-17-0351-1_S20_L001,0,0.9790134994291615
GEN,random,SVM,label,2,RBG-18-0017-1_S5,0,0.2869630823689089
GEN,random,SVM,label,2,RBG-18-0029-1_S40,0,0.12088899033781386
GEN,random,SVM,label,2,RBG-18-0072-1_S8,0,0.5778742331600132
GEN,random,SVM,label,2,RBG-18-0221-1_S47,1,0.01763058416358674
GEN,random,SVM,label,2,RBG-18-0223-1_S2,0,0.0005990195922436217
GEN,random,SVM,label,2,RBG-18-0239-1_S4,0,0.002979262132537274
GEN,random,SVM,label,2,RBG-18-0367-1_S57,0,0.0009175178299674054
GEN,random,SVM,label,2,RBG-18-0388-1_S21_L001,1,0.5878538951566992
GEN,random,SVM,label,2,RBG-18-0391-1_S22_L001,1,0.15886364131601693
GEN,random,SVM,label,2,RBG-18-0402-1_S50,0,0.12541538507291944
GEN,random,SVM,label,2,RBG-18-0410-1_S12,0,0.47969708865673105
GEN,random,SVM,label,2,RBG-18-0417-1_S52,0,0.13885652100988138
GEN,random,SVM,label,2,RBK-16-079-1_S15,1,0.013325047838571483
GEN,random,SVM,label,2,RBK-17-0595-1_S187,0,0.4513873329123804
GEN,random,SVM,label,2,RBK-17-0655-5_S182,0,0.8819805567671823
GEN,random,SVM,label,2,RBK-18-0037-1_S199,0,0.20885045439453823
GEN,random,SVM,label,2,RBK-18-0080-1_S205,0,0.16879603055208117
GEN,random,SVM,label,2,RBK-18-0104-1_S206,0,0.02999501006755631
GEN,random,SVM,label,2,RBK-18-0250-1_S235_2,0,0.005829647405886679
GEN,random,SVM,label,2,RBK-18-0644-1_S180,0,0.03250088425624421
GEN,random,SVM,label,2,RBKk-18-0108-1_S201,0,0.4221626961724663
GEN,random,SVM,label,2,RBL-17-0090-1_S145,0,0.02258097583508142
GEN,random,SVM,label,2,RBL-17-0108-1_S151,0,0.25748305969354895
GEN,random,SVM,label,2,RBL-17-0113-1_S153,1,0.5266114884863781
GEN,random,SVM,label,2,RBL-17-0116-1_S154,0,0.3823845414394919
GEN,random,SVM,label,2,RBL-17-0118-1_S156,0,0.019869864231183552
GEN,random,SVM,label,2,RBL-17-0217-1_S176,0,0.18043923923432703
GEN,random,SVM,label,2,RBL-17-0226-1_S41,1,0.459045508802343
GEN,random,SVM,label,2,RBL-17-0235-1_S92,0,0.563536300292566
GEN,random,SVM,label,2,RBL-17-0259-1_S99,0,0.19554610733872096
GEN,random,SVM,label,2,RBL-17-0267-1_S104,0,0.3147023537975918
GEN,random,SVM,label,2,RBL-17-0300-1_S112,0,0.17373349547268932
GEN,random,SVM,label,2,RBL-17-0305-1_S49,1,0.7310220751552211
GEN,random,SVM,label,2,RBL-17-0320-1_S114,0,0.010397778226866753
GEN,random,SVM,label,2,RBL-17-0323-1_S115,0,0.03520791460861546
GEN,random,SVM,label,2,RBL-17-0328-1_S117,0,0.9265783946978963
GEN,random,SVM,label,2,RBL-17-0340-1_S102,0,0.33484710860168115
GEN,random,SVM,label,2,RBL-17-0350-1_S106,0,0.40666184308174397
GEN,random,SVM,label,2,RBL-17-0365-1_S112,0,0.011682231424245097
GEN,random,SVM,label,2,RBL-17-0409-1_S127,0,0.5783994169659173
GEN,random,SVM,label,2,RBL-18-0010-1_S159,0,0.002697858779085343
GEN,random,SVM,label,2,RBT-16-0045-1_S58,0,0.5877602893395928
GEN,random,SVM,label,2,RBT-17-0009-1_S21,0,0.9133156467146929
GEN,random,SVM,label,2,RBT-17-0011-1_S19,0,0.12981743823492717
GEN,random,SVM,label,2,RBT-17-0022-1_S24,0,0.025321368465310162
GEN,random,SVM,label,2,RBT-17-0107-1_S39,0,0.005676079589250874
GEN,random,SVM,label,2,RBT-17-0112-1_S41,0,0.12780103274026133
GEN,random,SVM,label,2,RBT-17-0138-1_S52,0,0.04169378698366108
GEN,random,SVM,label,2,RBT-17-0142-1_S53,0,0.05481608493021694
GEN,random,SVM,label,2,RBT-17-0167-1_S27,0,0.016476814380343808
GEN,random,SVM,label,2,RBT-17-0173-1_S63,0,0.007378252897795914
GEN,random,SVM,label,2,RBT-17-0177-1_S65,0,0.06310392669785286
GEN,random,SVM,label,2,RBT-17-0178-1_S66,0,0.005109633506010375
GEN,random,SVM,label,2,RBT-17-0210-1_S55,0,0.06804143301150617
GEN,random,SVM,label,2,RBT-17-0217-1_S7,1,0.330873499026227
GEN,random,SVM,label,2,RBT-17-0249-1_S61,1,0.7310952040134691
GEN,random,SVM,label,2,RBT-17-0279-1_S12,0,0.33308166601397343
GEN,random,SVM,label,2,RBT-17-0285-1_S66,0,0.48967344936479823
GEN,random,SVM,label,2,RBT-18-0004-1_S51,1,0.790753954783424
GEN,random,SVM,label,2,RBT-18-0030-1_S69,0,0.05218214288125369
GEN,random,SVM,label,2,RBT-18-0042-1_S60,0,0.303462735143254
GEN,random,SVM,label,2,RBT-18-0045-1_S70,0,0.0028578277677878605
GEN,random,SVM,label,2,RBT-18-0046-1_S2,0,0.9945551744669352
GEN,random,SVM,label,2,RBT-18-0066-1_S40,0,0.3580183287052986
GEN,random,SVM,label,2,RBT-18-0116-1_S46,0,0.04031711218787077
GEN,random,SVM,label,2,RBT-18-0179-1_S37,0,0.44441691494692187
GEN,random,SVM,label,2,RBT-18-0181-1_S61,0,0.005164924164854662
GEN,random,SVM,label,2,RBT-18-0236-1_S48,1,0.5987845084237958
GEN,random,SVM,label,2,RBT-18-0251-1_S7,0,0.05740991755310558
GEN,random,SVM,label,2,RBT-18-0253-1_S54,1,0.9875251585624242
GEN,random,SVM,label,2,RBT-18-0265-1_S59,0,2.8949004809037676e-05
GEN,random,SVM,label,2,RBT-18-0275-1_S63,0,0.024554003417030647
GEN,random,SVM,label,2,RBT-18-0293-1_S71,0,0.01281097428454454
GEN,random,SVM,label,2,RBT-18-0341-1_S24,0,0.2195911009062195
GEN,random,SVM,label,2,RBT-18-0360-1_S39,1,0.6509700844260033
GEN,random,SVM,label,2,RBT-18-0361-1_S38,0,0.2320322910131164
GEN,random,SVM,label,2,RBT-18-0363-1_S72,1,0.9692144513131419
GEN,random,SVM,label,2,ResetH1_S1_L001,0,0.6407856711842536
GEN,random,SVM,label,2,ResetH10_S1_L001,1,0.0715866858325715
GEN,random,SVM,label,2,ResetH129_S7_L001,1,0.7919920775766536
GEN,random,SVM,label,2,ResetH134_S8_L001,0,0.85915649786592
GEN,random,SVM,label,2,ResetH75_S2_L001,1,0.8609504177374079
GEN,random,SVM,label,2,ResetH93_S5_L001,1,0.06558289032218137
GEN,random,SVM,label,2,ResetV288_S6_L001,1,0.7551842229479486
GEN,random,SVM,label,2,ResetV74_S7_L001,0,0.9983409557342877
GEN,random,SVM,label,2,Survcare125_S25,1,0.33351126611930687
GEN,random,SVM,label,2,Survcare134_S26,0,0.10480167761200733
GEN,random,SVM,label,2,Survcare140_S4_L001,0,0.24846409908932235
GEN,random,SVM,label,2,Survcare176_S17_L001,1,0.0003826485276782234
GEN,random,SVM,label,2,Survcare221_S7_L001,0,0.001343255233634121
GEN,random,SVM,label,2,Survcare278_S62,1,0.6294128823700847
GEN,random,SVM,label,2,Survcare313_S24_L001,1,0.23888235179577977
GEN,random,SVM,label,2,Survcare350_S44,0,0.20301261810935173
GEN,random,SVM,label,2,V152_S3_L001,1,0.05383845756900198
GEN,random,SVM,label,2,V168_S9_L001,1,0.08134386060006453
GEN,random,SVM,label,2,V172_S5_L001,1,0.01462509139827274
GEN,random,SVM,label,2,V215_S2_L001,1,0.0010200215391236583
GEN,random,SVM,label,2,V8_S7_L001,0,0.02017448864372007
GEN,random,SVM,label,2,V80_S7_L001,0,0.9974765590003583
GEN,random,SVM,label,2,V89_S1_L001,0,0.6692472969319919
GEN,random,SVM,label,2,W2RBK-17-168-1_S33,0,0.024896882863936855
GEN,random,SVM,label,2,wdhRBF-10-0002-1_S10_L001,1,0.5869754900253388
GEN,random,SVM,label,2,wdhRBF-18-0081-1_S18_L001,0,0.051857304036861084
GEN,random,SVM,label,2,WDHRBG-16-049-1_S87,0,0.9978748483842456
GEN,random,SVM,label,2,WDHRBG-16-060-1_S27,0,0.5886739956944989
GEN,random,SVM,label,2,WDHRBG-17-005-2_S61,0,0.08360473831988777
GEN,random,SVM,label,2,WDHRBG-17-0093-1_S1,0,0.3601731385279517
GEN,random,SVM,label,2,wRBG-17-025-1_S133,0,0.00936263084423002
GEN,random,SVM,label,2,wRBG-17-030-1_S165,0,0.7076469851605927
GEN,random,SVM,label,2,wRBG-17-047-1_S153,0,0.23974345247556655
GEN,random,SVM,label,2,wRBG-17-058-1_S130,0,0.0039840458244076475
GEN,random,SVM,label,2,wRBG-17-072-1_S129,0,0.0248909601420359
GEN,random,SVM,label,2,wRBG-17-081-1_S117,0,0.03315794645607765
GEN,random,SVM,label,2,wRBG-17-110-1_S168,0,0.036071422776205
GEN,random,SVM,label,2,wwRBK-17-0298-1_S42,0,0.30354359912693546
GEN,random,SVM,label,2,wwRBL-17-004-1_S44,1,0.4951751367564491
GEN,random,SVM,label,3,H162_S4_L001,1,0.9340822044218751
GEN,random,SVM,label,3,H164_S3_L001,1,0.7478130984073414
GEN,random,SVM,label,3,H3_S1_L001,0,0.8148182281539319
GEN,random,SVM,label,3,H66_S1_L001,1,0.135874562366401
GEN,random,SVM,label,3,H83_S7_L001,0,0.0003972022167802414
GEN,random,SVM,label,3,NNRBG-17-0196-1_S3,0,0.014382505850838381
GEN,random,SVM,label,3,NNRBG-17-0198-1_S4,0,0.0022365816510177597
GEN,random,SVM,label,3,NNRBG-17-0242-1_S11,0,0.13944430223044446
GEN,random,SVM,label,3,NNRBG-17-0287-1_S17,0,0.9993574805838376
GEN,random,SVM,label,3,NNRBG-17-0308-1_S20,0,0.11595045035021838
GEN,random,SVM,label,3,NNRBG-17-0382-1_S38,0,0.6321732281708408
GEN,random,SVM,label,3,RBB-18-0490-1_S20_L001,0,0.07287347119233296
GEN,random,SVM,label,3,RBB-18-0665-1_S23_L001,0,0.16399832940515055
GEN,random,SVM,label,3,RBB-18-0765-1_S191,0,0.41187744796276615
GEN,random,SVM,label,3,RBB-19-0014-1_S44,0,0.9992149845392438
GEN,random,SVM,label,3,RBF-10-0240-1_S12_L001,1,0.040591856512790264
GEN,random,SVM,label,3,RBF-17-0194-1_S140,0,0.03266553382041703
GEN,random,SVM,label,3,RBF-17-0438-1_S9,1,0.2689786234918046
GEN,random,SVM,label,3,RBF-17-0450-1_S10,0,0.0019660066531032153
GEN,random,SVM,label,3,RBF-17-0520-2_S55,1,0.0036136744135188406
GEN,random,SVM,label,3,RBF-17-0550-1_S84,0,0.9454614698924553
GEN,random,SVM,label,3,RBF-17-0632-1_S97,0,0.025823989504603
GEN,random,SVM,label,3,RBF-17-0645-1_S61,0,4.450278031421511e-05
GEN,random,SVM,label,3,RBF-17-186-1_S69,1,0.2689786234918046
GEN,random,SVM,label,3,RBF-17-277-1_S73,0,0.08484401108489166
GEN,random,SVM,label,3,RBF-18-0072-1_S16,0,0.010837364688360294
GEN,random,SVM,label,3,RBF-18-0075-1_S79,1,0.06748860353189033
GEN,random,SVM,label,3,RBF-18-0127-1_S32,0,0.0168430580246231
GEN,random,SVM,label,3,RBF-18-0174-1_S28,1,0.25161832854710936
GEN,random,SVM,label,3,RBF-18-0192-1_S44,0,0.19112279787719066
GEN,random,SVM,label,3,RBF-18-0196-1_S46,0,0.04247333974319339
GEN,random,SVM,label,3,RBF-18-0199-1_S47,0,0.7517281023173511
GEN,random,SVM,label,3,RBF-18-0277-1_S61,0,0.2086907850617131
GEN,random,SVM,label,3,RBF-18-0310-1_S36,0,0.8907688539625739
GEN,random,SVM,label,3,RBG-17-013-1_S16,1,0.6123934231346908
GEN,random,SVM,label,3,RBG-18-0012-1_S3,1,0.07346883049786881
GEN,random,SVM,label,3,RBG-18-0076-1_S10,0,0.5716213750753183
GEN,random,SVM,label,3,RBG-18-0083-1_S12,0,0.010966393775503222
GEN,random,SVM,label,3,RBG-18-0140-1_S14_L001,0,0.1144157398258795
GEN,random,SVM,label,3,RBG-18-0170-1_S41,0,0.003764820321801836
GEN,random,SVM,label,3,RBG-18-0194-1_S45,0,0.31708890030589637
GEN,random,SVM,label,3,RBG-18-0202-1_S13_L001,0,0.10430961973654813
GEN,random,SVM,label,3,RBG-18-0224-1_S24_L001,1,0.7310926080452864
GEN,random,SVM,label,3,RBG-18-0256-1_S8_L001,0,0.0036619860304776095
GEN,random,SVM,label,3,RBG-18-0279-1_S36,0,0.49503623851232764
GEN,random,SVM,label,3,RBG-18-0308-1_S54,0,0.028247666959407027
GEN,random,SVM,label,3,RBG-18-0312-1_S55,0,0.4042634141433593
GEN,random,SVM,label,3,RBG-18-0352-1_S21_L001,0,0.006795159136834942
GEN,random,SVM,label,3,RBG-18-0394-1_S23_L001,0,0.011300949706622872
GEN,random,SVM,label,3,RBG-18-0437-1_S54,0,0.011907568540912027
GEN,random,SVM,label,3,RBK-16-124-1_S16,0,0.23565843610634707
GEN,random,SVM,label,3,RBK-17-0457-1_S6,1,0.4692674160516286
GEN,random,SVM,label,3,RBK-17-0612-1_S27,1,0.2709444558511142
GEN,random,SVM,label,3,RBK-18-0022-1_S197,0,0.0049567752687640285
GEN,random,SVM,label,3,RBK-18-0038-1_S200,0,0.01943482024160107
GEN,random,SVM,label,3,RBK-18-0060-1_S22,0,0.03261585472015984
GEN,random,SVM,label,3,RBK-18-0062-2_S203,0,0.005644335184655683
GEN,random,SVM,label,3,RBK-18-0077-1_S212,1,0.2709444558511142
GEN,random,SVM,label,3,RBK-18-0414-1_S59,0,0.2340746044670435
GEN,random,SVM,label,3,RBL-17-0117-1_S155,0,0.019123894870756393
GEN,random,SVM,label,3,RBL-17-0138-1_S162,0,0.003948463001401874
GEN,random,SVM,label,3,RBL-17-0165-1_S167,0,0.3807204456174126
GEN,random,SVM,label,3,RBL-17-0172-1_S170,0,0.008852614768743883
GEN,random,SVM,label,3,RBL-17-0197-1_S173,0,0.009205233994079331
GEN,random,SVM,label,3,RBL-17-0307-1_S51,1,0.2689786234918046
GEN,random,SVM,label,3,RBL-17-0349-1_S105,0,0.9806931127862596
GEN,random,SVM,label,3,RBL-17-0359-1_S66,1,0.10864507451360361
GEN,random,SVM,label,3,RBL-17-0383-1_S119,0,0.8784629357648703
GEN,random,SVM,label,3,RBL-17-0428-1_S70,0,0.7543049271717804
GEN,random,SVM,label,3,RBL-17-0429-1_S130,0,0.012012670460583639
GEN,random,SVM,label,3,RBL-17-0432-1_S132,0,0.8561711660007967
GEN,random,SVM,label,3,RBL-17-0434-1_S133,0,0.9997237138439622
GEN,random,SVM,label,3,RBL-18-0059-1_S171,0,0.5507690273955714
GEN,random,SVM,label,3,RBL-18-0085-1_S176,0,0.009660661305222435
GEN,random,SVM,label,3,RBL-18-0194-1_S195_2,1,0.8249997941744374
GEN,random,SVM,label,3,RBL-18-0242-1_S51,0,0.00020809660494770622
GEN,random,SVM,label,3,RBT-17-0024-1_S23,0,0.006449633680520699
GEN,random,SVM,label,3,RBT-17-0079-1_S29,0,0.04386209040722181
GEN,random,SVM,label,3,RBT-17-0090-1_S32,0,0.005636538015540076
GEN,random,SVM,label,3,RBT-17-0099-1_S35,0,0.05042117224480486
GEN,random,SVM,label,3,RBT-17-0113-1_S42,0,0.9733818045663576
GEN,random,SVM,label,3,RBT-17-0124-1_S46,0,0.2721540295680983
GEN,random,SVM,label,3,RBT-17-0165-1_S60,0,0.011450215656383116
GEN,random,SVM,label,3,RBT-17-0228-1_S10,0,0.627946994721408
GEN,random,SVM,label,3,RBT-17-0251-1_S62,1,0.13993748274347206
GEN,random,SVM,label,3,RBT-17-0270-1_S65,0,0.00039380509724316437
GEN,random,SVM,label,3,RBT-17-0287-1_S10,0,0.7084487392370629
GEN,random,SVM,label,3,RBT-18-0023-1_S14,0,3.2045167461392635e-05
GEN,random,SVM,label,3,RBT-18-0079-1_S16,0,0.059378574140952094
GEN,random,SVM,label,3,RBT-18-0080-1_S49,1,0.8644233021327199
GEN,random,SVM,label,3,RBT-18-0096-1_S20,0,0.5911108192769702
GEN,random,SVM,label,3,RBT-18-0101-1_S22,0,0.8939458013857441
GEN,random,SVM,label,3,RBT-18-0103-1_S24,0,0.15199742944855188
GEN,random,SVM,label,3,RBT-18-0110-1_S27,0,0.03165026621081172
GEN,random,SVM,label,3,RBT-18-0113-1_S44,0,0.03084959481536823
GEN,random,SVM,label,3,RBT-18-0127-1_S51,0,0.004724623200226481
GEN,random,SVM,label,3,RBT-18-0129-1_S52,0,0.2584573434059051
GEN,random,SVM,label,3,RBT-18-0134-1_S29,0,0.07416231346194904
GEN,random,SVM,label,3,RBT-18-0146-1_S55,0,0.0011837564796402234
GEN,random,SVM,label,3,RBT-18-0164-1_S34,0,0.2337993608263515
GEN,random,SVM,label,3,RBT-18-0185-1_S39,0,0.16946359149483975
GEN,random,SVM,label,3,RBT-18-0197-1_S40,0,0.0012042779452870916
GEN,random,SVM,label,3,RBT-18-0231-1_S14,0,0.021057054872769702
GEN,random,SVM,label,3,RBT-18-0232-1_S47,0,0.004094749101549637
GEN,random,SVM,label,3,RBT-18-0234-1_S15,1,0.8275681092593687
GEN,random,SVM,label,3,RBT-18-0241-1_S50,0,0.05920948104122694
GEN,random,SVM,label,3,RBT-18-0246-1_S52,0,0.05532542720868703
GEN,random,SVM,label,3,RBT-18-0269-1_S61,0,0.036407419937352005
GEN,random,SVM,label,3,RBT-18-0283-1_S65,0,0.060141768540659495
GEN,random,SVM,label,3,RBT-18-0284-1_S66,1,0.32980969925463105
GEN,random,SVM,label,3,RBT-18-0325-1_S44,0,0.9976102728955155
GEN,random,SVM,label,3,RBT-18-0334-1_S23,0,0.029678201476489193
GEN,random,SVM,label,3,RBT-18-0337-1_S46,0,0.03660004121100443
GEN,random,SVM,label,3,RBT-18-0340-1_S36,0,0.04533790399141517
GEN,random,SVM,label,3,RBT-18-0358-1_S28,0,0.033909790732085526
GEN,random,SVM,label,3,RBT-18-0384-1_S40,0,0.2069550034389848
GEN,random,SVM,label,3,ResetH127_S6_L001,1,0.5202760136832181
GEN,random,SVM,label,3,ResetH152_S4_L001,1,0.6808066381154908
GEN,random,SVM,label,3,ResetH8_S2_L001,0,0.01802547246161543
GEN,random,SVM,label,3,Survcare0111_S29,0,0.014716250884003182
GEN,random,SVM,label,3,Survcare133_S25,0,0.03389626254660885
GEN,random,SVM,label,3,Survcare187_S32,0,0.7065958341968482
GEN,random,SVM,label,3,Survcare262_S23_L001,1,0.8014067918265919
GEN,random,SVM,label,3,Survcare265_S20,1,0.0897156209751574
GEN,random,SVM,label,3,Survcare295_S8_L001,0,0.8255146638615901
GEN,random,SVM,label,3,Survcare310_S21_L001,1,0.8184446839928751
GEN,random,SVM,label,3,Survcare337_S12,0,0.3643888984642599
GEN,random,SVM,label,3,Survcare341_S25,0,0.14002477942188316
GEN,random,SVM,label,3,Survcare360_S84,0,0.5434602181380537
GEN,random,SVM,label,3,V108_S2_L001,0,0.8735586610874596
GEN,random,SVM,label,3,V116_S6_L001,0,0.953364729312237
GEN,random,SVM,label,3,V130_S5_L001,1,0.6120102363668956
GEN,random,SVM,label,3,V163_S6_L001,1,0.9844489916202234
GEN,random,SVM,label,3,V173_S6_L001,1,0.0011024726261720506
GEN,random,SVM,label,3,V268_S12_L001,1,0.8701659117081852
GEN,random,SVM,label,3,V271_S13_L001,0,0.17644433557802144
GEN,random,SVM,label,3,V282_S4_L001,0,0.22826023061573983
GEN,random,SVM,label,3,V41_S2_L001,1,0.9202766082422134
GEN,random,SVM,label,3,V9_S1_L001,1,0.7358109894674074
GEN,random,SVM,label,3,V98_S3_L001,1,0.9225096190420189
GEN,random,SVM,label,3,W2RBF-17-090-1_S26,0,0.9154128835827023
GEN,random,SVM,label,3,W2RBF-17-133-1_S28,0,0.9921250198029486
GEN,random,SVM,label,3,wdh-RBF-17-0572-1_S43,0,0.6823406834183995
GEN,random,SVM,label,3,wdh-RBL-17-0361-1_S44,0,0.09564805504228435
GEN,random,SVM,label,3,wdh-Survcare119_S44,0,0.09501132575145971
GEN,random,SVM,label,3,wdh2NRZ-29911a_S31,1,0.013044472241542152
GEN,random,SVM,label,3,wdhRBF-18-0059-1_S15_L001,0,0.3597189226819829
GEN,random,SVM,label,3,wdhRBF-18-0080-1_S17_L001,0,0.19053368492335726
GEN,random,SVM,label,3,WDHRBG-17-008-1_S83,0,0.8425427797135185
GEN,random,SVM,label,3,WDHRBG-17-122-1_S48,0,0.9918065193745186
GEN,random,SVM,label,3,wNRZ-32446_S79,1,0.0014526980052487054
GEN,random,SVM,label,3,wRBG-16-034-1_S164,0,0.0981735174132519
GEN,random,SVM,label,3,wRBG-17-022-1_S43,0,0.71075955296617
GEN,random,SVM,label,3,wRBG-17-031-1_S154,0,0.010657770774790598
GEN,random,SVM,label,3,wRBG-17-052-1_S120,0,0.9338461660636426
GEN,random,SVM,label,3,wRBG-17-055-1_S163,0,0.5311222499292338
GEN,random,SVM,label,3,wRBG-17-057-1_S141,0,0.007327943956107793
GEN,random,SVM,label,3,wRBG-17-102-1_S169,0,0.9958228470703075
GEN,random,SVM,label,3,wwRBB-17-031-1_S25,0,0.6905809258198528
GEN,random,SVM,label,3,wwRBF-17-189-1_S32,1,0.5087855673570405
GEN,random,SVM,label,3,wwRBF-17-209-1_S34,1,0.11376611030580602
GEN,random,SVM,label,3,wwRBL-16-111-1_S16,0,0.9772453146181459
GEN,random,SVM,label,4,H105_S3_L001,0,0.6539729391532324
GEN,random,SVM,label,4,H119_S7_L001,1,0.8143542150975807
GEN,random,SVM,label,4,H123_S1_L001,1,0.9092047679953702
GEN,random,SVM,label,4,H136_S7_L001,0,0.5587819977534799
GEN,random,SVM,label,4,H176_S5_L001,0,0.04979843764554105
GEN,random,SVM,label,4,H69_S6_L001,0,0.5982689370151529
GEN,random,SVM,label,4,NNRBG-17-0234-1_S9,0,0.02360592044880373
GEN,random,SVM,label,4,NNRBG-17-0243-1_S12,0,0.11097368678360103
GEN,random,SVM,label,4,NNRBG-17-0249-1_S13,0,0.20057893471324997
GEN,random,SVM,label,4,NNRBG-17-0346-1_S30,0,0.8931939524551236
GEN,random,SVM,label,4,RBB-18-0674-1_S189,1,0.9317664665912567
GEN,random,SVM,label,4,RBB-18-0826-1_S193,0,0.16168211359910456
GEN,random,SVM,label,4,RBB-18-1212-1_S67_2,0,0.34828469616743857
GEN,random,SVM,label,4,RBB-18-1406-1_S49,0,0.052164978915682496
GEN,random,SVM,label,4,RBB-18-1502-1_S47,1,0.8485151402400372
GEN,random,SVM,label,4,RBF-16-004-1_S18,0,0.027705299200918607
GEN,random,SVM,label,4,RBF-16-060-1_S22,0,0.7702323963925278
GEN,random,SVM,label,4,RBF-16-073-1_S23,0,0.13805665130722197
GEN,random,SVM,label,4,RBF-17-0509-1_S74,0,0.12008471146601139
GEN,random,SVM,label,4,RBF-17-0521-1_S78,0,0.699126955256757
GEN,random,SVM,label,4,RBF-17-0532-2_S31,0,0.4750218831477067
GEN,random,SVM,label,4,RBF-17-0537-1_S56,1,0.5141105661387533
GEN,random,SVM,label,4,RBF-17-0540-1_S83,0,0.03525644315259622
GEN,random,SVM,label,4,RBF-17-0553-1_S85,0,0.8774969027602215
GEN,random,SVM,label,4,RBF-17-0589-1_S92,0,0.16617125791201406
GEN,random,SVM,label,4,RBF-17-0605-1_S94,0,0.1800087125080774
GEN,random,SVM,label,4,RBF-17-0630-1_S59,0,0.004641334036954381
GEN,random,SVM,label,4,RBF-17-0635-1_S98,1,0.00048613966754490565
GEN,random,SVM,label,4,RBF-17-0653-1_S101,0,0.009401792367601589
GEN,random,SVM,label,4,RBF-17-094-1_S56,1,0.3304520226293234
GEN,random,SVM,label,4,RBF-17-266-1_S70,1,0.21096931015938597
GEN,random,SVM,label,4,RBF-18-0064-2_S14,0,0.0007179746200982113
GEN,random,SVM,label,4,RBF-18-0068-1_S77,0,0.008836752587072349
GEN,random,SVM,label,4,RBF-18-0069-1_S78,1,0.42247510914700875
GEN,random,SVM,label,4,RBF-18-0099-1_S26,0,0.031220493378833977
GEN,random,SVM,label,4,RBF-18-0125-1_S30,0,0.06749323601577727
GEN,random,SVM,label,4,RBF-18-0163-2_S39,0,0.2589718483342175
GEN,random,SVM,label,4,RBF-18-0172-1_S40,1,0.97007759189184
GEN,random,SVM,label,4,RBF-18-0184-1_S30,0,0.2079227557670377
GEN,random,SVM,label,4,RBF-18-0214-1_S51,0,0.017416939869420518
GEN,random,SVM,label,4,RBF-18-0251-1_S55,0,0.40760263958518966
GEN,random,SVM,label,4,RBG-18-0025-1_S9_L001,0,0.013879989673341218
GEN,random,SVM,label,4,RBG-18-0055-1_S43,0,0.0023294684002223534
GEN,random,SVM,label,4,RBG-18-0085-1_S11,1,0.08970032468701655
GEN,random,SVM,label,4,RBG-18-0191-1_S11_L001,0,0.13103384599562928
GEN,random,SVM,label,4,RBG-18-0209-2_S46,0,0.682370198954988
GEN,random,SVM,label,4,RBG-18-0211-1_S35,0,0.2855149741097701
GEN,random,SVM,label,4,RBG-18-0265-1_S49,0,0.0487900275223294
GEN,random,SVM,label,4,RBG-18-0355-1_S19_L001,0,0.017948521440670807
GEN,random,SVM,label,4,RBG-18-0380-1_S48,0,0.731092068545511
GEN,random,SVM,label,4,RBG-18-0381-1_S49,0,0.08919411072076655
GEN,random,SVM,label,4,RBG-18-0383-1_S37,1,0.6976331530174245
GEN,random,SVM,label,4,RBK-18-0019-1_S195,0,0.20116312467142514
GEN,random,SVM,label,4,RBK-18-0020-1_S19,0,0.8271726353560682
GEN,random,SVM,label,4,RBk-18-0216-1_S231_2,0,0.0006156986814867953
GEN,random,SVM,label,4,RBL-17-0076-1_S32,0,0.0032407132191027174
GEN,random,SVM,label,4,RBL-17-0101-1_S148,0,0.03746807086298544
GEN,random,SVM,label,4,RBL-17-0104-1_S149,0,0.19037003687285123
GEN,random,SVM,label,4,RBL-17-0123-1_S157,0,0.0015292016145209517
GEN,random,SVM,label,4,RBL-17-0133-1_S159,0,0.07015097747179544
GEN,random,SVM,label,4,RBL-17-0135-1_S160,0,0.013282868073593062
GEN,random,SVM,label,4,RBL-17-0136-1_S161,0,0.08287686594760546
GEN,random,SVM,label,4,RBL-17-0199-1_S174,0,0.5251812431618172
GEN,random,SVM,label,4,RBL-17-0205-1_S175,0,0.23223480182874937
GEN,random,SVM,label,4,RBL-17-0242-1_S42,1,0.75834797910684
GEN,random,SVM,label,4,RBL-17-0306-1_S50,1,0.06419869833243516
GEN,random,SVM,label,4,RBL-17-0324-1_S54,0,0.008710831738377918
GEN,random,SVM,label,4,RBL-17-0332-1_S118,0,0.049992990061220724
GEN,random,SVM,label,4,RBL-17-0360-1_S108,0,0.0015614753816322268
GEN,random,SVM,label,4,RBL-17-0375-1_S117,0,0.9253328917829807
GEN,random,SVM,label,4,RBL-17-0390-1_S121,0,0.034034760766882104
GEN,random,SVM,label,4,RBL-17-0395-1_S124,0,0.4188356566955695
GEN,random,SVM,label,4,RBL-17-0397-1_S125,0,0.1577036500193916
GEN,random,SVM,label,4,RBL-17-0411-1_S128,0,0.0008061464008733574
GEN,random,SVM,label,4,RBL-18-0002-1_S158,0,0.00305830055690851
GEN,random,SVM,label,4,RBL-18-0037-1_S168,0,0.004974041815496308
GEN,random,SVM,label,4,RBL-18-0055-1_S170,0,0.11634310774701805
GEN,random,SVM,label,4,RBL-18-0076-1_S47,0,0.5328478313890407
GEN,random,SVM,label,4,RBL-18-0090-1_S48,0,0.6055111007738261
GEN,random,SVM,label,4,RBL-18-0093-1_S49,0,0.7632755891561745
GEN,random,SVM,label,4,RBL-18-0500-1_S230_2,0,0.6230923082384812
GEN,random,SVM,label,4,RBT-17-0033-1_S12,1,0.4277308321354972
GEN,random,SVM,label,4,RBT-17-0082-1_S30,0,0.2677084859792505
GEN,random,SVM,label,4,RBT-17-0100-1_S36,0,0.2908943679294249
GEN,random,SVM,label,4,RBT-17-0109-1_S40,0,0.004360388595767505
GEN,random,SVM,label,4,RBT-17-0149-1_S13,0,0.9567674394128335
GEN,random,SVM,label,4,RBT-17-0161-1_S57,0,0.04591806866518917
GEN,random,SVM,label,4,RBT-17-0163-1_S59,0,0.1448824117126468
GEN,random,SVM,label,4,RBT-17-0168-1_S61,0,0.04691301488379745
GEN,random,SVM,label,4,RBT-17-0177-2_S7,0,0.005545292810209566
GEN,random,SVM,label,4,RBT-17-0183-1_S67,0,0.011760987710384576
GEN,random,SVM,label,4,RBT-17-0194-1_S30,0,0.003239243015891034
GEN,random,SVM,label,4,RBT-17-0225-1_S9,0,0.0029615541354179884
GEN,random,SVM,label,4,RBT-17-0239-1_S60,0,0.17915056170418803
GEN,random,SVM,label,4,RBT-17-0243-1_S11,0,0.07242850408364573
GEN,random,SVM,label,4,RBT-17-0328-1_S16,0,0.27415134980130956
GEN,random,SVM,label,4,RBT-18-0021-1_S56,1,0.731092068545511
GEN,random,SVM,label,4,RBT-18-0050-1_S34,0,0.6794256106727591
GEN,random,SVM,label,4,RBT-18-0053-1_S36,1,0.5901811147411171
GEN,random,SVM,label,4,RBT-18-0091-1_S42,0,0.3798213458808793
GEN,random,SVM,label,4,RBT-18-0095-1_S19,0,0.7255317732290827
GEN,random,SVM,label,4,RBT-18-0100-1_S21,0,0.34489043782527
GEN,random,SVM,label,4,RBT-18-0125-1_S50,0,0.020439087102458287
GEN,random,SVM,label,4,RBT-18-0133-1_S30,0,0.3712936918442736
GEN,random,SVM,label,4,RBT-18-0173-1_S35,0,0.05000162029890161
GEN,random,SVM,label,4,RBT-18-0227-1_S46,1,0.8849770064091352
GEN,random,SVM,label,4,RBT-18-0292-1_S70,0,0.10306713339669013
GEN,random,SVM,label,4,RBT-18-0331-1_S22,0,0.23100600870779825
GEN,random,SVM,label,4,RBT-18-0335-1_S41,1,0.0531174435311303
GEN,random,SVM,label,4,RBT-18-0339-1_S47,0,0.0013547615636553955
GEN,random,SVM,label,4,RBT-18-0357-1_S27,0,0.0037208723211395556
GEN,random,SVM,label,4,RBT-18-0364-1_S29,0,0.5204228956575226
GEN,random,SVM,label,4,RBT-18-0370-1_S33,0,0.8712048082674428
GEN,random,SVM,label,4,RBT-18-0372-1_S31,0,0.9277303961449905
GEN,random,SVM,label,4,ResetH89_S3_L001,0,0.019574295193539714
GEN,random,SVM,label,4,ResetH92_S4_L001,0,0.5803964989525849
GEN,random,SVM,label,4,ResetH99_S5_L001,0,0.36570887977900673
GEN,random,SVM,label,4,ResetV63_S5_L001,0,0.0163597926298088
GEN,random,SVM,label,4,ResetV76_S7_L001,0,0.296704317251338
GEN,random,SVM,label,4,Survcare0114_S37,0,0.6791846513849971
GEN,random,SVM,label,4,Survcare058_S26,0,0.10717863709219236
GEN,random,SVM,label,4,Survcare104_S16_L001,1,0.0010337994865788915
GEN,random,SVM,label,4,Survcare129_S1,0,0.0038473457931907334
GEN,random,SVM,label,4,Survcare230_S17_L001,1,0.012807031680791408
GEN,random,SVM,label,4,Survcare234_S3_L001,0,0.7095245237434664
GEN,random,SVM,label,4,Survcare254_S36,0,0.8323223906518138
GEN,random,SVM,label,4,Survcare291_S38,1,0.8548598905496173
GEN,random,SVM,label,4,Survcare303_S15_L001,0,0.2698455305553347
GEN,random,SVM,label,4,Survcare309_S20_L001,1,0.9359870938686576
GEN,random,SVM,label,4,Survcare329_S3,0,0.08587658401531068
GEN,random,SVM,label,4,Survcare335_S11,1,0.08058383455501168
GEN,random,SVM,label,4,V111_S3_L001,0,0.3749718913629396
GEN,random,SVM,label,4,V139_S7_L001,0,0.3646684797816493
GEN,random,SVM,label,4,V158_S4_L001,0,0.8576103226716094
GEN,random,SVM,label,4,V183_S7_L001,1,0.0026013051198693427
GEN,random,SVM,label,4,V195_S1_L001,1,0.028702085492852438
GEN,random,SVM,label,4,V283_S5_L001,1,0.07577884187551903
GEN,random,SVM,label,4,V291_S5_L001,1,0.303238821033131
GEN,random,SVM,label,4,V40_S2_L001,1,0.943130798164374
GEN,random,SVM,label,4,V86_S1_L001,1,0.82970135301279
GEN,random,SVM,label,4,w2RBG-16-037-1_S34,0,0.36024751603508337
GEN,random,SVM,label,4,W2RBL-16-018-1_S15,1,0.8770137423650106
GEN,random,SVM,label,4,wdh-RBB-17-170-1_S16,0,0.8375244154912718
GEN,random,SVM,label,4,wdhRBF-17-0564-1_S230,0,0.22110187489701202
GEN,random,SVM,label,4,wdhRBF-17-0567-1_S122,0,0.8081369409242952
GEN,random,SVM,label,4,wdhRBF-18-0057_S14_L001,0,0.5943817783513999
GEN,random,SVM,label,4,WDHRBG-16-050-1_S40,0,0.8125449949620448
GEN,random,SVM,label,4,WDHRBG-17-121-1_S46,0,0.002605681173994269
GEN,random,SVM,label,4,wdhRBL-17-0370-1_S232,0,0.5090695493010009
GEN,random,SVM,label,4,wRBG-16-024-1_S152,0,0.4890417498167629
GEN,random,SVM,label,4,wRBG-16-027-1_S174,0,0.0024615797683319508
GEN,random,SVM,label,4,wRBG-16-032-1_S142,0,0.20283748795927742
GEN,random,SVM,label,4,wRBG-17-014-1_S167,0,0.8477060722804944
GEN,random,SVM,label,4,wRBG-17-023-1_S155,0,0.0006262599067804653
GEN,random,SVM,label,4,wRBG-17-082-1_S106,1,0.4083428029021683
GEN,random,SVM,label,4,wRBG-17-106-1_S125,1,0.14923407924412285
GEN,random,SVM,label,4,wwRBB-16-112-1_S1,1,0.22234603657572063
GEN,random,SVM,label,4,wwRBF-17-148-1_S27,0,0.08408703966763421
GEN,random,SVM,label,4,wwRBK-17-0148-1_S37,1,0.9370903202930556
GEN,random,SVM,label,4,wwRBK-17-0148-2_S38,1,0.7352098336800612
GEN,random,SVM,label,4,wwRBK-17-075-1_S28,1,0.8361789362038763
GEN,random,RF,label,0,H100_S2_L001,0,0.01
GEN,random,RF,label,0,H108_S5_L001,0,0.398
GEN,random,RF,label,0,H113_S6_L001,0,0.01
GEN,random,RF,label,0,H116_S8_L001,1,0.874
GEN,random,RF,label,0,H160_S3_L001,1,0.978
GEN,random,RF,label,0,H50_S7_L001,1,0.054
GEN,random,RF,label,0,H51_S5_L001,0,0.7023262727793591
GEN,random,RF,label,0,H71_S1_L001,1,0.7597265296279231
GEN,random,RF,label,0,H86_S1_L001,1,0.216
GEN,random,RF,label,0,NNRBG-17-0191-1_S1,1,0.6217547397047397
GEN,random,RF,label,0,NNRBG-17-0199-1_S5,0,0.002
GEN,random,RF,label,0,NNRBG-17-0205-1_S7,0,0.914
GEN,random,RF,label,0,NNRBG-17-0255-1_S14,0,0.226
GEN,random,RF,label,0,NNRBG-17-0294-1_S18,0,0.356
GEN,random,RF,label,0,NNRBG-17-0298-1_S19,0,0.008
GEN,random,RF,label,0,NNRBG-17-0399-1_S40,0,0.002
GEN,random,RF,label,0,RBB-17-171-1_S52,0,0.468
GEN,random,RF,label,0,RBB-18-0537-1_S21_L001,0,0.7004500656531522
GEN,random,RF,label,0,RBB-18-0668-1_S188,1,0.5115356557338648
GEN,random,RF,label,0,RBB-18-1086-1_S189_2,0,0.172
GEN,random,RF,label,0,RBB-18-1309-1_S42,1,0.646
GEN,random,RF,label,0,RBF-16-0064-1_S136,0,0.046
GEN,random,RF,label,0,RBF-17-0178-1_S139,0,0.514
GEN,random,RF,label,0,RBF-17-0467-1_S12,0,0.7583838286393918
GEN,random,RF,label,0,RBF-17-0513-1_S76,0,0.796
GEN,random,RF,label,0,RBF-17-0523-1_S30,0,0.004
GEN,random,RF,label,0,RBF-17-0538-1_S82,0,0.238
GEN,random,RF,label,0,RBF-17-0572-2_S89,0,0.084
GEN,random,RF,label,0,RBF-17-0587-1_S91,0,0.006
GEN,random,RF,label,0,RBF-17-0648-1_S100,0,0.35
GEN,random,RF,label,0,RBF-17-318-1_S77,1,0.426
GEN,random,RF,label,0,RBF-18-0013-1_S25_L001,0,0.008
GEN,random,RF,label,0,RBF-18-0036-1_S7,0,0.034
GEN,random,RF,label,0,RBF-18-0088-1_S24,1,0.586
GEN,random,RF,label,0,RBF-18-0132-1_S26,0,0.08853852813852814
GEN,random,RF,label,0,RBF-18-0139-1_S35,0,0.12975
GEN,random,RF,label,0,RBF-18-0147-1_S36,0,0.55
GEN,random,RF,label,0,RBF-18-0217-1_S54,0,0.076
GEN,random,RF,label,0,RBF-18-0227-1_S53,0,0.3478181818181818
GEN,random,RF,label,0,RBF-18-0252-1_S56,0,0.264
GEN,random,RF,label,0,RBF-18-0253-1_S13_L001,0,0.572
GEN,random,RF,label,0,RBF-18-0294-1_S64,0,0.01
GEN,random,RF,label,0,RBF-18-0321-1_S69,0,0.338
GEN,random,RF,label,0,RBF-18-0333-1_S70,0,0.218
GEN,random,RF,label,0,RBG-17-0383-1_S44,0,0.268
GEN,random,RF,label,0,RBG-18-0041-1_S6,0,0.134
GEN,random,RF,label,0,RBG-18-0113-1_S13_L001,0,0.014
GEN,random,RF,label,0,RBG-18-0129-1_S15_L001,0,0.796
GEN,random,RF,label,0,RBG-18-0144-1_S38,0,0.002
GEN,random,RF,label,0,RBG-18-0153-1_S14,0,0.8297366325109362
GEN,random,RF,label,0,RBG-18-0185-1_S40,0,0.0
GEN,random,RF,label,0,RBG-18-0193-1_S8,0,0.162
GEN,random,RF,label,0,RBG-18-0204-1_S23_L001,0,0.606
GEN,random,RF,label,0,RBG-18-0206-2_S46,0,0.826
GEN,random,RF,label,0,RBG-18-0276-1_S50,0,0.28733333333333333
GEN,random,RF,label,0,RBG-18-0280-1_S51,0,0.03
GEN,random,RF,label,0,RBG-18-0289-1_S37,1,0.124
GEN,random,RF,label,0,RBG-18-0300-1_S52,0,0.006
GEN,random,RF,label,0,RBG-18-0347-1_S22_L001,0,0.316
GEN,random,RF,label,0,RBG-18-0421-1_S53,1,0.8769427033922391
GEN,random,RF,label,0,RBK-16-073-1_S14,0,0.092
GEN,random,RF,label,0,RBK-17-049-1_S62,0,0.108
GEN,random,RF,label,0,RBK-17-0588-1_S24,0,0.7403635687221499
GEN,random,RF,label,0,RBK-17-0601-1_S25,0,0.7171038896069759
GEN,random,RF,label,0,RBK-18-0047-1_S20,0,0.332
GEN,random,RF,label,0,RBK-18-0236-2_S52_2,0,0.318
GEN,random,RF,label,0,RBL-17-0095-1_S147,0,0.006
GEN,random,RF,label,0,RBL-17-0129-1_S158,0,0.018
GEN,random,RF,label,0,RBL-17-0155-1_S165,0,0.3313333333333333
GEN,random,RF,label,0,RBL-17-0189-1_S172,0,0.0615
GEN,random,RF,label,0,RBL-17-0261-1_S100,0,0.178
GEN,random,RF,label,0,RBL-17-0264-1_S103,0,0.738
GEN,random,RF,label,0,RBL-17-0283-1_S27,0,0.382
GEN,random,RF,label,0,RBL-17-0342-1_S103,0,0.568
GEN,random,RF,label,0,RBL-17-0368-1_S114,0,0.01
GEN,random,RF,label,0,RBL-17-0374-1_S116,0,0.588
GEN,random,RF,label,0,RBL-17-0391-1_S122,0,0.644
GEN,random,RF,label,0,RBL-17-0393-1_S123,0,0.03
GEN,random,RF,label,0,RBL-17-0402-1_S126,0,0.012
GEN,random,RF,label,0,RBL-17-060-1_S17,0,0.81
GEN,random,RF,label,0,RBL-17-075-1_S18,1,0.2
GEN,random,RF,label,0,RBL-18-0016-1_S161,0,0.006
GEN,random,RF,label,0,RBL-18-0021-1_S42,0,0.414
GEN,random,RF,label,0,RBL-18-0098-1_S178,0,0.7068756523471598
GEN,random,RF,label,0,RBL-18-0131-1_S188_2,1,0.58
GEN,random,RF,label,0,RBT-16-0024-1_S10,1,0.486
GEN,random,RF,label,0,RBT-17-0023-1_S25,0,0.886
GEN,random,RF,label,0,RBT-17-0027-1_S3,0,0.0
GEN,random,RF,label,0,RBT-17-0084-1_S31,0,0.002
GEN,random,RF,label,0,RBT-17-0118-1_S45,0,0.29
GEN,random,RF,label,0,RBT-17-0130-1_S27,0,0.428
GEN,random,RF,label,0,RBT-17-0150-1_S54,0,0.002
GEN,random,RF,label,0,RBT-17-0156-1_S56,0,0.954
GEN,random,RF,label,0,RBT-17-0188-1_S68,0,0.388
GEN,random,RF,label,0,RBT-17-0291-1_S14,1,0.428
GEN,random,RF,label,0,RBT-17-0295-1_S15,0,0.002
GEN,random,RF,label,0,RBT-17-0337-1_S19,0,0.04
GEN,random,RF,label,0,RBT-18-0027-1_S68,0,0.0
GEN,random,RF,label,0,RBT-18-0052-1_S35,0,0.006
GEN,random,RF,label,0,RBT-18-0057-1_S38,1,0.248
GEN,random,RF,label,0,RBT-18-0120-1_S48,0,0.322
GEN,random,RF,label,0,RBT-18-0141-1_S32,0,0.008
GEN,random,RF,label,0,RBT-18-0184-1_S38,1,0.65
GEN,random,RF,label,0,RBT-18-0224-1_S43,0,0.002
GEN,random,RF,label,0,RBT-18-0296-1_S72,1,0.8718411261940673
GEN,random,RF,label,0,RBT-18-0316-1_S43,0,0.0
GEN,random,RF,label,0,RBT-18-0317-1_S27,0,0.002
GEN,random,RF,label,0,RBT-18-0324-1_S57,1,0.95
GEN,random,RF,label,0,RBT-18-0365-1_S30,0,0.194
GEN,random,RF,label,0,RBT-18-0368-1_S32,0,0.006
GEN,random,RF,label,0,RBT-18-0385-1_S34,0,0.002
GEN,random,RF,label,0,RBT-18-0391-1_S35,0,0.5714017976863175
GEN,random,RF,label,0,RBT-18-0401-1_S43,0,0.578
GEN,random,RF,label,0,ResetH115_S6_L001,0,0.84
GEN,random,RF,label,0,ResetH16_S2_L001,0,0.514
GEN,random,RF,label,0,ResetH24a_S3_2_L001,1,0.84
GEN,random,RF,label,0,ResetH30_S4_L001,0,0.222
GEN,random,RF,label,0,ResetH45_S5_L001,0,0.06
GEN,random,RF,label,0,ResetV105_S1_L001,0,0.252
GEN,random,RF,label,0,ResetV161_S3_L001,0,0.502
GEN,random,RF,label,0,ResetV210_S4_L001,1,0.836
GEN,random,RF,label,0,ResetV70_S6_L001,1,0.58
GEN,random,RF,label,0,Survcare052_S22,0,0.528
GEN,random,RF,label,0,Survcare184_S19,1,0.676
GEN,random,RF,label,0,Survcare236_S5_L001,1,0.724
GEN,random,RF,label,0,Survcare253_S35,0,0.264
GEN,random,RF,label,0,Survcare275_S38,1,0.568
GEN,random,RF,label,0,Survcare289_S36,1,0.964
GEN,random,RF,label,0,Survcare292_S39,0,0.718
GEN,random,RF,label,0,Survcare293_S40,1,0.966
GEN,random,RF,label,0,Survcare317_S5_L001,0,0.47
GEN,random,RF,label,0,Survcare318_S20_L001,0,0.406
GEN,random,RF,label,0,Survcare327_S1,0,0.766888888888889
GEN,random,RF,label,0,V1_S6_L001,1,0.72
GEN,random,RF,label,0,V114_S5_L001,0,0.702
GEN,random,RF,label,0,V153_S4_L001,1,0.938
GEN,random,RF,label,0,V177_S6_L001,0,0.232
GEN,random,RF,label,0,V182_S6_L001,1,0.478
GEN,random,RF,label,0,V201_S4_L001,0,0.702
GEN,random,RF,label,0,V228_S8_L001,1,0.92
GEN,random,RF,label,0,V232_S3_L001,0,0.012
GEN,random,RF,label,0,V238_S11_L001,1,0.532
GEN,random,RF,label,0,V279_S8_L001,1,0.85
GEN,random,RF,label,0,V292_S6_L001,1,0.648
GEN,random,RF,label,0,V71_S4_L001,1,0.952
GEN,random,RF,label,0,V79_S6_L001,0,0.542
GEN,random,RF,label,0,V96_S2_L001,1,0.984
GEN,random,RF,label,0,wdh-RBL-17-0431-1_S46,0,0.668
GEN,random,RF,label,0,wdhRBF-17-0558-1_S121,0,0.186
GEN,random,RF,label,0,wdhRBF-18-0025-1_S11_L001,0,0.152
GEN,random,RF,label,0,wdhRBF-18-0049-1_S13_L001,0,0.254
GEN,random,RF,label,0,wdhRBF-18-0098-1_S19_L001,0,0.08
GEN,random,RF,label,0,WDHRBG-17-001-1_S82,0,0.508
GEN,random,RF,label,0,wRBG-17-021-1_S166,0,0.008
GEN,random,RF,label,0,wRBG-17-028-1_S100,0,0.038
GEN,random,RF,label,0,wRBG-17-075-1_S96,0,0.286
GEN,random,RF,label,0,wRBG-17-100-1_S104,0,0.95
GEN,random,RF,label,0,wwRBF-16-094-1_S13,0,0.66
GEN,random,RF,label,0,wwRBF-17-251-1_S33,0,0.426
GEN,random,RF,label,0,wwRBK-16-023-1_S5,0,0.638
GEN,random,RF,label,0,wwRBK-17-0278-1_S41,0,0.3834545454545455
GEN,random,RF,label,0,WWSurvcare043_S43,0,0.444
GEN,random,RF,label,1,H122_S4_L001,1,0.642
GEN,random,RF,label,1,H148_S4_L001,1,0.692
GEN,random,RF,label,1,H37_S3_L001,0,0.006
GEN,random,RF,label,1,H38_S4_L001,0,0.938
GEN,random,RF,label,1,H53_S4_L001,0,0.8468523743112758
GEN,random,RF,label,1,NNRBG-17-0193-1_S2,0,0.018
GEN,random,RF,label,1,NNRBG-17-0201-1_S6,0,0.052
GEN,random,RF,label,1,NNRBG-17-0227-1_S8,0,0.0
GEN,random,RF,label,1,NNRBG-17-0239-1_S10,0,0.016
GEN,random,RF,label,1,NNRBG-17-0278-1_S16,0,0.046
GEN,random,RF,label,1,NNRBG-17-0316-1_S23,0,0.514
GEN,random,RF,label,1,NNRBG-17-0328-1_S25,0,0.04
GEN,random,RF,label,1,NNRBG-17-0329-1_S26,0,0.122
GEN,random,RF,label,1,NNRBG-17-0378-1_S37,1,0.8955104895104895
GEN,random,RF,label,1,RBB-18-0129-1_S179,0,0.432
GEN,random,RF,label,1,RBB-18-0546-1_S22_L001,0,0.628
GEN,random,RF,label,1,RBB-18-1312-1_S43,0,0.16
GEN,random,RF,label,1,RBB-18-1488-1_S46,0,0.0016923076923076924
GEN,random,RF,label,1,RBF-17-0164-1_S137,0,0.004
GEN,random,RF,label,1,RBF-17-0173-1_S138,0,0.028
GEN,random,RF,label,1,RBF-17-0508-1_S73,0,0.316
GEN,random,RF,label,1,RBF-17-0532-1_S80,0,0.872
GEN,random,RF,label,1,RBF-17-0602-1_S93,0,0.088
GEN,random,RF,label,1,RBF-17-0647-1_S99,0,0.02377777777777778
GEN,random,RF,label,1,RBF-17-0664-1_S63,0,0.318
GEN,random,RF,label,1,RBF-17-067-1_S54,1,0.7292628205128205
GEN,random,RF,label,1,RBF-17-170-1_S66,1,0.534
GEN,random,RF,label,1,RBF-18-0019-1_S2,1,0.7550307994293292
GEN,random,RF,label,1,RBF-18-0027-1_S5,1,0.064
GEN,random,RF,label,1,RBF-18-0086-1_S22,0,0.082
GEN,random,RF,label,1,RBF-18-0121-1_S28,1,0.67
GEN,random,RF,label,1,RBF-18-0123-1_S25_L001,0,0.386
GEN,random,RF,label,1,RBF-18-0151-1_S83,0,0.086
GEN,random,RF,label,1,RBF-18-0160-1_S37,0,0.552
GEN,random,RF,label,1,RBF-18-0179-1_S29,0,0.382
GEN,random,RF,label,1,RBF-18-0187-1_S31,0,0.8120590842679859
GEN,random,RF,label,1,RBF-18-0259-1_S33,0,0.006
GEN,random,RF,label,1,RBF-18-0280-1_S62,0,0.188
GEN,random,RF,label,1,RBF-18-0585-1_S48,0,0.504
GEN,random,RF,label,1,RBF-18-0714-2_S204_2,0,0.6029087301587301
GEN,random,RF,label,1,RBG-17-0269-1_S41,0,0.212
GEN,random,RF,label,1,RBG-17-0284-1_S59,0,0.762
GEN,random,RF,label,1,RBg-17-123-2_S12,0,0.328
GEN,random,RF,label,1,RBG-18-0004-1_S1,0,0.8250863569952586
GEN,random,RF,label,1,RBG-18-0023-1_S2,1,0.106
GEN,random,RF,label,1,RBG-18-0054-1_S42,0,0.058
GEN,random,RF,label,1,RBG-18-0071-1_S44,0,0.158
GEN,random,RF,label,1,RBG-18-0077-1_S9,1,0.612
GEN,random,RF,label,1,RBG-18-0099-1_S14,0,0.8250863569952586
GEN,random,RF,label,1,RBG-18-0108-1_S16,0,0.00347008547008547
GEN,random,RF,label,1,RBG-18-0166-1_S10_L001,0,0.0
GEN,random,RF,label,1,RBG-18-0177-1_S17_L001,1,0.8756794871794872
GEN,random,RF,label,1,RBG-18-0200-1_S18_L001,1,0.8099357811005644
GEN,random,RF,label,1,RBG-18-0301-1_S53,0,0.023600000000000003
GEN,random,RF,label,1,RBG-18-0358-1_S39,0,0.068
GEN,random,RF,label,1,RBK-16-007-1_S13,0,0.672
GEN,random,RF,label,1,RBK-17-0492-1_S8,1,0.488
GEN,random,RF,label,1,RBK-18-0002-1_S38,1,0.0014
GEN,random,RF,label,1,RBK-18-0005-1_S18,0,0.004
GEN,random,RF,label,1,RBL-17-0093-1_S146,0,0.92
GEN,random,RF,label,1,RBL-17-0107-1_S150,0,0.8635
GEN,random,RF,label,1,RBL-17-0144-1_S163,0,0.266
GEN,random,RF,label,1,RBL-17-0159-1_S166,0,0.222
GEN,random,RF,label,1,RBL-17-0232-1_S91,0,0.378
GEN,random,RF,label,1,RBL-17-0244-1_S44,0,0.6146417192800321
GEN,random,RF,label,1,RBL-17-0246-1_S94,1,0.448
GEN,random,RF,label,1,RBL-17-0256-1_S98,0,0.37
GEN,random,RF,label,1,RBL-17-0263-1_S102,0,0.048
GEN,random,RF,label,1,RBL-17-0274-2_S105,0,0.364
GEN,random,RF,label,1,RBL-17-0327-1_S116,0,0.01
GEN,random,RF,label,1,RBL-17-0347-1_S104,0,0.0
GEN,random,RF,label,1,RBL-17-0366-1_S113,1,0.664
GEN,random,RF,label,1,RBL-17-0392-1_S69,1,0.958
GEN,random,RF,label,1,RBL-17-0435-1_S134,0,0.0
GEN,random,RF,label,1,RBL-18-0019-1_S41,0,0.006
GEN,random,RF,label,1,RBL-18-0022-1_S43,0,0.254
GEN,random,RF,label,1,RBL-18-0032-1_S167,0,0.112
GEN,random,RF,label,1,RBL-18-0048-1_S44,0,0.6235063436563435
GEN,random,RF,label,1,RBL-18-0066-1_S173,0,0.006
GEN,random,RF,label,1,RBL-18-0343-1_S6,0,0.904
GEN,random,RF,label,1,RBL-18-0467-1_S228_2,1,0.272
GEN,random,RF,label,1,RBT-16-0038-1_S11,0,0.6452271756021756
GEN,random,RF,label,1,RBT-17-0003-1_S16,0,0.082
GEN,random,RF,label,1,RBT-17-0008-1_S18,0,0.176
GEN,random,RF,label,1,RBT-17-0019-1_S62,0,0.764
GEN,random,RF,label,1,RBT-17-0039-1_S28,1,0.8874285714285715
GEN,random,RF,label,1,RBT-17-0097-1_S34,1,0.46
GEN,random,RF,label,1,RBT-17-0102-1_S37,0,0.8773168196698387
GEN,random,RF,label,1,RBT-17-0133-1_S6,0,0.71
GEN,random,RF,label,1,RBT-17-0174-1_S64,0,0.002
GEN,random,RF,label,1,RBT-17-0219-1_S8,0,0.3
GEN,random,RF,label,1,RBT-17-0232-1_S58,1,0.25
GEN,random,RF,label,1,RBT-17-0238-1_S59,0,0.842
GEN,random,RF,label,1,RBT-17-0256-1_S25,0,0.336
GEN,random,RF,label,1,RBT-17-0339-1_S20,0,0.946
GEN,random,RF,label,1,RBT-18-0017-1_S67,0,0.002
GEN,random,RF,label,1,RBT-18-0056-1_S37,0,0.0
GEN,random,RF,label,1,RBT-18-0064-1_S15,0,0.812
GEN,random,RF,label,1,RBT-18-0071-1_S41,0,0.33
GEN,random,RF,label,1,RBT-18-0102-1_S23,0,0.002
GEN,random,RF,label,1,RBT-18-0115-1_S45,0,0.0249
GEN,random,RF,label,1,RBT-18-0121-1_S28,0,0.088
GEN,random,RF,label,1,RBT-18-0122-1_S63,0,0.154
GEN,random,RF,label,1,RBT-18-0205-1_S6,1,0.842
GEN,random,RF,label,1,RBT-18-0230-1_S45,0,0.006
GEN,random,RF,label,1,RBT-18-0247-1_S16,1,0.898
GEN,random,RF,label,1,RBT-18-0252-1_S53,0,0.46
GEN,random,RF,label,1,RBT-18-0259-1_S55,0,0.414
GEN,random,RF,label,1,RBT-18-0263-1_S58,0,0.096
GEN,random,RF,label,1,RBT-18-0271-1_S62,0,0.006
GEN,random,RF,label,1,RBT-18-0278-1_S64,0,0.28158354978354977
GEN,random,RF,label,1,RBT-18-0288-1_S68,0,0.006
GEN,random,RF,label,1,RBT-18-0303-1_S20,1,0.926
GEN,random,RF,label,1,RBT-18-0308-1_S34,0,0.522
GEN,random,RF,label,1,RBT-18-0338-1_S35,0,0.0
GEN,random,RF,label,1,RBT-18-0351-1_S48,0,0.188
GEN,random,RF,label,1,RBT-18-0377-1_S1,0,0.654
GEN,random,RF,label,1,RBT-18-0392-1_S56,0,0.973525641025641
GEN,random,RF,label,1,ResetH131_S7_L001,0,0.803719486610741
GEN,random,RF,label,1,ResetH132_S1_L001,0,0.8749285714285715
GEN,random,RF,label,1,ResetH139_S3_L001,0,0.412
GEN,random,RF,label,1,ResetH44_S3_L001,1,0.63
GEN,random,RF,label,1,ResetH49b_S6_L001,0,0.844
GEN,random,RF,label,1,ResetH63_S7_L001,0,0.8250863569952586
GEN,random,RF,label,1,ResetH68_S1_L001,0,0.006
GEN,random,RF,label,1,ResetH98_S4_L001,0,0.07015396825396825
GEN,random,RF,label,1,ResetV143_S2_L001,1,0.584
GEN,random,RF,label,1,ResetV260_S5_L001,0,0.8716923076923077
GEN,random,RF,label,1,RPG-18-0435-1_S32,0,0.004
GEN,random,RF,label,1,Survcare130_S2,0,0.0
GEN,random,RF,label,1,Survcare190_S35,1,0.11
GEN,random,RF,label,1,Survcare244_S9_L001,0,0.26
GEN,random,RF,label,1,Survcare319_S16,0,0.328
GEN,random,RF,label,1,Survcare321_S18,0,0.388
GEN,random,RF,label,1,Survcare334_S10,0,0.894
GEN,random,RF,label,1,V113_S3_L001,0,0.388
GEN,random,RF,label,1,V120_S5_L001,1,0.264
GEN,random,RF,label,1,V123_S1_L001,0,0.552
GEN,random,RF,label,1,V131_S7_L001,1,0.348
GEN,random,RF,label,1,V155_S5_L001,1,0.916
GEN,random,RF,label,1,V205_S3_L001,0,0.428
GEN,random,RF,label,1,V229_S10_L001,1,0.924
GEN,random,RF,label,1,V289_S5_L001,1,0.91
GEN,random,RF,label,1,V295_S7_L001,0,0.9431899766899767
GEN,random,RF,label,1,V64_S3_L001,0,0.018
GEN,random,RF,label,1,V73_S5_L001,1,0.99
GEN,random,RF,label,1,W2RBK-17-169-1_S34,0,0.3
GEN,random,RF,label,1,wdh-RBB-16-025-1_S20,0,0.176
GEN,random,RF,label,1,wdhRBF-18-0048-1_S12_L001,0,0.318
GEN,random,RF,label,1,WDHRBG-16-062-1_S49,0,0.0
GEN,random,RF,label,1,WDHRBG-17-0256-1_S17,0,0.122
GEN,random,RF,label,1,wNRZ-33910_S81,1,0.374
GEN,random,RF,label,1,wRBF-17-0146-1_S35,1,0.9620616618675444
GEN,random,RF,label,1,wRBG-16-026-1_S163,0,0.01
GEN,random,RF,label,1,wRBG-16-033-1_S153,0,0.8789285714285714
GEN,random,RF,label,1,wRBG-17-034-1_S121,0,0.064
GEN,random,RF,label,1,wRBG-17-049-1_S142,0,0.03
GEN,random,RF,label,1,wRBG-17-073-1_S118,0,0.012
GEN,random,RF,label,1,wRBG-17-112-1_S146,0,0.16
GEN,random,RF,label,1,wwRBF-16-007-1_S10,1,0.6991362150920974
GEN,random,RF,label,1,wwRBF-17-167-1_S31,1,0.5302063492063491
GEN,random,RF,label,1,wwRBK-17-0197-1_S39,1,0.861112690302474
GEN,random,RF,label,2,H109_S2_L001,0,0.452
GEN,random,RF,label,2,H130_S2_L001,1,0.016
GEN,random,RF,label,2,H141_S6_L001,0,0.31
GEN,random,RF,label,2,H153_S1_L001,1,0.998
GEN,random,RF,label,2,H154_S2_L001,1,0.942
GEN,random,RF,label,2,H157_S3_L001,0,0.392
GEN,random,RF,label,2,H17_S2_L001,0,0.014
GEN,random,RF,label,2,H28_S10_L001,0,0.426
GEN,random,RF,label,2,NNRBG-17-0319-1_S24,0,0.0
GEN,random,RF,label,2,NNSurvcare045_S41,0,0.39
GEN,random,RF,label,2,RBB-17-011-1_S40,0,0.7300434113305976
GEN,random,RF,label,2,RBB-18-0519-1_S184,0,0.384
GEN,random,RF,label,2,RBB-18-0772-1_S192,0,0.358
GEN,random,RF,label,2,RBB-18-0892-1_S80_2,1,0.44
GEN,random,RF,label,2,RBB-18-0972-1_S203_2,1,0.21
GEN,random,RF,label,2,RBB-18-1393-1_S48,0,0.566
GEN,random,RF,label,2,RBB-18-1460-1_S45,1,0.476
GEN,random,RF,label,2,RBBK18-0189-1_S24_L001,1,0.908
GEN,random,RF,label,2,RBF-17-0195-1_S141,0,0.416
GEN,random,RF,label,2,RBF-17-0340-1_S81,0,0.878
GEN,random,RF,label,2,RBF-17-0424-1_S15,0,0.19
GEN,random,RF,label,2,RBF-17-0489-1_S13,0,0.7150805297677161
GEN,random,RF,label,2,RBF-17-0614-3_S95,0,0.012
GEN,random,RF,label,2,RBF-17-0616-1_S96,0,0.224
GEN,random,RF,label,2,RBF-17-0651-1_S62,0,0.406
GEN,random,RF,label,2,RBF-18-0035-1_S6,0,0.33
GEN,random,RF,label,2,RBF-18-0055-1_S11,0,0.15
GEN,random,RF,label,2,RBF-18-0066-1_S15,0,0.212
GEN,random,RF,label,2,RBF-18-0085-1_S21,0,0.028
GEN,random,RF,label,2,RBF-18-0087-1_S23,0,0.192
GEN,random,RF,label,2,RBF-18-0093-1_S80,1,0.18
GEN,random,RF,label,2,RBF-18-0126-1_S31,0,0.016
GEN,random,RF,label,2,RBF-18-0135-1_S34,1,0.414
GEN,random,RF,label,2,RBF-18-0173-1_S27,0,0.47955555555555557
GEN,random,RF,label,2,RBF-18-0194-1_S86,0,0.568
GEN,random,RF,label,2,RBF-18-0200-1_S48,0,0.014
GEN,random,RF,label,2,RBF-18-0201-1_S49,0,0.298
GEN,random,RF,label,2,RBF-18-0208-2_S11_L001,0,0.164
GEN,random,RF,label,2,RBF-18-0282-1_S63,0,0.222
GEN,random,RF,label,2,RBF-18-0296-1_S17,0,0.778
GEN,random,RF,label,2,RBF-18-0338-1_S72,0,0.036
GEN,random,RF,label,2,RBF-18-0339-1_S37,0,0.256
GEN,random,RF,label,2,RBF-18-0405-1_S81_2,0,0.924
GEN,random,RF,label,2,RBF-18-0634-1_S183,0,0.142
GEN,random,RF,label,2,RBF-18-0664-1_S190,0,0.08
GEN,random,RF,label,2,RBG-17-0351-1_S20_L001,0,0.7455
GEN,random,RF,label,2,RBG-18-0017-1_S5,0,0.564
GEN,random,RF,label,2,RBG-18-0029-1_S40,0,0.056
GEN,random,RF,label,2,RBG-18-0072-1_S8,0,0.5913000555000555
GEN,random,RF,label,2,RBG-18-0221-1_S47,1,0.304
GEN,random,RF,label,2,RBG-18-0223-1_S2,0,0.032
GEN,random,RF,label,2,RBG-18-0239-1_S4,0,0.012
GEN,random,RF,label,2,RBG-18-0367-1_S57,0,0.022
GEN,random,RF,label,2,RBG-18-0388-1_S21_L001,1,0.94147567987568
GEN,random,RF,label,2,RBG-18-0391-1_S22_L001,1,0.594
GEN,random,RF,label,2,RBG-18-0402-1_S50,0,0.134
GEN,random,RF,label,2,RBG-18-0410-1_S12,0,0.7894461538461538
GEN,random,RF,label,2,RBG-18-0417-1_S52,0,0.24
GEN,random,RF,label,2,RBK-16-079-1_S15,1,0.01
GEN,random,RF,label,2,RBK-17-0595-1_S187,0,0.132
GEN,random,RF,label,2,RBK-17-0655-5_S182,0,0.8012137953549722
GEN,random,RF,label,2,RBK-18-0037-1_S199,0,0.342
GEN,random,RF,label,2,RBK-18-0080-1_S205,0,0.054
GEN,random,RF,label,2,RBK-18-0104-1_S206,0,0.034
GEN,random,RF,label,2,RBK-18-0250-1_S235_2,0,0.092
GEN,random,RF,label,2,RBK-18-0644-1_S180,0,0.082
GEN,random,RF,label,2,RBKk-18-0108-1_S201,0,0.7401722610722611
GEN,random,RF,label,2,RBL-17-0090-1_S145,0,0.03269979296066252
GEN,random,RF,label,2,RBL-17-0108-1_S151,0,0.056
GEN,random,RF,label,2,RBL-17-0113-1_S153,1,0.946
GEN,random,RF,label,2,RBL-17-0116-1_S154,0,0.622
GEN,random,RF,label,2,RBL-17-0118-1_S156,0,0.022
GEN,random,RF,label,2,RBL-17-0217-1_S176,0,0.1
GEN,random,RF,label,2,RBL-17-0226-1_S41,1,0.47219576463604573
GEN,random,RF,label,2,RBL-17-0235-1_S92,0,0.026
GEN,random,RF,label,2,RBL-17-0259-1_S99,0,0.504
GEN,random,RF,label,2,RBL-17-0267-1_S104,0,0.138
GEN,random,RF,label,2,RBL-17-0300-1_S112,0,0.088
GEN,random,RF,label,2,RBL-17-0305-1_S49,1,0.93
GEN,random,RF,label,2,RBL-17-0320-1_S114,0,0.178
GEN,random,RF,label,2,RBL-17-0323-1_S115,0,0.3
GEN,random,RF,label,2,RBL-17-0328-1_S117,0,0.358
GEN,random,RF,label,2,RBL-17-0340-1_S102,0,0.09
GEN,random,RF,label,2,RBL-17-0350-1_S106,0,0.84
GEN,random,RF,label,2,RBL-17-0365-1_S112,0,0.04
GEN,random,RF,label,2,RBL-17-0409-1_S127,0,0.002
GEN,random,RF,label,2,RBL-18-0010-1_S159,0,0.156
GEN,random,RF,label,2,RBT-16-0045-1_S58,0,0.212
GEN,random,RF,label,2,RBT-17-0009-1_S21,0,0.468
GEN,random,RF,label,2,RBT-17-0011-1_S19,0,0.0
GEN,random,RF,label,2,RBT-17-0022-1_S24,0,0.018
GEN,random,RF,label,2,RBT-17-0107-1_S39,0,0.016
GEN,random,RF,label,2,RBT-17-0112-1_S41,0,0.032
GEN,random,RF,label,2,RBT-17-0138-1_S52,0,0.142
GEN,random,RF,label,2,RBT-17-0142-1_S53,0,0.004
GEN,random,RF,label,2,RBT-17-0167-1_S27,0,0.01
GEN,random,RF,label,2,RBT-17-0173-1_S63,0,0.006
GEN,random,RF,label,2,RBT-17-0177-1_S65,0,0.182
GEN,random,RF,label,2,RBT-17-0178-1_S66,0,0.004
GEN,random,RF,label,2,RBT-17-0210-1_S55,0,0.0
GEN,random,RF,label,2,RBT-17-0217-1_S7,1,0.88
GEN,random,RF,label,2,RBT-17-0249-1_S61,1,0.9472417270551946
GEN,random,RF,label,2,RBT-17-0279-1_S12,0,0.6
GEN,random,RF,label,2,RBT-17-0285-1_S66,0,0.526
GEN,random,RF,label,2,RBT-18-0004-1_S51,1,0.8
GEN,random,RF,label,2,RBT-18-0030-1_S69,0,0.014
GEN,random,RF,label,2,RBT-18-0042-1_S60,0,0.0
GEN,random,RF,label,2,RBT-18-0045-1_S70,0,0.328
GEN,random,RF,label,2,RBT-18-0046-1_S2,0,0.722
GEN,random,RF,label,2,RBT-18-0066-1_S40,0,0.04
GEN,random,RF,label,2,RBT-18-0116-1_S46,0,0.014
GEN,random,RF,label,2,RBT-18-0179-1_S37,0,0.186
GEN,random,RF,label,2,RBT-18-0181-1_S61,0,0.376
GEN,random,RF,label,2,RBT-18-0236-1_S48,1,0.826
GEN,random,RF,label,2,RBT-18-0251-1_S7,0,0.278
GEN,random,RF,label,2,RBT-18-0253-1_S54,1,0.3
GEN,random,RF,label,2,RBT-18-0265-1_S59,0,0.092
GEN,random,RF,label,2,RBT-18-0275-1_S63,0,0.008
GEN,random,RF,label,2,RBT-18-0293-1_S71,0,0.002
GEN,random,RF,label,2,RBT-18-0341-1_S24,0,0.294
GEN,random,RF,label,2,RBT-18-0360-1_S39,1,0.816
GEN,random,RF,label,2,RBT-18-0361-1_S38,0,0.098
GEN,random,RF,label,2,RBT-18-0363-1_S72,1,0.964
GEN,random,RF,label,2,ResetH1_S1_L001,0,0.022
GEN,random,RF,label,2,ResetH10_S1_L001,1,0.126
GEN,random,RF,label,2,ResetH129_S7_L001,1,0.551898901098901
GEN,random,RF,label,2,ResetH134_S8_L001,0,0.568
GEN,random,RF,label,2,ResetH75_S2_L001,1,0.9674004162504164
GEN,random,RF,label,2,ResetH93_S5_L001,1,0.186
GEN,random,RF,label,2,ResetV288_S6_L001,1,0.934
GEN,random,RF,label,2,ResetV74_S7_L001,0,0.392
GEN,random,RF,label,2,Survcare125_S25,1,0.31
GEN,random,RF,label,2,Survcare134_S26,0,0.044
GEN,random,RF,label,2,Survcare140_S4_L001,0,0.044
GEN,random,RF,label,2,Survcare176_S17_L001,1,0.25
GEN,random,RF,label,2,Survcare221_S7_L001,0,0.01
GEN,random,RF,label,2,Survcare278_S62,1,0.752
GEN,random,RF,label,2,Survcare313_S24_L001,1,0.58
GEN,random,RF,label,2,Survcare350_S44,0,0.248
GEN,random,RF,label,2,V152_S3_L001,1,0.02
GEN,random,RF,label,2,V168_S9_L001,1,0.262
GEN,random,RF,label,2,V172_S5_L001,1,0.126
GEN,random,RF,label,2,V215_S2_L001,1,0.214
GEN,random,RF,label,2,V8_S7_L001,0,0.148
GEN,random,RF,label,2,V80_S7_L001,0,0.29
GEN,random,RF,label,2,V89_S1_L001,0,0.384
GEN,random,RF,label,2,W2RBK-17-168-1_S33,0,0.40932562437562436
GEN,random,RF,label,2,wdhRBF-10-0002-1_S10_L001,1,0.47538461538461535
GEN,random,RF,label,2,wdhRBF-18-0081-1_S18_L001,0,0.424
GEN,random,RF,label,2,WDHRBG-16-049-1_S87,0,0.708
GEN,random,RF,label,2,WDHRBG-16-060-1_S27,0,0.816
GEN,random,RF,label,2,WDHRBG-17-005-2_S61,0,0.006
GEN,random,RF,label,2,WDHRBG-17-0093-1_S1,0,0.282
GEN,random,RF,label,2,wRBG-17-025-1_S133,0,0.01
GEN,random,RF,label,2,wRBG-17-030-1_S165,0,0.158
GEN,random,RF,label,2,wRBG-17-047-1_S153,0,0.004
GEN,random,RF,label,2,wRBG-17-058-1_S130,0,0.056
GEN,random,RF,label,2,wRBG-17-072-1_S129,0,0.002
GEN,random,RF,label,2,wRBG-17-081-1_S117,0,0.034
GEN,random,RF,label,2,wRBG-17-110-1_S168,0,0.076
GEN,random,RF,label,2,wwRBK-17-0298-1_S42,0,0.22
GEN,random,RF,label,2,wwRBL-17-004-1_S44,1,0.7639272236363575
GEN,random,RF,label,3,H162_S4_L001,1,0.86
GEN,random,RF,label,3,H164_S3_L001,1,1.0
GEN,random,RF,label,3,H3_S1_L001,0,0.887681746031746
GEN,random,RF,label,3,H66_S1_L001,1,0.128
GEN,random,RF,label,3,H83_S7_L001,0,0.092
GEN,random,RF,label,3,NNRBG-17-0196-1_S3,0,0.0
GEN,random,RF,label,3,NNRBG-17-0198-1_S4,0,0.078
GEN,random,RF,label,3,NNRBG-17-0242-1_S11,0,0.42281010101010086
GEN,random,RF,label,3,NNRBG-17-0287-1_S17,0,0.276
GEN,random,RF,label,3,NNRBG-17-0308-1_S20,0,0.012
GEN,random,RF,label,3,NNRBG-17-0382-1_S38,0,0.416
GEN,random,RF,label,3,RBB-18-0490-1_S20_L001,0,0.54
GEN,random,RF,label,3,RBB-18-0665-1_S23_L001,0,0.528
GEN,random,RF,label,3,RBB-18-0765-1_S191,0,0.648
GEN,random,RF,label,3,RBB-19-0014-1_S44,0,0.82
GEN,random,RF,label,3,RBF-10-0240-1_S12_L001,1,0.002
GEN,random,RF,label,3,RBF-17-0194-1_S140,0,0.0
GEN,random,RF,label,3,RBF-17-0438-1_S9,1,0.34202567987568
GEN,random,RF,label,3,RBF-17-0450-1_S10,0,0.142
GEN,random,RF,label,3,RBF-17-0520-2_S55,1,0.164
GEN,random,RF,label,3,RBF-17-0550-1_S84,0,0.41
GEN,random,RF,label,3,RBF-17-0632-1_S97,0,0.0
GEN,random,RF,label,3,RBF-17-0645-1_S61,0,0.346
GEN,random,RF,label,3,RBF-17-186-1_S69,1,0.34202567987568
GEN,random,RF,label,3,RBF-17-277-1_S73,0,0.066
GEN,random,RF,label,3,RBF-18-0072-1_S16,0,0.014
GEN,random,RF,label,3,RBF-18-0075-1_S79,1,0.265
GEN,random,RF,label,3,RBF-18-0127-1_S32,0,0.008
GEN,random,RF,label,3,RBF-18-0174-1_S28,1,0.36044444444444446
GEN,random,RF,label,3,RBF-18-0192-1_S44,0,0.114
GEN,random,RF,label,3,RBF-18-0196-1_S46,0,0.5828222222222222
GEN,random,RF,label,3,RBF-18-0199-1_S47,0,0.791179365079365
GEN,random,RF,label,3,RBF-18-0277-1_S61,0,0.6945621933621932
GEN,random,RF,label,3,RBF-18-0310-1_S36,0,0.466
GEN,random,RF,label,3,RBG-17-013-1_S16,1,0.802
GEN,random,RF,label,3,RBG-18-0012-1_S3,1,0.41
GEN,random,RF,label,3,RBG-18-0076-1_S10,0,0.408
GEN,random,RF,label,3,RBG-18-0083-1_S12,0,0.044
GEN,random,RF,label,3,RBG-18-0140-1_S14_L001,0,0.296
GEN,random,RF,label,3,RBG-18-0170-1_S41,0,0.04
GEN,random,RF,label,3,RBG-18-0194-1_S45,0,0.216
GEN,random,RF,label,3,RBG-18-0202-1_S13_L001,0,0.258
GEN,random,RF,label,3,RBG-18-0224-1_S24_L001,1,0.9072666666666668
GEN,random,RF,label,3,RBG-18-0256-1_S8_L001,0,0.0085
GEN,random,RF,label,3,RBG-18-0279-1_S36,0,0.6695098124098124
GEN,random,RF,label,3,RBG-18-0308-1_S54,0,0.244
GEN,random,RF,label,3,RBG-18-0312-1_S55,0,0.304
GEN,random,RF,label,3,RBG-18-0352-1_S21_L001,0,0.05
GEN,random,RF,label,3,RBG-18-0394-1_S23_L001,0,0.0
GEN,random,RF,label,3,RBG-18-0437-1_S54,0,0.26
GEN,random,RF,label,3,RBK-16-124-1_S16,0,0.506
GEN,random,RF,label,3,RBK-17-0457-1_S6,1,0.666
GEN,random,RF,label,3,RBK-17-0612-1_S27,1,0.3544590132090134
GEN,random,RF,label,3,RBK-18-0022-1_S197,0,0.224
GEN,random,RF,label,3,RBK-18-0038-1_S200,0,0.008
GEN,random,RF,label,3,RBK-18-0060-1_S22,0,0.25
GEN,random,RF,label,3,RBK-18-0062-2_S203,0,0.37
GEN,random,RF,label,3,RBK-18-0077-1_S212,1,0.3544590132090134
GEN,random,RF,label,3,RBK-18-0414-1_S59,0,0.466
GEN,random,RF,label,3,RBL-17-0117-1_S155,0,0.0
GEN,random,RF,label,3,RBL-17-0138-1_S162,0,0.002
GEN,random,RF,label,3,RBL-17-0165-1_S167,0,0.282
GEN,random,RF,label,3,RBL-17-0172-1_S170,0,0.034
GEN,random,RF,label,3,RBL-17-0197-1_S173,0,0.004
GEN,random,RF,label,3,RBL-17-0307-1_S51,1,0.34202567987568
GEN,random,RF,label,3,RBL-17-0349-1_S105,0,0.128
GEN,random,RF,label,3,RBL-17-0359-1_S66,1,0.49479999999999996
GEN,random,RF,label,3,RBL-17-0383-1_S119,0,0.308
GEN,random,RF,label,3,RBL-17-0428-1_S70,0,0.728
GEN,random,RF,label,3,RBL-17-0429-1_S130,0,0.002
GEN,random,RF,label,3,RBL-17-0432-1_S132,0,0.418
GEN,random,RF,label,3,RBL-17-0434-1_S133,0,0.692
GEN,random,RF,label,3,RBL-18-0059-1_S171,0,0.2727453768453769
GEN,random,RF,label,3,RBL-18-0085-1_S176,0,0.036
GEN,random,RF,label,3,RBL-18-0194-1_S195_2,1,0.6495
GEN,random,RF,label,3,RBL-18-0242-1_S51,0,0.088
GEN,random,RF,label,3,RBT-17-0024-1_S23,0,0.0
GEN,random,RF,label,3,RBT-17-0079-1_S29,0,0.194
GEN,random,RF,label,3,RBT-17-0090-1_S32,0,0.0
GEN,random,RF,label,3,RBT-17-0099-1_S35,0,0.322
GEN,random,RF,label,3,RBT-17-0113-1_S42,0,0.618
GEN,random,RF,label,3,RBT-17-0124-1_S46,0,0.592
GEN,random,RF,label,3,RBT-17-0165-1_S60,0,0.026
GEN,random,RF,label,3,RBT-17-0228-1_S10,0,0.164
GEN,random,RF,label,3,RBT-17-0251-1_S62,1,0.686
GEN,random,RF,label,3,RBT-17-0270-1_S65,0,0.014
GEN,random,RF,label,3,RBT-17-0287-1_S10,0,0.548
GEN,random,RF,label,3,RBT-18-0023-1_S14,0,0.012
GEN,random,RF,label,3,RBT-18-0079-1_S16,0,0.088
GEN,random,RF,label,3,RBT-18-0080-1_S49,1,0.658
GEN,random,RF,label,3,RBT-18-0096-1_S20,0,0.024
GEN,random,RF,label,3,RBT-18-0101-1_S22,0,0.332
GEN,random,RF,label,3,RBT-18-0103-1_S24,0,0.18
GEN,random,RF,label,3,RBT-18-0110-1_S27,0,0.32
GEN,random,RF,label,3,RBT-18-0113-1_S44,0,0.0
GEN,random,RF,label,3,RBT-18-0127-1_S51,0,0.0
GEN,random,RF,label,3,RBT-18-0129-1_S52,0,0.34
GEN,random,RF,label,3,RBT-18-0134-1_S29,0,0.0
GEN,random,RF,label,3,RBT-18-0146-1_S55,0,0.046
GEN,random,RF,label,3,RBT-18-0164-1_S34,0,0.508
GEN,random,RF,label,3,RBT-18-0185-1_S39,0,0.024
GEN,random,RF,label,3,RBT-18-0197-1_S40,0,0.016
GEN,random,RF,label,3,RBT-18-0231-1_S14,0,0.028
GEN,random,RF,label,3,RBT-18-0232-1_S47,0,0.486
GEN,random,RF,label,3,RBT-18-0234-1_S15,1,0.536
GEN,random,RF,label,3,RBT-18-0241-1_S50,0,0.018
GEN,random,RF,label,3,RBT-18-0246-1_S52,0,0.082
GEN,random,RF,label,3,RBT-18-0269-1_S61,0,0.174
GEN,random,RF,label,3,RBT-18-0283-1_S65,0,0.0
GEN,random,RF,label,3,RBT-18-0284-1_S66,1,0.9467857142857142
GEN,random,RF,label,3,RBT-18-0325-1_S44,0,0.112
GEN,random,RF,label,3,RBT-18-0334-1_S23,0,0.01
GEN,random,RF,label,3,RBT-18-0337-1_S46,0,0.37112178377178384
GEN,random,RF,label,3,RBT-18-0340-1_S36,0,0.002
GEN,random,RF,label,3,RBT-18-0358-1_S28,0,0.002
GEN,random,RF,label,3,RBT-18-0384-1_S40,0,0.006
GEN,random,RF,label,3,ResetH127_S6_L001,1,0.7921506493506493
GEN,random,RF,label,3,ResetH152_S4_L001,1,0.996
GEN,random,RF,label,3,ResetH8_S2_L001,0,0.25
GEN,random,RF,label,3,Survcare0111_S29,0,0.262
GEN,random,RF,label,3,Survcare133_S25,0,0.006
GEN,random,RF,label,3,Survcare187_S32,0,0.8161507936507937
GEN,random,RF,label,3,Survcare262_S23_L001,1,0.416
GEN,random,RF,label,3,Survcare265_S20,1,0.3881101731601732
GEN,random,RF,label,3,Survcare295_S8_L001,0,0.52
GEN,random,RF,label,3,Survcare310_S21_L001,1,0.294
GEN,random,RF,label,3,Survcare337_S12,0,0.072
GEN,random,RF,label,3,Survcare341_S25,0,0.288
GEN,random,RF,label,3,Survcare360_S84,0,0.612
GEN,random,RF,label,3,V108_S2_L001,0,0.4
GEN,random,RF,label,3,V116_S6_L001,0,0.3
GEN,random,RF,label,3,V130_S5_L001,1,0.554
GEN,random,RF,label,3,V163_S6_L001,1,0.566
GEN,random,RF,label,3,V173_S6_L001,1,0.056
GEN,random,RF,label,3,V268_S12_L001,1,0.582
GEN,random,RF,label,3,V271_S13_L001,0,0.59
GEN,random,RF,label,3,V282_S4_L001,0,0.346
GEN,random,RF,label,3,V41_S2_L001,1,0.804
GEN,random,RF,label,3,V9_S1_L001,1,0.982
GEN,random,RF,label,3,V98_S3_L001,1,0.944
GEN,random,RF,label,3,W2RBF-17-090-1_S26,0,0.33
GEN,random,RF,label,3,W2RBF-17-133-1_S28,0,0.374
GEN,random,RF,label,3,wdh-RBF-17-0572-1_S43,0,0.328
GEN,random,RF,label,3,wdh-RBL-17-0361-1_S44,0,0.012
GEN,random,RF,label,3,wdh-Survcare119_S44,0,0.10266666666666667
GEN,random,RF,label,3,wdh2NRZ-29911a_S31,1,0.116
GEN,random,RF,label,3,wdhRBF-18-0059-1_S15_L001,0,0.08
GEN,random,RF,label,3,wdhRBF-18-0080-1_S17_L001,0,0.47
GEN,random,RF,label,3,WDHRBG-17-008-1_S83,0,0.42
GEN,random,RF,label,3,WDHRBG-17-122-1_S48,0,0.53
GEN,random,RF,label,3,wNRZ-32446_S79,1,0.61
GEN,random,RF,label,3,wRBG-16-034-1_S164,0,0.144
GEN,random,RF,label,3,wRBG-17-022-1_S43,0,0.916
GEN,random,RF,label,3,wRBG-17-031-1_S154,0,0.026
GEN,random,RF,label,3,wRBG-17-052-1_S120,0,0.22
GEN,random,RF,label,3,wRBG-17-055-1_S163,0,0.434
GEN,random,RF,label,3,wRBG-17-057-1_S141,0,0.13
GEN,random,RF,label,3,wRBG-17-102-1_S169,0,0.414
GEN,random,RF,label,3,wwRBB-17-031-1_S25,0,0.378
GEN,random,RF,label,3,wwRBF-17-189-1_S32,1,0.538208585858586
GEN,random,RF,label,3,wwRBF-17-209-1_S34,1,0.322
GEN,random,RF,label,3,wwRBL-16-111-1_S16,0,0.854
GEN,random,RF,label,4,H105_S3_L001,0,0.628826375808574
GEN,random,RF,label,4,H119_S7_L001,1,0.91
GEN,random,RF,label,4,H123_S1_L001,1,0.39
GEN,random,RF,label,4,H136_S7_L001,0,0.936
GEN,random,RF,label,4,H176_S5_L001,0,0.158
GEN,random,RF,label,4,H69_S6_L001,0,0.894
GEN,random,RF,label,4,NNRBG-17-0234-1_S9,0,0.08463888888888889
GEN,random,RF,label,4,NNRBG-17-0243-1_S12,0,0.088
GEN,random,RF,label,4,NNRBG-17-0249-1_S13,0,0.2
GEN,random,RF,label,4,NNRBG-17-0346-1_S30,0,0.306
GEN,random,RF,label,4,RBB-18-0674-1_S189,1,0.94
GEN,random,RF,label,4,RBB-18-0826-1_S193,0,0.482
GEN,random,RF,label,4,RBB-18-1212-1_S67_2,0,0.9
GEN,random,RF,label,4,RBB-18-1406-1_S49,0,0.02
GEN,random,RF,label,4,RBB-18-1502-1_S47,1,0.282
GEN,random,RF,label,4,RBF-16-004-1_S18,0,0.48
GEN,random,RF,label,4,RBF-16-060-1_S22,0,0.6872014951336936
GEN,random,RF,label,4,RBF-16-073-1_S23,0,0.36
GEN,random,RF,label,4,RBF-17-0509-1_S74,0,0.162
GEN,random,RF,label,4,RBF-17-0521-1_S78,0,0.6422567149139135
GEN,random,RF,label,4,RBF-17-0532-2_S31,0,0.7009230769230769
GEN,random,RF,label,4,RBF-17-0537-1_S56,1,0.46716376466670567
GEN,random,RF,label,4,RBF-17-0540-1_S83,0,0.244
GEN,random,RF,label,4,RBF-17-0553-1_S85,0,0.6801369596691582
GEN,random,RF,label,4,RBF-17-0589-1_S92,0,0.012
GEN,random,RF,label,4,RBF-17-0605-1_S94,0,0.118
GEN,random,RF,label,4,RBF-17-0630-1_S59,0,0.164
GEN,random,RF,label,4,RBF-17-0635-1_S98,1,0.324
GEN,random,RF,label,4,RBF-17-0653-1_S101,0,0.026
GEN,random,RF,label,4,RBF-17-094-1_S56,1,0.6873368499147909
GEN,random,RF,label,4,RBF-17-266-1_S70,1,0.498
GEN,random,RF,label,4,RBF-18-0064-2_S14,0,0.032
GEN,random,RF,label,4,RBF-18-0068-1_S77,0,0.194
GEN,random,RF,label,4,RBF-18-0069-1_S78,1,0.7955384615384615
GEN,random,RF,label,4,RBF-18-0099-1_S26,0,0.002
GEN,random,RF,label,4,RBF-18-0125-1_S30,0,0.2
GEN,random,RF,label,4,RBF-18-0163-2_S39,0,0.086
GEN,random,RF,label,4,RBF-18-0172-1_S40,1,0.932
GEN,random,RF,label,4,RBF-18-0184-1_S30,0,0.51
GEN,random,RF,label,4,RBF-18-0214-1_S51,0,0.002
GEN,random,RF,label,4,RBF-18-0251-1_S55,0,0.056
GEN,random,RF,label,4,RBG-18-0025-1_S9_L001,0,0.006
GEN,random,RF,label,4,RBG-18-0055-1_S43,0,0.054
GEN,random,RF,label,4,RBG-18-0085-1_S11,1,0.354
GEN,random,RF,label,4,RBG-18-0191-1_S11_L001,0,0.046
GEN,random,RF,label,4,RBG-18-0209-2_S46,0,0.026
GEN,random,RF,label,4,RBG-18-0211-1_S35,0,0.378
GEN,random,RF,label,4,RBG-18-0265-1_S49,0,0.008
GEN,random,RF,label,4,RBG-18-0355-1_S19_L001,0,0.008
GEN,random,RF,label,4,RBG-18-0380-1_S48,0,0.6714489920811906
GEN,random,RF,label,4,RBG-18-0381-1_S49,0,0.002
GEN,random,RF,label,4,RBG-18-0383-1_S37,1,0.672
GEN,random,RF,label,4,RBK-18-0019-1_S195,0,0.012
GEN,random,RF,label,4,RBK-18-0020-1_S19,0,0.252
GEN,random,RF,label,4,RBk-18-0216-1_S231_2,0,0.128
GEN,random,RF,label,4,RBL-17-0076-1_S32,0,0.016
GEN,random,RF,label,4,RBL-17-0101-1_S148,0,0.0
GEN,random,RF,label,4,RBL-17-0104-1_S149,0,0.032
GEN,random,RF,label,4,RBL-17-0123-1_S157,0,0.05
GEN,random,RF,label,4,RBL-17-0133-1_S159,0,0.0
GEN,random,RF,label,4,RBL-17-0135-1_S160,0,0.0
GEN,random,RF,label,4,RBL-17-0136-1_S161,0,0.024
GEN,random,RF,label,4,RBL-17-0199-1_S174,0,0.5449281752561163
GEN,random,RF,label,4,RBL-17-0205-1_S175,0,0.004
GEN,random,RF,label,4,RBL-17-0242-1_S42,1,0.6587773304095289
GEN,random,RF,label,4,RBL-17-0306-1_S50,1,0.448
GEN,random,RF,label,4,RBL-17-0324-1_S54,0,0.292
GEN,random,RF,label,4,RBL-17-0332-1_S118,0,0.366
GEN,random,RF,label,4,RBL-17-0360-1_S108,0,0.388
GEN,random,RF,label,4,RBL-17-0375-1_S117,0,0.164
GEN,random,RF,label,4,RBL-17-0390-1_S121,0,0.0
GEN,random,RF,label,4,RBL-17-0395-1_S124,0,0.006
GEN,random,RF,label,4,RBL-17-0397-1_S125,0,0.006
GEN,random,RF,label,4,RBL-17-0411-1_S128,0,0.07
GEN,random,RF,label,4,RBL-18-0002-1_S158,0,0.04
GEN,random,RF,label,4,RBL-18-0037-1_S168,0,0.2
GEN,random,RF,label,4,RBL-18-0055-1_S170,0,0.214
GEN,random,RF,label,4,RBL-18-0076-1_S47,0,0.5104332029082026
GEN,random,RF,label,4,RBL-18-0090-1_S48,0,0.7137275974025973
GEN,random,RF,label,4,RBL-18-0093-1_S49,0,0.644641428016428
GEN,random,RF,label,4,RBL-18-0500-1_S230_2,0,0.535169719169719
GEN,random,RF,label,4,RBT-17-0033-1_S12,1,0.114
GEN,random,RF,label,4,RBT-17-0082-1_S30,0,0.0
GEN,random,RF,label,4,RBT-17-0100-1_S36,0,0.892
GEN,random,RF,label,4,RBT-17-0109-1_S40,0,0.0
GEN,random,RF,label,4,RBT-17-0149-1_S13,0,0.35366666666666663
GEN,random,RF,label,4,RBT-17-0161-1_S57,0,0.0
GEN,random,RF,label,4,RBT-17-0163-1_S59,0,0.254
GEN,random,RF,label,4,RBT-17-0168-1_S61,0,0.068
GEN,random,RF,label,4,RBT-17-0177-2_S7,0,0.09
GEN,random,RF,label,4,RBT-17-0183-1_S67,0,0.126
GEN,random,RF,label,4,RBT-17-0194-1_S30,0,0.43
GEN,random,RF,label,4,RBT-17-0225-1_S9,0,0.0
GEN,random,RF,label,4,RBT-17-0239-1_S60,0,0.0
GEN,random,RF,label,4,RBT-17-0243-1_S11,0,0.0
GEN,random,RF,label,4,RBT-17-0328-1_S16,0,0.818
GEN,random,RF,label,4,RBT-18-0021-1_S56,1,0.6714489920811906
GEN,random,RF,label,4,RBT-18-0050-1_S34,0,0.024
GEN,random,RF,label,4,RBT-18-0053-1_S36,1,0.5146846299125704
GEN,random,RF,label,4,RBT-18-0091-1_S42,0,0.10255555555555555
GEN,random,RF,label,4,RBT-18-0095-1_S19,0,0.006
GEN,random,RF,label,4,RBT-18-0100-1_S21,0,0.378
GEN,random,RF,label,4,RBT-18-0125-1_S50,0,0.04933333333333333
GEN,random,RF,label,4,RBT-18-0133-1_S30,0,0.4073333333333333
GEN,random,RF,label,4,RBT-18-0173-1_S35,0,0.032
GEN,random,RF,label,4,RBT-18-0227-1_S46,1,0.7850845466624881
GEN,random,RF,label,4,RBT-18-0292-1_S70,0,0.3965833333333333
GEN,random,RF,label,4,RBT-18-0331-1_S22,0,0.0
GEN,random,RF,label,4,RBT-18-0335-1_S41,1,0.17662465312465309
GEN,random,RF,label,4,RBT-18-0339-1_S47,0,0.198
GEN,random,RF,label,4,RBT-18-0357-1_S27,0,0.0
GEN,random,RF,label,4,RBT-18-0364-1_S29,0,0.672
GEN,random,RF,label,4,RBT-18-0370-1_S33,0,0.386
GEN,random,RF,label,4,RBT-18-0372-1_S31,0,0.92
GEN,random,RF,label,4,ResetH89_S3_L001,0,0.126
GEN,random,RF,label,4,ResetH92_S4_L001,0,0.798
GEN,random,RF,label,4,ResetH99_S5_L001,0,0.15
GEN,random,RF,label,4,ResetV63_S5_L001,0,0.054
GEN,random,RF,label,4,ResetV76_S7_L001,0,0.156
GEN,random,RF,label,4,Survcare0114_S37,0,0.026
GEN,random,RF,label,4,Survcare058_S26,0,0.328
GEN,random,RF,label,4,Survcare104_S16_L001,1,0.31
GEN,random,RF,label,4,Survcare129_S1,0,0.018
GEN,random,RF,label,4,Survcare230_S17_L001,1,0.376
GEN,random,RF,label,4,Survcare234_S3_L001,0,0.0315
GEN,random,RF,label,4,Survcare254_S36,0,0.93
GEN,random,RF,label,4,Survcare291_S38,1,0.872
GEN,random,RF,label,4,Survcare303_S15_L001,0,0.016
GEN,random,RF,label,4,Survcare309_S20_L001,1,0.946
GEN,random,RF,label,4,Survcare329_S3,0,0.386
GEN,random,RF,label,4,Survcare335_S11,1,0.458
GEN,random,RF,label,4,V111_S3_L001,0,0.236
GEN,random,RF,label,4,V139_S7_L001,0,0.934
GEN,random,RF,label,4,V158_S4_L001,0,0.542
GEN,random,RF,label,4,V183_S7_L001,1,0.354
GEN,random,RF,label,4,V195_S1_L001,1,0.358
GEN,random,RF,label,4,V283_S5_L001,1,0.886
GEN,random,RF,label,4,V291_S5_L001,1,0.8868126262626262
GEN,random,RF,label,4,V40_S2_L001,1,0.982
GEN,random,RF,label,4,V86_S1_L001,1,0.984
GEN,random,RF,label,4,w2RBG-16-037-1_S34,0,0.192
GEN,random,RF,label,4,W2RBL-16-018-1_S15,1,0.704
GEN,random,RF,label,4,wdh-RBB-17-170-1_S16,0,0.9955194805194805
GEN,random,RF,label,4,wdhRBF-17-0564-1_S230,0,0.576
GEN,random,RF,label,4,wdhRBF-17-0567-1_S122,0,0.54
GEN,random,RF,label,4,wdhRBF-18-0057_S14_L001,0,0.01
GEN,random,RF,label,4,WDHRBG-16-050-1_S40,0,0.552
GEN,random,RF,label,4,WDHRBG-17-121-1_S46,0,0.064
GEN,random,RF,label,4,wdhRBL-17-0370-1_S232,0,0.384
GEN,random,RF,label,4,wRBG-16-024-1_S152,0,0.394
GEN,random,RF,label,4,wRBG-16-027-1_S174,0,0.014
GEN,random,RF,label,4,wRBG-16-032-1_S142,0,0.002
GEN,random,RF,label,4,wRBG-17-014-1_S167,0,0.858
GEN,random,RF,label,4,wRBG-17-023-1_S155,0,0.014
GEN,random,RF,label,4,wRBG-17-082-1_S106,1,0.164
GEN,random,RF,label,4,wRBG-17-106-1_S125,1,0.334
GEN,random,RF,label,4,wwRBB-16-112-1_S1,1,0.6052000000000001
GEN,random,RF,label,4,wwRBF-17-148-1_S27,0,0.0
GEN,random,RF,label,4,wwRBK-17-0148-1_S37,1,0.817393036710452
GEN,random,RF,label,4,wwRBK-17-0148-2_S38,1,0.6714489920811906
GEN,random,RF,label,4,wwRBK-17-075-1_S28,1,0.9975194805194805
GEN,random,LR,onehot,0,H100_S2_L001,0,0.0005546403117477894
GEN,random,LR,onehot,0,H108_S5_L001,0,0.26513972878456116
GEN,random,LR,onehot,0,H113_S6_L001,0,3.311655063953367e-06
GEN,random,LR,onehot,0,H116_S8_L001,1,0.9158905148506165
GEN,random,LR,onehot,0,H160_S3_L001,1,0.9168817400932312
GEN,random,LR,onehot,0,H50_S7_L001,1,0.015519565902650356
GEN,random,LR,onehot,0,H51_S5_L001,0,0.7300645112991333
GEN,random,LR,onehot,0,H71_S1_L001,1,0.9887318015098572
GEN,random,LR,onehot,0,H86_S1_L001,1,0.22692054510116577
GEN,random,LR,onehot,0,NNRBG-17-0191-1_S1,1,0.6737545728683472
GEN,random,LR,onehot,0,NNRBG-17-0199-1_S5,0,0.001198844751343131
GEN,random,LR,onehot,0,NNRBG-17-0205-1_S7,0,0.8974912762641907
GEN,random,LR,onehot,0,NNRBG-17-0255-1_S14,0,0.002149667125195265
GEN,random,LR,onehot,0,NNRBG-17-0294-1_S18,0,0.7464993000030518
GEN,random,LR,onehot,0,NNRBG-17-0298-1_S19,0,0.0037310326006263494
GEN,random,LR,onehot,0,NNRBG-17-0399-1_S40,0,0.0380428321659565
GEN,random,LR,onehot,0,RBB-17-171-1_S52,0,0.28418776392936707
GEN,random,LR,onehot,0,RBB-18-0537-1_S21_L001,0,0.9053633809089661
GEN,random,LR,onehot,0,RBB-18-0668-1_S188,1,0.10423019528388977
GEN,random,LR,onehot,0,RBB-18-1086-1_S189_2,0,7.222726026157034e-07
GEN,random,LR,onehot,0,RBB-18-1309-1_S42,1,0.459725022315979
GEN,random,LR,onehot,0,RBF-16-0064-1_S136,0,0.00046410883078351617
GEN,random,LR,onehot,0,RBF-17-0178-1_S139,0,0.07173414528369904
GEN,random,LR,onehot,0,RBF-17-0467-1_S12,0,0.6345304250717163
GEN,random,LR,onehot,0,RBF-17-0513-1_S76,0,0.8096778988838196
GEN,random,LR,onehot,0,RBF-17-0523-1_S30,0,8.273922503576614e-06
GEN,random,LR,onehot,0,RBF-17-0538-1_S82,0,0.0003738337545655668
GEN,random,LR,onehot,0,RBF-17-0572-2_S89,0,1.6141411833814345e-05
GEN,random,LR,onehot,0,RBF-17-0587-1_S91,0,0.0014050089521333575
GEN,random,LR,onehot,0,RBF-17-0648-1_S100,0,0.1086212620139122
GEN,random,LR,onehot,0,RBF-17-318-1_S77,1,0.11929942667484283
GEN,random,LR,onehot,0,RBF-18-0013-1_S25_L001,0,0.0020684306509792805
GEN,random,LR,onehot,0,RBF-18-0036-1_S7,0,3.918532092939131e-05
GEN,random,LR,onehot,0,RBF-18-0088-1_S24,1,0.002934032352641225
GEN,random,LR,onehot,0,RBF-18-0132-1_S26,0,1.3080919416097458e-05
GEN,random,LR,onehot,0,RBF-18-0139-1_S35,0,7.805929413962076e-08
GEN,random,LR,onehot,0,RBF-18-0147-1_S36,0,0.9600951075553894
GEN,random,LR,onehot,0,RBF-18-0217-1_S54,0,0.003518412820994854
GEN,random,LR,onehot,0,RBF-18-0227-1_S53,0,0.03067510575056076
GEN,random,LR,onehot,0,RBF-18-0252-1_S56,0,1.2921182701575162e-07
GEN,random,LR,onehot,0,RBF-18-0253-1_S13_L001,0,0.999977707862854
GEN,random,LR,onehot,0,RBF-18-0294-1_S64,0,0.0004020760825369507
GEN,random,LR,onehot,0,RBF-18-0321-1_S69,0,0.008332949131727219
GEN,random,LR,onehot,0,RBF-18-0333-1_S70,0,0.0005162840825505555
GEN,random,LR,onehot,0,RBG-17-0383-1_S44,0,0.05577204376459122
GEN,random,LR,onehot,0,RBG-18-0041-1_S6,0,0.0047860099002718925
GEN,random,LR,onehot,0,RBG-18-0113-1_S13_L001,0,0.00024267967091873288
GEN,random,LR,onehot,0,RBG-18-0129-1_S15_L001,0,0.7741684317588806
GEN,random,LR,onehot,0,RBG-18-0144-1_S38,0,2.116020553222242e-10
GEN,random,LR,onehot,0,RBG-18-0153-1_S14,0,0.8756105899810791
GEN,random,LR,onehot,0,RBG-18-0185-1_S40,0,0.002306132111698389
GEN,random,LR,onehot,0,RBG-18-0193-1_S8,0,4.3112981074955314e-05
GEN,random,LR,onehot,0,RBG-18-0204-1_S23_L001,0,0.2207355946302414
GEN,random,LR,onehot,0,RBG-18-0206-2_S46,0,0.9789009094238281
GEN,random,LR,onehot,0,RBG-18-0276-1_S50,0,0.20867420732975006
GEN,random,LR,onehot,0,RBG-18-0280-1_S51,0,3.864256086671958e-06
GEN,random,LR,onehot,0,RBG-18-0289-1_S37,1,0.016053149476647377
GEN,random,LR,onehot,0,RBG-18-0300-1_S52,0,0.002313698176294565
GEN,random,LR,onehot,0,RBG-18-0347-1_S22_L001,0,0.00014547865430358797
GEN,random,LR,onehot,0,RBG-18-0421-1_S53,1,0.9577668905258179
GEN,random,LR,onehot,0,RBK-16-073-1_S14,0,0.00014126782480161637
GEN,random,LR,onehot,0,RBK-17-049-1_S62,0,0.005237452685832977
GEN,random,LR,onehot,0,RBK-17-0588-1_S24,0,0.760391116142273
GEN,random,LR,onehot,0,RBK-17-0601-1_S25,0,0.763107419013977
GEN,random,LR,onehot,0,RBK-18-0047-1_S20,0,0.004326425492763519
GEN,random,LR,onehot,0,RBK-18-0236-2_S52_2,0,0.98887699842453
GEN,random,LR,onehot,0,RBL-17-0095-1_S147,0,5.923087655901327e-07
GEN,random,LR,onehot,0,RBL-17-0129-1_S158,0,0.00040501722833141685
GEN,random,LR,onehot,0,RBL-17-0155-1_S165,0,0.013053235597908497
GEN,random,LR,onehot,0,RBL-17-0189-1_S172,0,1.4422390449908562e-05
GEN,random,LR,onehot,0,RBL-17-0261-1_S100,0,6.008590153205873e-11
GEN,random,LR,onehot,0,RBL-17-0264-1_S103,0,0.9897187948226929
GEN,random,LR,onehot,0,RBL-17-0283-1_S27,0,0.22058841586112976
GEN,random,LR,onehot,0,RBL-17-0342-1_S103,0,0.3956030309200287
GEN,random,LR,onehot,0,RBL-17-0368-1_S114,0,0.002288947580382228
GEN,random,LR,onehot,0,RBL-17-0374-1_S116,0,0.8163160085678101
GEN,random,LR,onehot,0,RBL-17-0391-1_S122,0,0.0203164704144001
GEN,random,LR,onehot,0,RBL-17-0393-1_S123,0,0.01632918044924736
GEN,random,LR,onehot,0,RBL-17-0402-1_S126,0,0.005249171983450651
GEN,random,LR,onehot,0,RBL-17-060-1_S17,0,0.724496066570282
GEN,random,LR,onehot,0,RBL-17-075-1_S18,1,0.00045300237252376974
GEN,random,LR,onehot,0,RBL-18-0016-1_S161,0,0.0004084833199158311
GEN,random,LR,onehot,0,RBL-18-0021-1_S42,0,0.7886375784873962
GEN,random,LR,onehot,0,RBL-18-0098-1_S178,0,0.8142223358154297
GEN,random,LR,onehot,0,RBL-18-0131-1_S188_2,1,0.002098559169098735
GEN,random,LR,onehot,0,RBT-16-0024-1_S10,1,0.12290173768997192
GEN,random,LR,onehot,0,RBT-17-0023-1_S25,0,0.9956955909729004
GEN,random,LR,onehot,0,RBT-17-0027-1_S3,0,8.940439147409052e-05
GEN,random,LR,onehot,0,RBT-17-0084-1_S31,0,2.8237738661118783e-05
GEN,random,LR,onehot,0,RBT-17-0118-1_S45,0,0.6588481664657593
GEN,random,LR,onehot,0,RBT-17-0130-1_S27,0,0.9244123697280884
GEN,random,LR,onehot,0,RBT-17-0150-1_S54,0,0.00673544779419899
GEN,random,LR,onehot,0,RBT-17-0156-1_S56,0,0.9978945851325989
GEN,random,LR,onehot,0,RBT-17-0188-1_S68,0,0.0005597003037109971
GEN,random,LR,onehot,0,RBT-17-0291-1_S14,1,0.9007359743118286
GEN,random,LR,onehot,0,RBT-17-0295-1_S15,0,2.494880936865229e-05
GEN,random,LR,onehot,0,RBT-17-0337-1_S19,0,0.0077287000603973866
GEN,random,LR,onehot,0,RBT-18-0027-1_S68,0,0.00040556510793976486
GEN,random,LR,onehot,0,RBT-18-0052-1_S35,0,0.0018518840661272407
GEN,random,LR,onehot,0,RBT-18-0057-1_S38,1,0.0003796729142777622
GEN,random,LR,onehot,0,RBT-18-0120-1_S48,0,0.03513641282916069
GEN,random,LR,onehot,0,RBT-18-0141-1_S32,0,0.00024345396377611905
GEN,random,LR,onehot,0,RBT-18-0184-1_S38,1,0.4043612778186798
GEN,random,LR,onehot,0,RBT-18-0224-1_S43,0,0.00032090835156850517
GEN,random,LR,onehot,0,RBT-18-0296-1_S72,1,0.7029955387115479
GEN,random,LR,onehot,0,RBT-18-0316-1_S43,0,0.0028008215595036745
GEN,random,LR,onehot,0,RBT-18-0317-1_S27,0,0.0013779726577922702
GEN,random,LR,onehot,0,RBT-18-0324-1_S57,1,0.9969518184661865
GEN,random,LR,onehot,0,RBT-18-0365-1_S30,0,0.0005132023943588138
GEN,random,LR,onehot,0,RBT-18-0368-1_S32,0,3.75056333723478e-05
GEN,random,LR,onehot,0,RBT-18-0385-1_S34,0,2.707136627577711e-05
GEN,random,LR,onehot,0,RBT-18-0391-1_S35,0,0.8434080481529236
GEN,random,LR,onehot,0,RBT-18-0401-1_S43,0,0.44947877526283264
GEN,random,LR,onehot,0,ResetH115_S6_L001,0,0.9972357153892517
GEN,random,LR,onehot,0,ResetH16_S2_L001,0,0.956214964389801
GEN,random,LR,onehot,0,ResetH24a_S3_2_L001,1,0.9320089221000671
GEN,random,LR,onehot,0,ResetH30_S4_L001,0,0.00290980888530612
GEN,random,LR,onehot,0,ResetH45_S5_L001,0,0.014588629826903343
GEN,random,LR,onehot,0,ResetV105_S1_L001,0,0.00042036897502839565
GEN,random,LR,onehot,0,ResetV161_S3_L001,0,0.1203940138220787
GEN,random,LR,onehot,0,ResetV210_S4_L001,1,0.9723940491676331
GEN,random,LR,onehot,0,ResetV70_S6_L001,1,0.06395738571882248
GEN,random,LR,onehot,0,Survcare052_S22,0,0.01653318479657173
GEN,random,LR,onehot,0,Survcare184_S19,1,0.1363333910703659
GEN,random,LR,onehot,0,Survcare236_S5_L001,1,0.983227014541626
GEN,random,LR,onehot,0,Survcare253_S35,0,9.351759945275262e-05
GEN,random,LR,onehot,0,Survcare275_S38,1,0.07433047890663147
GEN,random,LR,onehot,0,Survcare289_S36,1,0.999996542930603
GEN,random,LR,onehot,0,Survcare292_S39,0,0.0006251062732189894
GEN,random,LR,onehot,0,Survcare293_S40,1,0.9999985694885254
GEN,random,LR,onehot,0,Survcare317_S5_L001,0,0.001897622598335147
GEN,random,LR,onehot,0,Survcare318_S20_L001,0,0.0010283647570759058
GEN,random,LR,onehot,0,Survcare327_S1,0,0.4188155233860016
GEN,random,LR,onehot,0,V1_S6_L001,1,0.991729199886322
GEN,random,LR,onehot,0,V114_S5_L001,0,0.9379435777664185
GEN,random,LR,onehot,0,V153_S4_L001,1,0.9983440637588501
GEN,random,LR,onehot,0,V177_S6_L001,0,0.0009470427175983787
GEN,random,LR,onehot,0,V182_S6_L001,1,0.3488553464412689
GEN,random,LR,onehot,0,V201_S4_L001,0,0.936578631401062
GEN,random,LR,onehot,0,V228_S8_L001,1,0.9980787038803101
GEN,random,LR,onehot,0,V232_S3_L001,0,7.391056715277955e-05
GEN,random,LR,onehot,0,V238_S11_L001,1,0.014455669559538364
GEN,random,LR,onehot,0,V279_S8_L001,1,0.9420726895332336
GEN,random,LR,onehot,0,V292_S6_L001,1,0.9921959638595581
GEN,random,LR,onehot,0,V71_S4_L001,1,0.9999862909317017
GEN,random,LR,onehot,0,V79_S6_L001,0,0.016560319811105728
GEN,random,LR,onehot,0,V96_S2_L001,1,0.9999669790267944
GEN,random,LR,onehot,0,wdh-RBL-17-0431-1_S46,0,0.9928830862045288
GEN,random,LR,onehot,0,wdhRBF-17-0558-1_S121,0,2.8955646769190935e-09
GEN,random,LR,onehot,0,wdhRBF-18-0025-1_S11_L001,0,0.00043376069515943527
GEN,random,LR,onehot,0,wdhRBF-18-0049-1_S13_L001,0,4.872665812505339e-11
GEN,random,LR,onehot,0,wdhRBF-18-0098-1_S19_L001,0,6.159241934255988e-07
GEN,random,LR,onehot,0,WDHRBG-17-001-1_S82,0,0.2470763623714447
GEN,random,LR,onehot,0,wRBG-17-021-1_S166,0,0.17741046845912933
GEN,random,LR,onehot,0,wRBG-17-028-1_S100,0,5.64302240491088e-07
GEN,random,LR,onehot,0,wRBG-17-075-1_S96,0,0.24224220216274261
GEN,random,LR,onehot,0,wRBG-17-100-1_S104,0,0.9628394842147827
GEN,random,LR,onehot,0,wwRBF-16-094-1_S13,0,0.06449928879737854
GEN,random,LR,onehot,0,wwRBF-17-251-1_S33,0,0.09395481646060944
GEN,random,LR,onehot,0,wwRBK-16-023-1_S5,0,0.9065889120101929
GEN,random,LR,onehot,0,wwRBK-17-0278-1_S41,0,1.3996924508319353e-06
GEN,random,LR,onehot,0,WWSurvcare043_S43,0,0.0009956838330253959
GEN,random,LR,onehot,1,H122_S4_L001,1,0.1308968961238861
GEN,random,LR,onehot,1,H148_S4_L001,1,0.45907869935035706
GEN,random,LR,onehot,1,H37_S3_L001,0,0.00024108427169267088
GEN,random,LR,onehot,1,H38_S4_L001,0,0.9995778203010559
GEN,random,LR,onehot,1,H53_S4_L001,0,0.7680718302726746
GEN,random,LR,onehot,1,NNRBG-17-0193-1_S2,0,1.395417348248884e-05
GEN,random,LR,onehot,1,NNRBG-17-0201-1_S6,0,7.664427315035027e-09
GEN,random,LR,onehot,1,NNRBG-17-0227-1_S8,0,7.033818747004261e-06
GEN,random,LR,onehot,1,NNRBG-17-0239-1_S10,0,1.094068920792779e-05
GEN,random,LR,onehot,1,NNRBG-17-0278-1_S16,0,0.0004000453045591712
GEN,random,LR,onehot,1,NNRBG-17-0316-1_S23,0,0.15610332787036896
GEN,random,LR,onehot,1,NNRBG-17-0328-1_S25,0,0.002159668132662773
GEN,random,LR,onehot,1,NNRBG-17-0329-1_S26,0,0.03620642423629761
GEN,random,LR,onehot,1,NNRBG-17-0378-1_S37,1,0.8883296847343445
GEN,random,LR,onehot,1,RBB-18-0129-1_S179,0,0.006181604694575071
GEN,random,LR,onehot,1,RBB-18-0546-1_S22_L001,0,0.17994429171085358
GEN,random,LR,onehot,1,RBB-18-1312-1_S43,0,0.061798226088285446
GEN,random,LR,onehot,1,RBB-18-1488-1_S46,0,6.767692684661597e-05
GEN,random,LR,onehot,1,RBF-17-0164-1_S137,0,7.754838588880375e-05
GEN,random,LR,onehot,1,RBF-17-0173-1_S138,0,0.005895127076655626
GEN,random,LR,onehot,1,RBF-17-0508-1_S73,0,0.13674505054950714
GEN,random,LR,onehot,1,RBF-17-0532-1_S80,0,0.9955316781997681
GEN,random,LR,onehot,1,RBF-17-0602-1_S93,0,0.0006244241958484054
GEN,random,LR,onehot,1,RBF-17-0647-1_S99,0,0.002443892415612936
GEN,random,LR,onehot,1,RBF-17-0664-1_S63,0,0.007437414024025202
GEN,random,LR,onehot,1,RBF-17-067-1_S54,1,0.8813087940216064
GEN,random,LR,onehot,1,RBF-17-170-1_S66,1,0.9264109134674072
GEN,random,LR,onehot,1,RBF-18-0019-1_S2,1,0.5509734153747559
GEN,random,LR,onehot,1,RBF-18-0027-1_S5,1,1.3228545014953852e-07
GEN,random,LR,onehot,1,RBF-18-0086-1_S22,0,0.00023243714531417936
GEN,random,LR,onehot,1,RBF-18-0121-1_S28,1,0.13199390470981598
GEN,random,LR,onehot,1,RBF-18-0123-1_S25_L001,0,1.4083048454889644e-14
GEN,random,LR,onehot,1,RBF-18-0151-1_S83,0,0.0028330187778919935
GEN,random,LR,onehot,1,RBF-18-0160-1_S37,0,0.9940429329872131
GEN,random,LR,onehot,1,RBF-18-0179-1_S29,0,0.3827159106731415
GEN,random,LR,onehot,1,RBF-18-0187-1_S31,0,0.9523344039916992
GEN,random,LR,onehot,1,RBF-18-0259-1_S33,0,0.00012154420983279124
GEN,random,LR,onehot,1,RBF-18-0280-1_S62,0,0.24013128876686096
GEN,random,LR,onehot,1,RBF-18-0585-1_S48,0,0.5519146919250488
GEN,random,LR,onehot,1,RBF-18-0714-2_S204_2,0,0.4121726155281067
GEN,random,LR,onehot,1,RBG-17-0269-1_S41,0,0.12772712111473083
GEN,random,LR,onehot,1,RBG-17-0284-1_S59,0,0.9158061146736145
GEN,random,LR,onehot,1,RBg-17-123-2_S12,0,0.7871856689453125
GEN,random,LR,onehot,1,RBG-18-0004-1_S1,0,0.8045891523361206
GEN,random,LR,onehot,1,RBG-18-0023-1_S2,1,0.0008530672057531774
GEN,random,LR,onehot,1,RBG-18-0054-1_S42,0,0.00025052306591533124
GEN,random,LR,onehot,1,RBG-18-0071-1_S44,0,4.069228452863172e-06
GEN,random,LR,onehot,1,RBG-18-0077-1_S9,1,0.34888437390327454
GEN,random,LR,onehot,1,RBG-18-0099-1_S14,0,0.8045891523361206
GEN,random,LR,onehot,1,RBG-18-0108-1_S16,0,1.7345517335343175e-05
GEN,random,LR,onehot,1,RBG-18-0166-1_S10_L001,0,0.0001496883196523413
GEN,random,LR,onehot,1,RBG-18-0177-1_S17_L001,1,0.891724169254303
GEN,random,LR,onehot,1,RBG-18-0200-1_S18_L001,1,0.5205283761024475
GEN,random,LR,onehot,1,RBG-18-0301-1_S53,0,0.011758837848901749
GEN,random,LR,onehot,1,RBG-18-0358-1_S39,0,9.705394887760121e-08
GEN,random,LR,onehot,1,RBK-16-007-1_S13,0,0.31842178106307983
GEN,random,LR,onehot,1,RBK-17-0492-1_S8,1,0.13481220602989197
GEN,random,LR,onehot,1,RBK-18-0002-1_S38,1,1.0228465043837787e-06
GEN,random,LR,onehot,1,RBK-18-0005-1_S18,0,2.0959973756617956e-09
GEN,random,LR,onehot,1,RBL-17-0093-1_S146,0,0.9797566533088684
GEN,random,LR,onehot,1,RBL-17-0107-1_S150,0,0.9287334084510803
GEN,random,LR,onehot,1,RBL-17-0144-1_S163,0,5.415020862264974e-11
GEN,random,LR,onehot,1,RBL-17-0159-1_S166,0,0.4702394902706146
GEN,random,LR,onehot,1,RBL-17-0232-1_S91,0,0.00036073478986509144
GEN,random,LR,onehot,1,RBL-17-0244-1_S44,0,0.860368013381958
GEN,random,LR,onehot,1,RBL-17-0246-1_S94,1,0.011776154860854149
GEN,random,LR,onehot,1,RBL-17-0256-1_S98,0,0.6803068518638611
GEN,random,LR,onehot,1,RBL-17-0263-1_S102,0,8.238686132244766e-05
GEN,random,LR,onehot,1,RBL-17-0274-2_S105,0,0.03485517203807831
GEN,random,LR,onehot,1,RBL-17-0327-1_S116,0,4.0131297282641754e-05
GEN,random,LR,onehot,1,RBL-17-0347-1_S104,0,0.00020812464936170727
GEN,random,LR,onehot,1,RBL-17-0366-1_S113,1,0.8087635636329651
GEN,random,LR,onehot,1,RBL-17-0392-1_S69,1,0.986957848072052
GEN,random,LR,onehot,1,RBL-17-0435-1_S134,0,8.924491339712404e-06
GEN,random,LR,onehot,1,RBL-18-0019-1_S41,0,0.0010804334888234735
GEN,random,LR,onehot,1,RBL-18-0022-1_S43,0,0.052151672542095184
GEN,random,LR,onehot,1,RBL-18-0032-1_S167,0,0.0005633026012219489
GEN,random,LR,onehot,1,RBL-18-0048-1_S44,0,0.18168990314006805
GEN,random,LR,onehot,1,RBL-18-0066-1_S173,0,1.1539589195308508e-06
GEN,random,LR,onehot,1,RBL-18-0343-1_S6,0,0.9997212290763855
GEN,random,LR,onehot,1,RBL-18-0467-1_S228_2,1,0.015129420906305313
GEN,random,LR,onehot,1,RBT-16-0038-1_S11,0,0.36705291271209717
GEN,random,LR,onehot,1,RBT-17-0003-1_S16,0,0.0010588422883301973
GEN,random,LR,onehot,1,RBT-17-0008-1_S18,0,0.0008390903822146356
GEN,random,LR,onehot,1,RBT-17-0019-1_S62,0,0.962925374507904
GEN,random,LR,onehot,1,RBT-17-0039-1_S28,1,0.9664962887763977
GEN,random,LR,onehot,1,RBT-17-0097-1_S34,1,0.7855211496353149
GEN,random,LR,onehot,1,RBT-17-0102-1_S37,0,0.8323503136634827
GEN,random,LR,onehot,1,RBT-17-0133-1_S6,0,0.5069224238395691
GEN,random,LR,onehot,1,RBT-17-0174-1_S64,0,2.1674937670468353e-05
GEN,random,LR,onehot,1,RBT-17-0219-1_S8,0,0.24592049419879913
GEN,random,LR,onehot,1,RBT-17-0232-1_S58,1,6.508139631478116e-05
GEN,random,LR,onehot,1,RBT-17-0238-1_S59,0,0.5524659752845764
GEN,random,LR,onehot,1,RBT-17-0256-1_S25,0,0.009565451182425022
GEN,random,LR,onehot,1,RBT-17-0339-1_S20,0,0.9983717799186707
GEN,random,LR,onehot,1,RBT-18-0017-1_S67,0,0.0015933349495753646
GEN,random,LR,onehot,1,RBT-18-0056-1_S37,0,2.76543232757831e-05
GEN,random,LR,onehot,1,RBT-18-0064-1_S15,0,0.9909051656723022
GEN,random,LR,onehot,1,RBT-18-0071-1_S41,0,0.029394127428531647
GEN,random,LR,onehot,1,RBT-18-0102-1_S23,0,1.1680253010126762e-05
GEN,random,LR,onehot,1,RBT-18-0115-1_S45,0,1.3899121768190525e-05
GEN,random,LR,onehot,1,RBT-18-0121-1_S28,0,0.001308262930251658
GEN,random,LR,onehot,1,RBT-18-0122-1_S63,0,3.145112350466661e-05
GEN,random,LR,onehot,1,RBT-18-0205-1_S6,1,0.7747923731803894
GEN,random,LR,onehot,1,RBT-18-0230-1_S45,0,0.0169095229357481
GEN,random,LR,onehot,1,RBT-18-0247-1_S16,1,0.9782852530479431
GEN,random,LR,onehot,1,RBT-18-0252-1_S53,0,0.004711128305643797
GEN,random,LR,onehot,1,RBT-18-0259-1_S55,0,2.097205288009718e-05
GEN,random,LR,onehot,1,RBT-18-0263-1_S58,0,0.0005799040663987398
GEN,random,LR,onehot,1,RBT-18-0271-1_S62,0,0.000611457449849695
GEN,random,LR,onehot,1,RBT-18-0278-1_S64,0,0.013089318759739399
GEN,random,LR,onehot,1,RBT-18-0288-1_S68,0,0.00023313207202591002
GEN,random,LR,onehot,1,RBT-18-0303-1_S20,1,0.992664098739624
GEN,random,LR,onehot,1,RBT-18-0308-1_S34,0,0.8831737637519836
GEN,random,LR,onehot,1,RBT-18-0338-1_S35,0,4.909851122647524e-05
GEN,random,LR,onehot,1,RBT-18-0351-1_S48,0,0.0011113991495221853
GEN,random,LR,onehot,1,RBT-18-0377-1_S1,0,0.12213689088821411
GEN,random,LR,onehot,1,RBT-18-0392-1_S56,0,0.9672594666481018
GEN,random,LR,onehot,1,ResetH131_S7_L001,0,0.8628312945365906
GEN,random,LR,onehot,1,ResetH132_S1_L001,0,0.9761006236076355
GEN,random,LR,onehot,1,ResetH139_S3_L001,0,0.4506245255470276
GEN,random,LR,onehot,1,ResetH44_S3_L001,1,0.4966496229171753
GEN,random,LR,onehot,1,ResetH49b_S6_L001,0,0.9619210958480835
GEN,random,LR,onehot,1,ResetH63_S7_L001,0,0.8045891523361206
GEN,random,LR,onehot,1,ResetH68_S1_L001,0,0.04148809239268303
GEN,random,LR,onehot,1,ResetH98_S4_L001,0,2.8587182896444574e-05
GEN,random,LR,onehot,1,ResetV143_S2_L001,1,0.014203626662492752
GEN,random,LR,onehot,1,ResetV260_S5_L001,0,0.8922262787818909
GEN,random,LR,onehot,1,RPG-18-0435-1_S32,0,4.661803905037232e-05
GEN,random,LR,onehot,1,Survcare130_S2,0,0.0024672341533005238
GEN,random,LR,onehot,1,Survcare190_S35,1,0.000325144937960431
GEN,random,LR,onehot,1,Survcare244_S9_L001,0,0.9814544320106506
GEN,random,LR,onehot,1,Survcare319_S16,0,0.0032073715701699257
GEN,random,LR,onehot,1,Survcare321_S18,0,0.11568672209978104
GEN,random,LR,onehot,1,Survcare334_S10,0,0.996807873249054
GEN,random,LR,onehot,1,V113_S3_L001,0,0.20121417939662933
GEN,random,LR,onehot,1,V120_S5_L001,1,0.45143380761146545
GEN,random,LR,onehot,1,V123_S1_L001,0,0.2825438380241394
GEN,random,LR,onehot,1,V131_S7_L001,1,0.046979617327451706
GEN,random,LR,onehot,1,V155_S5_L001,1,0.9989528656005859
GEN,random,LR,onehot,1,V205_S3_L001,0,0.880813479423523
GEN,random,LR,onehot,1,V229_S10_L001,1,0.9970422387123108
GEN,random,LR,onehot,1,V289_S5_L001,1,0.9926233291625977
GEN,random,LR,onehot,1,V295_S7_L001,0,0.9192336201667786
GEN,random,LR,onehot,1,V64_S3_L001,0,2.838212822098285e-06
GEN,random,LR,onehot,1,V73_S5_L001,1,0.9972072243690491
GEN,random,LR,onehot,1,W2RBK-17-169-1_S34,0,0.0261765718460083
GEN,random,LR,onehot,1,wdh-RBB-16-025-1_S20,0,2.870587195502594e-06
GEN,random,LR,onehot,1,wdhRBF-18-0048-1_S12_L001,0,0.9559829831123352
GEN,random,LR,onehot,1,WDHRBG-16-062-1_S49,0,7.973556785145774e-05
GEN,random,LR,onehot,1,WDHRBG-17-0256-1_S17,0,1.0327014798861e-09
GEN,random,LR,onehot,1,wNRZ-33910_S81,1,0.9479160904884338
GEN,random,LR,onehot,1,wRBF-17-0146-1_S35,1,0.8731560111045837
GEN,random,LR,onehot,1,wRBG-16-026-1_S163,0,0.002465608064085245
GEN,random,LR,onehot,1,wRBG-16-033-1_S153,0,0.9453656077384949
GEN,random,LR,onehot,1,wRBG-17-034-1_S121,0,0.002765442244708538
GEN,random,LR,onehot,1,wRBG-17-049-1_S142,0,0.0014120336854830384
GEN,random,LR,onehot,1,wRBG-17-073-1_S118,0,0.00014334882143884897
GEN,random,LR,onehot,1,wRBG-17-112-1_S146,0,0.032402295619249344
GEN,random,LR,onehot,1,wwRBF-16-007-1_S10,1,0.2569051682949066
GEN,random,LR,onehot,1,wwRBF-17-167-1_S31,1,0.018035775050520897
GEN,random,LR,onehot,1,wwRBK-17-0197-1_S39,1,0.9938907623291016
GEN,random,LR,onehot,2,H109_S2_L001,0,0.9293658137321472
GEN,random,LR,onehot,2,H130_S2_L001,1,3.617563777424948e-07
GEN,random,LR,onehot,2,H141_S6_L001,0,0.0005282645579427481
GEN,random,LR,onehot,2,H153_S1_L001,1,0.9611710906028748
GEN,random,LR,onehot,2,H154_S2_L001,1,0.9531238675117493
GEN,random,LR,onehot,2,H157_S3_L001,0,0.025072958320379257
GEN,random,LR,onehot,2,H17_S2_L001,0,4.688710396294482e-05
GEN,random,LR,onehot,2,H28_S10_L001,0,0.9486756920814514
GEN,random,LR,onehot,2,NNRBG-17-0319-1_S24,0,0.00498701399192214
GEN,random,LR,onehot,2,NNSurvcare045_S41,0,0.034182678908109665
GEN,random,LR,onehot,2,RBB-17-011-1_S40,0,0.710666835308075
GEN,random,LR,onehot,2,RBB-18-0519-1_S184,0,0.0069958968088030815
GEN,random,LR,onehot,2,RBB-18-0772-1_S192,0,0.8923365473747253
GEN,random,LR,onehot,2,RBB-18-0892-1_S80_2,1,0.03718285635113716
GEN,random,LR,onehot,2,RBB-18-0972-1_S203_2,1,2.185920675401576e-05
GEN,random,LR,onehot,2,RBB-18-1393-1_S48,0,0.2969729006290436
GEN,random,LR,onehot,2,RBB-18-1460-1_S45,1,0.04746232181787491
GEN,random,LR,onehot,2,RBBK18-0189-1_S24_L001,1,0.8359220027923584
GEN,random,LR,onehot,2,RBF-17-0195-1_S141,0,0.004387930501252413
GEN,random,LR,onehot,2,RBF-17-0340-1_S81,0,0.9985822439193726
GEN,random,LR,onehot,2,RBF-17-0424-1_S15,0,0.0001137380168074742
GEN,random,LR,onehot,2,RBF-17-0489-1_S13,0,0.32880812883377075
GEN,random,LR,onehot,2,RBF-17-0614-3_S95,0,7.899938282207586e-06
GEN,random,LR,onehot,2,RBF-17-0616-1_S96,0,2.1844351067557e-05
GEN,random,LR,onehot,2,RBF-17-0651-1_S62,0,0.3427307605743408
GEN,random,LR,onehot,2,RBF-18-0035-1_S6,0,0.7935464382171631
GEN,random,LR,onehot,2,RBF-18-0055-1_S11,0,0.052817121148109436
GEN,random,LR,onehot,2,RBF-18-0066-1_S15,0,0.001658190623857081
GEN,random,LR,onehot,2,RBF-18-0085-1_S21,0,0.0004373602569103241
GEN,random,LR,onehot,2,RBF-18-0087-1_S23,0,0.23776030540466309
GEN,random,LR,onehot,2,RBF-18-0093-1_S80,1,0.0003617995243985206
GEN,random,LR,onehot,2,RBF-18-0126-1_S31,0,8.943840839492623e-06
GEN,random,LR,onehot,2,RBF-18-0135-1_S34,1,0.10785382986068726
GEN,random,LR,onehot,2,RBF-18-0173-1_S27,0,0.5928933024406433
GEN,random,LR,onehot,2,RBF-18-0194-1_S86,0,0.9026921391487122
GEN,random,LR,onehot,2,RBF-18-0200-1_S48,0,0.00034829482319764793
GEN,random,LR,onehot,2,RBF-18-0201-1_S49,0,0.0003670870210044086
GEN,random,LR,onehot,2,RBF-18-0208-2_S11_L001,0,0.005276896990835667
GEN,random,LR,onehot,2,RBF-18-0282-1_S63,0,0.0007711833459325135
GEN,random,LR,onehot,2,RBF-18-0296-1_S17,0,0.7552030086517334
GEN,random,LR,onehot,2,RBF-18-0338-1_S72,0,0.0018970085075125098
GEN,random,LR,onehot,2,RBF-18-0339-1_S37,0,0.0934240072965622
GEN,random,LR,onehot,2,RBF-18-0405-1_S81_2,0,0.9224035143852234
GEN,random,LR,onehot,2,RBF-18-0634-1_S183,0,0.005276523996144533
GEN,random,LR,onehot,2,RBF-18-0664-1_S190,0,6.780897092539817e-05
GEN,random,LR,onehot,2,RBG-17-0351-1_S20_L001,0,0.9928900003433228
GEN,random,LR,onehot,2,RBG-18-0017-1_S5,0,0.09320907294750214
GEN,random,LR,onehot,2,RBG-18-0029-1_S40,0,0.002679085358977318
GEN,random,LR,onehot,2,RBG-18-0072-1_S8,0,0.15720917284488678
GEN,random,LR,onehot,2,RBG-18-0221-1_S47,1,2.2333824745146558e-05
GEN,random,LR,onehot,2,RBG-18-0223-1_S2,0,8.279963594759465e-07
GEN,random,LR,onehot,2,RBG-18-0239-1_S4,0,9.341337317891885e-06
GEN,random,LR,onehot,2,RBG-18-0367-1_S57,0,1.88982607340904e-10
GEN,random,LR,onehot,2,RBG-18-0388-1_S21_L001,1,0.9858361482620239
GEN,random,LR,onehot,2,RBG-18-0391-1_S22_L001,1,0.07677864283323288
GEN,random,LR,onehot,2,RBG-18-0402-1_S50,0,8.80013521964429e-06
GEN,random,LR,onehot,2,RBG-18-0410-1_S12,0,0.812320351600647
GEN,random,LR,onehot,2,RBG-18-0417-1_S52,0,0.019258445128798485
GEN,random,LR,onehot,2,RBK-16-079-1_S15,1,5.990854697301984e-05
GEN,random,LR,onehot,2,RBK-17-0595-1_S187,0,0.004613496828824282
GEN,random,LR,onehot,2,RBK-17-0655-5_S182,0,0.9273160696029663
GEN,random,LR,onehot,2,RBK-18-0037-1_S199,0,0.48055222630500793
GEN,random,LR,onehot,2,RBK-18-0080-1_S205,0,2.529246216909087e-07
GEN,random,LR,onehot,2,RBK-18-0104-1_S206,0,2.6912033717962913e-05
GEN,random,LR,onehot,2,RBK-18-0250-1_S235_2,0,1.3266890164231881e-07
GEN,random,LR,onehot,2,RBK-18-0644-1_S180,0,0.00019879663886968046
GEN,random,LR,onehot,2,RBKk-18-0108-1_S201,0,0.6650789976119995
GEN,random,LR,onehot,2,RBL-17-0090-1_S145,0,7.31912296032533e-05
GEN,random,LR,onehot,2,RBL-17-0108-1_S151,0,0.057817697525024414
GEN,random,LR,onehot,2,RBL-17-0113-1_S153,1,0.8802284598350525
GEN,random,LR,onehot,2,RBL-17-0116-1_S154,0,0.4066954553127289
GEN,random,LR,onehot,2,RBL-17-0118-1_S156,0,8.687992476552608e-07
GEN,random,LR,onehot,2,RBL-17-0217-1_S176,0,0.004161232151091099
GEN,random,LR,onehot,2,RBL-17-0226-1_S41,1,0.5035122632980347
GEN,random,LR,onehot,2,RBL-17-0235-1_S92,0,0.004020027816295624
GEN,random,LR,onehot,2,RBL-17-0259-1_S99,0,0.08849996328353882
GEN,random,LR,onehot,2,RBL-17-0267-1_S104,0,0.0020228184293955564
GEN,random,LR,onehot,2,RBL-17-0300-1_S112,0,0.13114483654499054
GEN,random,LR,onehot,2,RBL-17-0305-1_S49,1,0.9755961894989014
GEN,random,LR,onehot,2,RBL-17-0320-1_S114,0,0.0006101257749833167
GEN,random,LR,onehot,2,RBL-17-0323-1_S115,0,0.017881007865071297
GEN,random,LR,onehot,2,RBL-17-0328-1_S117,0,0.9995540976524353
GEN,random,LR,onehot,2,RBL-17-0340-1_S102,0,0.07252321392297745
GEN,random,LR,onehot,2,RBL-17-0350-1_S106,0,0.9808279871940613
GEN,random,LR,onehot,2,RBL-17-0365-1_S112,0,0.00044870746205560863
GEN,random,LR,onehot,2,RBL-17-0409-1_S127,0,0.1066158339381218
GEN,random,LR,onehot,2,RBL-18-0010-1_S159,0,6.694461626466364e-05
GEN,random,LR,onehot,2,RBT-16-0045-1_S58,0,0.3083392381668091
GEN,random,LR,onehot,2,RBT-17-0009-1_S21,0,0.8897669315338135
GEN,random,LR,onehot,2,RBT-17-0011-1_S19,0,0.003685288829728961
GEN,random,LR,onehot,2,RBT-17-0022-1_S24,0,8.14770464785397e-05
GEN,random,LR,onehot,2,RBT-17-0107-1_S39,0,9.203269655699842e-06
GEN,random,LR,onehot,2,RBT-17-0112-1_S41,0,0.00023116721422411501
GEN,random,LR,onehot,2,RBT-17-0138-1_S52,0,0.06412156671285629
GEN,random,LR,onehot,2,RBT-17-0142-1_S53,0,4.923269443679601e-05
GEN,random,LR,onehot,2,RBT-17-0167-1_S27,0,3.1877276342129335e-05
GEN,random,LR,onehot,2,RBT-17-0173-1_S63,0,1.4462058061326388e-05
GEN,random,LR,onehot,2,RBT-17-0177-1_S65,0,0.0002515613741707057
GEN,random,LR,onehot,2,RBT-17-0178-1_S66,0,1.6969919442999526e-06
GEN,random,LR,onehot,2,RBT-17-0210-1_S55,0,0.002044243738055229
GEN,random,LR,onehot,2,RBT-17-0217-1_S7,1,0.9484115242958069
GEN,random,LR,onehot,2,RBT-17-0249-1_S61,1,0.8488368988037109
GEN,random,LR,onehot,2,RBT-17-0279-1_S12,0,0.4430856704711914
GEN,random,LR,onehot,2,RBT-17-0285-1_S66,0,0.3486938774585724
GEN,random,LR,onehot,2,RBT-18-0004-1_S51,1,0.9565386772155762
GEN,random,LR,onehot,2,RBT-18-0030-1_S69,0,0.00048656025319360197
GEN,random,LR,onehot,2,RBT-18-0042-1_S60,0,0.0010590885067358613
GEN,random,LR,onehot,2,RBT-18-0045-1_S70,0,2.399784307272057e-06
GEN,random,LR,onehot,2,RBT-18-0046-1_S2,0,0.9999945163726807
GEN,random,LR,onehot,2,RBT-18-0066-1_S40,0,0.05601222813129425
GEN,random,LR,onehot,2,RBT-18-0116-1_S46,0,0.00014476545038633049
GEN,random,LR,onehot,2,RBT-18-0179-1_S37,0,3.959548121201806e-05
GEN,random,LR,onehot,2,RBT-18-0181-1_S61,0,0.008291316218674183
GEN,random,LR,onehot,2,RBT-18-0236-1_S48,1,0.5906751751899719
GEN,random,LR,onehot,2,RBT-18-0251-1_S7,0,0.000772481900639832
GEN,random,LR,onehot,2,RBT-18-0253-1_S54,1,0.005535915493965149
GEN,random,LR,onehot,2,RBT-18-0265-1_S59,0,8.592133671214697e-10
GEN,random,LR,onehot,2,RBT-18-0275-1_S63,0,2.5505365556455217e-05
GEN,random,LR,onehot,2,RBT-18-0293-1_S71,0,0.00010675727389752865
GEN,random,LR,onehot,2,RBT-18-0341-1_S24,0,0.024442771449685097
GEN,random,LR,onehot,2,RBT-18-0360-1_S39,1,0.9083842635154724
GEN,random,LR,onehot,2,RBT-18-0361-1_S38,0,0.002129331463947892
GEN,random,LR,onehot,2,RBT-18-0363-1_S72,1,0.9947389960289001
GEN,random,LR,onehot,2,ResetH1_S1_L001,0,0.005038491450250149
GEN,random,LR,onehot,2,ResetH10_S1_L001,1,1.0684601875254884e-05
GEN,random,LR,onehot,2,ResetH129_S7_L001,1,0.4362580180168152
GEN,random,LR,onehot,2,ResetH134_S8_L001,0,0.9901769757270813
GEN,random,LR,onehot,2,ResetH75_S2_L001,1,0.8120279908180237
GEN,random,LR,onehot,2,ResetH93_S5_L001,1,0.0024326120037585497
GEN,random,LR,onehot,2,ResetV288_S6_L001,1,0.9946891069412231
GEN,random,LR,onehot,2,ResetV74_S7_L001,0,0.9997360110282898
GEN,random,LR,onehot,2,Survcare125_S25,1,0.2926330268383026
GEN,random,LR,onehot,2,Survcare134_S26,0,0.0002821838716045022
GEN,random,LR,onehot,2,Survcare140_S4_L001,0,0.0009602179052308202
GEN,random,LR,onehot,2,Survcare176_S17_L001,1,1.9151495507685468e-05
GEN,random,LR,onehot,2,Survcare221_S7_L001,0,4.6569564204901326e-08
GEN,random,LR,onehot,2,Survcare278_S62,1,0.9953188300132751
GEN,random,LR,onehot,2,Survcare313_S24_L001,1,0.10566970705986023
GEN,random,LR,onehot,2,Survcare350_S44,0,0.8031238913536072
GEN,random,LR,onehot,2,V152_S3_L001,1,4.648472531698644e-05
GEN,random,LR,onehot,2,V168_S9_L001,1,0.002844558097422123
GEN,random,LR,onehot,2,V172_S5_L001,1,9.404868137607991e-07
GEN,random,LR,onehot,2,V215_S2_L001,1,5.968723115756802e-08
GEN,random,LR,onehot,2,V8_S7_L001,0,1.794215563677426e-06
GEN,random,LR,onehot,2,V80_S7_L001,0,0.00011913679190911353
GEN,random,LR,onehot,2,V89_S1_L001,0,0.002184399403631687
GEN,random,LR,onehot,2,W2RBK-17-168-1_S33,0,0.026818588376045227
GEN,random,LR,onehot,2,wdhRBF-10-0002-1_S10_L001,1,0.9072707295417786
GEN,random,LR,onehot,2,wdhRBF-18-0081-1_S18_L001,0,0.024319196119904518
GEN,random,LR,onehot,2,WDHRBG-16-049-1_S87,0,0.9999997615814209
GEN,random,LR,onehot,2,WDHRBG-16-060-1_S27,0,0.5942314863204956
GEN,random,LR,onehot,2,WDHRBG-17-005-2_S61,0,3.254428520449437e-05
GEN,random,LR,onehot,2,WDHRBG-17-0093-1_S1,0,0.050995275378227234
GEN,random,LR,onehot,2,wRBG-17-025-1_S133,0,8.441913814749569e-05
GEN,random,LR,onehot,2,wRBG-17-030-1_S165,0,0.0017155036330223083
GEN,random,LR,onehot,2,wRBG-17-047-1_S153,0,0.00043186137918382883
GEN,random,LR,onehot,2,wRBG-17-058-1_S130,0,0.0006476012640632689
GEN,random,LR,onehot,2,wRBG-17-072-1_S129,0,0.0003781071281991899
GEN,random,LR,onehot,2,wRBG-17-081-1_S117,0,0.001893207780085504
GEN,random,LR,onehot,2,wRBG-17-110-1_S168,0,0.03926088288426399
GEN,random,LR,onehot,2,wwRBK-17-0298-1_S42,0,0.01615143194794655
GEN,random,LR,onehot,2,wwRBL-17-004-1_S44,1,0.611812949180603
GEN,random,LR,onehot,3,H162_S4_L001,1,0.9963213205337524
GEN,random,LR,onehot,3,H164_S3_L001,1,0.9541544318199158
GEN,random,LR,onehot,3,H3_S1_L001,0,0.9968404769897461
GEN,random,LR,onehot,3,H66_S1_L001,1,0.018157990649342537
GEN,random,LR,onehot,3,H83_S7_L001,0,1.6027682514518915e-09
GEN,random,LR,onehot,3,NNRBG-17-0196-1_S3,0,1.0402336556580849e-05
GEN,random,LR,onehot,3,NNRBG-17-0198-1_S4,0,1.4177566299622413e-05
GEN,random,LR,onehot,3,NNRBG-17-0242-1_S11,0,0.09265277534723282
GEN,random,LR,onehot,3,NNRBG-17-0287-1_S17,0,0.06370577961206436
GEN,random,LR,onehot,3,NNRBG-17-0308-1_S20,0,0.00020475528435781598
GEN,random,LR,onehot,3,NNRBG-17-0382-1_S38,0,0.002010539174079895
GEN,random,LR,onehot,3,RBB-18-0490-1_S20_L001,0,0.02826664224267006
GEN,random,LR,onehot,3,RBB-18-0665-1_S23_L001,0,0.006085465662181377
GEN,random,LR,onehot,3,RBB-18-0765-1_S191,0,0.9715257287025452
GEN,random,LR,onehot,3,RBB-19-0014-1_S44,0,0.9999998807907104
GEN,random,LR,onehot,3,RBF-10-0240-1_S12_L001,1,2.1609348550555296e-05
GEN,random,LR,onehot,3,RBF-17-0194-1_S140,0,2.578583371359855e-05
GEN,random,LR,onehot,3,RBF-17-0438-1_S9,1,0.5350726842880249
GEN,random,LR,onehot,3,RBF-17-0450-1_S10,0,1.5267696653609164e-05
GEN,random,LR,onehot,3,RBF-17-0520-2_S55,1,2.9154555249988334e-06
GEN,random,LR,onehot,3,RBF-17-0550-1_S84,0,0.994479775428772
GEN,random,LR,onehot,3,RBF-17-0632-1_S97,0,1.4596264918509405e-05
GEN,random,LR,onehot,3,RBF-17-0645-1_S61,0,3.591544284198278e-10
GEN,random,LR,onehot,3,RBF-17-186-1_S69,1,0.5350726842880249
GEN,random,LR,onehot,3,RBF-17-277-1_S73,0,6.7106889218848664e-06
GEN,random,LR,onehot,3,RBF-18-0072-1_S16,0,6.98458143233438e-06
GEN,random,LR,onehot,3,RBF-18-0075-1_S79,1,0.006772817112505436
GEN,random,LR,onehot,3,RBF-18-0127-1_S32,0,2.356203185627237e-05
GEN,random,LR,onehot,3,RBF-18-0174-1_S28,1,0.10672499984502792
GEN,random,LR,onehot,3,RBF-18-0192-1_S44,0,0.014395549893379211
GEN,random,LR,onehot,3,RBF-18-0196-1_S46,0,0.006057338789105415
GEN,random,LR,onehot,3,RBF-18-0199-1_S47,0,0.9220300316810608
GEN,random,LR,onehot,3,RBF-18-0277-1_S61,0,0.6108400821685791
GEN,random,LR,onehot,3,RBF-18-0310-1_S36,0,0.9429820775985718
GEN,random,LR,onehot,3,RBG-17-013-1_S16,1,0.9383161067962646
GEN,random,LR,onehot,3,RBG-18-0012-1_S3,1,0.007605811581015587
GEN,random,LR,onehot,3,RBG-18-0076-1_S10,0,0.9898042678833008
GEN,random,LR,onehot,3,RBG-18-0083-1_S12,0,2.2541618818650022e-05
GEN,random,LR,onehot,3,RBG-18-0140-1_S14_L001,0,0.006412322632968426
GEN,random,LR,onehot,3,RBG-18-0170-1_S41,0,1.6715572201064788e-05
GEN,random,LR,onehot,3,RBG-18-0194-1_S45,0,0.07752546668052673
GEN,random,LR,onehot,3,RBG-18-0202-1_S13_L001,0,2.8898914479214e-06
GEN,random,LR,onehot,3,RBG-18-0224-1_S24_L001,1,0.768602192401886
GEN,random,LR,onehot,3,RBG-18-0256-1_S8_L001,0,7.7581483992617e-07
GEN,random,LR,onehot,3,RBG-18-0279-1_S36,0,0.48734843730926514
GEN,random,LR,onehot,3,RBG-18-0308-1_S54,0,0.005796142853796482
GEN,random,LR,onehot,3,RBG-18-0312-1_S55,0,0.2155953198671341
GEN,random,LR,onehot,3,RBG-18-0352-1_S21_L001,0,4.398926830617711e-05
GEN,random,LR,onehot,3,RBG-18-0394-1_S23_L001,0,1.5678706404287368e-05
GEN,random,LR,onehot,3,RBG-18-0437-1_S54,0,0.014518710784614086
GEN,random,LR,onehot,3,RBK-16-124-1_S16,0,0.028357958421111107
GEN,random,LR,onehot,3,RBK-17-0457-1_S6,1,0.5112791061401367
GEN,random,LR,onehot,3,RBK-17-0612-1_S27,1,0.5843731164932251
GEN,random,LR,onehot,3,RBK-18-0022-1_S197,0,3.361031485837884e-05
GEN,random,LR,onehot,3,RBK-18-0038-1_S200,0,7.862958227633499e-06
GEN,random,LR,onehot,3,RBK-18-0060-1_S22,0,0.000196887252968736
GEN,random,LR,onehot,3,RBK-18-0062-2_S203,0,4.781363145411888e-07
GEN,random,LR,onehot,3,RBK-18-0077-1_S212,1,0.5843731164932251
GEN,random,LR,onehot,3,RBK-18-0414-1_S59,0,0.09255262464284897
GEN,random,LR,onehot,3,RBL-17-0117-1_S155,0,1.7353657312924042e-05
GEN,random,LR,onehot,3,RBL-17-0138-1_S162,0,3.159402410801704e-07
GEN,random,LR,onehot,3,RBL-17-0165-1_S167,0,0.0774521753191948
GEN,random,LR,onehot,3,RBL-17-0172-1_S170,0,4.162034747423604e-05
GEN,random,LR,onehot,3,RBL-17-0197-1_S173,0,2.421080935732789e-08
GEN,random,LR,onehot,3,RBL-17-0307-1_S51,1,0.5350726842880249
GEN,random,LR,onehot,3,RBL-17-0349-1_S105,0,0.5801137089729309
GEN,random,LR,onehot,3,RBL-17-0359-1_S66,1,0.013334321789443493
GEN,random,LR,onehot,3,RBL-17-0383-1_S119,0,0.5550458431243896
GEN,random,LR,onehot,3,RBL-17-0428-1_S70,0,0.983639657497406
GEN,random,LR,onehot,3,RBL-17-0429-1_S130,0,9.58129362516047e-07
GEN,random,LR,onehot,3,RBL-17-0432-1_S132,0,0.3936690390110016
GEN,random,LR,onehot,3,RBL-17-0434-1_S133,0,1.0
GEN,random,LR,onehot,3,RBL-18-0059-1_S171,0,0.6443071365356445
GEN,random,LR,onehot,3,RBL-18-0085-1_S176,0,9.63531419984065e-06
GEN,random,LR,onehot,3,RBL-18-0194-1_S195_2,1,0.49879521131515503
GEN,random,LR,onehot,3,RBL-18-0242-1_S51,0,1.8689304681629437e-07
GEN,random,LR,onehot,3,RBT-17-0024-1_S23,0,2.3789618808223167e-06
GEN,random,LR,onehot,3,RBT-17-0079-1_S29,0,0.005537372548133135
GEN,random,LR,onehot,3,RBT-17-0090-1_S32,0,1.2247566019141232e-06
GEN,random,LR,onehot,3,RBT-17-0099-1_S35,0,0.00019055753364227712
GEN,random,LR,onehot,3,RBT-17-0113-1_S42,0,0.9995661377906799
GEN,random,LR,onehot,3,RBT-17-0124-1_S46,0,0.9827563762664795
GEN,random,LR,onehot,3,RBT-17-0165-1_S60,0,0.0005173752433620393
GEN,random,LR,onehot,3,RBT-17-0228-1_S10,0,0.002111135981976986
GEN,random,LR,onehot,3,RBT-17-0251-1_S62,1,0.03942014276981354
GEN,random,LR,onehot,3,RBT-17-0270-1_S65,0,9.925115307396482e-08
GEN,random,LR,onehot,3,RBT-17-0287-1_S10,0,0.9614027142524719
GEN,random,LR,onehot,3,RBT-18-0023-1_S14,0,2.0015478163770695e-10
GEN,random,LR,onehot,3,RBT-18-0079-1_S16,0,0.00014471603208221495
GEN,random,LR,onehot,3,RBT-18-0080-1_S49,1,0.9994284510612488
GEN,random,LR,onehot,3,RBT-18-0096-1_S20,0,0.002326949732378125
GEN,random,LR,onehot,3,RBT-18-0101-1_S22,0,4.303800960769877e-05
GEN,random,LR,onehot,3,RBT-18-0103-1_S24,0,0.0009174860897473991
GEN,random,LR,onehot,3,RBT-18-0110-1_S27,0,8.694911957718432e-05
GEN,random,LR,onehot,3,RBT-18-0113-1_S44,0,2.2741342036169954e-05
GEN,random,LR,onehot,3,RBT-18-0127-1_S51,0,5.278383832774125e-05
GEN,random,LR,onehot,3,RBT-18-0129-1_S52,0,3.7567808703897754e-06
GEN,random,LR,onehot,3,RBT-18-0134-1_S29,0,1.8876013200497255e-05
GEN,random,LR,onehot,3,RBT-18-0146-1_S55,0,9.356737109555979e-07
GEN,random,LR,onehot,3,RBT-18-0164-1_S34,0,0.41519278287887573
GEN,random,LR,onehot,3,RBT-18-0185-1_S39,0,9.159456385532394e-05
GEN,random,LR,onehot,3,RBT-18-0197-1_S40,0,2.4451794615742983e-06
GEN,random,LR,onehot,3,RBT-18-0231-1_S14,0,6.835628300905228e-05
GEN,random,LR,onehot,3,RBT-18-0232-1_S47,0,0.032650623470544815
GEN,random,LR,onehot,3,RBT-18-0234-1_S15,1,0.9326281547546387
GEN,random,LR,onehot,3,RBT-18-0241-1_S50,0,0.0001819421158870682
GEN,random,LR,onehot,3,RBT-18-0246-1_S52,0,0.004675871226936579
GEN,random,LR,onehot,3,RBT-18-0269-1_S61,0,0.001031604828312993
GEN,random,LR,onehot,3,RBT-18-0283-1_S65,0,0.00043473264668136835
GEN,random,LR,onehot,3,RBT-18-0284-1_S66,1,0.9731768369674683
GEN,random,LR,onehot,3,RBT-18-0325-1_S44,0,8.965752931544557e-05
GEN,random,LR,onehot,3,RBT-18-0334-1_S23,0,0.00011545051529537886
GEN,random,LR,onehot,3,RBT-18-0337-1_S46,0,0.18999499082565308
GEN,random,LR,onehot,3,RBT-18-0340-1_S36,0,0.0001114770129788667
GEN,random,LR,onehot,3,RBT-18-0358-1_S28,0,0.00014200170699041337
GEN,random,LR,onehot,3,RBT-18-0384-1_S40,0,0.0012933864491060376
GEN,random,LR,onehot,3,ResetH127_S6_L001,1,0.8996557593345642
GEN,random,LR,onehot,3,ResetH152_S4_L001,1,0.8845490217208862
GEN,random,LR,onehot,3,ResetH8_S2_L001,0,2.81704433291452e-05
GEN,random,LR,onehot,3,Survcare0111_S29,0,4.8375619371654466e-05
GEN,random,LR,onehot,3,Survcare133_S25,0,8.855547639541328e-05
GEN,random,LR,onehot,3,Survcare187_S32,0,0.7215126752853394
GEN,random,LR,onehot,3,Survcare262_S23_L001,1,0.9778274893760681
GEN,random,LR,onehot,3,Survcare265_S20,1,0.09238914400339127
GEN,random,LR,onehot,3,Survcare295_S8_L001,0,0.921309232711792
GEN,random,LR,onehot,3,Survcare310_S21_L001,1,0.07511361688375473
GEN,random,LR,onehot,3,Survcare337_S12,0,1.9257609892520122e-05
GEN,random,LR,onehot,3,Survcare341_S25,0,0.011018329299986362
GEN,random,LR,onehot,3,Survcare360_S84,0,0.9395589828491211
GEN,random,LR,onehot,3,V108_S2_L001,0,0.9969635605812073
GEN,random,LR,onehot,3,V116_S6_L001,0,0.6908972859382629
GEN,random,LR,onehot,3,V130_S5_L001,1,0.3087574243545532
GEN,random,LR,onehot,3,V163_S6_L001,1,0.9998742341995239
GEN,random,LR,onehot,3,V173_S6_L001,1,2.1380548442806457e-09
GEN,random,LR,onehot,3,V268_S12_L001,1,0.8247746229171753
GEN,random,LR,onehot,3,V271_S13_L001,0,0.10057216137647629
GEN,random,LR,onehot,3,V282_S4_L001,0,0.0759032741189003
GEN,random,LR,onehot,3,V41_S2_L001,1,0.9929354786872864
GEN,random,LR,onehot,3,V9_S1_L001,1,0.9985723495483398
GEN,random,LR,onehot,3,V98_S3_L001,1,0.9979932308197021
GEN,random,LR,onehot,3,W2RBF-17-090-1_S26,0,5.925347068114206e-06
GEN,random,LR,onehot,3,W2RBF-17-133-1_S28,0,0.04392043128609657
GEN,random,LR,onehot,3,wdh-RBF-17-0572-1_S43,0,0.00599942309781909
GEN,random,LR,onehot,3,wdh-RBL-17-0361-1_S44,0,0.00039226459921337664
GEN,random,LR,onehot,3,wdh-Survcare119_S44,0,0.005742525681853294
GEN,random,LR,onehot,3,wdh2NRZ-29911a_S31,1,0.0004964460385963321
GEN,random,LR,onehot,3,wdhRBF-18-0059-1_S15_L001,0,1.4192338312568609e-05
GEN,random,LR,onehot,3,wdhRBF-18-0080-1_S17_L001,0,0.028810692951083183
GEN,random,LR,onehot,3,WDHRBG-17-008-1_S83,0,0.011510367505252361
GEN,random,LR,onehot,3,WDHRBG-17-122-1_S48,0,0.04589506983757019
GEN,random,LR,onehot,3,wNRZ-32446_S79,1,0.024855010211467743
GEN,random,LR,onehot,3,wRBG-16-034-1_S164,0,0.0026280381716787815
GEN,random,LR,onehot,3,wRBG-17-022-1_S43,0,0.9998353719711304
GEN,random,LR,onehot,3,wRBG-17-031-1_S154,0,1.8890838191509829e-06
GEN,random,LR,onehot,3,wRBG-17-052-1_S120,0,0.31750035285949707
GEN,random,LR,onehot,3,wRBG-17-055-1_S163,0,0.2890821099281311
GEN,random,LR,onehot,3,wRBG-17-057-1_S141,0,0.0034584503155201674
GEN,random,LR,onehot,3,wRBG-17-102-1_S169,0,0.9807413220405579
GEN,random,LR,onehot,3,wwRBB-17-031-1_S25,0,0.3676263391971588
GEN,random,LR,onehot,3,wwRBF-17-189-1_S32,1,0.18431787192821503
GEN,random,LR,onehot,3,wwRBF-17-209-1_S34,1,0.01007762085646391
GEN,random,LR,onehot,3,wwRBL-16-111-1_S16,0,0.9999949932098389
GEN,random,LR,onehot,4,H105_S3_L001,0,0.3805029094219208
GEN,random,LR,onehot,4,H119_S7_L001,1,0.9999375343322754
GEN,random,LR,onehot,4,H123_S1_L001,1,0.9448206424713135
GEN,random,LR,onehot,4,H136_S7_L001,0,0.9982485771179199
GEN,random,LR,onehot,4,H176_S5_L001,0,2.427576646368834e-06
GEN,random,LR,onehot,4,H69_S6_L001,0,0.968252420425415
GEN,random,LR,onehot,4,NNRBG-17-0234-1_S9,0,0.00249339547008276
GEN,random,LR,onehot,4,NNRBG-17-0243-1_S12,0,0.02534518390893936
GEN,random,LR,onehot,4,NNRBG-17-0249-1_S13,0,0.08820141851902008
GEN,random,LR,onehot,4,NNRBG-17-0346-1_S30,0,0.9289510250091553
GEN,random,LR,onehot,4,RBB-18-0674-1_S189,1,0.9962401390075684
GEN,random,LR,onehot,4,RBB-18-0826-1_S193,0,0.019885197281837463
GEN,random,LR,onehot,4,RBB-18-1212-1_S67_2,0,0.8924385905265808
GEN,random,LR,onehot,4,RBB-18-1406-1_S49,0,0.0018961239838972688
GEN,random,LR,onehot,4,RBB-18-1502-1_S47,1,0.9539408683776855
GEN,random,LR,onehot,4,RBF-16-004-1_S18,0,0.02924320288002491
GEN,random,LR,onehot,4,RBF-16-060-1_S22,0,0.6561094522476196
GEN,random,LR,onehot,4,RBF-16-073-1_S23,0,0.0021557207219302654
GEN,random,LR,onehot,4,RBF-17-0509-1_S74,0,4.685510430135764e-05
GEN,random,LR,onehot,4,RBF-17-0521-1_S78,0,0.7085623145103455
GEN,random,LR,onehot,4,RBF-17-0532-2_S31,0,0.3525986969470978
GEN,random,LR,onehot,4,RBF-17-0537-1_S56,1,0.4660198390483856
GEN,random,LR,onehot,4,RBF-17-0540-1_S83,0,0.006189490202814341
GEN,random,LR,onehot,4,RBF-17-0553-1_S85,0,0.9759351015090942
GEN,random,LR,onehot,4,RBF-17-0589-1_S92,0,0.00016984033572953194
GEN,random,LR,onehot,4,RBF-17-0605-1_S94,0,0.16408929228782654
GEN,random,LR,onehot,4,RBF-17-0630-1_S59,0,0.002026823814958334
GEN,random,LR,onehot,4,RBF-17-0635-1_S98,1,4.887756858806824e-06
GEN,random,LR,onehot,4,RBF-17-0653-1_S101,0,5.4908291531319264e-06
GEN,random,LR,onehot,4,RBF-17-094-1_S56,1,0.6584998965263367
GEN,random,LR,onehot,4,RBF-17-266-1_S70,1,0.9648262858390808
GEN,random,LR,onehot,4,RBF-18-0064-2_S14,0,2.46937293013616e-06
GEN,random,LR,onehot,4,RBF-18-0068-1_S77,0,0.13117331266403198
GEN,random,LR,onehot,4,RBF-18-0069-1_S78,1,0.8008731603622437
GEN,random,LR,onehot,4,RBF-18-0099-1_S26,0,0.0001650309859542176
GEN,random,LR,onehot,4,RBF-18-0125-1_S30,0,0.00010734987154137343
GEN,random,LR,onehot,4,RBF-18-0163-2_S39,0,7.65686490922235e-05
GEN,random,LR,onehot,4,RBF-18-0172-1_S40,1,0.9999860525131226
GEN,random,LR,onehot,4,RBF-18-0184-1_S30,0,0.8690189123153687
GEN,random,LR,onehot,4,RBF-18-0214-1_S51,0,0.0004666580935008824
GEN,random,LR,onehot,4,RBF-18-0251-1_S55,0,0.007028401363641024
GEN,random,LR,onehot,4,RBG-18-0025-1_S9_L001,0,0.012237723916769028
GEN,random,LR,onehot,4,RBG-18-0055-1_S43,0,1.7240988370303967e-07
GEN,random,LR,onehot,4,RBG-18-0085-1_S11,1,0.0020439792424440384
GEN,random,LR,onehot,4,RBG-18-0191-1_S11_L001,0,0.005569620989263058
GEN,random,LR,onehot,4,RBG-18-0209-2_S46,0,0.02647644840180874
GEN,random,LR,onehot,4,RBG-18-0211-1_S35,0,0.009137783199548721
GEN,random,LR,onehot,4,RBG-18-0265-1_S49,0,0.0002187946083722636
GEN,random,LR,onehot,4,RBG-18-0355-1_S19_L001,0,0.0005078710382804275
GEN,random,LR,onehot,4,RBG-18-0380-1_S48,0,0.6618713736534119
GEN,random,LR,onehot,4,RBG-18-0381-1_S49,0,0.000477102177683264
GEN,random,LR,onehot,4,RBG-18-0383-1_S37,1,0.837584912776947
GEN,random,LR,onehot,4,RBK-18-0019-1_S195,0,0.03669626638293266
GEN,random,LR,onehot,4,RBK-18-0020-1_S19,0,0.9787478446960449
GEN,random,LR,onehot,4,RBk-18-0216-1_S231_2,0,2.5651233954704367e-05
GEN,random,LR,onehot,4,RBL-17-0076-1_S32,0,1.1180347314621031e-07
GEN,random,LR,onehot,4,RBL-17-0101-1_S148,0,0.0003798188117798418
GEN,random,LR,onehot,4,RBL-17-0104-1_S149,0,0.012889506295323372
GEN,random,LR,onehot,4,RBL-17-0123-1_S157,0,1.6260168322901336e-08
GEN,random,LR,onehot,4,RBL-17-0133-1_S159,0,0.001750755007378757
GEN,random,LR,onehot,4,RBL-17-0135-1_S160,0,0.0013841517502442002
GEN,random,LR,onehot,4,RBL-17-0136-1_S161,0,0.000947764900047332
GEN,random,LR,onehot,4,RBL-17-0199-1_S174,0,0.5256883502006531
GEN,random,LR,onehot,4,RBL-17-0205-1_S175,0,0.0031609132420271635
GEN,random,LR,onehot,4,RBL-17-0242-1_S42,1,0.614126980304718
GEN,random,LR,onehot,4,RBL-17-0306-1_S50,1,0.0358378067612648
GEN,random,LR,onehot,4,RBL-17-0324-1_S54,0,2.2028820239938796e-05
GEN,random,LR,onehot,4,RBL-17-0332-1_S118,0,0.00037218272336758673
GEN,random,LR,onehot,4,RBL-17-0360-1_S108,0,1.0720764720417719e-07
GEN,random,LR,onehot,4,RBL-17-0375-1_S117,0,0.7064239978790283
GEN,random,LR,onehot,4,RBL-17-0390-1_S121,0,3.977168307756074e-05
GEN,random,LR,onehot,4,RBL-17-0395-1_S124,0,0.016165077686309814
GEN,random,LR,onehot,4,RBL-17-0397-1_S125,0,0.004422976169735193
GEN,random,LR,onehot,4,RBL-17-0411-1_S128,0,0.00020430558652151376
GEN,random,LR,onehot,4,RBL-18-0002-1_S158,0,6.286370535235619e-06
GEN,random,LR,onehot,4,RBL-18-0037-1_S168,0,0.009688627906143665
GEN,random,LR,onehot,4,RBL-18-0055-1_S170,0,0.0003206294495612383
GEN,random,LR,onehot,4,RBL-18-0076-1_S47,0,0.6041215062141418
GEN,random,LR,onehot,4,RBL-18-0090-1_S48,0,0.686491847038269
GEN,random,LR,onehot,4,RBL-18-0093-1_S49,0,0.28211110830307007
GEN,random,LR,onehot,4,RBL-18-0500-1_S230_2,0,0.445350706577301
GEN,random,LR,onehot,4,RBT-17-0033-1_S12,1,0.007861469872295856
GEN,random,LR,onehot,4,RBT-17-0082-1_S30,0,0.0012203650549054146
GEN,random,LR,onehot,4,RBT-17-0100-1_S36,0,0.8586269021034241
GEN,random,LR,onehot,4,RBT-17-0109-1_S40,0,0.0005591390654444695
GEN,random,LR,onehot,4,RBT-17-0149-1_S13,0,0.19217975437641144
GEN,random,LR,onehot,4,RBT-17-0161-1_S57,0,2.7012799819203792e-06
GEN,random,LR,onehot,4,RBT-17-0163-1_S59,0,0.052434977144002914
GEN,random,LR,onehot,4,RBT-17-0168-1_S61,0,0.00032989628380164504
GEN,random,LR,onehot,4,RBT-17-0177-2_S7,0,1.6798428987385705e-05
GEN,random,LR,onehot,4,RBT-17-0183-1_S67,0,4.2481110540393274e-06
GEN,random,LR,onehot,4,RBT-17-0194-1_S30,0,5.735113973059924e-06
GEN,random,LR,onehot,4,RBT-17-0225-1_S9,0,2.0167681213933975e-05
GEN,random,LR,onehot,4,RBT-17-0239-1_S60,0,6.0183112509548664e-05
GEN,random,LR,onehot,4,RBT-17-0243-1_S11,0,0.0012280961964279413
GEN,random,LR,onehot,4,RBT-17-0328-1_S16,0,0.7934229969978333
GEN,random,LR,onehot,4,RBT-18-0021-1_S56,1,0.6618713736534119
GEN,random,LR,onehot,4,RBT-18-0050-1_S34,0,0.027401499450206757
GEN,random,LR,onehot,4,RBT-18-0053-1_S36,1,0.4828925132751465
GEN,random,LR,onehot,4,RBT-18-0091-1_S42,0,0.007664177566766739
GEN,random,LR,onehot,4,RBT-18-0095-1_S19,0,0.07060335576534271
GEN,random,LR,onehot,4,RBT-18-0100-1_S21,0,0.1583857536315918
GEN,random,LR,onehot,4,RBT-18-0125-1_S50,0,0.0003609912528190762
GEN,random,LR,onehot,4,RBT-18-0133-1_S30,0,0.3049614429473877
GEN,random,LR,onehot,4,RBT-18-0173-1_S35,0,2.4281936461534315e-08
GEN,random,LR,onehot,4,RBT-18-0227-1_S46,1,0.8361343145370483
GEN,random,LR,onehot,4,RBT-18-0292-1_S70,0,0.10382575541734695
GEN,random,LR,onehot,4,RBT-18-0331-1_S22,0,0.0012129603419452906
GEN,random,LR,onehot,4,RBT-18-0335-1_S41,1,0.0446457639336586
GEN,random,LR,onehot,4,RBT-18-0339-1_S47,0,6.2707727011002135e-06
GEN,random,LR,onehot,4,RBT-18-0357-1_S27,0,0.0001386250223731622
GEN,random,LR,onehot,4,RBT-18-0364-1_S29,0,0.9654712677001953
GEN,random,LR,onehot,4,RBT-18-0370-1_S33,0,0.8307326436042786
GEN,random,LR,onehot,4,RBT-18-0372-1_S31,0,0.9964847564697266
GEN,random,LR,onehot,4,ResetH89_S3_L001,0,1.4676976434202516e-06
GEN,random,LR,onehot,4,ResetH92_S4_L001,0,0.8458498120307922
GEN,random,LR,onehot,4,ResetH99_S5_L001,0,0.0054256669245660305
GEN,random,LR,onehot,4,ResetV63_S5_L001,0,2.029433517236612e-06
GEN,random,LR,onehot,4,ResetV76_S7_L001,0,0.00824784953147173
GEN,random,LR,onehot,4,Survcare0114_S37,0,0.1911754161119461
GEN,random,LR,onehot,4,Survcare058_S26,0,0.0013715827371925116
GEN,random,LR,onehot,4,Survcare104_S16_L001,1,0.0001876581518445164
GEN,random,LR,onehot,4,Survcare129_S1,0,6.350217240935763e-09
GEN,random,LR,onehot,4,Survcare230_S17_L001,1,0.0003796749224420637
GEN,random,LR,onehot,4,Survcare234_S3_L001,0,0.1596565544605255
GEN,random,LR,onehot,4,Survcare254_S36,0,0.999510645866394
GEN,random,LR,onehot,4,Survcare291_S38,1,0.9989227652549744
GEN,random,LR,onehot,4,Survcare303_S15_L001,0,0.00091722042998299
GEN,random,LR,onehot,4,Survcare309_S20_L001,1,0.9999972581863403
GEN,random,LR,onehot,4,Survcare329_S3,0,0.9952964186668396
GEN,random,LR,onehot,4,Survcare335_S11,1,0.019559817388653755
GEN,random,LR,onehot,4,V111_S3_L001,0,0.9894652366638184
GEN,random,LR,onehot,4,V139_S7_L001,0,0.9026705026626587
GEN,random,LR,onehot,4,V158_S4_L001,0,0.8593096137046814
GEN,random,LR,onehot,4,V183_S7_L001,1,0.005314501002430916
GEN,random,LR,onehot,4,V195_S1_L001,1,0.0009469091892242432
GEN,random,LR,onehot,4,V283_S5_L001,1,0.2851426899433136
GEN,random,LR,onehot,4,V291_S5_L001,1,0.7743455171585083
GEN,random,LR,onehot,4,V40_S2_L001,1,0.9978491067886353
GEN,random,LR,onehot,4,V86_S1_L001,1,0.9998781681060791
GEN,random,LR,onehot,4,w2RBG-16-037-1_S34,0,0.12594440579414368
GEN,random,LR,onehot,4,W2RBL-16-018-1_S15,1,0.8305513262748718
GEN,random,LR,onehot,4,wdh-RBB-17-170-1_S16,0,0.9597367644309998
GEN,random,LR,onehot,4,wdhRBF-17-0564-1_S230,0,0.5045835971832275
GEN,random,LR,onehot,4,wdhRBF-17-0567-1_S122,0,0.24359732866287231
GEN,random,LR,onehot,4,wdhRBF-18-0057_S14_L001,0,0.002788904821500182
GEN,random,LR,onehot,4,WDHRBG-16-050-1_S40,0,0.9965984225273132
GEN,random,LR,onehot,4,WDHRBG-17-121-1_S46,0,0.00019702001009136438
GEN,random,LR,onehot,4,wdhRBL-17-0370-1_S232,0,0.5155738592147827
GEN,random,LR,onehot,4,wRBG-16-024-1_S152,0,0.7935515642166138
GEN,random,LR,onehot,4,wRBG-16-027-1_S174,0,0.0009024612372741103
GEN,random,LR,onehot,4,wRBG-16-032-1_S142,0,0.00922167394310236
GEN,random,LR,onehot,4,wRBG-17-014-1_S167,0,0.9649019837379456
GEN,random,LR,onehot,4,wRBG-17-023-1_S155,0,3.296908319266878e-12
GEN,random,LR,onehot,4,wRBG-17-082-1_S106,1,0.03176324814558029
GEN,random,LR,onehot,4,wRBG-17-106-1_S125,1,0.033562272787094116
GEN,random,LR,onehot,4,wwRBB-16-112-1_S1,1,0.6573567390441895
GEN,random,LR,onehot,4,wwRBF-17-148-1_S27,0,2.2689893739880063e-05
GEN,random,LR,onehot,4,wwRBK-17-0148-1_S37,1,0.9223042726516724
GEN,random,LR,onehot,4,wwRBK-17-0148-2_S38,1,0.6579567790031433
GEN,random,LR,onehot,4,wwRBK-17-075-1_S28,1,0.9612729549407959
GEN,random,SVM,onehot,0,H100_S2_L001,0,0.44766263526964817
GEN,random,SVM,onehot,0,H108_S5_L001,0,0.2629785238757192
GEN,random,SVM,onehot,0,H113_S6_L001,0,0.07373769086489831
GEN,random,SVM,onehot,0,H116_S8_L001,1,0.6114669032704818
GEN,random,SVM,onehot,0,H160_S3_L001,1,0.6847140053175291
GEN,random,SVM,onehot,0,H50_S7_L001,1,0.20164481524413294
GEN,random,SVM,onehot,0,H51_S5_L001,0,0.7160137801942206
GEN,random,SVM,onehot,0,H71_S1_L001,1,0.8821086345697947
GEN,random,SVM,onehot,0,H86_S1_L001,1,0.34368012686473287
GEN,random,SVM,onehot,0,NNRBG-17-0191-1_S1,1,0.5800903809273189
GEN,random,SVM,onehot,0,NNRBG-17-0199-1_S5,0,0.0350668124587783
GEN,random,SVM,onehot,0,NNRBG-17-0205-1_S7,0,0.09913906814460001
GEN,random,SVM,onehot,0,NNRBG-17-0255-1_S14,0,0.5748491774470981
GEN,random,SVM,onehot,0,NNRBG-17-0294-1_S18,0,0.5147866204551991
GEN,random,SVM,onehot,0,NNRBG-17-0298-1_S19,0,0.4710198238722281
GEN,random,SVM,onehot,0,NNRBG-17-0399-1_S40,0,0.4513177131060021
GEN,random,SVM,onehot,0,RBB-17-171-1_S52,0,0.04568077179572372
GEN,random,SVM,onehot,0,RBB-18-0537-1_S21_L001,0,0.8167736883507059
GEN,random,SVM,onehot,0,RBB-18-0668-1_S188,1,0.2559814277202645
GEN,random,SVM,onehot,0,RBB-18-1086-1_S189_2,0,0.0044911763502873325
GEN,random,SVM,onehot,0,RBB-18-1309-1_S42,1,0.41437416309130704
GEN,random,SVM,onehot,0,RBF-16-0064-1_S136,0,0.05089771744659942
GEN,random,SVM,onehot,0,RBF-17-0178-1_S139,0,0.1512262020060022
GEN,random,SVM,onehot,0,RBF-17-0467-1_S12,0,0.679295058238523
GEN,random,SVM,onehot,0,RBF-17-0513-1_S76,0,0.23688328853141088
GEN,random,SVM,onehot,0,RBF-17-0523-1_S30,0,0.009736842579833555
GEN,random,SVM,onehot,0,RBF-17-0538-1_S82,0,0.2016018580568456
GEN,random,SVM,onehot,0,RBF-17-0572-2_S89,0,0.003103386954365972
GEN,random,SVM,onehot,0,RBF-17-0587-1_S91,0,0.1257066246788439
GEN,random,SVM,onehot,0,RBF-17-0648-1_S100,0,0.830718015818398
GEN,random,SVM,onehot,0,RBF-17-318-1_S77,1,0.0968990292579971
GEN,random,SVM,onehot,0,RBF-18-0013-1_S25_L001,0,0.1374894452594219
GEN,random,SVM,onehot,0,RBF-18-0036-1_S7,0,0.018045044994060806
GEN,random,SVM,onehot,0,RBF-18-0088-1_S24,1,0.05753346999018965
GEN,random,SVM,onehot,0,RBF-18-0132-1_S26,0,0.0075108286676604736
GEN,random,SVM,onehot,0,RBF-18-0139-1_S35,0,0.0012044092128039097
GEN,random,SVM,onehot,0,RBF-18-0147-1_S36,0,0.748374231409684
GEN,random,SVM,onehot,0,RBF-18-0217-1_S54,0,0.43815246317162104
GEN,random,SVM,onehot,0,RBF-18-0227-1_S53,0,0.0904841180325123
GEN,random,SVM,onehot,0,RBF-18-0252-1_S56,0,0.0009660284815562034
GEN,random,SVM,onehot,0,RBF-18-0253-1_S13_L001,0,0.9752201753565685
GEN,random,SVM,onehot,0,RBF-18-0294-1_S64,0,0.06003230085471395
GEN,random,SVM,onehot,0,RBF-18-0321-1_S69,0,0.571252581710022
GEN,random,SVM,onehot,0,RBF-18-0333-1_S70,0,0.02018504958166153
GEN,random,SVM,onehot,0,RBG-17-0383-1_S44,0,0.012425769306915947
GEN,random,SVM,onehot,0,RBG-18-0041-1_S6,0,0.12902552978285786
GEN,random,SVM,onehot,0,RBG-18-0113-1_S13_L001,0,0.3431423713692488
GEN,random,SVM,onehot,0,RBG-18-0129-1_S15_L001,0,0.6563076552156961
GEN,random,SVM,onehot,0,RBG-18-0144-1_S38,0,0.001086168192824802
GEN,random,SVM,onehot,0,RBG-18-0153-1_S14,0,0.7274920022009402
GEN,random,SVM,onehot,0,RBG-18-0185-1_S40,0,0.1580017052456784
GEN,random,SVM,onehot,0,RBG-18-0193-1_S8,0,0.019740291786733144
GEN,random,SVM,onehot,0,RBG-18-0204-1_S23_L001,0,0.18089687859982953
GEN,random,SVM,onehot,0,RBG-18-0206-2_S46,0,0.7777891570334358
GEN,random,SVM,onehot,0,RBG-18-0276-1_S50,0,0.47207078980003314
GEN,random,SVM,onehot,0,RBG-18-0280-1_S51,0,0.002668874325731997
GEN,random,SVM,onehot,0,RBG-18-0289-1_S37,1,0.021079526500539316
GEN,random,SVM,onehot,0,RBG-18-0300-1_S52,0,0.1543989565180596
GEN,random,SVM,onehot,0,RBG-18-0347-1_S22_L001,0,0.026526115750324375
GEN,random,SVM,onehot,0,RBG-18-0421-1_S53,1,0.6670827989247862
GEN,random,SVM,onehot,0,RBK-16-073-1_S14,0,0.06234256468671273
GEN,random,SVM,onehot,0,RBK-17-049-1_S62,0,0.19040310971494906
GEN,random,SVM,onehot,0,RBK-17-0588-1_S24,0,0.3823855616528184
GEN,random,SVM,onehot,0,RBK-17-0601-1_S25,0,0.7311155310984672
GEN,random,SVM,onehot,0,RBK-18-0047-1_S20,0,0.046436872134515285
GEN,random,SVM,onehot,0,RBK-18-0236-2_S52_2,0,0.8594638365587199
GEN,random,SVM,onehot,0,RBL-17-0095-1_S147,0,0.000924881892554296
GEN,random,SVM,onehot,0,RBL-17-0129-1_S158,0,0.040527014012788375
GEN,random,SVM,onehot,0,RBL-17-0155-1_S165,0,0.03185244902575646
GEN,random,SVM,onehot,0,RBL-17-0189-1_S172,0,0.029006448498462407
GEN,random,SVM,onehot,0,RBL-17-0261-1_S100,0,0.00018473344343023962
GEN,random,SVM,onehot,0,RBL-17-0264-1_S103,0,0.7411988074690751
GEN,random,SVM,onehot,0,RBL-17-0283-1_S27,0,0.2537499619898723
GEN,random,SVM,onehot,0,RBL-17-0342-1_S103,0,0.3115906081842363
GEN,random,SVM,onehot,0,RBL-17-0368-1_S114,0,0.15551015853808473
GEN,random,SVM,onehot,0,RBL-17-0374-1_S116,0,0.6859042175210948
GEN,random,SVM,onehot,0,RBL-17-0391-1_S122,0,0.0516047261684683
GEN,random,SVM,onehot,0,RBL-17-0393-1_S123,0,0.20639581186553152
GEN,random,SVM,onehot,0,RBL-17-0402-1_S126,0,0.19916337113170315
GEN,random,SVM,onehot,0,RBL-17-060-1_S17,0,0.6241716403245792
GEN,random,SVM,onehot,0,RBL-17-075-1_S18,1,0.03853398165642469
GEN,random,SVM,onehot,0,RBL-18-0016-1_S161,0,0.05031748640870838
GEN,random,SVM,onehot,0,RBL-18-0021-1_S42,0,0.8063062816433981
GEN,random,SVM,onehot,0,RBL-18-0098-1_S178,0,0.7745923845617952
GEN,random,SVM,onehot,0,RBL-18-0131-1_S188_2,1,0.01146936851955857
GEN,random,SVM,onehot,0,RBT-16-0024-1_S10,1,0.2088779073624719
GEN,random,SVM,onehot,0,RBT-17-0023-1_S25,0,0.6935397598978407
GEN,random,SVM,onehot,0,RBT-17-0027-1_S3,0,0.09247853945646645
GEN,random,SVM,onehot,0,RBT-17-0084-1_S31,0,0.009245049660314393
GEN,random,SVM,onehot,0,RBT-17-0118-1_S45,0,0.9367732859668908
GEN,random,SVM,onehot,0,RBT-17-0130-1_S27,0,0.3322964033834635
GEN,random,SVM,onehot,0,RBT-17-0150-1_S54,0,0.10968730787491114
GEN,random,SVM,onehot,0,RBT-17-0156-1_S56,0,0.7761509539229171
GEN,random,SVM,onehot,0,RBT-17-0188-1_S68,0,0.031925602806405946
GEN,random,SVM,onehot,0,RBT-17-0291-1_S14,1,0.5884532821184241
GEN,random,SVM,onehot,0,RBT-17-0295-1_S15,0,0.030026916055401205
GEN,random,SVM,onehot,0,RBT-17-0337-1_S19,0,0.19057856518341865
GEN,random,SVM,onehot,0,RBT-18-0027-1_S68,0,0.22203462296606985
GEN,random,SVM,onehot,0,RBT-18-0052-1_S35,0,0.20147235814778075
GEN,random,SVM,onehot,0,RBT-18-0057-1_S38,1,0.14990718469821843
GEN,random,SVM,onehot,0,RBT-18-0120-1_S48,0,0.018826306602041598
GEN,random,SVM,onehot,0,RBT-18-0141-1_S32,0,0.15728656836522426
GEN,random,SVM,onehot,0,RBT-18-0184-1_S38,1,0.46245222028382343
GEN,random,SVM,onehot,0,RBT-18-0224-1_S43,0,0.03909764762519468
GEN,random,SVM,onehot,0,RBT-18-0296-1_S72,1,0.664639625239474
GEN,random,SVM,onehot,0,RBT-18-0316-1_S43,0,0.25447882196714977
GEN,random,SVM,onehot,0,RBT-18-0317-1_S27,0,0.15842958200244545
GEN,random,SVM,onehot,0,RBT-18-0324-1_S57,1,0.9562455725046833
GEN,random,SVM,onehot,0,RBT-18-0365-1_S30,0,0.06848457279976534
GEN,random,SVM,onehot,0,RBT-18-0368-1_S32,0,0.1141750716785339
GEN,random,SVM,onehot,0,RBT-18-0385-1_S34,0,0.02045172870979664
GEN,random,SVM,onehot,0,RBT-18-0391-1_S35,0,0.8071690762953488
GEN,random,SVM,onehot,0,RBT-18-0401-1_S43,0,0.21483446030511152
GEN,random,SVM,onehot,0,ResetH115_S6_L001,0,0.9697120453224348
GEN,random,SVM,onehot,0,ResetH16_S2_L001,0,0.6969733897289754
GEN,random,SVM,onehot,0,ResetH24a_S3_2_L001,1,0.7181088746773031
GEN,random,SVM,onehot,0,ResetH30_S4_L001,0,0.402846688787179
GEN,random,SVM,onehot,0,ResetH45_S5_L001,0,0.22746688124853637
GEN,random,SVM,onehot,0,ResetV105_S1_L001,0,0.17353904345668852
GEN,random,SVM,onehot,0,ResetV161_S3_L001,0,0.4787624718473216
GEN,random,SVM,onehot,0,ResetV210_S4_L001,1,0.18717592236406588
GEN,random,SVM,onehot,0,ResetV70_S6_L001,1,0.1682314753302675
GEN,random,SVM,onehot,0,Survcare052_S22,0,0.25012790575639776
GEN,random,SVM,onehot,0,Survcare184_S19,1,0.1264501724318718
GEN,random,SVM,onehot,0,Survcare236_S5_L001,1,0.541320416840911
GEN,random,SVM,onehot,0,Survcare253_S35,0,0.05283653299873241
GEN,random,SVM,onehot,0,Survcare275_S38,1,0.12433601192206026
GEN,random,SVM,onehot,0,Survcare289_S36,1,0.8459544529998564
GEN,random,SVM,onehot,0,Survcare292_S39,0,0.04543901974532306
GEN,random,SVM,onehot,0,Survcare293_S40,1,0.8231571389147486
GEN,random,SVM,onehot,0,Survcare317_S5_L001,0,0.09439761308120849
GEN,random,SVM,onehot,0,Survcare318_S20_L001,0,0.036879948279875986
GEN,random,SVM,onehot,0,Survcare327_S1,0,0.2863504159798447
GEN,random,SVM,onehot,0,V1_S6_L001,1,0.7505864249812656
GEN,random,SVM,onehot,0,V114_S5_L001,0,0.7914508040361182
GEN,random,SVM,onehot,0,V153_S4_L001,1,0.745572303642816
GEN,random,SVM,onehot,0,V177_S6_L001,0,0.027374641666277694
GEN,random,SVM,onehot,0,V182_S6_L001,1,0.38627351087589423
GEN,random,SVM,onehot,0,V201_S4_L001,0,0.8182109824939907
GEN,random,SVM,onehot,0,V228_S8_L001,1,0.7514315395655461
GEN,random,SVM,onehot,0,V232_S3_L001,0,0.03553459654427556
GEN,random,SVM,onehot,0,V238_S11_L001,1,0.42542298076979984
GEN,random,SVM,onehot,0,V279_S8_L001,1,0.7623757955201474
GEN,random,SVM,onehot,0,V292_S6_L001,1,0.956051025712864
GEN,random,SVM,onehot,0,V71_S4_L001,1,0.9558125166370881
GEN,random,SVM,onehot,0,V79_S6_L001,0,0.6509261703337206
GEN,random,SVM,onehot,0,V96_S2_L001,1,0.9679225488983847
GEN,random,SVM,onehot,0,wdh-RBL-17-0431-1_S46,0,0.5538897433300469
GEN,random,SVM,onehot,0,wdhRBF-17-0558-1_S121,0,0.0014972474984355885
GEN,random,SVM,onehot,0,wdhRBF-18-0025-1_S11_L001,0,0.24101324139233335
GEN,random,SVM,onehot,0,wdhRBF-18-0049-1_S13_L001,0,0.0007620755781978499
GEN,random,SVM,onehot,0,wdhRBF-18-0098-1_S19_L001,0,0.006524238225507593
GEN,random,SVM,onehot,0,WDHRBG-17-001-1_S82,0,0.2998276902882946
GEN,random,SVM,onehot,0,wRBG-17-021-1_S166,0,0.7205091124027154
GEN,random,SVM,onehot,0,wRBG-17-028-1_S100,0,0.004795719170109207
GEN,random,SVM,onehot,0,wRBG-17-075-1_S96,0,0.719090811557056
GEN,random,SVM,onehot,0,wRBG-17-100-1_S104,0,0.8740155992726935
GEN,random,SVM,onehot,0,wwRBF-16-094-1_S13,0,0.027414725210697977
GEN,random,SVM,onehot,0,wwRBF-17-251-1_S33,0,0.2937679542843222
GEN,random,SVM,onehot,0,wwRBK-16-023-1_S5,0,0.6379577119555306
GEN,random,SVM,onehot,0,wwRBK-17-0278-1_S41,0,0.023275225898258846
GEN,random,SVM,onehot,0,WWSurvcare043_S43,0,0.020526595625112415
GEN,random,SVM,onehot,1,H122_S4_L001,1,0.7775873296818301
GEN,random,SVM,onehot,1,H148_S4_L001,1,0.4516041237086844
GEN,random,SVM,onehot,1,H37_S3_L001,0,0.11730837777107271
GEN,random,SVM,onehot,1,H38_S4_L001,0,0.7591617888323675
GEN,random,SVM,onehot,1,H53_S4_L001,0,0.6915146385735071
GEN,random,SVM,onehot,1,NNRBG-17-0193-1_S2,0,0.03813483668084783
GEN,random,SVM,onehot,1,NNRBG-17-0201-1_S6,0,0.0017527931166907804
GEN,random,SVM,onehot,1,NNRBG-17-0227-1_S8,0,0.028450651932848098
GEN,random,SVM,onehot,1,NNRBG-17-0239-1_S10,0,0.07591444891559544
GEN,random,SVM,onehot,1,NNRBG-17-0278-1_S16,0,0.4151395959836971
GEN,random,SVM,onehot,1,NNRBG-17-0316-1_S23,0,0.38158989033825247
GEN,random,SVM,onehot,1,NNRBG-17-0328-1_S25,0,0.19333981656316848
GEN,random,SVM,onehot,1,NNRBG-17-0329-1_S26,0,0.36036685092103926
GEN,random,SVM,onehot,1,NNRBG-17-0378-1_S37,1,0.6913731696214492
GEN,random,SVM,onehot,1,RBB-18-0129-1_S179,0,0.14260475692097574
GEN,random,SVM,onehot,1,RBB-18-0546-1_S22_L001,0,0.28981773005367933
GEN,random,SVM,onehot,1,RBB-18-1312-1_S43,0,0.58298377571988
GEN,random,SVM,onehot,1,RBB-18-1488-1_S46,0,0.011803700635145655
GEN,random,SVM,onehot,1,RBF-17-0164-1_S137,0,0.042381524810681054
GEN,random,SVM,onehot,1,RBF-17-0173-1_S138,0,0.18745747157552026
GEN,random,SVM,onehot,1,RBF-17-0508-1_S73,0,0.2700154239007354
GEN,random,SVM,onehot,1,RBF-17-0532-1_S80,0,0.9190534577886085
GEN,random,SVM,onehot,1,RBF-17-0602-1_S93,0,0.06812211224603369
GEN,random,SVM,onehot,1,RBF-17-0647-1_S99,0,0.1601582545743854
GEN,random,SVM,onehot,1,RBF-17-0664-1_S63,0,0.22373979442894132
GEN,random,SVM,onehot,1,RBF-17-067-1_S54,1,0.5954942965117251
GEN,random,SVM,onehot,1,RBF-17-170-1_S66,1,0.6818674642893626
GEN,random,SVM,onehot,1,RBF-18-0019-1_S2,1,0.6296995099288029
GEN,random,SVM,onehot,1,RBF-18-0027-1_S5,1,0.001716622969635405
GEN,random,SVM,onehot,1,RBF-18-0086-1_S22,0,0.02894271219917751
GEN,random,SVM,onehot,1,RBF-18-0121-1_S28,1,0.267095194138949
GEN,random,SVM,onehot,1,RBF-18-0123-1_S25_L001,0,1.2392955285815107e-05
GEN,random,SVM,onehot,1,RBF-18-0151-1_S83,0,0.25826560498844187
GEN,random,SVM,onehot,1,RBF-18-0160-1_S37,0,0.9391783705065408
GEN,random,SVM,onehot,1,RBF-18-0179-1_S29,0,0.0826643981262791
GEN,random,SVM,onehot,1,RBF-18-0187-1_S31,0,0.8366813432449305
GEN,random,SVM,onehot,1,RBF-18-0259-1_S33,0,0.0729058581993987
GEN,random,SVM,onehot,1,RBF-18-0280-1_S62,0,0.7498915243225931
GEN,random,SVM,onehot,1,RBF-18-0585-1_S48,0,0.3301355240030497
GEN,random,SVM,onehot,1,RBF-18-0714-2_S204_2,0,0.30330325157006716
GEN,random,SVM,onehot,1,RBG-17-0269-1_S41,0,0.8353816578304659
GEN,random,SVM,onehot,1,RBG-17-0284-1_S59,0,0.5477955835454067
GEN,random,SVM,onehot,1,RBg-17-123-2_S12,0,0.8425403839605902
GEN,random,SVM,onehot,1,RBG-18-0004-1_S1,0,0.7310615845825705
GEN,random,SVM,onehot,1,RBG-18-0023-1_S2,1,0.10802523498134682
GEN,random,SVM,onehot,1,RBG-18-0054-1_S42,0,0.15487258768792356
GEN,random,SVM,onehot,1,RBG-18-0071-1_S44,0,0.012200934627715897
GEN,random,SVM,onehot,1,RBG-18-0077-1_S9,1,0.810466743981158
GEN,random,SVM,onehot,1,RBG-18-0099-1_S14,0,0.7310615845825705
GEN,random,SVM,onehot,1,RBG-18-0108-1_S16,0,0.04660462516476253
GEN,random,SVM,onehot,1,RBG-18-0166-1_S10_L001,0,0.08770790676573015
GEN,random,SVM,onehot,1,RBG-18-0177-1_S17_L001,1,0.6108850283559165
GEN,random,SVM,onehot,1,RBG-18-0200-1_S18_L001,1,0.6303818040917476
GEN,random,SVM,onehot,1,RBG-18-0301-1_S53,0,0.1842309114968435
GEN,random,SVM,onehot,1,RBG-18-0358-1_S39,0,0.024109914655847407
GEN,random,SVM,onehot,1,RBK-16-007-1_S13,0,0.3751530235721003
GEN,random,SVM,onehot,1,RBK-17-0492-1_S8,1,0.07368666890394811
GEN,random,SVM,onehot,1,RBK-18-0002-1_S38,1,0.03302475060964243
GEN,random,SVM,onehot,1,RBK-18-0005-1_S18,0,0.011328479090988391
GEN,random,SVM,onehot,1,RBL-17-0093-1_S146,0,0.9157346788211451
GEN,random,SVM,onehot,1,RBL-17-0107-1_S150,0,0.9149736688101893
GEN,random,SVM,onehot,1,RBL-17-0144-1_S163,0,0.00017691148445276163
GEN,random,SVM,onehot,1,RBL-17-0159-1_S166,0,0.685867269966363
GEN,random,SVM,onehot,1,RBL-17-0232-1_S91,0,0.02295182540313295
GEN,random,SVM,onehot,1,RBL-17-0244-1_S44,0,0.703856728200245
GEN,random,SVM,onehot,1,RBL-17-0246-1_S94,1,0.06201413290592801
GEN,random,SVM,onehot,1,RBL-17-0256-1_S98,0,0.3311370958974684
GEN,random,SVM,onehot,1,RBL-17-0263-1_S102,0,0.004569963185009328
GEN,random,SVM,onehot,1,RBL-17-0274-2_S105,0,0.5061863394448816
GEN,random,SVM,onehot,1,RBL-17-0327-1_S116,0,0.08532739327867958
GEN,random,SVM,onehot,1,RBL-17-0347-1_S104,0,0.18856311821808444
GEN,random,SVM,onehot,1,RBL-17-0366-1_S113,1,0.7323260818698656
GEN,random,SVM,onehot,1,RBL-17-0392-1_S69,1,0.7310375837858792
GEN,random,SVM,onehot,1,RBL-17-0435-1_S134,0,0.015842307257452178
GEN,random,SVM,onehot,1,RBL-18-0019-1_S41,0,0.05512626254406838
GEN,random,SVM,onehot,1,RBL-18-0022-1_S43,0,0.4404869568975482
GEN,random,SVM,onehot,1,RBL-18-0032-1_S167,0,0.08866335474535983
GEN,random,SVM,onehot,1,RBL-18-0048-1_S44,0,0.1721164791642111
GEN,random,SVM,onehot,1,RBL-18-0066-1_S173,0,0.03220903752406485
GEN,random,SVM,onehot,1,RBL-18-0343-1_S6,0,0.9789360694251493
GEN,random,SVM,onehot,1,RBL-18-0467-1_S228_2,1,0.06817596575599627
GEN,random,SVM,onehot,1,RBT-16-0038-1_S11,0,0.4398584156241574
GEN,random,SVM,onehot,1,RBT-17-0003-1_S16,0,0.14527933051479905
GEN,random,SVM,onehot,1,RBT-17-0008-1_S18,0,0.09939783428877837
GEN,random,SVM,onehot,1,RBT-17-0019-1_S62,0,0.8197166908994679
GEN,random,SVM,onehot,1,RBT-17-0039-1_S28,1,0.8344757773154584
GEN,random,SVM,onehot,1,RBT-17-0097-1_S34,1,0.27536707611717665
GEN,random,SVM,onehot,1,RBT-17-0102-1_S37,0,0.6296676081225705
GEN,random,SVM,onehot,1,RBT-17-0133-1_S6,0,0.4068112123301524
GEN,random,SVM,onehot,1,RBT-17-0174-1_S64,0,0.016521065529452834
GEN,random,SVM,onehot,1,RBT-17-0219-1_S8,0,0.8993324128804556
GEN,random,SVM,onehot,1,RBT-17-0232-1_S58,1,0.06924781250377426
GEN,random,SVM,onehot,1,RBT-17-0238-1_S59,0,0.5596284209034946
GEN,random,SVM,onehot,1,RBT-17-0256-1_S25,0,0.1514222022567257
GEN,random,SVM,onehot,1,RBT-17-0339-1_S20,0,0.930075817538371
GEN,random,SVM,onehot,1,RBT-18-0017-1_S67,0,0.19075683353479062
GEN,random,SVM,onehot,1,RBT-18-0056-1_S37,0,0.018633663628705756
GEN,random,SVM,onehot,1,RBT-18-0064-1_S15,0,0.8622192156456543
GEN,random,SVM,onehot,1,RBT-18-0071-1_S41,0,0.22256612601721315
GEN,random,SVM,onehot,1,RBT-18-0102-1_S23,0,0.05102001836807226
GEN,random,SVM,onehot,1,RBT-18-0115-1_S45,0,0.05267177236368014
GEN,random,SVM,onehot,1,RBT-18-0121-1_S28,0,0.14878957878518462
GEN,random,SVM,onehot,1,RBT-18-0122-1_S63,0,0.22382758842352427
GEN,random,SVM,onehot,1,RBT-18-0205-1_S6,1,0.5047705003695911
GEN,random,SVM,onehot,1,RBT-18-0230-1_S45,0,0.20822354709271443
GEN,random,SVM,onehot,1,RBT-18-0247-1_S16,1,0.7340707837617289
GEN,random,SVM,onehot,1,RBT-18-0252-1_S53,0,0.4965770726174093
GEN,random,SVM,onehot,1,RBT-18-0259-1_S55,0,0.014342939018306201
GEN,random,SVM,onehot,1,RBT-18-0263-1_S58,0,0.027848349535118572
GEN,random,SVM,onehot,1,RBT-18-0271-1_S62,0,0.0390866362091452
GEN,random,SVM,onehot,1,RBT-18-0278-1_S64,0,0.4814039098601569
GEN,random,SVM,onehot,1,RBT-18-0288-1_S68,0,0.11081481473247515
GEN,random,SVM,onehot,1,RBT-18-0303-1_S20,1,0.828656222942603
GEN,random,SVM,onehot,1,RBT-18-0308-1_S34,0,0.783432990982371
GEN,random,SVM,onehot,1,RBT-18-0338-1_S35,0,0.01727275685401634
GEN,random,SVM,onehot,1,RBT-18-0351-1_S48,0,0.23504999772669372
GEN,random,SVM,onehot,1,RBT-18-0377-1_S1,0,0.21578658898690906
GEN,random,SVM,onehot,1,RBT-18-0392-1_S56,0,0.7867461865206573
GEN,random,SVM,onehot,1,ResetH131_S7_L001,0,0.805542658136282
GEN,random,SVM,onehot,1,ResetH132_S1_L001,0,0.9064712221024955
GEN,random,SVM,onehot,1,ResetH139_S3_L001,0,0.42227353713389926
GEN,random,SVM,onehot,1,ResetH44_S3_L001,1,0.219691219687354
GEN,random,SVM,onehot,1,ResetH49b_S6_L001,0,0.8920005243039019
GEN,random,SVM,onehot,1,ResetH63_S7_L001,0,0.7310615845825705
GEN,random,SVM,onehot,1,ResetH68_S1_L001,0,0.32360089129372815
GEN,random,SVM,onehot,1,ResetH98_S4_L001,0,0.05864319760018108
GEN,random,SVM,onehot,1,ResetV143_S2_L001,1,0.13467112135007406
GEN,random,SVM,onehot,1,ResetV260_S5_L001,0,0.7594164698419749
GEN,random,SVM,onehot,1,RPG-18-0435-1_S32,0,0.09555606818711367
GEN,random,SVM,onehot,1,Survcare130_S2,0,0.159862888162899
GEN,random,SVM,onehot,1,Survcare190_S35,1,0.11805238113849274
GEN,random,SVM,onehot,1,Survcare244_S9_L001,0,0.9529213893590477
GEN,random,SVM,onehot,1,Survcare319_S16,0,0.08892108410786721
GEN,random,SVM,onehot,1,Survcare321_S18,0,0.341127569808113
GEN,random,SVM,onehot,1,Survcare334_S10,0,0.8085881428453393
GEN,random,SVM,onehot,1,V113_S3_L001,0,0.6642513512076534
GEN,random,SVM,onehot,1,V120_S5_L001,1,0.32917984668651307
GEN,random,SVM,onehot,1,V123_S1_L001,0,0.3622530770969651
GEN,random,SVM,onehot,1,V131_S7_L001,1,0.5936704009406164
GEN,random,SVM,onehot,1,V155_S5_L001,1,0.7703970040770354
GEN,random,SVM,onehot,1,V205_S3_L001,0,0.6018330413934313
GEN,random,SVM,onehot,1,V229_S10_L001,1,0.6917714281349753
GEN,random,SVM,onehot,1,V289_S5_L001,1,0.8786342927189204
GEN,random,SVM,onehot,1,V295_S7_L001,0,0.7779228111639915
GEN,random,SVM,onehot,1,V64_S3_L001,0,0.1139524468741431
GEN,random,SVM,onehot,1,V73_S5_L001,1,0.6469284293698381
GEN,random,SVM,onehot,1,W2RBK-17-169-1_S34,0,0.18586089316037088
GEN,random,SVM,onehot,1,wdh-RBB-16-025-1_S20,0,0.06754697718044846
GEN,random,SVM,onehot,1,wdhRBF-18-0048-1_S12_L001,0,0.7244201810724458
GEN,random,SVM,onehot,1,WDHRBG-16-062-1_S49,0,0.11874287813105219
GEN,random,SVM,onehot,1,WDHRBG-17-0256-1_S17,0,0.004275029431913779
GEN,random,SVM,onehot,1,wNRZ-33910_S81,1,0.6912308835860962
GEN,random,SVM,onehot,1,wRBF-17-0146-1_S35,1,0.7310806268819682
GEN,random,SVM,onehot,1,wRBG-16-026-1_S163,0,0.10486153254599999
GEN,random,SVM,onehot,1,wRBG-16-033-1_S153,0,0.8354404172984449
GEN,random,SVM,onehot,1,wRBG-17-034-1_S121,0,0.22438666395725318
GEN,random,SVM,onehot,1,wRBG-17-049-1_S142,0,0.290431910403671
GEN,random,SVM,onehot,1,wRBG-17-073-1_S118,0,0.03185844589145409
GEN,random,SVM,onehot,1,wRBG-17-112-1_S146,0,0.32884124507714246
GEN,random,SVM,onehot,1,wwRBF-16-007-1_S10,1,0.25303764356265246
GEN,random,SVM,onehot,1,wwRBF-17-167-1_S31,1,0.17982413798826552
GEN,random,SVM,onehot,1,wwRBK-17-0197-1_S39,1,0.9214536089075832
GEN,random,SVM,onehot,2,H109_S2_L001,0,0.6523291074933367
GEN,random,SVM,onehot,2,H130_S2_L001,1,0.0010406531533406862
GEN,random,SVM,onehot,2,H141_S6_L001,0,0.6754407478178887
GEN,random,SVM,onehot,2,H153_S1_L001,1,0.7476422703723141
GEN,random,SVM,onehot,2,H154_S2_L001,1,0.6984857940896463
GEN,random,SVM,onehot,2,H157_S3_L001,0,0.2509597695493787
GEN,random,SVM,onehot,2,H17_S2_L001,0,0.11158103498125714
GEN,random,SVM,onehot,2,H28_S10_L001,0,0.8588693566187038
GEN,random,SVM,onehot,2,NNRBG-17-0319-1_S24,0,0.1960679533412417
GEN,random,SVM,onehot,2,NNSurvcare045_S41,0,0.49281544302654334
GEN,random,SVM,onehot,2,RBB-17-011-1_S40,0,0.7311190443186936
GEN,random,SVM,onehot,2,RBB-18-0519-1_S184,0,0.039684125207621886
GEN,random,SVM,onehot,2,RBB-18-0772-1_S192,0,0.7885887065082998
GEN,random,SVM,onehot,2,RBB-18-0892-1_S80_2,1,0.1583238411253204
GEN,random,SVM,onehot,2,RBB-18-0972-1_S203_2,1,0.010813465808619731
GEN,random,SVM,onehot,2,RBB-18-1393-1_S48,0,0.8143811518036622
GEN,random,SVM,onehot,2,RBB-18-1460-1_S45,1,0.03890949836703847
GEN,random,SVM,onehot,2,RBBK18-0189-1_S24_L001,1,0.28509077249368414
GEN,random,SVM,onehot,2,RBF-17-0195-1_S141,0,0.08463718110022272
GEN,random,SVM,onehot,2,RBF-17-0340-1_S81,0,0.9310211989884433
GEN,random,SVM,onehot,2,RBF-17-0424-1_S15,0,0.07180068533962886
GEN,random,SVM,onehot,2,RBF-17-0489-1_S13,0,0.6351999611029431
GEN,random,SVM,onehot,2,RBF-17-0614-3_S95,0,0.005891163847955395
GEN,random,SVM,onehot,2,RBF-17-0616-1_S96,0,0.20798892052742302
GEN,random,SVM,onehot,2,RBF-17-0651-1_S62,0,0.7405211042340906
GEN,random,SVM,onehot,2,RBF-18-0035-1_S6,0,0.8587677582928301
GEN,random,SVM,onehot,2,RBF-18-0055-1_S11,0,0.398987574893922
GEN,random,SVM,onehot,2,RBF-18-0066-1_S15,0,0.35211356688534395
GEN,random,SVM,onehot,2,RBF-18-0085-1_S21,0,0.039638343850949234
GEN,random,SVM,onehot,2,RBF-18-0087-1_S23,0,0.12700910303223376
GEN,random,SVM,onehot,2,RBF-18-0093-1_S80,1,0.017763070856723965
GEN,random,SVM,onehot,2,RBF-18-0126-1_S31,0,0.003551822306163453
GEN,random,SVM,onehot,2,RBF-18-0135-1_S34,1,0.1073647095686499
GEN,random,SVM,onehot,2,RBF-18-0173-1_S27,0,0.5212069857317534
GEN,random,SVM,onehot,2,RBF-18-0194-1_S86,0,0.5164564919545919
GEN,random,SVM,onehot,2,RBF-18-0200-1_S48,0,0.1331454048256345
GEN,random,SVM,onehot,2,RBF-18-0201-1_S49,0,0.020336706643597463
GEN,random,SVM,onehot,2,RBF-18-0208-2_S11_L001,0,0.06619392688356222
GEN,random,SVM,onehot,2,RBF-18-0282-1_S63,0,0.23987581437122282
GEN,random,SVM,onehot,2,RBF-18-0296-1_S17,0,0.7432281617760595
GEN,random,SVM,onehot,2,RBF-18-0338-1_S72,0,0.6436609830543977
GEN,random,SVM,onehot,2,RBF-18-0339-1_S37,0,0.6831040522404302
GEN,random,SVM,onehot,2,RBF-18-0405-1_S81_2,0,0.5724689313528527
GEN,random,SVM,onehot,2,RBF-18-0634-1_S183,0,0.5651708534992789
GEN,random,SVM,onehot,2,RBF-18-0664-1_S190,0,0.006818644915873526
GEN,random,SVM,onehot,2,RBG-17-0351-1_S20_L001,0,0.940060610090714
GEN,random,SVM,onehot,2,RBG-18-0017-1_S5,0,0.4162802092315774
GEN,random,SVM,onehot,2,RBG-18-0029-1_S40,0,0.1890186387012865
GEN,random,SVM,onehot,2,RBG-18-0072-1_S8,0,0.5219873343622697
GEN,random,SVM,onehot,2,RBG-18-0221-1_S47,1,0.02736964658969964
GEN,random,SVM,onehot,2,RBG-18-0223-1_S2,0,0.0022269048062239097
GEN,random,SVM,onehot,2,RBG-18-0239-1_S4,0,0.0013916374250436184
GEN,random,SVM,onehot,2,RBG-18-0367-1_S57,0,0.0017407815620534288
GEN,random,SVM,onehot,2,RBG-18-0388-1_S21_L001,1,0.7378728641433706
GEN,random,SVM,onehot,2,RBG-18-0391-1_S22_L001,1,0.2801758254265316
GEN,random,SVM,onehot,2,RBG-18-0402-1_S50,0,0.011798825187413202
GEN,random,SVM,onehot,2,RBG-18-0410-1_S12,0,0.4817807222224041
GEN,random,SVM,onehot,2,RBG-18-0417-1_S52,0,0.7006611530830715
GEN,random,SVM,onehot,2,RBK-16-079-1_S15,1,0.007174705149066167
GEN,random,SVM,onehot,2,RBK-17-0595-1_S187,0,0.1445831316830151
GEN,random,SVM,onehot,2,RBK-17-0655-5_S182,0,0.8745544430343305
GEN,random,SVM,onehot,2,RBK-18-0037-1_S199,0,0.608944935903069
GEN,random,SVM,onehot,2,RBK-18-0080-1_S205,0,0.27326680692003136
GEN,random,SVM,onehot,2,RBK-18-0104-1_S206,0,0.07003409529063245
GEN,random,SVM,onehot,2,RBK-18-0250-1_S235_2,0,0.016124734844989035
GEN,random,SVM,onehot,2,RBK-18-0644-1_S180,0,0.10938863312683135
GEN,random,SVM,onehot,2,RBKk-18-0108-1_S201,0,0.3762078233345222
GEN,random,SVM,onehot,2,RBL-17-0090-1_S145,0,0.06052346071276012
GEN,random,SVM,onehot,2,RBL-17-0108-1_S151,0,0.39526735509025507
GEN,random,SVM,onehot,2,RBL-17-0113-1_S153,1,0.5969807887925933
GEN,random,SVM,onehot,2,RBL-17-0116-1_S154,0,0.617747717744427
GEN,random,SVM,onehot,2,RBL-17-0118-1_S156,0,0.0033545332771118355
GEN,random,SVM,onehot,2,RBL-17-0217-1_S176,0,0.2668769113187591
GEN,random,SVM,onehot,2,RBL-17-0226-1_S41,1,0.4220783357169751
GEN,random,SVM,onehot,2,RBL-17-0235-1_S92,0,0.22447127437728467
GEN,random,SVM,onehot,2,RBL-17-0259-1_S99,0,0.25399082074800666
GEN,random,SVM,onehot,2,RBL-17-0267-1_S104,0,0.06045510429582432
GEN,random,SVM,onehot,2,RBL-17-0300-1_S112,0,0.3145634928540996
GEN,random,SVM,onehot,2,RBL-17-0305-1_S49,1,0.7311125137337926
GEN,random,SVM,onehot,2,RBL-17-0320-1_S114,0,0.022144469796032584
GEN,random,SVM,onehot,2,RBL-17-0323-1_S115,0,0.06483700726103148
GEN,random,SVM,onehot,2,RBL-17-0328-1_S117,0,0.9093262871784735
GEN,random,SVM,onehot,2,RBL-17-0340-1_S102,0,0.5349043674279386
GEN,random,SVM,onehot,2,RBL-17-0350-1_S106,0,0.4385589397407928
GEN,random,SVM,onehot,2,RBL-17-0365-1_S112,0,0.0055379820143375506
GEN,random,SVM,onehot,2,RBL-17-0409-1_S127,0,0.5737542891399007
GEN,random,SVM,onehot,2,RBL-18-0010-1_S159,0,0.2703111383345334
GEN,random,SVM,onehot,2,RBT-16-0045-1_S58,0,0.5197493050030886
GEN,random,SVM,onehot,2,RBT-17-0009-1_S21,0,0.705815394714305
GEN,random,SVM,onehot,2,RBT-17-0011-1_S19,0,0.150623477508061
GEN,random,SVM,onehot,2,RBT-17-0022-1_S24,0,0.02451055775048108
GEN,random,SVM,onehot,2,RBT-17-0107-1_S39,0,0.005359584715916564
GEN,random,SVM,onehot,2,RBT-17-0112-1_S41,0,0.05814788175751177
GEN,random,SVM,onehot,2,RBT-17-0138-1_S52,0,0.3644621286881305
GEN,random,SVM,onehot,2,RBT-17-0142-1_S53,0,0.027726427679217878
GEN,random,SVM,onehot,2,RBT-17-0167-1_S27,0,0.02839366070832855
GEN,random,SVM,onehot,2,RBT-17-0173-1_S63,0,0.01250820812133551
GEN,random,SVM,onehot,2,RBT-17-0177-1_S65,0,0.04162973850420652
GEN,random,SVM,onehot,2,RBT-17-0178-1_S66,0,0.013508113965165078
GEN,random,SVM,onehot,2,RBT-17-0210-1_S55,0,0.07845167560200159
GEN,random,SVM,onehot,2,RBT-17-0217-1_S7,1,0.5490994672419419
GEN,random,SVM,onehot,2,RBT-17-0249-1_S61,1,0.7311155029550682
GEN,random,SVM,onehot,2,RBT-17-0279-1_S12,0,0.30720701975039033
GEN,random,SVM,onehot,2,RBT-17-0285-1_S66,0,0.4651661814207566
GEN,random,SVM,onehot,2,RBT-18-0004-1_S51,1,0.7556925786679652
GEN,random,SVM,onehot,2,RBT-18-0030-1_S69,0,0.05592746363028107
GEN,random,SVM,onehot,2,RBT-18-0042-1_S60,0,0.17905156589517704
GEN,random,SVM,onehot,2,RBT-18-0045-1_S70,0,0.007922289368056596
GEN,random,SVM,onehot,2,RBT-18-0046-1_S2,0,0.998847288913366
GEN,random,SVM,onehot,2,RBT-18-0066-1_S40,0,0.37236286900318344
GEN,random,SVM,onehot,2,RBT-18-0116-1_S46,0,0.06829990516789235
GEN,random,SVM,onehot,2,RBT-18-0179-1_S37,0,0.38549308956221734
GEN,random,SVM,onehot,2,RBT-18-0181-1_S61,0,0.13056534048525048
GEN,random,SVM,onehot,2,RBT-18-0236-1_S48,1,0.6321752561506032
GEN,random,SVM,onehot,2,RBT-18-0251-1_S7,0,0.021831765104318206
GEN,random,SVM,onehot,2,RBT-18-0253-1_S54,1,0.703289786599629
GEN,random,SVM,onehot,2,RBT-18-0265-1_S59,0,8.97930080015297e-05
GEN,random,SVM,onehot,2,RBT-18-0275-1_S63,0,0.028369287305380998
GEN,random,SVM,onehot,2,RBT-18-0293-1_S71,0,0.015867449127392456
GEN,random,SVM,onehot,2,RBT-18-0341-1_S24,0,0.09693851121627434
GEN,random,SVM,onehot,2,RBT-18-0360-1_S39,1,0.6944119320264919
GEN,random,SVM,onehot,2,RBT-18-0361-1_S38,0,0.045160896728146147
GEN,random,SVM,onehot,2,RBT-18-0363-1_S72,1,0.9375281637972355
GEN,random,SVM,onehot,2,ResetH1_S1_L001,0,0.7411185851958285
GEN,random,SVM,onehot,2,ResetH10_S1_L001,1,0.0502628229398366
GEN,random,SVM,onehot,2,ResetH129_S7_L001,1,0.5617456245277321
GEN,random,SVM,onehot,2,ResetH134_S8_L001,0,0.7580021596675571
GEN,random,SVM,onehot,2,ResetH75_S2_L001,1,0.7890258787391903
GEN,random,SVM,onehot,2,ResetH93_S5_L001,1,0.0902413742942144
GEN,random,SVM,onehot,2,ResetV288_S6_L001,1,0.8026255131040335
GEN,random,SVM,onehot,2,ResetV74_S7_L001,0,0.9985846511473663
GEN,random,SVM,onehot,2,Survcare125_S25,1,0.5787602111141075
GEN,random,SVM,onehot,2,Survcare134_S26,0,0.05123529430136568
GEN,random,SVM,onehot,2,Survcare140_S4_L001,0,0.1441982951269452
GEN,random,SVM,onehot,2,Survcare176_S17_L001,1,0.0012157960067720232
GEN,random,SVM,onehot,2,Survcare221_S7_L001,0,0.002314686687286102
GEN,random,SVM,onehot,2,Survcare278_S62,1,0.1213850525444026
GEN,random,SVM,onehot,2,Survcare313_S24_L001,1,0.37873946071422065
GEN,random,SVM,onehot,2,Survcare350_S44,0,0.20199055393404278
GEN,random,SVM,onehot,2,V152_S3_L001,1,0.10749334079890653
GEN,random,SVM,onehot,2,V168_S9_L001,1,0.11124197617522534
GEN,random,SVM,onehot,2,V172_S5_L001,1,0.013241702299472054
GEN,random,SVM,onehot,2,V215_S2_L001,1,0.0071771952670545945
GEN,random,SVM,onehot,2,V8_S7_L001,0,0.004386182073658937
GEN,random,SVM,onehot,2,V80_S7_L001,0,0.942692040101419
GEN,random,SVM,onehot,2,V89_S1_L001,0,0.031875177369008086
GEN,random,SVM,onehot,2,W2RBK-17-168-1_S33,0,0.06067207342308718
GEN,random,SVM,onehot,2,wdhRBF-10-0002-1_S10_L001,1,0.5686667400538057
GEN,random,SVM,onehot,2,wdhRBF-18-0081-1_S18_L001,0,0.5896544435112113
GEN,random,SVM,onehot,2,WDHRBG-16-049-1_S87,0,0.998783601766166
GEN,random,SVM,onehot,2,WDHRBG-16-060-1_S27,0,0.516067169189335
GEN,random,SVM,onehot,2,WDHRBG-17-005-2_S61,0,0.05224131681093478
GEN,random,SVM,onehot,2,WDHRBG-17-0093-1_S1,0,0.24193600960884262
GEN,random,SVM,onehot,2,wRBG-17-025-1_S133,0,0.005442419940994069
GEN,random,SVM,onehot,2,wRBG-17-030-1_S165,0,0.8990832273918584
GEN,random,SVM,onehot,2,wRBG-17-047-1_S153,0,0.14991526987818135
GEN,random,SVM,onehot,2,wRBG-17-058-1_S130,0,0.04675223091836974
GEN,random,SVM,onehot,2,wRBG-17-072-1_S129,0,0.053968874295946025
GEN,random,SVM,onehot,2,wRBG-17-081-1_S117,0,0.0593046933478912
GEN,random,SVM,onehot,2,wRBG-17-110-1_S168,0,0.16576043014886552
GEN,random,SVM,onehot,2,wwRBK-17-0298-1_S42,0,0.3572966957927589
GEN,random,SVM,onehot,2,wwRBL-17-004-1_S44,1,0.6100942352653634
GEN,random,SVM,onehot,3,H162_S4_L001,1,0.9043293309985634
GEN,random,SVM,onehot,3,H164_S3_L001,1,0.7126223489773663
GEN,random,SVM,onehot,3,H3_S1_L001,0,0.8441071655726547
GEN,random,SVM,onehot,3,H66_S1_L001,1,0.15228150596807102
GEN,random,SVM,onehot,3,H83_S7_L001,0,0.003935589157269347
GEN,random,SVM,onehot,3,NNRBG-17-0196-1_S3,0,0.047687803746713615
GEN,random,SVM,onehot,3,NNRBG-17-0198-1_S4,0,0.00740367838895534
GEN,random,SVM,onehot,3,NNRBG-17-0242-1_S11,0,0.16125463617055974
GEN,random,SVM,onehot,3,NNRBG-17-0287-1_S17,0,0.1519572485227641
GEN,random,SVM,onehot,3,NNRBG-17-0308-1_S20,0,0.045941412335232974
GEN,random,SVM,onehot,3,NNRBG-17-0382-1_S38,0,0.29711897059681885
GEN,random,SVM,onehot,3,RBB-18-0490-1_S20_L001,0,0.11115088127264452
GEN,random,SVM,onehot,3,RBB-18-0665-1_S23_L001,0,0.16540949682344755
GEN,random,SVM,onehot,3,RBB-18-0765-1_S191,0,0.45791498452995566
GEN,random,SVM,onehot,3,RBB-19-0014-1_S44,0,0.9996687202267598
GEN,random,SVM,onehot,3,RBF-10-0240-1_S12_L001,1,0.07016645571768543
GEN,random,SVM,onehot,3,RBF-17-0194-1_S140,0,0.05744225730124895
GEN,random,SVM,onehot,3,RBF-17-0438-1_S9,1,0.4021988746060304
GEN,random,SVM,onehot,3,RBF-17-0450-1_S10,0,0.009731363619001123
GEN,random,SVM,onehot,3,RBF-17-0520-2_S55,1,0.0027245521471693963
GEN,random,SVM,onehot,3,RBF-17-0550-1_S84,0,0.7292610452620136
GEN,random,SVM,onehot,3,RBF-17-0632-1_S97,0,0.04058878104692081
GEN,random,SVM,onehot,3,RBF-17-0645-1_S61,0,7.550919335293369e-05
GEN,random,SVM,onehot,3,RBF-17-186-1_S69,1,0.4021988746060304
GEN,random,SVM,onehot,3,RBF-17-277-1_S73,0,0.19441133356060697
GEN,random,SVM,onehot,3,RBF-18-0072-1_S16,0,0.052777683433923236
GEN,random,SVM,onehot,3,RBF-18-0075-1_S79,1,0.07388343709407427
GEN,random,SVM,onehot,3,RBF-18-0127-1_S32,0,0.19828023536077438
GEN,random,SVM,onehot,3,RBF-18-0174-1_S28,1,0.2843350038319778
GEN,random,SVM,onehot,3,RBF-18-0192-1_S44,0,0.36370445880579
GEN,random,SVM,onehot,3,RBF-18-0196-1_S46,0,0.019888094203476793
GEN,random,SVM,onehot,3,RBF-18-0199-1_S47,0,0.5719933779662917
GEN,random,SVM,onehot,3,RBF-18-0277-1_S61,0,0.5067827367928075
GEN,random,SVM,onehot,3,RBF-18-0310-1_S36,0,0.5739636423804929
GEN,random,SVM,onehot,3,RBG-17-013-1_S16,1,0.7695179416325403
GEN,random,SVM,onehot,3,RBG-18-0012-1_S3,1,0.07727034728608596
GEN,random,SVM,onehot,3,RBG-18-0076-1_S10,0,0.8872458621242987
GEN,random,SVM,onehot,3,RBG-18-0083-1_S12,0,0.004121961611640291
GEN,random,SVM,onehot,3,RBG-18-0140-1_S14_L001,0,0.11006623379897876
GEN,random,SVM,onehot,3,RBG-18-0170-1_S41,0,0.008161924481870784
GEN,random,SVM,onehot,3,RBG-18-0194-1_S45,0,0.31629002703817977
GEN,random,SVM,onehot,3,RBG-18-0202-1_S13_L001,0,0.03615303882170646
GEN,random,SVM,onehot,3,RBG-18-0224-1_S24_L001,1,0.7191926002075926
GEN,random,SVM,onehot,3,RBG-18-0256-1_S8_L001,0,0.02208722620344728
GEN,random,SVM,onehot,3,RBG-18-0279-1_S36,0,0.3014617915819826
GEN,random,SVM,onehot,3,RBG-18-0308-1_S54,0,0.04604729986991788
GEN,random,SVM,onehot,3,RBG-18-0312-1_S55,0,0.5432630272823391
GEN,random,SVM,onehot,3,RBG-18-0352-1_S21_L001,0,0.06911355217669525
GEN,random,SVM,onehot,3,RBG-18-0394-1_S23_L001,0,0.053351033929106485
GEN,random,SVM,onehot,3,RBG-18-0437-1_S54,0,0.033208549596152846
GEN,random,SVM,onehot,3,RBK-16-124-1_S16,0,0.20913115018416772
GEN,random,SVM,onehot,3,RBK-17-0457-1_S6,1,0.3717284588860661
GEN,random,SVM,onehot,3,RBK-17-0612-1_S27,1,0.42873174136979947
GEN,random,SVM,onehot,3,RBK-18-0022-1_S197,0,0.07616001867540483
GEN,random,SVM,onehot,3,RBK-18-0038-1_S200,0,0.03792742994135115
GEN,random,SVM,onehot,3,RBK-18-0060-1_S22,0,0.03182304543159115
GEN,random,SVM,onehot,3,RBK-18-0062-2_S203,0,0.004853000742633909
GEN,random,SVM,onehot,3,RBK-18-0077-1_S212,1,0.42873174136979947
GEN,random,SVM,onehot,3,RBK-18-0414-1_S59,0,0.07666917336701913
GEN,random,SVM,onehot,3,RBL-17-0117-1_S155,0,0.04792627449303675
GEN,random,SVM,onehot,3,RBL-17-0138-1_S162,0,0.018330482589581986
GEN,random,SVM,onehot,3,RBL-17-0165-1_S167,0,0.23962139146715178
GEN,random,SVM,onehot,3,RBL-17-0172-1_S170,0,0.01942385358476989
GEN,random,SVM,onehot,3,RBL-17-0197-1_S173,0,0.007658865756234054
GEN,random,SVM,onehot,3,RBL-17-0307-1_S51,1,0.4021988746060304
GEN,random,SVM,onehot,3,RBL-17-0349-1_S105,0,0.7930948777928543
GEN,random,SVM,onehot,3,RBL-17-0359-1_S66,1,0.14552189777414776
GEN,random,SVM,onehot,3,RBL-17-0383-1_S119,0,0.7860968857572004
GEN,random,SVM,onehot,3,RBL-17-0428-1_S70,0,0.7341194848910453
GEN,random,SVM,onehot,3,RBL-17-0429-1_S130,0,0.02345474733614655
GEN,random,SVM,onehot,3,RBL-17-0432-1_S132,0,0.6443628025332051
GEN,random,SVM,onehot,3,RBL-17-0434-1_S133,0,0.9997767580938454
GEN,random,SVM,onehot,3,RBL-18-0059-1_S171,0,0.43688764600426366
GEN,random,SVM,onehot,3,RBL-18-0085-1_S176,0,0.015077566942507944
GEN,random,SVM,onehot,3,RBL-18-0194-1_S195_2,1,0.6308588693570638
GEN,random,SVM,onehot,3,RBL-18-0242-1_S51,0,0.0025113742418860557
GEN,random,SVM,onehot,3,RBT-17-0024-1_S23,0,0.009678456691959486
GEN,random,SVM,onehot,3,RBT-17-0079-1_S29,0,0.1258849493052309
GEN,random,SVM,onehot,3,RBT-17-0090-1_S32,0,0.01578400306509219
GEN,random,SVM,onehot,3,RBT-17-0099-1_S35,0,0.04500243467297342
GEN,random,SVM,onehot,3,RBT-17-0113-1_S42,0,0.9749066836818799
GEN,random,SVM,onehot,3,RBT-17-0124-1_S46,0,0.7512967028033039
GEN,random,SVM,onehot,3,RBT-17-0165-1_S60,0,0.32723928695253507
GEN,random,SVM,onehot,3,RBT-17-0228-1_S10,0,0.14293417617055454
GEN,random,SVM,onehot,3,RBT-17-0251-1_S62,1,0.1513879647995163
GEN,random,SVM,onehot,3,RBT-17-0270-1_S65,0,0.003056026137786126
GEN,random,SVM,onehot,3,RBT-17-0287-1_S10,0,0.48974453714106947
GEN,random,SVM,onehot,3,RBT-18-0023-1_S14,0,0.0004699203266616107
GEN,random,SVM,onehot,3,RBT-18-0079-1_S16,0,0.18505871289749737
GEN,random,SVM,onehot,3,RBT-18-0080-1_S49,1,0.6415848285948611
GEN,random,SVM,onehot,3,RBT-18-0096-1_S20,0,0.6064468255620046
GEN,random,SVM,onehot,3,RBT-18-0101-1_S22,0,0.29444231441746754
GEN,random,SVM,onehot,3,RBT-18-0103-1_S24,0,0.15553802537503628
GEN,random,SVM,onehot,3,RBT-18-0110-1_S27,0,0.027014302886619726
GEN,random,SVM,onehot,3,RBT-18-0113-1_S44,0,0.09076146811751182
GEN,random,SVM,onehot,3,RBT-18-0127-1_S51,0,0.02091572798163969
GEN,random,SVM,onehot,3,RBT-18-0129-1_S52,0,0.004811386942655105
GEN,random,SVM,onehot,3,RBT-18-0134-1_S29,0,0.09745104589661158
GEN,random,SVM,onehot,3,RBT-18-0146-1_S55,0,0.012794418493901831
GEN,random,SVM,onehot,3,RBT-18-0164-1_S34,0,0.31555972062287674
GEN,random,SVM,onehot,3,RBT-18-0185-1_S39,0,0.05799016186530013
GEN,random,SVM,onehot,3,RBT-18-0197-1_S40,0,0.009001143446684127
GEN,random,SVM,onehot,3,RBT-18-0231-1_S14,0,0.02897412971608251
GEN,random,SVM,onehot,3,RBT-18-0232-1_S47,0,0.0538115904238149
GEN,random,SVM,onehot,3,RBT-18-0234-1_S15,1,0.6576203587462424
GEN,random,SVM,onehot,3,RBT-18-0241-1_S50,0,0.08025615627063741
GEN,random,SVM,onehot,3,RBT-18-0246-1_S52,0,0.1375741623671204
GEN,random,SVM,onehot,3,RBT-18-0269-1_S61,0,0.12504022434769355
GEN,random,SVM,onehot,3,RBT-18-0283-1_S65,0,0.09172831224986504
GEN,random,SVM,onehot,3,RBT-18-0284-1_S66,1,0.1982408836900244
GEN,random,SVM,onehot,3,RBT-18-0325-1_S44,0,0.04997842653570863
GEN,random,SVM,onehot,3,RBT-18-0334-1_S23,0,0.049411092920808294
GEN,random,SVM,onehot,3,RBT-18-0337-1_S46,0,0.12866722907513278
GEN,random,SVM,onehot,3,RBT-18-0340-1_S36,0,0.05283211811626961
GEN,random,SVM,onehot,3,RBT-18-0358-1_S28,0,0.117076044188393
GEN,random,SVM,onehot,3,RBT-18-0384-1_S40,0,0.1457179969989584
GEN,random,SVM,onehot,3,ResetH127_S6_L001,1,0.6067471337982018
GEN,random,SVM,onehot,3,ResetH152_S4_L001,1,0.5934207654537064
GEN,random,SVM,onehot,3,ResetH8_S2_L001,0,0.025892936684836065
GEN,random,SVM,onehot,3,Survcare0111_S29,0,0.003037900475477214
GEN,random,SVM,onehot,3,Survcare133_S25,0,0.02771033769141415
GEN,random,SVM,onehot,3,Survcare187_S32,0,0.5408786491293497
GEN,random,SVM,onehot,3,Survcare262_S23_L001,1,0.8507855967647892
GEN,random,SVM,onehot,3,Survcare265_S20,1,0.2188126621686876
GEN,random,SVM,onehot,3,Survcare295_S8_L001,0,0.8458134712249551
GEN,random,SVM,onehot,3,Survcare310_S21_L001,1,0.632124460107323
GEN,random,SVM,onehot,3,Survcare337_S12,0,0.07736610255891287
GEN,random,SVM,onehot,3,Survcare341_S25,0,0.24297743479726233
GEN,random,SVM,onehot,3,Survcare360_S84,0,0.5473371307417861
GEN,random,SVM,onehot,3,V108_S2_L001,0,0.9465079092776617
GEN,random,SVM,onehot,3,V116_S6_L001,0,0.9562272107770433
GEN,random,SVM,onehot,3,V130_S5_L001,1,0.5352516137437502
GEN,random,SVM,onehot,3,V163_S6_L001,1,0.9814840156253379
GEN,random,SVM,onehot,3,V173_S6_L001,1,0.010453670958859332
GEN,random,SVM,onehot,3,V268_S12_L001,1,0.8450240316886871
GEN,random,SVM,onehot,3,V271_S13_L001,0,0.3466079455419679
GEN,random,SVM,onehot,3,V282_S4_L001,0,0.3062762668363209
GEN,random,SVM,onehot,3,V41_S2_L001,1,0.862909466014117
GEN,random,SVM,onehot,3,V9_S1_L001,1,0.871845281093245
GEN,random,SVM,onehot,3,V98_S3_L001,1,0.9173123016297708
GEN,random,SVM,onehot,3,W2RBF-17-090-1_S26,0,0.25988044060552606
GEN,random,SVM,onehot,3,W2RBF-17-133-1_S28,0,0.7332390142318242
GEN,random,SVM,onehot,3,wdh-RBF-17-0572-1_S43,0,0.18609038064545239
GEN,random,SVM,onehot,3,wdh-RBL-17-0361-1_S44,0,0.08221726905576819
GEN,random,SVM,onehot,3,wdh-Survcare119_S44,0,0.19959779858719057
GEN,random,SVM,onehot,3,wdh2NRZ-29911a_S31,1,0.06773204333132228
GEN,random,SVM,onehot,3,wdhRBF-18-0059-1_S15_L001,0,0.09451503833886019
GEN,random,SVM,onehot,3,wdhRBF-18-0080-1_S17_L001,0,0.1094440589876167
GEN,random,SVM,onehot,3,WDHRBG-17-008-1_S83,0,0.38326907821646894
GEN,random,SVM,onehot,3,WDHRBG-17-122-1_S48,0,0.013151950881308846
GEN,random,SVM,onehot,3,wNRZ-32446_S79,1,0.02301283895531175
GEN,random,SVM,onehot,3,wRBG-16-034-1_S164,0,0.17149514268209762
GEN,random,SVM,onehot,3,wRBG-17-022-1_S43,0,0.7747278328629204
GEN,random,SVM,onehot,3,wRBG-17-031-1_S154,0,0.007659993117827265
GEN,random,SVM,onehot,3,wRBG-17-052-1_S120,0,0.7332502247072151
GEN,random,SVM,onehot,3,wRBG-17-055-1_S163,0,0.29592938030947774
GEN,random,SVM,onehot,3,wRBG-17-057-1_S141,0,0.08458843675761692
GEN,random,SVM,onehot,3,wRBG-17-102-1_S169,0,0.9831252471982466
GEN,random,SVM,onehot,3,wwRBB-17-031-1_S25,0,0.787242546090462
GEN,random,SVM,onehot,3,wwRBF-17-189-1_S32,1,0.2164112200522407
GEN,random,SVM,onehot,3,wwRBF-17-209-1_S34,1,0.07238874791081432
GEN,random,SVM,onehot,3,wwRBL-16-111-1_S16,0,0.9932670329904236
GEN,random,SVM,onehot,4,H105_S3_L001,0,0.6484950007314091
GEN,random,SVM,onehot,4,H119_S7_L001,1,0.9752791201068799
GEN,random,SVM,onehot,4,H123_S1_L001,1,0.9020647714922629
GEN,random,SVM,onehot,4,H136_S7_L001,0,0.7203809053213753
GEN,random,SVM,onehot,4,H176_S5_L001,0,0.024275094306222073
GEN,random,SVM,onehot,4,H69_S6_L001,0,0.6920308476740321
GEN,random,SVM,onehot,4,NNRBG-17-0234-1_S9,0,0.07976378701102353
GEN,random,SVM,onehot,4,NNRBG-17-0243-1_S12,0,0.5481710570438958
GEN,random,SVM,onehot,4,NNRBG-17-0249-1_S13,0,0.26301473913100587
GEN,random,SVM,onehot,4,NNRBG-17-0346-1_S30,0,0.8954894873468591
GEN,random,SVM,onehot,4,RBB-18-0674-1_S189,1,0.9041541368353758
GEN,random,SVM,onehot,4,RBB-18-0826-1_S193,0,0.1254627031372367
GEN,random,SVM,onehot,4,RBB-18-1212-1_S67_2,0,0.28052841788978106
GEN,random,SVM,onehot,4,RBB-18-1406-1_S49,0,0.01009933847059452
GEN,random,SVM,onehot,4,RBB-18-1502-1_S47,1,0.2794003940779368
GEN,random,SVM,onehot,4,RBF-16-004-1_S18,0,0.02584076061737926
GEN,random,SVM,onehot,4,RBF-16-060-1_S22,0,0.7476923413546048
GEN,random,SVM,onehot,4,RBF-16-073-1_S23,0,0.10349776075354987
GEN,random,SVM,onehot,4,RBF-17-0509-1_S74,0,0.06762101984715567
GEN,random,SVM,onehot,4,RBF-17-0521-1_S78,0,0.619863061979599
GEN,random,SVM,onehot,4,RBF-17-0532-2_S31,0,0.656200252401554
GEN,random,SVM,onehot,4,RBF-17-0537-1_S56,1,0.4441054575777703
GEN,random,SVM,onehot,4,RBF-17-0540-1_S83,0,0.06889308346591534
GEN,random,SVM,onehot,4,RBF-17-0553-1_S85,0,0.9051916430604505
GEN,random,SVM,onehot,4,RBF-17-0589-1_S92,0,0.06178480728846007
GEN,random,SVM,onehot,4,RBF-17-0605-1_S94,0,0.39886032680148925
GEN,random,SVM,onehot,4,RBF-17-0630-1_S59,0,0.04332172772322136
GEN,random,SVM,onehot,4,RBF-17-0635-1_S98,1,0.0025142220352197212
GEN,random,SVM,onehot,4,RBF-17-0653-1_S101,0,0.01310527347567502
GEN,random,SVM,onehot,4,RBF-17-094-1_S56,1,0.38568940403291063
GEN,random,SVM,onehot,4,RBF-17-266-1_S70,1,0.15726370526493444
GEN,random,SVM,onehot,4,RBF-18-0064-2_S14,0,0.004553598766207197
GEN,random,SVM,onehot,4,RBF-18-0068-1_S77,0,0.06036188297727437
GEN,random,SVM,onehot,4,RBF-18-0069-1_S78,1,0.48659240372026885
GEN,random,SVM,onehot,4,RBF-18-0099-1_S26,0,0.10416685493107766
GEN,random,SVM,onehot,4,RBF-18-0125-1_S30,0,0.05508491537113343
GEN,random,SVM,onehot,4,RBF-18-0163-2_S39,0,0.3473152092455059
GEN,random,SVM,onehot,4,RBF-18-0172-1_S40,1,0.9741668005506445
GEN,random,SVM,onehot,4,RBF-18-0184-1_S30,0,0.5324268813859858
GEN,random,SVM,onehot,4,RBF-18-0214-1_S51,0,0.023132638188613542
GEN,random,SVM,onehot,4,RBF-18-0251-1_S55,0,0.37201612777332155
GEN,random,SVM,onehot,4,RBG-18-0025-1_S9_L001,0,0.06048635711425637
GEN,random,SVM,onehot,4,RBG-18-0055-1_S43,0,0.005237856507045871
GEN,random,SVM,onehot,4,RBG-18-0085-1_S11,1,0.02999811004648142
GEN,random,SVM,onehot,4,RBG-18-0191-1_S11_L001,0,0.16203466360561802
GEN,random,SVM,onehot,4,RBG-18-0209-2_S46,0,0.7733434304791851
GEN,random,SVM,onehot,4,RBG-18-0211-1_S35,0,0.17149619394401283
GEN,random,SVM,onehot,4,RBG-18-0265-1_S49,0,0.05638865586443507
GEN,random,SVM,onehot,4,RBG-18-0355-1_S19_L001,0,0.04641098701761207
GEN,random,SVM,onehot,4,RBG-18-0380-1_S48,0,0.7311140150219625
GEN,random,SVM,onehot,4,RBG-18-0381-1_S49,0,0.14690372952867534
GEN,random,SVM,onehot,4,RBG-18-0383-1_S37,1,0.6828296063103506
GEN,random,SVM,onehot,4,RBK-18-0019-1_S195,0,0.2665834096356786
GEN,random,SVM,onehot,4,RBK-18-0020-1_S19,0,0.91460818273183
GEN,random,SVM,onehot,4,RBk-18-0216-1_S231_2,0,0.00274640618135408
GEN,random,SVM,onehot,4,RBL-17-0076-1_S32,0,0.00270660375332431
GEN,random,SVM,onehot,4,RBL-17-0101-1_S148,0,0.21815399905908517
GEN,random,SVM,onehot,4,RBL-17-0104-1_S149,0,0.19646050187958333
GEN,random,SVM,onehot,4,RBL-17-0123-1_S157,0,0.006602544126215952
GEN,random,SVM,onehot,4,RBL-17-0133-1_S159,0,0.08808497105328866
GEN,random,SVM,onehot,4,RBL-17-0135-1_S160,0,0.05536589796518744
GEN,random,SVM,onehot,4,RBL-17-0136-1_S161,0,0.18134670431012231
GEN,random,SVM,onehot,4,RBL-17-0199-1_S174,0,0.5404626178166416
GEN,random,SVM,onehot,4,RBL-17-0205-1_S175,0,0.22386387770738664
GEN,random,SVM,onehot,4,RBL-17-0242-1_S42,1,0.7279787398834818
GEN,random,SVM,onehot,4,RBL-17-0306-1_S50,1,0.031664210528581524
GEN,random,SVM,onehot,4,RBL-17-0324-1_S54,0,0.016592922801340886
GEN,random,SVM,onehot,4,RBL-17-0332-1_S118,0,0.28981518555998853
GEN,random,SVM,onehot,4,RBL-17-0360-1_S108,0,0.005813263847513623
GEN,random,SVM,onehot,4,RBL-17-0375-1_S117,0,0.75472146810295
GEN,random,SVM,onehot,4,RBL-17-0390-1_S121,0,0.0533104165215319
GEN,random,SVM,onehot,4,RBL-17-0395-1_S124,0,0.39921021988384015
GEN,random,SVM,onehot,4,RBL-17-0397-1_S125,0,0.13210590751468254
GEN,random,SVM,onehot,4,RBL-17-0411-1_S128,0,0.001654140330276817
GEN,random,SVM,onehot,4,RBL-18-0002-1_S158,0,0.003465053807736417
GEN,random,SVM,onehot,4,RBL-18-0037-1_S168,0,0.03213684526642044
GEN,random,SVM,onehot,4,RBL-18-0055-1_S170,0,0.020002570565064704
GEN,random,SVM,onehot,4,RBL-18-0076-1_S47,0,0.7166254043283976
GEN,random,SVM,onehot,4,RBL-18-0090-1_S48,0,0.5445880414187705
GEN,random,SVM,onehot,4,RBL-18-0093-1_S49,0,0.43400283884784496
GEN,random,SVM,onehot,4,RBL-18-0500-1_S230_2,0,0.6428716985777334
GEN,random,SVM,onehot,4,RBT-17-0033-1_S12,1,0.38044074350679347
GEN,random,SVM,onehot,4,RBT-17-0082-1_S30,0,0.13783018341930214
GEN,random,SVM,onehot,4,RBT-17-0100-1_S36,0,0.5781554029178777
GEN,random,SVM,onehot,4,RBT-17-0109-1_S40,0,0.017396977731792895
GEN,random,SVM,onehot,4,RBT-17-0149-1_S13,0,0.7709697331264355
GEN,random,SVM,onehot,4,RBT-17-0161-1_S57,0,0.014646352997240137
GEN,random,SVM,onehot,4,RBT-17-0163-1_S59,0,0.28657588053929295
GEN,random,SVM,onehot,4,RBT-17-0168-1_S61,0,0.15068345451639817
GEN,random,SVM,onehot,4,RBT-17-0177-2_S7,0,0.009276242308042703
GEN,random,SVM,onehot,4,RBT-17-0183-1_S67,0,0.03846731651429221
GEN,random,SVM,onehot,4,RBT-17-0194-1_S30,0,0.008003831067695233
GEN,random,SVM,onehot,4,RBT-17-0225-1_S9,0,0.01060898292095386
GEN,random,SVM,onehot,4,RBT-17-0239-1_S60,0,0.1675160850291527
GEN,random,SVM,onehot,4,RBT-17-0243-1_S11,0,0.07485976469531687
GEN,random,SVM,onehot,4,RBT-17-0328-1_S16,0,0.404359592806513
GEN,random,SVM,onehot,4,RBT-18-0021-1_S56,1,0.7311140150219625
GEN,random,SVM,onehot,4,RBT-18-0050-1_S34,0,0.828377273976067
GEN,random,SVM,onehot,4,RBT-18-0053-1_S36,1,0.5464615543394988
GEN,random,SVM,onehot,4,RBT-18-0091-1_S42,0,0.38696159217941567
GEN,random,SVM,onehot,4,RBT-18-0095-1_S19,0,0.3990698024003551
GEN,random,SVM,onehot,4,RBT-18-0100-1_S21,0,0.347685640603023
GEN,random,SVM,onehot,4,RBT-18-0125-1_S50,0,0.19721799696425601
GEN,random,SVM,onehot,4,RBT-18-0133-1_S30,0,0.39490058173741266
GEN,random,SVM,onehot,4,RBT-18-0173-1_S35,0,0.05126703419599252
GEN,random,SVM,onehot,4,RBT-18-0227-1_S46,1,0.7942016736216114
GEN,random,SVM,onehot,4,RBT-18-0292-1_S70,0,0.18897028951174039
GEN,random,SVM,onehot,4,RBT-18-0331-1_S22,0,0.24660640474768103
GEN,random,SVM,onehot,4,RBT-18-0335-1_S41,1,0.22432065612711
GEN,random,SVM,onehot,4,RBT-18-0339-1_S47,0,0.003932023209189501
GEN,random,SVM,onehot,4,RBT-18-0357-1_S27,0,0.009680011070714069
GEN,random,SVM,onehot,4,RBT-18-0364-1_S29,0,0.37176913315537824
GEN,random,SVM,onehot,4,RBT-18-0370-1_S33,0,0.8327721419841609
GEN,random,SVM,onehot,4,RBT-18-0372-1_S31,0,0.9169852381902142
GEN,random,SVM,onehot,4,ResetH89_S3_L001,0,0.006087741252330919
GEN,random,SVM,onehot,4,ResetH92_S4_L001,0,0.5530857099191702
GEN,random,SVM,onehot,4,ResetH99_S5_L001,0,0.1473119380277022
GEN,random,SVM,onehot,4,ResetV63_S5_L001,0,0.03155195184944509
GEN,random,SVM,onehot,4,ResetV76_S7_L001,0,0.3415009772725996
GEN,random,SVM,onehot,4,Survcare0114_S37,0,0.5523081633828105
GEN,random,SVM,onehot,4,Survcare058_S26,0,0.2063251891289527
GEN,random,SVM,onehot,4,Survcare104_S16_L001,1,0.013261801328849177
GEN,random,SVM,onehot,4,Survcare129_S1,0,0.0016053720606435979
GEN,random,SVM,onehot,4,Survcare230_S17_L001,1,0.0022705153404272834
GEN,random,SVM,onehot,4,Survcare234_S3_L001,0,0.6414755772663369
GEN,random,SVM,onehot,4,Survcare254_S36,0,0.8370880156018262
GEN,random,SVM,onehot,4,Survcare291_S38,1,0.936836203552595
GEN,random,SVM,onehot,4,Survcare303_S15_L001,0,0.20722030428801894
GEN,random,SVM,onehot,4,Survcare309_S20_L001,1,0.8319729963493707
GEN,random,SVM,onehot,4,Survcare329_S3,0,0.4136668913815359
GEN,random,SVM,onehot,4,Survcare335_S11,1,0.08913087095235914
GEN,random,SVM,onehot,4,V111_S3_L001,0,0.5608500883028368
GEN,random,SVM,onehot,4,V139_S7_L001,0,0.65440496060914
GEN,random,SVM,onehot,4,V158_S4_L001,0,0.5659587258840507
GEN,random,SVM,onehot,4,V183_S7_L001,1,0.002778822056743967
GEN,random,SVM,onehot,4,V195_S1_L001,1,0.1881533774770718
GEN,random,SVM,onehot,4,V283_S5_L001,1,0.08629972160269275
GEN,random,SVM,onehot,4,V291_S5_L001,1,0.6422299448880749
GEN,random,SVM,onehot,4,V40_S2_L001,1,0.954796408389208
GEN,random,SVM,onehot,4,V86_S1_L001,1,0.9029383709437923
GEN,random,SVM,onehot,4,w2RBG-16-037-1_S34,0,0.7048479285496317
GEN,random,SVM,onehot,4,W2RBL-16-018-1_S15,1,0.831852450755372
GEN,random,SVM,onehot,4,wdh-RBB-17-170-1_S16,0,0.9020653494339268
GEN,random,SVM,onehot,4,wdhRBF-17-0564-1_S230,0,0.44567811852301364
GEN,random,SVM,onehot,4,wdhRBF-17-0567-1_S122,0,0.20611158344796146
GEN,random,SVM,onehot,4,wdhRBF-18-0057_S14_L001,0,0.5236272820561028
GEN,random,SVM,onehot,4,WDHRBG-16-050-1_S40,0,0.9399078749688381
GEN,random,SVM,onehot,4,WDHRBG-17-121-1_S46,0,0.007141443378121123
GEN,random,SVM,onehot,4,wdhRBL-17-0370-1_S232,0,0.6563732345953407
GEN,random,SVM,onehot,4,wRBG-16-024-1_S152,0,0.38096599615885923
GEN,random,SVM,onehot,4,wRBG-16-027-1_S174,0,0.018239562150211202
GEN,random,SVM,onehot,4,wRBG-16-032-1_S142,0,0.17425592888360833
GEN,random,SVM,onehot,4,wRBG-17-014-1_S167,0,0.859291121521485
GEN,random,SVM,onehot,4,wRBG-17-023-1_S155,0,0.001246766853918938
GEN,random,SVM,onehot,4,wRBG-17-082-1_S106,1,0.29440831006832974
GEN,random,SVM,onehot,4,wRBG-17-106-1_S125,1,0.04787620275408454
GEN,random,SVM,onehot,4,wwRBB-16-112-1_S1,1,0.29931390862141233
GEN,random,SVM,onehot,4,wwRBF-17-148-1_S27,0,0.06957937900513086
GEN,random,SVM,onehot,4,wwRBK-17-0148-1_S37,1,0.8639335023049649
GEN,random,SVM,onehot,4,wwRBK-17-0148-2_S38,1,0.7367886888881789
GEN,random,SVM,onehot,4,wwRBK-17-075-1_S28,1,0.8814798374506451
GEN,random,RF,onehot,0,H100_S2_L001,0,0.01702097902097902
GEN,random,RF,onehot,0,H108_S5_L001,0,0.384
GEN,random,RF,onehot,0,H113_S6_L001,0,0.016
GEN,random,RF,onehot,0,H116_S8_L001,1,0.898
GEN,random,RF,onehot,0,H160_S3_L001,1,0.972
GEN,random,RF,onehot,0,H50_S7_L001,1,0.092
GEN,random,RF,onehot,0,H51_S5_L001,0,0.7058701344732208
GEN,random,RF,onehot,0,H71_S1_L001,1,0.729453231202922
GEN,random,RF,onehot,0,H86_S1_L001,1,0.178
GEN,random,RF,onehot,0,NNRBG-17-0191-1_S1,1,0.6035347625542671
GEN,random,RF,onehot,0,NNRBG-17-0199-1_S5,0,0.004
GEN,random,RF,onehot,0,NNRBG-17-0205-1_S7,0,0.924
GEN,random,RF,onehot,0,NNRBG-17-0255-1_S14,0,0.21
GEN,random,RF,onehot,0,NNRBG-17-0294-1_S18,0,0.37
GEN,random,RF,onehot,0,NNRBG-17-0298-1_S19,0,0.024
GEN,random,RF,onehot,0,NNRBG-17-0399-1_S40,0,0.0
GEN,random,RF,onehot,0,RBB-17-171-1_S52,0,0.452
GEN,random,RF,onehot,0,RBB-18-0537-1_S21_L001,0,0.6964498207999659
GEN,random,RF,onehot,0,RBB-18-0668-1_S188,1,0.503742920254839
GEN,random,RF,onehot,0,RBB-18-1086-1_S189_2,0,0.184
GEN,random,RF,onehot,0,RBB-18-1309-1_S42,1,0.608
GEN,random,RF,onehot,0,RBF-16-0064-1_S136,0,0.044
GEN,random,RF,onehot,0,RBF-17-0178-1_S139,0,0.496
GEN,random,RF,onehot,0,RBF-17-0467-1_S12,0,0.7619353475195485
GEN,random,RF,onehot,0,RBF-17-0513-1_S76,0,0.806
GEN,random,RF,onehot,0,RBF-17-0523-1_S30,0,0.002
GEN,random,RF,onehot,0,RBF-17-0538-1_S82,0,0.204
GEN,random,RF,onehot,0,RBF-17-0572-2_S89,0,0.082
GEN,random,RF,onehot,0,RBF-17-0587-1_S91,0,0.004
GEN,random,RF,onehot,0,RBF-17-0648-1_S100,0,0.296
GEN,random,RF,onehot,0,RBF-17-318-1_S77,1,0.39757894736842103
GEN,random,RF,onehot,0,RBF-18-0013-1_S25_L001,0,0.004
GEN,random,RF,onehot,0,RBF-18-0036-1_S7,0,0.034
GEN,random,RF,onehot,0,RBF-18-0088-1_S24,1,0.58
GEN,random,RF,onehot,0,RBF-18-0132-1_S26,0,0.0538
GEN,random,RF,onehot,0,RBF-18-0139-1_S35,0,0.148
GEN,random,RF,onehot,0,RBF-18-0147-1_S36,0,0.554
GEN,random,RF,onehot,0,RBF-18-0217-1_S54,0,0.088
GEN,random,RF,onehot,0,RBF-18-0227-1_S53,0,0.308
GEN,random,RF,onehot,0,RBF-18-0252-1_S56,0,0.242
GEN,random,RF,onehot,0,RBF-18-0253-1_S13_L001,0,0.604
GEN,random,RF,onehot,0,RBF-18-0294-1_S64,0,0.014
GEN,random,RF,onehot,0,RBF-18-0321-1_S69,0,0.308
GEN,random,RF,onehot,0,RBF-18-0333-1_S70,0,0.136
GEN,random,RF,onehot,0,RBG-17-0383-1_S44,0,0.29428846153846155
GEN,random,RF,onehot,0,RBG-18-0041-1_S6,0,0.168
GEN,random,RF,onehot,0,RBG-18-0113-1_S13_L001,0,0.01702097902097902
GEN,random,RF,onehot,0,RBG-18-0129-1_S15_L001,0,0.818
GEN,random,RF,onehot,0,RBG-18-0144-1_S38,0,0.014
GEN,random,RF,onehot,0,RBG-18-0153-1_S14,0,0.8153258942706987
GEN,random,RF,onehot,0,RBG-18-0185-1_S40,0,0.002
GEN,random,RF,onehot,0,RBG-18-0193-1_S8,0,0.148
GEN,random,RF,onehot,0,RBG-18-0204-1_S23_L001,0,0.602
GEN,random,RF,onehot,0,RBG-18-0206-2_S46,0,0.8
GEN,random,RF,onehot,0,RBG-18-0276-1_S50,0,0.274
GEN,random,RF,onehot,0,RBG-18-0280-1_S51,0,0.036
GEN,random,RF,onehot,0,RBG-18-0289-1_S37,1,0.106
GEN,random,RF,onehot,0,RBG-18-0300-1_S52,0,0.006
GEN,random,RF,onehot,0,RBG-18-0347-1_S22_L001,0,0.31
GEN,random,RF,onehot,0,RBG-18-0421-1_S53,1,0.8776619816372139
GEN,random,RF,onehot,0,RBK-16-073-1_S14,0,0.098
GEN,random,RF,onehot,0,RBK-17-049-1_S62,0,0.114
GEN,random,RF,onehot,0,RBK-17-0588-1_S24,0,0.7664996862786337
GEN,random,RF,onehot,0,RBK-17-0601-1_S25,0,0.7171038896069759
GEN,random,RF,onehot,0,RBK-18-0047-1_S20,0,0.308
GEN,random,RF,onehot,0,RBK-18-0236-2_S52_2,0,0.344
GEN,random,RF,onehot,0,RBL-17-0095-1_S147,0,0.012
GEN,random,RF,onehot,0,RBL-17-0129-1_S158,0,0.01
GEN,random,RF,onehot,0,RBL-17-0155-1_S165,0,0.296
GEN,random,RF,onehot,0,RBL-17-0189-1_S172,0,0.052
GEN,random,RF,onehot,0,RBL-17-0261-1_S100,0,0.19
GEN,random,RF,onehot,0,RBL-17-0264-1_S103,0,0.766
GEN,random,RF,onehot,0,RBL-17-0283-1_S27,0,0.406
GEN,random,RF,onehot,0,RBL-17-0342-1_S103,0,0.554
GEN,random,RF,onehot,0,RBL-17-0368-1_S114,0,0.014
GEN,random,RF,onehot,0,RBL-17-0374-1_S116,0,0.59
GEN,random,RF,onehot,0,RBL-17-0391-1_S122,0,0.69
GEN,random,RF,onehot,0,RBL-17-0393-1_S123,0,0.07
GEN,random,RF,onehot,0,RBL-17-0402-1_S126,0,0.014
GEN,random,RF,onehot,0,RBL-17-060-1_S17,0,0.802
GEN,random,RF,onehot,0,RBL-17-075-1_S18,1,0.186
GEN,random,RF,onehot,0,RBL-18-0016-1_S161,0,0.004
GEN,random,RF,onehot,0,RBL-18-0021-1_S42,0,0.402
GEN,random,RF,onehot,0,RBL-18-0098-1_S178,0,0.7158311623342487
GEN,random,RF,onehot,0,RBL-18-0131-1_S188_2,1,0.586
GEN,random,RF,onehot,0,RBT-16-0024-1_S10,1,0.512
GEN,random,RF,onehot,0,RBT-17-0023-1_S25,0,0.832
GEN,random,RF,onehot,0,RBT-17-0027-1_S3,0,0.0
GEN,random,RF,onehot,0,RBT-17-0084-1_S31,0,0.006
GEN,random,RF,onehot,0,RBT-17-0118-1_S45,0,0.308
GEN,random,RF,onehot,0,RBT-17-0130-1_S27,0,0.462
GEN,random,RF,onehot,0,RBT-17-0150-1_S54,0,0.006
GEN,random,RF,onehot,0,RBT-17-0156-1_S56,0,0.91
GEN,random,RF,onehot,0,RBT-17-0188-1_S68,0,0.382
GEN,random,RF,onehot,0,RBT-17-0291-1_S14,1,0.434
GEN,random,RF,onehot,0,RBT-17-0295-1_S15,0,0.0
GEN,random,RF,onehot,0,RBT-17-0337-1_S19,0,0.068
GEN,random,RF,onehot,0,RBT-18-0027-1_S68,0,0.0
GEN,random,RF,onehot,0,RBT-18-0052-1_S35,0,0.018
GEN,random,RF,onehot,0,RBT-18-0057-1_S38,1,0.282
GEN,random,RF,onehot,0,RBT-18-0120-1_S48,0,0.308
GEN,random,RF,onehot,0,RBT-18-0141-1_S32,0,0.008
GEN,random,RF,onehot,0,RBT-18-0184-1_S38,1,0.658
GEN,random,RF,onehot,0,RBT-18-0224-1_S43,0,0.004
GEN,random,RF,onehot,0,RBT-18-0296-1_S72,1,0.8664496732026143
GEN,random,RF,onehot,0,RBT-18-0316-1_S43,0,0.0
GEN,random,RF,onehot,0,RBT-18-0317-1_S27,0,0.004
GEN,random,RF,onehot,0,RBT-18-0324-1_S57,1,0.968
GEN,random,RF,onehot,0,RBT-18-0365-1_S30,0,0.212
GEN,random,RF,onehot,0,RBT-18-0368-1_S32,0,0.002
GEN,random,RF,onehot,0,RBT-18-0385-1_S34,0,0.0
GEN,random,RF,onehot,0,RBT-18-0391-1_S35,0,0.5290863873055048
GEN,random,RF,onehot,0,RBT-18-0401-1_S43,0,0.598
GEN,random,RF,onehot,0,ResetH115_S6_L001,0,0.818
GEN,random,RF,onehot,0,ResetH16_S2_L001,0,0.506
GEN,random,RF,onehot,0,ResetH24a_S3_2_L001,1,0.882
GEN,random,RF,onehot,0,ResetH30_S4_L001,0,0.26
GEN,random,RF,onehot,0,ResetH45_S5_L001,0,0.098
GEN,random,RF,onehot,0,ResetV105_S1_L001,0,0.188
GEN,random,RF,onehot,0,ResetV161_S3_L001,0,0.484
GEN,random,RF,onehot,0,ResetV210_S4_L001,1,0.82
GEN,random,RF,onehot,0,ResetV70_S6_L001,1,0.654
GEN,random,RF,onehot,0,Survcare052_S22,0,0.546
GEN,random,RF,onehot,0,Survcare184_S19,1,0.68
GEN,random,RF,onehot,0,Survcare236_S5_L001,1,0.754
GEN,random,RF,onehot,0,Survcare253_S35,0,0.262
GEN,random,RF,onehot,0,Survcare275_S38,1,0.598
GEN,random,RF,onehot,0,Survcare289_S36,1,0.982
GEN,random,RF,onehot,0,Survcare292_S39,0,0.7
GEN,random,RF,onehot,0,Survcare293_S40,1,0.98
GEN,random,RF,onehot,0,Survcare317_S5_L001,0,0.482
GEN,random,RF,onehot,0,Survcare318_S20_L001,0,0.436
GEN,random,RF,onehot,0,Survcare327_S1,0,0.724
GEN,random,RF,onehot,0,V1_S6_L001,1,0.694
GEN,random,RF,onehot,0,V114_S5_L001,0,0.688
GEN,random,RF,onehot,0,V153_S4_L001,1,0.918
GEN,random,RF,onehot,0,V177_S6_L001,0,0.194
GEN,random,RF,onehot,0,V182_S6_L001,1,0.454
GEN,random,RF,onehot,0,V201_S4_L001,0,0.68
GEN,random,RF,onehot,0,V228_S8_L001,1,0.924
GEN,random,RF,onehot,0,V232_S3_L001,0,0.034
GEN,random,RF,onehot,0,V238_S11_L001,1,0.508
GEN,random,RF,onehot,0,V279_S8_L001,1,0.862
GEN,random,RF,onehot,0,V292_S6_L001,1,0.648
GEN,random,RF,onehot,0,V71_S4_L001,1,0.954
GEN,random,RF,onehot,0,V79_S6_L001,0,0.494
GEN,random,RF,onehot,0,V96_S2_L001,1,0.994
GEN,random,RF,onehot,0,wdh-RBL-17-0431-1_S46,0,0.708
GEN,random,RF,onehot,0,wdhRBF-17-0558-1_S121,0,0.164
GEN,random,RF,onehot,0,wdhRBF-18-0025-1_S11_L001,0,0.198
GEN,random,RF,onehot,0,wdhRBF-18-0049-1_S13_L001,0,0.22
GEN,random,RF,onehot,0,wdhRBF-18-0098-1_S19_L001,0,0.072
GEN,random,RF,onehot,0,WDHRBG-17-001-1_S82,0,0.486
GEN,random,RF,onehot,0,wRBG-17-021-1_S166,0,0.018
GEN,random,RF,onehot,0,wRBG-17-028-1_S100,0,0.034
GEN,random,RF,onehot,0,wRBG-17-075-1_S96,0,0.342
GEN,random,RF,onehot,0,wRBG-17-100-1_S104,0,0.974
GEN,random,RF,onehot,0,wwRBF-16-094-1_S13,0,0.6
GEN,random,RF,onehot,0,wwRBF-17-251-1_S33,0,0.396
GEN,random,RF,onehot,0,wwRBK-16-023-1_S5,0,0.708
GEN,random,RF,onehot,0,wwRBK-17-0278-1_S41,0,0.352
GEN,random,RF,onehot,0,WWSurvcare043_S43,0,0.436
GEN,random,RF,onehot,1,H122_S4_L001,1,0.6
GEN,random,RF,onehot,1,H148_S4_L001,1,0.704
GEN,random,RF,onehot,1,H37_S3_L001,0,0.004
GEN,random,RF,onehot,1,H38_S4_L001,0,0.95
GEN,random,RF,onehot,1,H53_S4_L001,0,0.8478468770307781
GEN,random,RF,onehot,1,NNRBG-17-0193-1_S2,0,0.008
GEN,random,RF,onehot,1,NNRBG-17-0201-1_S6,0,0.052
GEN,random,RF,onehot,1,NNRBG-17-0227-1_S8,0,0.0
GEN,random,RF,onehot,1,NNRBG-17-0239-1_S10,0,0.004
GEN,random,RF,onehot,1,NNRBG-17-0278-1_S16,0,0.074
GEN,random,RF,onehot,1,NNRBG-17-0316-1_S23,0,0.502
GEN,random,RF,onehot,1,NNRBG-17-0328-1_S25,0,0.022
GEN,random,RF,onehot,1,NNRBG-17-0329-1_S26,0,0.118
GEN,random,RF,onehot,1,NNRBG-17-0378-1_S37,1,0.8983753246753248
GEN,random,RF,onehot,1,RBB-18-0129-1_S179,0,0.476
GEN,random,RF,onehot,1,RBB-18-0546-1_S22_L001,0,0.616
GEN,random,RF,onehot,1,RBB-18-1312-1_S43,0,0.184
GEN,random,RF,onehot,1,RBB-18-1488-1_S46,0,0.0
GEN,random,RF,onehot,1,RBF-17-0164-1_S137,0,0.014
GEN,random,RF,onehot,1,RBF-17-0173-1_S138,0,0.046
GEN,random,RF,onehot,1,RBF-17-0508-1_S73,0,0.338
GEN,random,RF,onehot,1,RBF-17-0532-1_S80,0,0.88
GEN,random,RF,onehot,1,RBF-17-0602-1_S93,0,0.088
GEN,random,RF,onehot,1,RBF-17-0647-1_S99,0,0.03353846153846154
GEN,random,RF,onehot,1,RBF-17-0664-1_S63,0,0.286
GEN,random,RF,onehot,1,RBF-17-067-1_S54,1,0.7445681818181819
GEN,random,RF,onehot,1,RBF-17-170-1_S66,1,0.578
GEN,random,RF,onehot,1,RBF-18-0019-1_S2,1,0.7198624904507259
GEN,random,RF,onehot,1,RBF-18-0027-1_S5,1,0.06
GEN,random,RF,onehot,1,RBF-18-0086-1_S22,0,0.052
GEN,random,RF,onehot,1,RBF-18-0121-1_S28,1,0.666
GEN,random,RF,onehot,1,RBF-18-0123-1_S25_L001,0,0.398
GEN,random,RF,onehot,1,RBF-18-0151-1_S83,0,0.102
GEN,random,RF,onehot,1,RBF-18-0160-1_S37,0,0.598
GEN,random,RF,onehot,1,RBF-18-0179-1_S29,0,0.414
GEN,random,RF,onehot,1,RBF-18-0187-1_S31,0,0.8237114312673918
GEN,random,RF,onehot,1,RBF-18-0259-1_S33,0,0.006
GEN,random,RF,onehot,1,RBF-18-0280-1_S62,0,0.174
GEN,random,RF,onehot,1,RBF-18-0585-1_S48,0,0.538
GEN,random,RF,onehot,1,RBF-18-0714-2_S204_2,0,0.570484126984127
GEN,random,RF,onehot,1,RBG-17-0269-1_S41,0,0.238
GEN,random,RF,onehot,1,RBG-17-0284-1_S59,0,0.768
GEN,random,RF,onehot,1,RBg-17-123-2_S12,0,0.32
GEN,random,RF,onehot,1,RBG-18-0004-1_S1,0,0.8250863569952586
GEN,random,RF,onehot,1,RBG-18-0023-1_S2,1,0.104
GEN,random,RF,onehot,1,RBG-18-0054-1_S42,0,0.058
GEN,random,RF,onehot,1,RBG-18-0071-1_S44,0,0.168
GEN,random,RF,onehot,1,RBG-18-0077-1_S9,1,0.62
GEN,random,RF,onehot,1,RBG-18-0099-1_S14,0,0.8250863569952586
GEN,random,RF,onehot,1,RBG-18-0108-1_S16,0,0.002
GEN,random,RF,onehot,1,RBG-18-0166-1_S10_L001,0,0.002
GEN,random,RF,onehot,1,RBG-18-0177-1_S17_L001,1,0.8705571428571429
GEN,random,RF,onehot,1,RBG-18-0200-1_S18_L001,1,0.7891380789660981
GEN,random,RF,onehot,1,RBG-18-0301-1_S53,0,0.028
GEN,random,RF,onehot,1,RBG-18-0358-1_S39,0,0.082
GEN,random,RF,onehot,1,RBK-16-007-1_S13,0,0.732
GEN,random,RF,onehot,1,RBK-17-0492-1_S8,1,0.508
GEN,random,RF,onehot,1,RBK-18-0002-1_S38,1,0.0
GEN,random,RF,onehot,1,RBK-18-0005-1_S18,0,0.009714285714285715
GEN,random,RF,onehot,1,RBL-17-0093-1_S146,0,0.936
GEN,random,RF,onehot,1,RBL-17-0107-1_S150,0,0.8751
GEN,random,RF,onehot,1,RBL-17-0144-1_S163,0,0.26
GEN,random,RF,onehot,1,RBL-17-0159-1_S166,0,0.24
GEN,random,RF,onehot,1,RBL-17-0232-1_S91,0,0.318
GEN,random,RF,onehot,1,RBL-17-0244-1_S44,0,0.5871685729818859
GEN,random,RF,onehot,1,RBL-17-0246-1_S94,1,0.454
GEN,random,RF,onehot,1,RBL-17-0256-1_S98,0,0.4
GEN,random,RF,onehot,1,RBL-17-0263-1_S102,0,0.052
GEN,random,RF,onehot,1,RBL-17-0274-2_S105,0,0.398
GEN,random,RF,onehot,1,RBL-17-0327-1_S116,0,0.008
GEN,random,RF,onehot,1,RBL-17-0347-1_S104,0,0.004
GEN,random,RF,onehot,1,RBL-17-0366-1_S113,1,0.708
GEN,random,RF,onehot,1,RBL-17-0392-1_S69,1,0.9574545454545454
GEN,random,RF,onehot,1,RBL-17-0435-1_S134,0,0.0
GEN,random,RF,onehot,1,RBL-18-0019-1_S41,0,0.012
GEN,random,RF,onehot,1,RBL-18-0022-1_S43,0,0.24
GEN,random,RF,onehot,1,RBL-18-0032-1_S167,0,0.062
GEN,random,RF,onehot,1,RBL-18-0048-1_S44,0,0.60428894993895
GEN,random,RF,onehot,1,RBL-18-0066-1_S173,0,0.002
GEN,random,RF,onehot,1,RBL-18-0343-1_S6,0,0.926
GEN,random,RF,onehot,1,RBL-18-0467-1_S228_2,1,0.312
GEN,random,RF,onehot,1,RBT-16-0038-1_S11,0,0.6388022422022422
GEN,random,RF,onehot,1,RBT-17-0003-1_S16,0,0.094
GEN,random,RF,onehot,1,RBT-17-0008-1_S18,0,0.126
GEN,random,RF,onehot,1,RBT-17-0019-1_S62,0,0.776
GEN,random,RF,onehot,1,RBT-17-0039-1_S28,1,0.8996000000000001
GEN,random,RF,onehot,1,RBT-17-0097-1_S34,1,0.402
GEN,random,RF,onehot,1,RBT-17-0102-1_S37,0,0.896111683139702
GEN,random,RF,onehot,1,RBT-17-0133-1_S6,0,0.706
GEN,random,RF,onehot,1,RBT-17-0174-1_S64,0,0.002
GEN,random,RF,onehot,1,RBT-17-0219-1_S8,0,0.288
GEN,random,RF,onehot,1,RBT-17-0232-1_S58,1,0.23
GEN,random,RF,onehot,1,RBT-17-0238-1_S59,0,0.802
GEN,random,RF,onehot,1,RBT-17-0256-1_S25,0,0.344
GEN,random,RF,onehot,1,RBT-17-0339-1_S20,0,0.916
GEN,random,RF,onehot,1,RBT-18-0017-1_S67,0,0.002
GEN,random,RF,onehot,1,RBT-18-0056-1_S37,0,0.0
GEN,random,RF,onehot,1,RBT-18-0064-1_S15,0,0.826
GEN,random,RF,onehot,1,RBT-18-0071-1_S41,0,0.332
GEN,random,RF,onehot,1,RBT-18-0102-1_S23,0,0.0
GEN,random,RF,onehot,1,RBT-18-0115-1_S45,0,0.024
GEN,random,RF,onehot,1,RBT-18-0121-1_S28,0,0.074
GEN,random,RF,onehot,1,RBT-18-0122-1_S63,0,0.204
GEN,random,RF,onehot,1,RBT-18-0205-1_S6,1,0.7978286713286714
GEN,random,RF,onehot,1,RBT-18-0230-1_S45,0,0.008
GEN,random,RF,onehot,1,RBT-18-0247-1_S16,1,0.894
GEN,random,RF,onehot,1,RBT-18-0252-1_S53,0,0.458
GEN,random,RF,onehot,1,RBT-18-0259-1_S55,0,0.386
GEN,random,RF,onehot,1,RBT-18-0263-1_S58,0,0.084
GEN,random,RF,onehot,1,RBT-18-0271-1_S62,0,0.002
GEN,random,RF,onehot,1,RBT-18-0278-1_S64,0,0.3251224386724387
GEN,random,RF,onehot,1,RBT-18-0288-1_S68,0,0.008
GEN,random,RF,onehot,1,RBT-18-0303-1_S20,1,0.914
GEN,random,RF,onehot,1,RBT-18-0308-1_S34,0,0.494
GEN,random,RF,onehot,1,RBT-18-0338-1_S35,0,0.0
GEN,random,RF,onehot,1,RBT-18-0351-1_S48,0,0.192
GEN,random,RF,onehot,1,RBT-18-0377-1_S1,0,0.63
GEN,random,RF,onehot,1,RBT-18-0392-1_S56,0,0.9663349206349208
GEN,random,RF,onehot,1,ResetH131_S7_L001,0,0.8184947680286696
GEN,random,RF,onehot,1,ResetH132_S1_L001,0,0.8776
GEN,random,RF,onehot,1,ResetH139_S3_L001,0,0.434
GEN,random,RF,onehot,1,ResetH44_S3_L001,1,0.66
GEN,random,RF,onehot,1,ResetH49b_S6_L001,0,0.8831
GEN,random,RF,onehot,1,ResetH63_S7_L001,0,0.8250863569952586
GEN,random,RF,onehot,1,ResetH68_S1_L001,0,0.014
GEN,random,RF,onehot,1,ResetH98_S4_L001,0,0.07
GEN,random,RF,onehot,1,ResetV143_S2_L001,1,0.594
GEN,random,RF,onehot,1,ResetV260_S5_L001,0,0.8467
GEN,random,RF,onehot,1,RPG-18-0435-1_S32,0,0.002
GEN,random,RF,onehot,1,Survcare130_S2,0,0.002
GEN,random,RF,onehot,1,Survcare190_S35,1,0.114
GEN,random,RF,onehot,1,Survcare244_S9_L001,0,0.232
GEN,random,RF,onehot,1,Survcare319_S16,0,0.352
GEN,random,RF,onehot,1,Survcare321_S18,0,0.402
GEN,random,RF,onehot,1,Survcare334_S10,0,0.902
GEN,random,RF,onehot,1,V113_S3_L001,0,0.384
GEN,random,RF,onehot,1,V120_S5_L001,1,0.27
GEN,random,RF,onehot,1,V123_S1_L001,0,0.518
GEN,random,RF,onehot,1,V131_S7_L001,1,0.354
GEN,random,RF,onehot,1,V155_S5_L001,1,0.918
GEN,random,RF,onehot,1,V205_S3_L001,0,0.38
GEN,random,RF,onehot,1,V229_S10_L001,1,0.93
GEN,random,RF,onehot,1,V289_S5_L001,1,0.894
GEN,random,RF,onehot,1,V295_S7_L001,0,0.9401531024531027
GEN,random,RF,onehot,1,V64_S3_L001,0,0.014
GEN,random,RF,onehot,1,V73_S5_L001,1,0.984
GEN,random,RF,onehot,1,W2RBK-17-169-1_S34,0,0.33
GEN,random,RF,onehot,1,wdh-RBB-16-025-1_S20,0,0.178
GEN,random,RF,onehot,1,wdhRBF-18-0048-1_S12_L001,0,0.404
GEN,random,RF,onehot,1,WDHRBG-16-062-1_S49,0,0.002
GEN,random,RF,onehot,1,WDHRBG-17-0256-1_S17,0,0.138
GEN,random,RF,onehot,1,wNRZ-33910_S81,1,0.356
GEN,random,RF,onehot,1,wRBF-17-0146-1_S35,1,0.9544649086207913
GEN,random,RF,onehot,1,wRBG-16-026-1_S163,0,0.018
GEN,random,RF,onehot,1,wRBG-16-033-1_S153,0,0.9116000000000001
GEN,random,RF,onehot,1,wRBG-17-034-1_S121,0,0.062
GEN,random,RF,onehot,1,wRBG-17-049-1_S142,0,0.022
GEN,random,RF,onehot,1,wRBG-17-073-1_S118,0,0.004
GEN,random,RF,onehot,1,wRBG-17-112-1_S146,0,0.138
GEN,random,RF,onehot,1,wwRBF-16-007-1_S10,1,0.6657754604872252
GEN,random,RF,onehot,1,wwRBF-17-167-1_S31,1,0.5173392857142858
GEN,random,RF,onehot,1,wwRBK-17-0197-1_S39,1,0.8746194842738965
GEN,random,RF,onehot,2,H109_S2_L001,0,0.478
GEN,random,RF,onehot,2,H130_S2_L001,1,0.006
GEN,random,RF,onehot,2,H141_S6_L001,0,0.33
GEN,random,RF,onehot,2,H153_S1_L001,1,0.996
GEN,random,RF,onehot,2,H154_S2_L001,1,0.934
GEN,random,RF,onehot,2,H157_S3_L001,0,0.45
GEN,random,RF,onehot,2,H17_S2_L001,0,0.018
GEN,random,RF,onehot,2,H28_S10_L001,0,0.466
GEN,random,RF,onehot,2,NNRBG-17-0319-1_S24,0,0.004
GEN,random,RF,onehot,2,NNSurvcare045_S41,0,0.356
GEN,random,RF,onehot,2,RBB-17-011-1_S40,0,0.7300434113305976
GEN,random,RF,onehot,2,RBB-18-0519-1_S184,0,0.336
GEN,random,RF,onehot,2,RBB-18-0772-1_S192,0,0.316
GEN,random,RF,onehot,2,RBB-18-0892-1_S80_2,1,0.466
GEN,random,RF,onehot,2,RBB-18-0972-1_S203_2,1,0.202
GEN,random,RF,onehot,2,RBB-18-1393-1_S48,0,0.594
GEN,random,RF,onehot,2,RBB-18-1460-1_S45,1,0.4871127819548872
GEN,random,RF,onehot,2,RBBK18-0189-1_S24_L001,1,0.924
GEN,random,RF,onehot,2,RBF-17-0195-1_S141,0,0.358
GEN,random,RF,onehot,2,RBF-17-0340-1_S81,0,0.878
GEN,random,RF,onehot,2,RBF-17-0424-1_S15,0,0.192
GEN,random,RF,onehot,2,RBF-17-0489-1_S13,0,0.716251000378976
GEN,random,RF,onehot,2,RBF-17-0614-3_S95,0,0.008
GEN,random,RF,onehot,2,RBF-17-0616-1_S96,0,0.216
GEN,random,RF,onehot,2,RBF-17-0651-1_S62,0,0.424
GEN,random,RF,onehot,2,RBF-18-0035-1_S6,0,0.348
GEN,random,RF,onehot,2,RBF-18-0055-1_S11,0,0.142
GEN,random,RF,onehot,2,RBF-18-0066-1_S15,0,0.202
GEN,random,RF,onehot,2,RBF-18-0085-1_S21,0,0.02
GEN,random,RF,onehot,2,RBF-18-0087-1_S23,0,0.22
GEN,random,RF,onehot,2,RBF-18-0093-1_S80,1,0.142
GEN,random,RF,onehot,2,RBF-18-0126-1_S31,0,0.014
GEN,random,RF,onehot,2,RBF-18-0135-1_S34,1,0.376
GEN,random,RF,onehot,2,RBF-18-0173-1_S27,0,0.484
GEN,random,RF,onehot,2,RBF-18-0194-1_S86,0,0.558
GEN,random,RF,onehot,2,RBF-18-0200-1_S48,0,0.006
GEN,random,RF,onehot,2,RBF-18-0201-1_S49,0,0.324
GEN,random,RF,onehot,2,RBF-18-0208-2_S11_L001,0,0.11
GEN,random,RF,onehot,2,RBF-18-0282-1_S63,0,0.23
GEN,random,RF,onehot,2,RBF-18-0296-1_S17,0,0.8
GEN,random,RF,onehot,2,RBF-18-0338-1_S72,0,0.02
GEN,random,RF,onehot,2,RBF-18-0339-1_S37,0,0.266
GEN,random,RF,onehot,2,RBF-18-0405-1_S81_2,0,0.924
GEN,random,RF,onehot,2,RBF-18-0634-1_S183,0,0.124
GEN,random,RF,onehot,2,RBF-18-0664-1_S190,0,0.088
GEN,random,RF,onehot,2,RBG-17-0351-1_S20_L001,0,0.726
GEN,random,RF,onehot,2,RBG-18-0017-1_S5,0,0.528
GEN,random,RF,onehot,2,RBG-18-0029-1_S40,0,0.076
GEN,random,RF,onehot,2,RBG-18-0072-1_S8,0,0.6002597402597403
GEN,random,RF,onehot,2,RBG-18-0221-1_S47,1,0.314
GEN,random,RF,onehot,2,RBG-18-0223-1_S2,0,0.016
GEN,random,RF,onehot,2,RBG-18-0239-1_S4,0,0.008
GEN,random,RF,onehot,2,RBG-18-0367-1_S57,0,0.024
GEN,random,RF,onehot,2,RBG-18-0388-1_S21_L001,1,0.9210482762851184
GEN,random,RF,onehot,2,RBG-18-0391-1_S22_L001,1,0.562
GEN,random,RF,onehot,2,RBG-18-0402-1_S50,0,0.118
GEN,random,RF,onehot,2,RBG-18-0410-1_S12,0,0.7436043123543123
GEN,random,RF,onehot,2,RBG-18-0417-1_S52,0,0.264
GEN,random,RF,onehot,2,RBK-16-079-1_S15,1,0.01
GEN,random,RF,onehot,2,RBK-17-0595-1_S187,0,0.138
GEN,random,RF,onehot,2,RBK-17-0655-5_S182,0,0.8013242685419161
GEN,random,RF,onehot,2,RBK-18-0037-1_S199,0,0.41
GEN,random,RF,onehot,2,RBK-18-0080-1_S205,0,0.05
GEN,random,RF,onehot,2,RBK-18-0104-1_S206,0,0.024
GEN,random,RF,onehot,2,RBK-18-0250-1_S235_2,0,0.106
GEN,random,RF,onehot,2,RBK-18-0644-1_S180,0,0.094
GEN,random,RF,onehot,2,RBKk-18-0108-1_S201,0,0.6869436955201661
GEN,random,RF,onehot,2,RBL-17-0090-1_S145,0,0.034
GEN,random,RF,onehot,2,RBL-17-0108-1_S151,0,0.068
GEN,random,RF,onehot,2,RBL-17-0113-1_S153,1,0.9528778280542987
GEN,random,RF,onehot,2,RBL-17-0116-1_S154,0,0.614
GEN,random,RF,onehot,2,RBL-17-0118-1_S156,0,0.022
GEN,random,RF,onehot,2,RBL-17-0217-1_S176,0,0.122
GEN,random,RF,onehot,2,RBL-17-0226-1_S41,1,0.39614975293360966
GEN,random,RF,onehot,2,RBL-17-0235-1_S92,0,0.024
GEN,random,RF,onehot,2,RBL-17-0259-1_S99,0,0.512
GEN,random,RF,onehot,2,RBL-17-0267-1_S104,0,0.164
GEN,random,RF,onehot,2,RBL-17-0300-1_S112,0,0.1
GEN,random,RF,onehot,2,RBL-17-0305-1_S49,1,0.942
GEN,random,RF,onehot,2,RBL-17-0320-1_S114,0,0.14
GEN,random,RF,onehot,2,RBL-17-0323-1_S115,0,0.326
GEN,random,RF,onehot,2,RBL-17-0328-1_S117,0,0.356
GEN,random,RF,onehot,2,RBL-17-0340-1_S102,0,0.088
GEN,random,RF,onehot,2,RBL-17-0350-1_S106,0,0.878
GEN,random,RF,onehot,2,RBL-17-0365-1_S112,0,0.034
GEN,random,RF,onehot,2,RBL-17-0409-1_S127,0,0.0
GEN,random,RF,onehot,2,RBL-18-0010-1_S159,0,0.158
GEN,random,RF,onehot,2,RBT-16-0045-1_S58,0,0.186
GEN,random,RF,onehot,2,RBT-17-0009-1_S21,0,0.5
GEN,random,RF,onehot,2,RBT-17-0011-1_S19,0,0.0
GEN,random,RF,onehot,2,RBT-17-0022-1_S24,0,0.014
GEN,random,RF,onehot,2,RBT-17-0107-1_S39,0,0.018
GEN,random,RF,onehot,2,RBT-17-0112-1_S41,0,0.016
GEN,random,RF,onehot,2,RBT-17-0138-1_S52,0,0.092
GEN,random,RF,onehot,2,RBT-17-0142-1_S53,0,0.002
GEN,random,RF,onehot,2,RBT-17-0167-1_S27,0,0.006
GEN,random,RF,onehot,2,RBT-17-0173-1_S63,0,0.002
GEN,random,RF,onehot,2,RBT-17-0177-1_S65,0,0.184
GEN,random,RF,onehot,2,RBT-17-0178-1_S66,0,0.002
GEN,random,RF,onehot,2,RBT-17-0210-1_S55,0,0.002
GEN,random,RF,onehot,2,RBT-17-0217-1_S7,1,0.874
GEN,random,RF,onehot,2,RBT-17-0249-1_S61,1,0.9535404766973653
GEN,random,RF,onehot,2,RBT-17-0279-1_S12,0,0.56
GEN,random,RF,onehot,2,RBT-17-0285-1_S66,0,0.526
GEN,random,RF,onehot,2,RBT-18-0004-1_S51,1,0.818
GEN,random,RF,onehot,2,RBT-18-0030-1_S69,0,0.008
GEN,random,RF,onehot,2,RBT-18-0042-1_S60,0,0.0
GEN,random,RF,onehot,2,RBT-18-0045-1_S70,0,0.34
GEN,random,RF,onehot,2,RBT-18-0046-1_S2,0,0.774
GEN,random,RF,onehot,2,RBT-18-0066-1_S40,0,0.074
GEN,random,RF,onehot,2,RBT-18-0116-1_S46,0,0.018
GEN,random,RF,onehot,2,RBT-18-0179-1_S37,0,0.166
GEN,random,RF,onehot,2,RBT-18-0181-1_S61,0,0.324
GEN,random,RF,onehot,2,RBT-18-0236-1_S48,1,0.814
GEN,random,RF,onehot,2,RBT-18-0251-1_S7,0,0.274
GEN,random,RF,onehot,2,RBT-18-0253-1_S54,1,0.304
GEN,random,RF,onehot,2,RBT-18-0265-1_S59,0,0.064
GEN,random,RF,onehot,2,RBT-18-0275-1_S63,0,0.004
GEN,random,RF,onehot,2,RBT-18-0293-1_S71,0,0.0
GEN,random,RF,onehot,2,RBT-18-0341-1_S24,0,0.28
GEN,random,RF,onehot,2,RBT-18-0360-1_S39,1,0.802
GEN,random,RF,onehot,2,RBT-18-0361-1_S38,0,0.09
GEN,random,RF,onehot,2,RBT-18-0363-1_S72,1,0.9715714285714285
GEN,random,RF,onehot,2,ResetH1_S1_L001,0,0.026
GEN,random,RF,onehot,2,ResetH10_S1_L001,1,0.17
GEN,random,RF,onehot,2,ResetH129_S7_L001,1,0.5525703296703296
GEN,random,RF,onehot,2,ResetH134_S8_L001,0,0.604
GEN,random,RF,onehot,2,ResetH75_S2_L001,1,0.969433352758353
GEN,random,RF,onehot,2,ResetH93_S5_L001,1,0.168
GEN,random,RF,onehot,2,ResetV288_S6_L001,1,0.934
GEN,random,RF,onehot,2,ResetV74_S7_L001,0,0.374
GEN,random,RF,onehot,2,Survcare125_S25,1,0.284
GEN,random,RF,onehot,2,Survcare134_S26,0,0.05
GEN,random,RF,onehot,2,Survcare140_S4_L001,0,0.05
GEN,random,RF,onehot,2,Survcare176_S17_L001,1,0.222
GEN,random,RF,onehot,2,Survcare221_S7_L001,0,0.014
GEN,random,RF,onehot,2,Survcare278_S62,1,0.788
GEN,random,RF,onehot,2,Survcare313_S24_L001,1,0.592
GEN,random,RF,onehot,2,Survcare350_S44,0,0.218
GEN,random,RF,onehot,2,V152_S3_L001,1,0.008
GEN,random,RF,onehot,2,V168_S9_L001,1,0.252
GEN,random,RF,onehot,2,V172_S5_L001,1,0.162
GEN,random,RF,onehot,2,V215_S2_L001,1,0.226
GEN,random,RF,onehot,2,V8_S7_L001,0,0.164
GEN,random,RF,onehot,2,V80_S7_L001,0,0.352
GEN,random,RF,onehot,2,V89_S1_L001,0,0.442
GEN,random,RF,onehot,2,W2RBK-17-168-1_S33,0,0.5107881285381284
GEN,random,RF,onehot,2,wdhRBF-10-0002-1_S10_L001,1,0.5473846153846154
GEN,random,RF,onehot,2,wdhRBF-18-0081-1_S18_L001,0,0.366
GEN,random,RF,onehot,2,WDHRBG-16-049-1_S87,0,0.708
GEN,random,RF,onehot,2,WDHRBG-16-060-1_S27,0,0.806
GEN,random,RF,onehot,2,WDHRBG-17-005-2_S61,0,0.01
GEN,random,RF,onehot,2,WDHRBG-17-0093-1_S1,0,0.33
GEN,random,RF,onehot,2,wRBG-17-025-1_S133,0,0.006
GEN,random,RF,onehot,2,wRBG-17-030-1_S165,0,0.152
GEN,random,RF,onehot,2,wRBG-17-047-1_S153,0,0.01
GEN,random,RF,onehot,2,wRBG-17-058-1_S130,0,0.078
GEN,random,RF,onehot,2,wRBG-17-072-1_S129,0,0.006
GEN,random,RF,onehot,2,wRBG-17-081-1_S117,0,0.018
GEN,random,RF,onehot,2,wRBG-17-110-1_S168,0,0.056
GEN,random,RF,onehot,2,wwRBK-17-0298-1_S42,0,0.256
GEN,random,RF,onehot,2,wwRBL-17-004-1_S44,1,0.7717443382211193
GEN,random,RF,onehot,3,H162_S4_L001,1,0.882
GEN,random,RF,onehot,3,H164_S3_L001,1,0.998
GEN,random,RF,onehot,3,H3_S1_L001,0,0.8952619047619048
GEN,random,RF,onehot,3,H66_S1_L001,1,0.108
GEN,random,RF,onehot,3,H83_S7_L001,0,0.108
GEN,random,RF,onehot,3,NNRBG-17-0196-1_S3,0,0.0
GEN,random,RF,onehot,3,NNRBG-17-0198-1_S4,0,0.052
GEN,random,RF,onehot,3,NNRBG-17-0242-1_S11,0,0.3657414141414141
GEN,random,RF,onehot,3,NNRBG-17-0287-1_S17,0,0.292
GEN,random,RF,onehot,3,NNRBG-17-0308-1_S20,0,0.016
GEN,random,RF,onehot,3,NNRBG-17-0382-1_S38,0,0.368
GEN,random,RF,onehot,3,RBB-18-0490-1_S20_L001,0,0.51
GEN,random,RF,onehot,3,RBB-18-0665-1_S23_L001,0,0.528
GEN,random,RF,onehot,3,RBB-18-0765-1_S191,0,0.624
GEN,random,RF,onehot,3,RBB-19-0014-1_S44,0,0.822
GEN,random,RF,onehot,3,RBF-10-0240-1_S12_L001,1,0.002
GEN,random,RF,onehot,3,RBF-17-0194-1_S140,0,0.0
GEN,random,RF,onehot,3,RBF-17-0438-1_S9,1,0.34202567987568006
GEN,random,RF,onehot,3,RBF-17-0450-1_S10,0,0.156
GEN,random,RF,onehot,3,RBF-17-0520-2_S55,1,0.156
GEN,random,RF,onehot,3,RBF-17-0550-1_S84,0,0.408
GEN,random,RF,onehot,3,RBF-17-0632-1_S97,0,0.0
GEN,random,RF,onehot,3,RBF-17-0645-1_S61,0,0.396
GEN,random,RF,onehot,3,RBF-17-186-1_S69,1,0.34202567987568006
GEN,random,RF,onehot,3,RBF-17-277-1_S73,0,0.038
GEN,random,RF,onehot,3,RBF-18-0072-1_S16,0,0.01
GEN,random,RF,onehot,3,RBF-18-0075-1_S79,1,0.259
GEN,random,RF,onehot,3,RBF-18-0127-1_S32,0,0.006
GEN,random,RF,onehot,3,RBF-18-0174-1_S28,1,0.40714999999999996
GEN,random,RF,onehot,3,RBF-18-0192-1_S44,0,0.078
GEN,random,RF,onehot,3,RBF-18-0196-1_S46,0,0.5543730158730159
GEN,random,RF,onehot,3,RBF-18-0199-1_S47,0,0.7970428571428572
GEN,random,RF,onehot,3,RBF-18-0277-1_S61,0,0.704981818181818
GEN,random,RF,onehot,3,RBF-18-0310-1_S36,0,0.456
GEN,random,RF,onehot,3,RBG-17-013-1_S16,1,0.824
GEN,random,RF,onehot,3,RBG-18-0012-1_S3,1,0.408
GEN,random,RF,onehot,3,RBG-18-0076-1_S10,0,0.412
GEN,random,RF,onehot,3,RBG-18-0083-1_S12,0,0.03
GEN,random,RF,onehot,3,RBG-18-0140-1_S14_L001,0,0.308
GEN,random,RF,onehot,3,RBG-18-0170-1_S41,0,0.024
GEN,random,RF,onehot,3,RBG-18-0194-1_S45,0,0.188
GEN,random,RF,onehot,3,RBG-18-0202-1_S13_L001,0,0.26
GEN,random,RF,onehot,3,RBG-18-0224-1_S24_L001,1,0.9015484126984127
GEN,random,RF,onehot,3,RBG-18-0256-1_S8_L001,0,0.008
GEN,random,RF,onehot,3,RBG-18-0279-1_S36,0,0.5723748917748918
GEN,random,RF,onehot,3,RBG-18-0308-1_S54,0,0.282
GEN,random,RF,onehot,3,RBG-18-0312-1_S55,0,0.294
GEN,random,RF,onehot,3,RBG-18-0352-1_S21_L001,0,0.04
GEN,random,RF,onehot,3,RBG-18-0394-1_S23_L001,0,0.0
GEN,random,RF,onehot,3,RBG-18-0437-1_S54,0,0.336
GEN,random,RF,onehot,3,RBK-16-124-1_S16,0,0.49
GEN,random,RF,onehot,3,RBK-17-0457-1_S6,1,0.662
GEN,random,RF,onehot,3,RBK-17-0612-1_S27,1,0.35290345765345793
GEN,random,RF,onehot,3,RBK-18-0022-1_S197,0,0.244
GEN,random,RF,onehot,3,RBK-18-0038-1_S200,0,0.002
GEN,random,RF,onehot,3,RBK-18-0060-1_S22,0,0.28
GEN,random,RF,onehot,3,RBK-18-0062-2_S203,0,0.422
GEN,random,RF,onehot,3,RBK-18-0077-1_S212,1,0.35290345765345793
GEN,random,RF,onehot,3,RBK-18-0414-1_S59,0,0.502
GEN,random,RF,onehot,3,RBL-17-0117-1_S155,0,0.0
GEN,random,RF,onehot,3,RBL-17-0138-1_S162,0,0.0
GEN,random,RF,onehot,3,RBL-17-0165-1_S167,0,0.306
GEN,random,RF,onehot,3,RBL-17-0172-1_S170,0,0.018
GEN,random,RF,onehot,3,RBL-17-0197-1_S173,0,0.002
GEN,random,RF,onehot,3,RBL-17-0307-1_S51,1,0.34202567987568006
GEN,random,RF,onehot,3,RBL-17-0349-1_S105,0,0.18
GEN,random,RF,onehot,3,RBL-17-0359-1_S66,1,0.5333333333333332
GEN,random,RF,onehot,3,RBL-17-0383-1_S119,0,0.284
GEN,random,RF,onehot,3,RBL-17-0428-1_S70,0,0.734
GEN,random,RF,onehot,3,RBL-17-0429-1_S130,0,0.0
GEN,random,RF,onehot,3,RBL-17-0432-1_S132,0,0.41
GEN,random,RF,onehot,3,RBL-17-0434-1_S133,0,0.742
GEN,random,RF,onehot,3,RBL-18-0059-1_S171,0,0.30808982128982143
GEN,random,RF,onehot,3,RBL-18-0085-1_S176,0,0.038
GEN,random,RF,onehot,3,RBL-18-0194-1_S195_2,1,0.642
GEN,random,RF,onehot,3,RBL-18-0242-1_S51,0,0.06
GEN,random,RF,onehot,3,RBT-17-0024-1_S23,0,0.0
GEN,random,RF,onehot,3,RBT-17-0079-1_S29,0,0.176
GEN,random,RF,onehot,3,RBT-17-0090-1_S32,0,0.0
GEN,random,RF,onehot,3,RBT-17-0099-1_S35,0,0.356
GEN,random,RF,onehot,3,RBT-17-0113-1_S42,0,0.598
GEN,random,RF,onehot,3,RBT-17-0124-1_S46,0,0.592
GEN,random,RF,onehot,3,RBT-17-0165-1_S60,0,0.038
GEN,random,RF,onehot,3,RBT-17-0228-1_S10,0,0.222
GEN,random,RF,onehot,3,RBT-17-0251-1_S62,1,0.68
GEN,random,RF,onehot,3,RBT-17-0270-1_S65,0,0.004
GEN,random,RF,onehot,3,RBT-17-0287-1_S10,0,0.588
GEN,random,RF,onehot,3,RBT-18-0023-1_S14,0,0.014
GEN,random,RF,onehot,3,RBT-18-0079-1_S16,0,0.10368571428571428
GEN,random,RF,onehot,3,RBT-18-0080-1_S49,1,0.694
GEN,random,RF,onehot,3,RBT-18-0096-1_S20,0,0.02
GEN,random,RF,onehot,3,RBT-18-0101-1_S22,0,0.364
GEN,random,RF,onehot,3,RBT-18-0103-1_S24,0,0.234
GEN,random,RF,onehot,3,RBT-18-0110-1_S27,0,0.358
GEN,random,RF,onehot,3,RBT-18-0113-1_S44,0,0.0
GEN,random,RF,onehot,3,RBT-18-0127-1_S51,0,0.006
GEN,random,RF,onehot,3,RBT-18-0129-1_S52,0,0.41
GEN,random,RF,onehot,3,RBT-18-0134-1_S29,0,0.0
GEN,random,RF,onehot,3,RBT-18-0146-1_S55,0,0.034
GEN,random,RF,onehot,3,RBT-18-0164-1_S34,0,0.538
GEN,random,RF,onehot,3,RBT-18-0185-1_S39,0,0.03
GEN,random,RF,onehot,3,RBT-18-0197-1_S40,0,0.03
GEN,random,RF,onehot,3,RBT-18-0231-1_S14,0,0.036
GEN,random,RF,onehot,3,RBT-18-0232-1_S47,0,0.532
GEN,random,RF,onehot,3,RBT-18-0234-1_S15,1,0.598
GEN,random,RF,onehot,3,RBT-18-0241-1_S50,0,0.018
GEN,random,RF,onehot,3,RBT-18-0246-1_S52,0,0.112
GEN,random,RF,onehot,3,RBT-18-0269-1_S61,0,0.154
GEN,random,RF,onehot,3,RBT-18-0283-1_S65,0,0.004
GEN,random,RF,onehot,3,RBT-18-0284-1_S66,1,0.9511333333333333
GEN,random,RF,onehot,3,RBT-18-0325-1_S44,0,0.162
GEN,random,RF,onehot,3,RBT-18-0334-1_S23,0,0.0184
GEN,random,RF,onehot,3,RBT-18-0337-1_S46,0,0.3786851370851371
GEN,random,RF,onehot,3,RBT-18-0340-1_S36,0,0.002
GEN,random,RF,onehot,3,RBT-18-0358-1_S28,0,0.0
GEN,random,RF,onehot,3,RBT-18-0384-1_S40,0,0.004
GEN,random,RF,onehot,3,ResetH127_S6_L001,1,0.8206284271284272
GEN,random,RF,onehot,3,ResetH152_S4_L001,1,0.988
GEN,random,RF,onehot,3,ResetH8_S2_L001,0,0.238
GEN,random,RF,onehot,3,Survcare0111_S29,0,0.258
GEN,random,RF,onehot,3,Survcare133_S25,0,0.018
GEN,random,RF,onehot,3,Survcare187_S32,0,0.8472166666666667
GEN,random,RF,onehot,3,Survcare262_S23_L001,1,0.412
GEN,random,RF,onehot,3,Survcare265_S20,1,0.3512556998556999
GEN,random,RF,onehot,3,Survcare295_S8_L001,0,0.552
GEN,random,RF,onehot,3,Survcare310_S21_L001,1,0.298
GEN,random,RF,onehot,3,Survcare337_S12,0,0.112
GEN,random,RF,onehot,3,Survcare341_S25,0,0.31
GEN,random,RF,onehot,3,Survcare360_S84,0,0.672
GEN,random,RF,onehot,3,V108_S2_L001,0,0.456
GEN,random,RF,onehot,3,V116_S6_L001,0,0.312
GEN,random,RF,onehot,3,V130_S5_L001,1,0.558
GEN,random,RF,onehot,3,V163_S6_L001,1,0.616
GEN,random,RF,onehot,3,V173_S6_L001,1,0.068
GEN,random,RF,onehot,3,V268_S12_L001,1,0.588
GEN,random,RF,onehot,3,V271_S13_L001,0,0.61
GEN,random,RF,onehot,3,V282_S4_L001,0,0.368
GEN,random,RF,onehot,3,V41_S2_L001,1,0.824
GEN,random,RF,onehot,3,V9_S1_L001,1,0.986
GEN,random,RF,onehot,3,V98_S3_L001,1,0.954
GEN,random,RF,onehot,3,W2RBF-17-090-1_S26,0,0.36
GEN,random,RF,onehot,3,W2RBF-17-133-1_S28,0,0.358
GEN,random,RF,onehot,3,wdh-RBF-17-0572-1_S43,0,0.34
GEN,random,RF,onehot,3,wdh-RBL-17-0361-1_S44,0,0.004
GEN,random,RF,onehot,3,wdh-Survcare119_S44,0,0.102
GEN,random,RF,onehot,3,wdh2NRZ-29911a_S31,1,0.14
GEN,random,RF,onehot,3,wdhRBF-18-0059-1_S15_L001,0,0.036
GEN,random,RF,onehot,3,wdhRBF-18-0080-1_S17_L001,0,0.474
GEN,random,RF,onehot,3,WDHRBG-17-008-1_S83,0,0.394
GEN,random,RF,onehot,3,WDHRBG-17-122-1_S48,0,0.466
GEN,random,RF,onehot,3,wNRZ-32446_S79,1,0.56
GEN,random,RF,onehot,3,wRBG-16-034-1_S164,0,0.19
GEN,random,RF,onehot,3,wRBG-17-022-1_S43,0,0.91
GEN,random,RF,onehot,3,wRBG-17-031-1_S154,0,0.026
GEN,random,RF,onehot,3,wRBG-17-052-1_S120,0,0.204
GEN,random,RF,onehot,3,wRBG-17-055-1_S163,0,0.466
GEN,random,RF,onehot,3,wRBG-17-057-1_S141,0,0.134
GEN,random,RF,onehot,3,wRBG-17-102-1_S169,0,0.394
GEN,random,RF,onehot,3,wwRBB-17-031-1_S25,0,0.384
GEN,random,RF,onehot,3,wwRBF-17-189-1_S32,1,0.501394660894661
GEN,random,RF,onehot,3,wwRBF-17-209-1_S34,1,0.327
GEN,random,RF,onehot,3,wwRBL-16-111-1_S16,0,0.862
GEN,random,RF,onehot,4,H105_S3_L001,0,0.6325563791385777
GEN,random,RF,onehot,4,H119_S7_L001,1,0.94
GEN,random,RF,onehot,4,H123_S1_L001,1,0.422
GEN,random,RF,onehot,4,H136_S7_L001,0,0.938
GEN,random,RF,onehot,4,H176_S5_L001,0,0.202
GEN,random,RF,onehot,4,H69_S6_L001,0,0.892
GEN,random,RF,onehot,4,NNRBG-17-0234-1_S9,0,0.08486868686868687
GEN,random,RF,onehot,4,NNRBG-17-0243-1_S12,0,0.072
GEN,random,RF,onehot,4,NNRBG-17-0249-1_S13,0,0.204
GEN,random,RF,onehot,4,NNRBG-17-0346-1_S30,0,0.308
GEN,random,RF,onehot,4,RBB-18-0674-1_S189,1,0.902
GEN,random,RF,onehot,4,RBB-18-0826-1_S193,0,0.444
GEN,random,RF,onehot,4,RBB-18-1212-1_S67_2,0,0.874
GEN,random,RF,onehot,4,RBB-18-1406-1_S49,0,0.008
GEN,random,RF,onehot,4,RBB-18-1502-1_S47,1,0.294
GEN,random,RF,onehot,4,RBF-16-004-1_S18,0,0.514
GEN,random,RF,onehot,4,RBF-16-060-1_S22,0,0.6843855666177653
GEN,random,RF,onehot,4,RBF-16-073-1_S23,0,0.364
GEN,random,RF,onehot,4,RBF-17-0509-1_S74,0,0.162
GEN,random,RF,onehot,4,RBF-17-0521-1_S78,0,0.6556908335730323
GEN,random,RF,onehot,4,RBF-17-0532-2_S31,0,0.716
GEN,random,RF,onehot,4,RBF-17-0537-1_S56,1,0.46275497623291734
GEN,random,RF,onehot,4,RBF-17-0540-1_S83,0,0.226
GEN,random,RF,onehot,4,RBF-17-0553-1_S85,0,0.6741843261915249
GEN,random,RF,onehot,4,RBF-17-0589-1_S92,0,0.014
GEN,random,RF,onehot,4,RBF-17-0605-1_S94,0,0.098
GEN,random,RF,onehot,4,RBF-17-0630-1_S59,0,0.198
GEN,random,RF,onehot,4,RBF-17-0635-1_S98,1,0.346
GEN,random,RF,onehot,4,RBF-17-0653-1_S101,0,0.03
GEN,random,RF,onehot,4,RBF-17-094-1_S56,1,0.6932960206460209
GEN,random,RF,onehot,4,RBF-17-266-1_S70,1,0.498
GEN,random,RF,onehot,4,RBF-18-0064-2_S14,0,0.01
GEN,random,RF,onehot,4,RBF-18-0068-1_S77,0,0.224
GEN,random,RF,onehot,4,RBF-18-0069-1_S78,1,0.806
GEN,random,RF,onehot,4,RBF-18-0099-1_S26,0,0.002
GEN,random,RF,onehot,4,RBF-18-0125-1_S30,0,0.204
GEN,random,RF,onehot,4,RBF-18-0163-2_S39,0,0.1
GEN,random,RF,onehot,4,RBF-18-0172-1_S40,1,0.942
GEN,random,RF,onehot,4,RBF-18-0184-1_S30,0,0.538
GEN,random,RF,onehot,4,RBF-18-0214-1_S51,0,0.006
GEN,random,RF,onehot,4,RBF-18-0251-1_S55,0,0.062
GEN,random,RF,onehot,4,RBG-18-0025-1_S9_L001,0,0.008
GEN,random,RF,onehot,4,RBG-18-0055-1_S43,0,0.03
GEN,random,RF,onehot,4,RBG-18-0085-1_S11,1,0.364
GEN,random,RF,onehot,4,RBG-18-0191-1_S11_L001,0,0.06
GEN,random,RF,onehot,4,RBG-18-0209-2_S46,0,0.054
GEN,random,RF,onehot,4,RBG-18-0211-1_S35,0,0.384
GEN,random,RF,onehot,4,RBG-18-0265-1_S49,0,0.006
GEN,random,RF,onehot,4,RBG-18-0355-1_S19_L001,0,0.0
GEN,random,RF,onehot,4,RBG-18-0380-1_S48,0,0.6714489920811907
GEN,random,RF,onehot,4,RBG-18-0381-1_S49,0,0.002
GEN,random,RF,onehot,4,RBG-18-0383-1_S37,1,0.722
GEN,random,RF,onehot,4,RBK-18-0019-1_S195,0,0.022
GEN,random,RF,onehot,4,RBK-18-0020-1_S19,0,0.258
GEN,random,RF,onehot,4,RBk-18-0216-1_S231_2,0,0.13
GEN,random,RF,onehot,4,RBL-17-0076-1_S32,0,0.01
GEN,random,RF,onehot,4,RBL-17-0101-1_S148,0,0.002
GEN,random,RF,onehot,4,RBL-17-0104-1_S149,0,0.034
GEN,random,RF,onehot,4,RBL-17-0123-1_S157,0,0.042
GEN,random,RF,onehot,4,RBL-17-0133-1_S159,0,0.0
GEN,random,RF,onehot,4,RBL-17-0135-1_S160,0,0.0
GEN,random,RF,onehot,4,RBL-17-0136-1_S161,0,0.032
GEN,random,RF,onehot,4,RBL-17-0199-1_S174,0,0.5410390255169666
GEN,random,RF,onehot,4,RBL-17-0205-1_S175,0,0.0
GEN,random,RF,onehot,4,RBL-17-0242-1_S42,1,0.6592752186324171
GEN,random,RF,onehot,4,RBL-17-0306-1_S50,1,0.398
GEN,random,RF,onehot,4,RBL-17-0324-1_S54,0,0.236
GEN,random,RF,onehot,4,RBL-17-0332-1_S118,0,0.372
GEN,random,RF,onehot,4,RBL-17-0360-1_S108,0,0.328
GEN,random,RF,onehot,4,RBL-17-0375-1_S117,0,0.15
GEN,random,RF,onehot,4,RBL-17-0390-1_S121,0,0.002
GEN,random,RF,onehot,4,RBL-17-0395-1_S124,0,0.004
GEN,random,RF,onehot,4,RBL-17-0397-1_S125,0,0.016
GEN,random,RF,onehot,4,RBL-17-0411-1_S128,0,0.074
GEN,random,RF,onehot,4,RBL-18-0002-1_S158,0,0.022
GEN,random,RF,onehot,4,RBL-18-0037-1_S168,0,0.152
GEN,random,RF,onehot,4,RBL-18-0055-1_S170,0,0.236
GEN,random,RF,onehot,4,RBL-18-0076-1_S47,0,0.5166161172161167
GEN,random,RF,onehot,4,RBL-18-0090-1_S48,0,0.6853168997668999
GEN,random,RF,onehot,4,RBL-18-0093-1_S49,0,0.6349360259623418
GEN,random,RF,onehot,4,RBL-18-0500-1_S230_2,0,0.542809002109002
GEN,random,RF,onehot,4,RBT-17-0033-1_S12,1,0.142
GEN,random,RF,onehot,4,RBT-17-0082-1_S30,0,0.0
GEN,random,RF,onehot,4,RBT-17-0100-1_S36,0,0.888
GEN,random,RF,onehot,4,RBT-17-0109-1_S40,0,0.0
GEN,random,RF,onehot,4,RBT-17-0149-1_S13,0,0.346
GEN,random,RF,onehot,4,RBT-17-0161-1_S57,0,0.0
GEN,random,RF,onehot,4,RBT-17-0163-1_S59,0,0.218
GEN,random,RF,onehot,4,RBT-17-0168-1_S61,0,0.05
GEN,random,RF,onehot,4,RBT-17-0177-2_S7,0,0.13
GEN,random,RF,onehot,4,RBT-17-0183-1_S67,0,0.148
GEN,random,RF,onehot,4,RBT-17-0194-1_S30,0,0.43
GEN,random,RF,onehot,4,RBT-17-0225-1_S9,0,0.008
GEN,random,RF,onehot,4,RBT-17-0239-1_S60,0,0.0
GEN,random,RF,onehot,4,RBT-17-0243-1_S11,0,0.0
GEN,random,RF,onehot,4,RBT-17-0328-1_S16,0,0.762
GEN,random,RF,onehot,4,RBT-18-0021-1_S56,1,0.6714489920811907
GEN,random,RF,onehot,4,RBT-18-0050-1_S34,0,0.032
GEN,random,RF,onehot,4,RBT-18-0053-1_S36,1,0.5333426456498433
GEN,random,RF,onehot,4,RBT-18-0091-1_S42,0,0.09843939393939392
GEN,random,RF,onehot,4,RBT-18-0095-1_S19,0,0.002
GEN,random,RF,onehot,4,RBT-18-0100-1_S21,0,0.366
GEN,random,RF,onehot,4,RBT-18-0125-1_S50,0,0.026
GEN,random,RF,onehot,4,RBT-18-0133-1_S30,0,0.422
GEN,random,RF,onehot,4,RBT-18-0173-1_S35,0,0.036
GEN,random,RF,onehot,4,RBT-18-0227-1_S46,1,0.7797188803112951
GEN,random,RF,onehot,4,RBT-18-0292-1_S70,0,0.412
GEN,random,RF,onehot,4,RBT-18-0331-1_S22,0,0.0
GEN,random,RF,onehot,4,RBT-18-0335-1_S41,1,0.16281023976023973
GEN,random,RF,onehot,4,RBT-18-0339-1_S47,0,0.188
GEN,random,RF,onehot,4,RBT-18-0357-1_S27,0,0.0
GEN,random,RF,onehot,4,RBT-18-0364-1_S29,0,0.67
GEN,random,RF,onehot,4,RBT-18-0370-1_S33,0,0.362
GEN,random,RF,onehot,4,RBT-18-0372-1_S31,0,0.902
GEN,random,RF,onehot,4,ResetH89_S3_L001,0,0.092
GEN,random,RF,onehot,4,ResetH92_S4_L001,0,0.77
GEN,random,RF,onehot,4,ResetH99_S5_L001,0,0.11
GEN,random,RF,onehot,4,ResetV63_S5_L001,0,0.026
GEN,random,RF,onehot,4,ResetV76_S7_L001,0,0.154
GEN,random,RF,onehot,4,Survcare0114_S37,0,0.016
GEN,random,RF,onehot,4,Survcare058_S26,0,0.308
GEN,random,RF,onehot,4,Survcare104_S16_L001,1,0.246
GEN,random,RF,onehot,4,Survcare129_S1,0,0.012
GEN,random,RF,onehot,4,Survcare230_S17_L001,1,0.416
GEN,random,RF,onehot,4,Survcare234_S3_L001,0,0.032
GEN,random,RF,onehot,4,Survcare254_S36,0,0.908
GEN,random,RF,onehot,4,Survcare291_S38,1,0.87
GEN,random,RF,onehot,4,Survcare303_S15_L001,0,0.03
GEN,random,RF,onehot,4,Survcare309_S20_L001,1,0.966
GEN,random,RF,onehot,4,Survcare329_S3,0,0.392
GEN,random,RF,onehot,4,Survcare335_S11,1,0.482
GEN,random,RF,onehot,4,V111_S3_L001,0,0.276
GEN,random,RF,onehot,4,V139_S7_L001,0,0.93
GEN,random,RF,onehot,4,V158_S4_L001,0,0.522
GEN,random,RF,onehot,4,V183_S7_L001,1,0.35
GEN,random,RF,onehot,4,V195_S1_L001,1,0.36
GEN,random,RF,onehot,4,V283_S5_L001,1,0.88
GEN,random,RF,onehot,4,V291_S5_L001,1,0.8784984126984129
GEN,random,RF,onehot,4,V40_S2_L001,1,0.986
GEN,random,RF,onehot,4,V86_S1_L001,1,0.99
GEN,random,RF,onehot,4,w2RBG-16-037-1_S34,0,0.168
GEN,random,RF,onehot,4,W2RBL-16-018-1_S15,1,0.72
GEN,random,RF,onehot,4,wdh-RBB-17-170-1_S16,0,0.9984285714285714
GEN,random,RF,onehot,4,wdhRBF-17-0564-1_S230,0,0.566
GEN,random,RF,onehot,4,wdhRBF-17-0567-1_S122,0,0.474
GEN,random,RF,onehot,4,wdhRBF-18-0057_S14_L001,0,0.012
GEN,random,RF,onehot,4,WDHRBG-16-050-1_S40,0,0.568
GEN,random,RF,onehot,4,WDHRBG-17-121-1_S46,0,0.038
GEN,random,RF,onehot,4,wdhRBL-17-0370-1_S232,0,0.338
GEN,random,RF,onehot,4,wRBG-16-024-1_S152,0,0.444
GEN,random,RF,onehot,4,wRBG-16-027-1_S174,0,0.018
GEN,random,RF,onehot,4,wRBG-16-032-1_S142,0,0.0
GEN,random,RF,onehot,4,wRBG-17-014-1_S167,0,0.85
GEN,random,RF,onehot,4,wRBG-17-023-1_S155,0,0.014
GEN,random,RF,onehot,4,wRBG-17-082-1_S106,1,0.16
GEN,random,RF,onehot,4,wRBG-17-106-1_S125,1,0.328
GEN,random,RF,onehot,4,wwRBB-16-112-1_S1,1,0.596
GEN,random,RF,onehot,4,wwRBF-17-148-1_S27,0,0.0
GEN,random,RF,onehot,4,wwRBK-17-0148-1_S37,1,0.7781811509354083
GEN,random,RF,onehot,4,wwRBK-17-0148-2_S38,1,0.6714489920811907
GEN,random,RF,onehot,4,wwRBK-17-075-1_S28,1,0.9975194805194806
